query SELECT * FROM [histr],,,,,,,,,,,,,
sort,,,,,,,,,,,,,
columns,text Body,text Name of Body,text Date,text Transaction number,Amount,text Supplier name,text Supplier ID,text VAT reg no,text Expense area,text Expense code,text Expense type,text Costcuk,text Creditor type
,Body,Name of Body,Date,Transaction number,Amount,Supplier name,Supplier ID,VAT reg no,Expense area,Expense code,Expense type,Costcuk,Creditor type
INSERTED DETAIL,18,Devon County Council,02/04/2026,22080809,"1,245.75",FAMILY COMPASS,348346,392295664,P-Ledger - Separate Legal Entity,A61060,Support for Children in Care,P0432008,"DCC Business Entities (Sole Trade, Partnership, Ltd)"
INSERTED DETAIL,18,Devon County Council,02/04/2026,22081449,598.00,DEVON PATHWAYS LTD,383486,392542678,Dedicated Schools Grant,A44180,Services for Educational Estabs - Devon,R0010004,"DCC Business Entities (Sole Trade, Partnership, Ltd)"
INSERTED DETAIL,18,Devon County Council,02/04/2026,22081454,"3,040.80",PROSPERO RECRUITMENT LIMITED,352539,486704947,Dedicated Schools Grant,A44185,Other professional Services (Schools),R0082007,"DCC Business Entities (Sole Trade, Partnership, Ltd)"
INSERTED DETAIL,18,Devon County Council,02/04/2026,22081455,"2,179.24",PROSPERO RECRUITMENT LIMITED,352539,486704947,Dedicated Schools Grant,A44185,Other professional Services (Schools),R0082007,"DCC Business Entities (Sole Trade, Partnership, Ltd)"
INSERTED DETAIL,18,Devon County Council,02/04/2026,22081495,847.18,DAISY PRE-SCHOOL,40313,,Transformation & Business Services,A62000,Supported Accommodation - Child,R0333026,"DCC Business Entities (Sole Trade, Partnership, Ltd)"
INSERTED DETAIL,18,Devon County Council,02/04/2026,22081528,"1,946.50",FREDERICK SHERRELL LIMITED,14402,591319333,Capital - Highways,C02011,External Professional Fees,C0671004,"DCC Business Entities (Sole Trade, Partnership, Ltd)"
INSERTED DETAIL,18,Devon County Council,02/04/2026,22081699,"1,105.82",DODDS SOLICITORS LLP,394172,729928286,"Chief Exec, Legal & Democratic services",A44968,Legal & Conveyancing Charges,R0276001,"DCC Business Entities (Sole Trade, Partnership, Ltd)"
INSERTED DETAIL,18,Devon County Council,02/04/2026,22081781,"50,000.00",G M CONTRACTORS DEVON LIMITED,294305,875936367,Capital - Highways,C02009,Works,C0652001,DCC CIS Suppliers
INSERTED DETAIL,18,Devon County Council,02/04/2026,22081886,805.64,SUEZ T/A DEVON CONTRACT WASTE LTD,34738,444085847,Transformation & Business Services,A27015,Refuse Collection,R0333026,"DCC Business Entities (Sole Trade, Partnership, Ltd)"
INSERTED DETAIL,18,Devon County Council,02/04/2026,22081983,"1,039.50",FREDERICK SHERRELL LIMITED,14402,591319333,Capital - Highways,C02011,External Professional Fees,C0671004,"DCC Business Entities (Sole Trade, Partnership, Ltd)"
INSERTED DETAIL,18,Devon County Council,02/04/2026,22081997,"2,430.00",HELD HEALTH LIMITED,392625,,P-Ledger - Separate Legal Entity,A61060,Support for Children in Care,P0432008,"DCC Business Entities (Sole Trade, Partnership, Ltd)"
INSERTED DETAIL,18,Devon County Council,02/04/2026,22081999,"2,450.00",HELD HEALTH LIMITED,392625,,P-Ledger - Separate Legal Entity,A61060,Support for Children in Care,P0432008,"DCC Business Entities (Sole Trade, Partnership, Ltd)"
INSERTED DETAIL,18,Devon County Council,02/04/2026,22082000,"2,430.00",HELD HEALTH LIMITED,392625,,P-Ledger - Separate Legal Entity,A61060,Support for Children in Care,P0432008,"DCC Business Entities (Sole Trade, Partnership, Ltd)"
INSERTED DETAIL,18,Devon County Council,02/04/2026,22082005,925.00,DAVID SAPIECHA,405894,691715121,Other PH Services,A44968,Legal & Conveyancing Charges,R0548001,"DCC Business Entities (Sole Trade, Partnership, Ltd)"
INSERTED DETAIL,18,Devon County Council,02/04/2026,22082009,"1,500.00",FREDERICK SHERRELL LIMITED,14402,591319333,Capital - Highways,C02011,External Professional Fees,C0671004,"DCC Business Entities (Sole Trade, Partnership, Ltd)"
INSERTED DETAIL,18,Devon County Council,02/04/2026,22082019,"8,642.00",LANDSCAPE CONSTRUCTION & DESIGN,169024,888518266,Capital - Highways,C02009,Works,C0652001,DCC CIS Suppliers
INSERTED DETAIL,18,Devon County Council,02/04/2026,22082200,"1,870.00",LEARNING WITH DYSLEXIA LIMITED,371563,,Dedicated Schools Grant,A44185,Other professional Services (Schools),R0082002,"DCC Business Entities (Sole Trade, Partnership, Ltd)"
INSERTED DETAIL,18,Devon County Council,02/04/2026,22082584,"525,305.82",SUEZ RECYCLING & RECOVERY UK LIMITED,208690,444085847,"Transport Operations, Environment and Waste",A46100,Main / Term Contractor,R0595009,"DCC Business Entities (Sole Trade, Partnership, Ltd)"
INSERTED DETAIL,18,Devon County Council,02/04/2026,22083123,"10,425.00",WESTCOUNTRY RIVERS TRUST,17211,115136941,"Transport Operations, Environment and Waste",A44038,Fees,R0644001,"DCC Business Entities (Sole Trade, Partnership, Ltd)"
INSERTED DETAIL,18,Devon County Council,02/04/2026,22083220,750.00,SLEE BLACKWELL SOLICITORS,8435,144126985,"Transport Operations, Environment and Waste",A44038,Fees,R0604001,"DCC Business Entities (Sole Trade, Partnership, Ltd)"
INSERTED DETAIL,18,Devon County Council,02/04/2026,22083457,"4,292.50",CHRIS DRAKE,387212,,Transformation & Business Services,A62000,Supported Accommodation - Child,R0333028,"DCC Business Entities (Sole Trade, Partnership, Ltd)"
INSERTED DETAIL,18,Devon County Council,02/04/2026,22083471,"4,942.75",CHRIS DRAKE,387212,,Transformation & Business Services,A62000,Supported Accommodation - Child,R0333028,"DCC Business Entities (Sole Trade, Partnership, Ltd)"
INSERTED DETAIL,18,Devon County Council,02/04/2026,22083493,"3,298.00",Starlight Enabling,601515,,Children's Social Care,A52010,"Grants to voluntary, community and social enterprise organisations",R0007006,"DCC Business Entities (Sole Trade, Partnership, Ltd)"
INSERTED DETAIL,18,Devon County Council,02/04/2026,22083581,"2,392.00",DEVON PATHWAYS LTD,383486,392542678,Dedicated Schools Grant,A44180,Services for Educational Estabs - Devon,R0010004,"DCC Business Entities (Sole Trade, Partnership, Ltd)"
INSERTED DETAIL,18,Devon County Council,02/04/2026,22084001,"14,010.00",Blackdown Hills Trust,604256,,"Capital - Planning, Transportation and Environment",C06003,Capital Grants Paid - to VCSE Organisations,C0656001,"DCC Business Entities (Sole Trade, Partnership, Ltd)"
INSERTED DETAIL,18,Devon County Council,02/04/2026,22085911,"-9,958.87",WESTCOUNTRY HOUSING,264341,918221242,Children's Social Care,A52005,Payments to Other Local Authorities,R0026003,"DCC Business Entities (Sole Trade, Partnership, Ltd)"
INSERTED DETAIL,18,Devon County Council,02/04/2026,22086001,708.20,N H B S,16863,407484644,Highways & Infrastructure Development,A40005,Equipment & Materials Learning,R0557044,"DCC Business Entities (Sole Trade, Partnership, Ltd)"
INSERTED DETAIL,18,Devon County Council,02/04/2026,22086352,"13,899.46",CORMAC CONTRACTING LIMITED,364276,247160514,"Capital - Planning, Transportation and Environment",C02009,Works,C0671003,"DCC Business Entities (Sole Trade, Partnership, Ltd)"
INSERTED DETAIL,18,Devon County Council,02/04/2026,22086373,"11,000.00",SOUTHWEST ESTATE MAINTENANCE LIMITED,401880,506499273,Capital - Highways,C02009,Works,C0652001,DCC CIS Suppliers
INSERTED DETAIL,18,Devon County Council,02/04/2026,22086665,"1,115.50",INVOLVE CARE SOLUTIONS LIMITED,402831,,Children's Social Care,A61200,Community based care,R0044007,"DCC Business Entities (Sole Trade, Partnership, Ltd)"
INSERTED DETAIL,18,Devon County Council,02/04/2026,22086823,"24,273.00",TEIGNBRIDGE DISTRICT COUNCIL,4872,142214023,Children's Social Care,A52005,Payments to Other Local Authorities,R0026003,"DCC Business Entities (Sole Trade, Partnership, Ltd)"
INSERTED DETAIL,18,Devon County Council,02/04/2026,22087153,766.13,WGP MAINTENANCE LIMITED,397367,948500609,Children's Social Care,A20010,"Property Repairs, Maintenance & Alterations (Reactive)",R0074001,DCC CIS Suppliers
INSERTED DETAIL,18,Devon County Council,02/04/2026,22087155,"6,837.00",HAMISH BENGOUGH,381961,186214754,"Capital - Planning, Transportation and Environment",C06001,Capital Grants paid to other third parties (Not WGA/VCSE),C0656001,"DCC Business Entities (Sole Trade, Partnership, Ltd)"
INSERTED DETAIL,18,Devon County Council,02/04/2026,22087224,900.00,LONDON BUILDING CONTROL LIMITED,318551,895840176,Capital - Schools Maintenance & Improvements,C02011,External Professional Fees,C0658001,"DCC Business Entities (Sole Trade, Partnership, Ltd)"
INSERTED DETAIL,18,Devon County Council,02/04/2026,22087243,817.64,SOUTH WEST WATER,392878,,Children's Social Care,A24005,Water Services,R0095001,"DCC Business Entities (Sole Trade, Partnership, Ltd)"
INSERTED DETAIL,18,Devon County Council,02/04/2026,22087306,"1,500.00",EXETER PAEDIATRIC I C S LIMITED,373429,,P-Ledger - Separate Legal Entity,A61060,Support for Children in Care,P0432008,"DCC Business Entities (Sole Trade, Partnership, Ltd)"
INSERTED DETAIL,18,Devon County Council,02/04/2026,22087653,"22,057.22",PRIOR'S COURT SERVICES LIMITED,375137,326021250,Dedicated Schools Grant,A61052,Independent Special School Fees,R0089003,"DCC Business Entities (Sole Trade, Partnership, Ltd)"
INSERTED DETAIL,18,Devon County Council,07/04/2026,22079575,"3,900.00",COSMIC (HONITON),103322,684759473,"Transport Operations, Environment and Waste",A44038,Fees,R0640004,"DCC Business Entities (Sole Trade, Partnership, Ltd)"
INSERTED DETAIL,18,Devon County Council,07/04/2026,22081479,"215,286.91",Exeter College (Exeter and North Devon Colleges Group),6141,125451632,Capital - SEND Schools,C02009,Works,C0660001,"DCC Business Entities (Sole Trade, Partnership, Ltd)"
INSERTED DETAIL,18,Devon County Council,07/04/2026,22081659,"2,824.00",PENNA PLC,347388,605849719,People and Culture,A44005,Publicity/Advertising,R0472002,"DCC Business Entities (Sole Trade, Partnership, Ltd)"
INSERTED DETAIL,18,Devon County Council,07/04/2026,22081662,"12,787.30",OPTIMA HEALTH UK,403472,367726459,People and Culture,A44038,Fees,R0303006,"DCC Business Entities (Sole Trade, Partnership, Ltd)"
INSERTED DETAIL,18,Devon County Council,07/04/2026,22082014,708.00,NeuroConnect CIC,382604,,P-Ledger - Separate Legal Entity,A61060,Support for Children in Care,P0432008,"DCC Business Entities (Sole Trade, Partnership, Ltd)"
INSERTED DETAIL,18,Devon County Council,07/04/2026,22082154,"25,298.03",UNIVERSITY OF BRISTOL,57307,991261800,Inclusion & Learning,A44038,Fees,R0061001,"DCC Business Entities (Sole Trade, Partnership, Ltd)"
INSERTED DETAIL,18,Devon County Council,07/04/2026,22082182,"5,929.17",TORBAY COMMUNITY DEVELPMNT TRUST,340396,290386386,Communities,A44038,Fees,R0536002,"DCC Business Entities (Sole Trade, Partnership, Ltd)"
INSERTED DETAIL,18,Devon County Council,07/04/2026,22082241,"1,700.00",ZEBRA COLLECTIVE CIC,157225,901944631,Mental Health,A44038,Fees,R0256001,"DCC Business Entities (Sole Trade, Partnership, Ltd)"
INSERTED DETAIL,18,Devon County Council,07/04/2026,22082307,"1,344.00",JOHN LIFE ENGINEERING LIMITED,22014,423454219,Highways & Infrastructure Development,A89060,Direct Revenue Funding,R0555002,DCC CIS Suppliers
INSERTED DETAIL,18,Devon County Council,07/04/2026,22082319,"1,520.40",PROSPERO RECRUITMENT LIMITED,352539,486704947,Dedicated Schools Grant,A44185,Other professional Services (Schools),R0082007,"DCC Business Entities (Sole Trade, Partnership, Ltd)"
INSERTED DETAIL,18,Devon County Council,07/04/2026,22082366,"14,242.50",FREDERICK SHERRELL LIMITED,14402,591319333,Capital - Highways,C02011,External Professional Fees,C0652001,"DCC Business Entities (Sole Trade, Partnership, Ltd)"
INSERTED DETAIL,18,Devon County Council,07/04/2026,22082448,"3,840.00",PROGRESSION SERVICES LIMITED,390181,439882639,Dedicated Schools Grant,A44185,Other professional Services (Schools),R0082007,"DCC Business Entities (Sole Trade, Partnership, Ltd)"
INSERTED DETAIL,18,Devon County Council,07/04/2026,22082450,"10,329.30",MID DEVON DISTRICT COUNCIL,19708,142203912,Transformation & Business Services,A23005,Rates,R0333004,"DCC Business Entities (Sole Trade, Partnership, Ltd)"
INSERTED DETAIL,18,Devon County Council,07/04/2026,22082484,"5,232.78",S C C,161520,313651680,Transformation & Business Services,A45040,IT Software,R0353008,"DCC Business Entities (Sole Trade, Partnership, Ltd)"
INSERTED DETAIL,18,Devon County Council,07/04/2026,22082490,"2,696.00",DODDS SOLICITORS LLP,394172,729928286,"Chief Exec, Legal & Democratic services",A44968,Legal & Conveyancing Charges,R0276001,"DCC Business Entities (Sole Trade, Partnership, Ltd)"
INSERTED DETAIL,18,Devon County Council,07/04/2026,22082523,"8,358.50",FREDERICK SHERRELL LIMITED,14402,591319333,Capital - Highways,C02011,External Professional Fees,C0652001,"DCC Business Entities (Sole Trade, Partnership, Ltd)"
INSERTED DETAIL,18,Devon County Council,07/04/2026,22082528,"3,840.00",PROGRESSION SERVICES LIMITED,390181,439882639,Dedicated Schools Grant,A44180,Services for Educational Estabs - Devon,R0010004,"DCC Business Entities (Sole Trade, Partnership, Ltd)"
INSERTED DETAIL,18,Devon County Council,07/04/2026,22082536,"26,800.66",SWARCO UK & IRELAND LIMITED,13690,568335022,Capital - Highways,C02009,Works,C0671005,DCC CIS Suppliers
INSERTED DETAIL,18,Devon County Council,07/04/2026,22082564,"1,584.00",HAYMARKET MEDIA GROUP LIMITED,23548,232584272,Planning,A47010,Subscriptions,R0634001,"DCC Business Entities (Sole Trade, Partnership, Ltd)"
INSERTED DETAIL,18,Devon County Council,07/04/2026,22082595,"1,390.00",MIKE GIBSON,376818,720842258,Highways & Infrastructure Development,A49005,Other Hired & Contracting Services,R0557019,DCC CIS Suppliers
INSERTED DETAIL,18,Devon County Council,07/04/2026,22082604,"1,137.50",DAVID SAPIECHA,405894,691715121,Other PH Services,A44968,Legal & Conveyancing Charges,R0548001,"DCC Business Entities (Sole Trade, Partnership, Ltd)"
INSERTED DETAIL,18,Devon County Council,07/04/2026,22082609,"5,639.98",SOUTH HAMS DISTRICT COUNCIL,8255,142204125,"Transport Operations, Environment and Waste",A46100,Main / Term Contractor,R0596001,"DCC Business Entities (Sole Trade, Partnership, Ltd)"
INSERTED DETAIL,18,Devon County Council,07/04/2026,22082623,"25,298.03",UNIVERSITY OF BRISTOL,57307,991261800,Inclusion & Learning,A44038,Fees,R0061001,"DCC Business Entities (Sole Trade, Partnership, Ltd)"
INSERTED DETAIL,18,Devon County Council,07/04/2026,22082864,"1,400.00",BLUEBERRY MARKETING SOLUTIONS,375517,882876563,"Economy, Enterprise and Skills",A44005,Publicity/Advertising,R0547001,"DCC Business Entities (Sole Trade, Partnership, Ltd)"
INSERTED DETAIL,18,Devon County Council,07/04/2026,22082870,"2,428.80",CORVER LIMITED,370288,744698681,Children's Social Care,A20010,"Property Repairs, Maintenance & Alterations (Reactive)",R0074001,DCC CIS Suppliers
INSERTED DETAIL,18,Devon County Council,07/04/2026,22082883,"1,000.00",Kokutan,604062,,"Economy, Enterprise and Skills",A49105,Other Supplies & Services,R0547004,"DCC Business Entities (Sole Trade, Partnership, Ltd)"
INSERTED DETAIL,18,Devon County Council,07/04/2026,22082954,"2,099.44",NETWORK RAIL,195364,798650956,Capital - Highways,C02051,Term Maintenance Contract,C0652001,"DCC Business Entities (Sole Trade, Partnership, Ltd)"
INSERTED DETAIL,18,Devon County Council,07/04/2026,22082988,"2,544.45",SWARCO UK & IRELAND LIMITED,13690,568335022,Capital - Highways,C02009,Works,C0671005,DCC CIS Suppliers
INSERTED DETAIL,18,Devon County Council,07/04/2026,22083007,"2,623.00",AYRE CONTRACTORS & PLANT HIRE,209433,996310885,Capital - Highways,C02009,Works,C0652001,DCC CIS Suppliers
INSERTED DETAIL,18,Devon County Council,07/04/2026,22083013,"2,162.50",AYRE CONTRACTORS & PLANT HIRE,209433,996310885,Capital - Highways,C02009,Works,C0652001,DCC CIS Suppliers
INSERTED DETAIL,18,Devon County Council,07/04/2026,22083052,"62,985.00",STORMFORCE ROOFING & MAINTENANCE,101900,813484923,Capital other - Digital Technology & Business Services,C02009,Works,C0651001,DCC CIS Suppliers
INSERTED DETAIL,18,Devon County Council,07/04/2026,22083106,500.00,National Landscape Association,83283,338382090,"Transport Operations, Environment and Waste",A44038,Fees,R0640011,"DCC Business Entities (Sole Trade, Partnership, Ltd)"
INSERTED DETAIL,18,Devon County Council,07/04/2026,22083239,"4,150.00",W D M LIMITED (BRISTOL),4601,433825942,Capital - Highways,C02011,External Professional Fees,C0652001,"DCC Business Entities (Sole Trade, Partnership, Ltd)"
INSERTED DETAIL,18,Devon County Council,07/04/2026,22083338,563.34,EXETER RUGBY CLUB LTD,34972,918551313,Dedicated Schools Grant,A22010,Hire of Rooms,R0065002,"DCC Business Entities (Sole Trade, Partnership, Ltd)"
INSERTED DETAIL,18,Devon County Council,07/04/2026,22083459,"2,350.60",TEIGN TREES & LANDSCAPES SOUTH WEST LIMITED,209228,250371238,Highways & Infrastructure Development,A46100,Main / Term Contractor,R0567007,DCC CIS Suppliers
INSERTED DETAIL,18,Devon County Council,07/04/2026,22083785,"5,130.00",LOCAL GOVERNMENT ASSOCIATION,308865,676078107,Finance & Public Value,A16015,Staff Training Expenses - Non Payroll,R0493001,"DCC Business Entities (Sole Trade, Partnership, Ltd)"
INSERTED DETAIL,18,Devon County Council,07/04/2026,22084234,"15,285.04",MARTIN H W SAFETY FENCING LIMITED,14879,352838537,Highways & Infrastructure Development,A49005,Other Hired & Contracting Services,R0552002,DCC CIS Suppliers
INSERTED DETAIL,18,Devon County Council,07/04/2026,22084393,"4,252.02",VIRGIN MEDIA BUSINESS,69248,591819014,"Chief Exec, Legal & Democratic services",A45045,IT Software Maintenance,R0285001,"DCC Business Entities (Sole Trade, Partnership, Ltd)"
INSERTED DETAIL,18,Devon County Council,07/04/2026,22084430,756.00,OCEAN HEALTHCARE (TRADING AS TAHER LIMITED),346692,776836374,Children's Social Care,A61200,Community based care,R0044004,"DCC Business Entities (Sole Trade, Partnership, Ltd)"
INSERTED DETAIL,18,Devon County Council,07/04/2026,22085972,"6,525.00",C E D A,12641,,Children's Social Care,A61200,Community based care,R0044004,"DCC Business Entities (Sole Trade, Partnership, Ltd)"
INSERTED DETAIL,18,Devon County Council,07/04/2026,22085981,"244,935.08",ACORN CARE & EDUCATION LIMITED,333557,902188441,Dedicated Schools Grant,A61052,Independent Special School Fees,R0089003,"DCC Business Entities (Sole Trade, Partnership, Ltd)"
INSERTED DETAIL,18,Devon County Council,07/04/2026,22086068,"7,624.50",EAST DEVON DISTRICT COUN (S O ACCOUNT),8710,142218990,Transformation & Business Services,A23005,Rates,R0333026,"DCC Business Entities (Sole Trade, Partnership, Ltd)"
INSERTED DETAIL,18,Devon County Council,07/04/2026,22086210,510.00,THE COLOUR WORKS INTERNATIONAL LIMITED,394321,825444822,People and Culture,A16015,Staff Training Expenses - Non Payroll,R0303002,"DCC Business Entities (Sole Trade, Partnership, Ltd)"
INSERTED DETAIL,18,Devon County Council,07/04/2026,22086274,"15,086.49",SWARCO UK & IRELAND LIMITED,13690,568335022,Capital - Highways,C02009,Works,C0671005,DCC CIS Suppliers
INSERTED DETAIL,18,Devon County Council,07/04/2026,22086526,"3,897.13",RED ELEPHANT GROUP LIMITED,322497,305375125,Transformation & Business Services,A44095,Employee Security Checks,R0333026,"DCC Business Entities (Sole Trade, Partnership, Ltd)"
INSERTED DETAIL,18,Devon County Council,02/04/2026,22063036,"13,600.00",WESTBANK COMMUNITY HEALTH & CARE,65217,277497150,P-Ledger - Separate Legal Entity,A62110,Payments to Charities & Vol Providers,P0391004,"DCC Business Entities (Sole Trade, Partnership, Ltd)"
INSERTED DETAIL,18,Devon County Council,02/04/2026,22077607,"3,627.30",NORSE SOUTH WEST LIMITED,279741,785421021,Transformation & Business Services,A46100,Main / Term Contractor,R0334004,"DCC Business Entities (Sole Trade, Partnership, Ltd)"
INSERTED DETAIL,18,Devon County Council,02/04/2026,22079413,"4,000.25",TALIESIN EDUCATION LIMITED,388252,,Dedicated Schools Grant,A61052,Independent Special School Fees,R0089003,"DCC Business Entities (Sole Trade, Partnership, Ltd)"
INSERTED DETAIL,18,Devon County Council,02/04/2026,22080379,504.00,FAMILY COMPASS,348346,392295664,Children's Social Care,A61060,Support for Children in Care,R0106002,"DCC Business Entities (Sole Trade, Partnership, Ltd)"
INSERTED DETAIL,18,Devon County Council,02/04/2026,22081126,"7,000.00",WESTBANK COMMUNITY HEALTH & CARE,65217,277497150,Commissioning,A62110,Payments to Charities & Vol Providers,R0217030,"DCC Business Entities (Sole Trade, Partnership, Ltd)"
INSERTED DETAIL,18,Devon County Council,02/04/2026,22081414,845.25,FAMILY COMPASS,348346,392295664,P-Ledger - Separate Legal Entity,A61060,Support for Children in Care,P0432008,"DCC Business Entities (Sole Trade, Partnership, Ltd)"
INSERTED DETAIL,18,Devon County Council,02/04/2026,22081456,"54,313.82",SWARCO UK & IRELAND LIMITED,13690,568335022,Capital - Highways,C02009,Works,C0671005,DCC CIS Suppliers
INSERTED DETAIL,18,Devon County Council,02/04/2026,22081516,"29,253.00",ROYAL DEVON UNIVERSITY HEALTHCAR,21280,654938887,Public Health,A53005,Payments to Health Authorities,R0316084,"DCC Business Entities (Sole Trade, Partnership, Ltd)"
INSERTED DETAIL,18,Devon County Council,02/04/2026,22081700,"2,819.74",DODDS SOLICITORS LLP,394172,729928286,"Chief Exec, Legal & Democratic services",A44968,Legal & Conveyancing Charges,R0276001,"DCC Business Entities (Sole Trade, Partnership, Ltd)"
INSERTED DETAIL,18,Devon County Council,02/04/2026,22081723,"1,451.41",QUALITY MARKING SERVICES LIMITED,86608,777323994,"Capital - Planning, Transportation and Environment",C02009,Works,C0671011,DCC CIS Suppliers
INSERTED DETAIL,18,Devon County Council,02/04/2026,22081902,814.04,SUEZ T/A DEVON CONTRACT WASTE LTD,34738,444085847,Transformation & Business Services,A27015,Refuse Collection,R0333026,"DCC Business Entities (Sole Trade, Partnership, Ltd)"
INSERTED DETAIL,18,Devon County Council,02/04/2026,22081932,"2,475.00",FAMILY COMPASS,348346,392295664,P-Ledger - Separate Legal Entity,A61060,Support for Children in Care,P0432008,"DCC Business Entities (Sole Trade, Partnership, Ltd)"
INSERTED DETAIL,18,Devon County Council,02/04/2026,22082458,648.00,STEPHENSONS SOLICITORS,394642,294832719,"Chief Exec, Legal & Democratic services",A44968,Legal & Conveyancing Charges,R0276001,"DCC Business Entities (Sole Trade, Partnership, Ltd)"
INSERTED DETAIL,18,Devon County Council,02/04/2026,22079448,516.40,ELEMENTS THERAPY,403495,,Children's Social Care,A61060,Support for Children in Care,R0106002,"DCC Business Entities (Sole Trade, Partnership, Ltd)"
INSERTED DETAIL,18,Devon County Council,02/04/2026,22080043,660.00,ROOTS AND BLOOMS,398675,,Children's Social Care,A61060,Support for Children in Care,R0106002,"DCC Business Entities (Sole Trade, Partnership, Ltd)"
INSERTED DETAIL,18,Devon County Council,02/04/2026,22080325,714.00,FAMILY COMPASS,348346,392295664,Children's Social Care,A61060,Support for Children in Care,R0106002,"DCC Business Entities (Sole Trade, Partnership, Ltd)"
INSERTED DETAIL,18,Devon County Council,02/04/2026,22080327,"2,475.00",EXETER PAEDIATRIC I C S LIMITED,373429,,P-Ledger - Separate Legal Entity,A61060,Support for Children in Care,P0432008,"DCC Business Entities (Sole Trade, Partnership, Ltd)"
INSERTED DETAIL,18,Devon County Council,02/04/2026,22081070,980.00,SENSORY BALANCE LIMITED,405405,,P-Ledger - Separate Legal Entity,A61060,Support for Children in Care,P0432008,"DCC Business Entities (Sole Trade, Partnership, Ltd)"
INSERTED DETAIL,18,Devon County Council,02/04/2026,22081452,"2,741.60",CURRYS GROUP LIMITED (MSTS REC AC),390252,226659933,Children's Social Care,A45005,IT Hardware,R0015001,"DCC Business Entities (Sole Trade, Partnership, Ltd)"
INSERTED DETAIL,18,Devon County Council,02/04/2026,22081500,"9,750.00",IT Stress Free Ltd,603040,107653618,Commissioning,A44065,Consultancy Services,R0466001,"DCC Business Entities (Sole Trade, Partnership, Ltd)"
INSERTED DETAIL,18,Devon County Council,02/04/2026,22081786,"4,465.53",Enerveo Limited,14967,382894546,Highways & Infrastructure Development,A44130,Street Lighting,R0567008,DCC CIS Suppliers
INSERTED DETAIL,18,Devon County Council,02/04/2026,22081985,"14,674.25",Waste and Resources Action Programme Ltd,600763,,P-Ledger - Separate Legal Entity,A44065,Consultancy Services,P0419001,"DCC Business Entities (Sole Trade, Partnership, Ltd)"
INSERTED DETAIL,18,Devon County Council,02/04/2026,22082010,"1,550.00",BRAIN IN HAND LIMITED,302869,985319969,Transformation & Business Services,A20020,Health and Safety,R0346002,"DCC Business Entities (Sole Trade, Partnership, Ltd)"
INSERTED DETAIL,18,Devon County Council,02/04/2026,22082070,"6,765.21",LANDSCAPE CONSTRUCTION & DESIGN,169024,888518266,Highways & Infrastructure Development,A49005,Other Hired & Contracting Services,R0557018,DCC CIS Suppliers
INSERTED DETAIL,18,Devon County Council,02/04/2026,22082080,"112,555.00",FERNBANK LIMITED,374854,367119288,"Capital - Planning, Transportation and Environment",C02009,Works,C0671011,DCC CIS Suppliers
INSERTED DETAIL,18,Devon County Council,02/04/2026,22082384,578.70,ALEXIS INVESTIGATIONS LIMITED,405095,480888444,"Chief Exec, Legal & Democratic services",A44038,Fees,R0276001,"DCC Business Entities (Sole Trade, Partnership, Ltd)"
INSERTED DETAIL,18,Devon County Council,02/04/2026,22082647,"44,580.00",GETECH LIMITED,79952,876329190,Children's Social Care,A45005,IT Hardware,R0447015,"DCC Business Entities (Sole Trade, Partnership, Ltd)"
INSERTED DETAIL,18,Devon County Council,02/04/2026,22082860,"1,659.00",Card Geotechnics Limited (CGL),600543,655182626,Capital - Highways,C02009,Works,C0652001,"DCC Business Entities (Sole Trade, Partnership, Ltd)"
INSERTED DETAIL,18,Devon County Council,02/04/2026,22083024,935.39,Vickery Holman (Truro) *8085,604449,309587374,"Economy, Enterprise and Skills",A22020,Rental Property Service Charge,R0542001,"DCC Business Entities (Sole Trade, Partnership, Ltd)"
INSERTED DETAIL,18,Devon County Council,02/04/2026,22083136,"2,289.00",SCANFLEX LIMITED,375352,595680978,Children's Social Care,A40045,Furniture,R0095003,"DCC Business Entities (Sole Trade, Partnership, Ltd)"
INSERTED DETAIL,18,Devon County Council,02/04/2026,22083500,"38,854.31",NETWORK RAIL,195364,798650956,Capital - Highways,C02011,External Professional Fees,C0671004,"DCC Business Entities (Sole Trade, Partnership, Ltd)"
INSERTED DETAIL,18,Devon County Council,02/04/2026,22084238,"20,054.83",Vertu Motors,600628,902737238,Capital - Childrens Social Care,C03008,Vehicles - Cars & Vans,C0646001,"DCC Business Entities (Sole Trade, Partnership, Ltd)"
INSERTED DETAIL,18,Devon County Council,02/04/2026,22085261,"1,850.43",2.0 LIMITED,395679,884508001,P-Ledger - Separate Legal Entity,A45045,IT Software Maintenance,P0414001,"DCC Business Entities (Sole Trade, Partnership, Ltd)"
INSERTED DETAIL,18,Devon County Council,02/04/2026,22086215,"1,312.50",EXETER RUGBY CLUB LTD,34972,918551313,"Transport Operations, Environment and Waste",A22010,Hire of Rooms,R0611003,"DCC Business Entities (Sole Trade, Partnership, Ltd)"
INSERTED DETAIL,18,Devon County Council,02/04/2026,22086345,"5,341.00",GREAVES LIMITED J T,20731,326794625,"Economy, Enterprise and Skills",A49005,Other Hired & Contracting Services,R0540006,DCC CIS Suppliers
INSERTED DETAIL,18,Devon County Council,02/04/2026,22086424,"2,410.17",SOUTH HAMS DISTRICT COUNCIL,8255,142204125,Highways & Infrastructure Development,A23005,Rates,R0556001,"DCC Business Entities (Sole Trade, Partnership, Ltd)"
INSERTED DETAIL,18,Devon County Council,02/04/2026,22086497,"365,197.83",EAST DEVON DISTRICT COUNCIL (GEN ACCOUNT),96091,142218990,"Chief Exec, Legal & Democratic services",A44038,Fees,R0279001,"DCC Business Entities (Sole Trade, Partnership, Ltd)"
INSERTED DETAIL,18,Devon County Council,02/04/2026,22086780,"3,610.00",ON TRACK EDUCATION (BURSARY PMTS),286081,478730844,Dedicated Schools Grant,A53035,Other Recoupment Expenditure (3rd),R0111002,"DCC Business Entities (Sole Trade, Partnership, Ltd)"
INSERTED DETAIL,18,Devon County Council,02/04/2026,22086881,"1,093.00",ALICE KENT,401636,,P-Ledger - Separate Legal Entity,A61060,Support for Children in Care,P0432008,"DCC Business Entities (Sole Trade, Partnership, Ltd)"
INSERTED DETAIL,18,Devon County Council,02/04/2026,22087198,"5,328.00",HAMISH BENGOUGH,381961,186214754,"Capital - Planning, Transportation and Environment",C06001,Capital Grants paid to other third parties (Not WGA/VCSE),C0656001,"DCC Business Entities (Sole Trade, Partnership, Ltd)"
INSERTED DETAIL,18,Devon County Council,02/04/2026,22087288,500.00,CHANDRA KANTHA CHILD COUNSELLOR,369997,,P-Ledger - Separate Legal Entity,A61060,Support for Children in Care,P0432008,"DCC Business Entities (Sole Trade, Partnership, Ltd)"
INSERTED DETAIL,18,Devon County Council,02/04/2026,22087341,900.00,LONDON BUILDING CONTROL LIMITED,318551,895840176,Capital - SEND Schools,C02009,Works,C0660001,"DCC Business Entities (Sole Trade, Partnership, Ltd)"
INSERTED DETAIL,18,Devon County Council,02/04/2026,22087424,"7,542.60",WESTCOUNTRY MAINTENANCE SERVICES LIMITED,229952,915005854,Capital other - Digital Technology & Business Services,C02009,Works,C0651001,DCC CIS Suppliers
INSERTED DETAIL,18,Devon County Council,02/04/2026,22087867,"2,100.00",PRIMED TALENT LIMITED,390265,258192384,"Economy, Enterprise and Skills",A44038,Fees,R0546004,"DCC Business Entities (Sole Trade, Partnership, Ltd)"
INSERTED DETAIL,18,Devon County Council,02/04/2026,22087928,"14,385.75",Royal Deaf Education Trust,8245,478920838,Dedicated Schools Grant,A53012,Payments to Independent Units,R0089003,"DCC Business Entities (Sole Trade, Partnership, Ltd)"
INSERTED DETAIL,18,Devon County Council,07/04/2026,22068133,"1,874.30",NORSE SOUTH WEST LIMITED,279741,785421021,Capital other - Digital Technology & Business Services,C02011,External Professional Fees,C0647001,"DCC Business Entities (Sole Trade, Partnership, Ltd)"
INSERTED DETAIL,18,Devon County Council,07/04/2026,22069608,599.74,NORSE SOUTH WEST LIMITED,279741,785421021,Capital other - Digital Technology & Business Services,C02011,External Professional Fees,C0647001,"DCC Business Entities (Sole Trade, Partnership, Ltd)"
INSERTED DETAIL,18,Devon County Council,07/04/2026,22071802,750.00,SAM WYSOKI CARE OF WALNUT HOUSE,386626,438365277,"Chief Exec, Legal & Democratic services",A44968,Legal & Conveyancing Charges,R0276001,"DCC Business Entities (Sole Trade, Partnership, Ltd)"
INSERTED DETAIL,18,Devon County Council,07/04/2026,22080582,916.56,TEAM EDUCATE LIMITED BACS,374563,336808777,Dedicated Schools Grant,A44185,Other professional Services (Schools),R0082007,"DCC Business Entities (Sole Trade, Partnership, Ltd)"
INSERTED DETAIL,18,Devon County Council,07/04/2026,22081688,"2,520.00",The Empower School t/a Contact Success,397825,438034602,Dedicated Schools Grant,A44185,Other professional Services (Schools),R0082007,"DCC Business Entities (Sole Trade, Partnership, Ltd)"
INSERTED DETAIL,18,Devon County Council,07/04/2026,22082122,"5,805.25",JEREMY BENN ASSOCIATES LIMITED,321667,665300941,"Capital - Planning, Transportation and Environment",C02011,External Professional Fees,C0656001,"DCC Business Entities (Sole Trade, Partnership, Ltd)"
INSERTED DETAIL,18,Devon County Council,07/04/2026,22082189,656.23,PERSON CENTRED SOFTWARE LIMITED,340281,162981976,Operations,A49075,Licences - General,R0268001,"DCC Business Entities (Sole Trade, Partnership, Ltd)"
INSERTED DETAIL,18,Devon County Council,07/04/2026,22082201,744.79,BIDFOOD,6550,643994692,Inclusion & Learning,A44030,Provisions,R0102001,"DCC Business Entities (Sole Trade, Partnership, Ltd)"
INSERTED DETAIL,18,Devon County Council,07/04/2026,22082235,"2,754.12",NORSE SOUTH WEST LIMITED,279741,785421021,Transformation & Business Services,A27010,Contract Cleaning,R0333026,"DCC Business Entities (Sole Trade, Partnership, Ltd)"
INSERTED DETAIL,18,Devon County Council,07/04/2026,22082242,"3,221.80",CULLOMPTON TOWN COUNCIL,4896,948724186,Highways & Infrastructure Development,A93520,Parking Income,R0556004,"DCC Business Entities (Sole Trade, Partnership, Ltd)"
INSERTED DETAIL,18,Devon County Council,07/04/2026,22082256,"89,625.00",SENTINEL PARTNERS LIMITED,330158,143180146,"Economy, Enterprise and Skills",A44038,Fees,R0542001,"DCC Business Entities (Sole Trade, Partnership, Ltd)"
INSERTED DETAIL,18,Devon County Council,07/04/2026,22082257,990.00,Mole Energy Limited,602900,988934732,"Economy, Enterprise and Skills",A44038,Fees,R0547001,"DCC Business Entities (Sole Trade, Partnership, Ltd)"
INSERTED DETAIL,18,Devon County Council,07/04/2026,22082315,650.00,SWARCO UK & IRELAND LIMITED,13690,568335022,Highways & Infrastructure Development,A40075,Road & Other Signs,R0567002,DCC CIS Suppliers
INSERTED DETAIL,18,Devon County Council,07/04/2026,22082341,"21,000.00",Risk Ledger,600294,294427378,Transformation & Business Services,A45040,IT Software,R0353008,"DCC Business Entities (Sole Trade, Partnership, Ltd)"
INSERTED DETAIL,18,Devon County Council,07/04/2026,22082370,770.00,TOPP TREE CARE LTD,389748,434623407,Transformation & Business Services,A29015,Other Premises Costs,R0334004,"DCC Business Entities (Sole Trade, Partnership, Ltd)"
INSERTED DETAIL,18,Devon County Council,07/04/2026,22082402,"1,050.00",SWIFT CARE SERVICES LIMITED,403733,,Children's Social Care,A61200,Community based care,R0044004,"DCC Business Entities (Sole Trade, Partnership, Ltd)"
INSERTED DETAIL,18,Devon County Council,07/04/2026,22082403,"1,680.00",DEVON TREE SERVICES LIMITED,4838,164412427,Capital - Highways,C02009,Works,C0671008,"DCC Business Entities (Sole Trade, Partnership, Ltd)"
INSERTED DETAIL,18,Devon County Council,07/04/2026,22082404,"4,240.00",G M CONTRACTORS DEVON LIMITED,294305,875936367,Highways & Infrastructure Development,A49005,Other Hired & Contracting Services,R0552006,DCC CIS Suppliers
INSERTED DETAIL,18,Devon County Council,07/04/2026,22082413,"1,440.00",PROGRESSION SERVICES LIMITED,390181,439882639,Dedicated Schools Grant,A44185,Other professional Services (Schools),R0082007,"DCC Business Entities (Sole Trade, Partnership, Ltd)"
INSERTED DETAIL,18,Devon County Council,07/04/2026,22082552,"1,904.61",David Trickett T/A Countryside & Garden,21818,409946757,Highways & Infrastructure Development,A49005,Other Hired & Contracting Services,R0557019,DCC CIS Suppliers
INSERTED DETAIL,18,Devon County Council,07/04/2026,22082570,"3,868.37",DODDS SOLICITORS LLP,394172,729928286,"Chief Exec, Legal & Democratic services",A44968,Legal & Conveyancing Charges,R0276001,"DCC Business Entities (Sole Trade, Partnership, Ltd)"
INSERTED DETAIL,18,Devon County Council,07/04/2026,22082611,525.00,DAVID SAPIECHA,405894,691715121,Other PH Services,A44968,Legal & Conveyancing Charges,R0548001,"DCC Business Entities (Sole Trade, Partnership, Ltd)"
INSERTED DETAIL,18,Devon County Council,07/04/2026,22082644,"2,999.25",APPROPRIATE ADULT SERVICE LIMITED,348287,243580216,Children's Social Care,A44038,Fees,R0014001,"DCC Business Entities (Sole Trade, Partnership, Ltd)"
INSERTED DETAIL,18,Devon County Council,07/04/2026,22082646,"127,715.00",TEIGN TREES & LANDSCAPES SOUTH WEST LIMITED,209228,250371238,"Capital - Planning, Transportation and Environment",C02009,Works,C0671003,DCC CIS Suppliers
INSERTED DETAIL,18,Devon County Council,07/04/2026,22082681,"11,550.00",Disability Together,140334,436098381,Commissioning,A62110,Payments to Charities & Vol Providers,R0218002,"DCC Business Entities (Sole Trade, Partnership, Ltd)"
INSERTED DETAIL,18,Devon County Council,07/04/2026,22082876,"1,537.50",Derek Perry,604195,891798749,Other PH Services,A44968,Legal & Conveyancing Charges,R0548001,"DCC Business Entities (Sole Trade, Partnership, Ltd)"
INSERTED DETAIL,18,Devon County Council,07/04/2026,22082929,600.00,ARI'S HEALTHY LIFE LTD,604154,155273901,Communities,A52010,"Grants to voluntary, community and social enterprise organisations",R0530012,"DCC Business Entities (Sole Trade, Partnership, Ltd)"
INSERTED DETAIL,18,Devon County Council,07/04/2026,22083085,"4,916.04",THE BIKE SHED,82680,320986159,"Transport Operations, Environment and Waste",A30005,Vehicles Purchase,R0611004,"DCC Business Entities (Sole Trade, Partnership, Ltd)"
INSERTED DETAIL,18,Devon County Council,07/04/2026,22083234,"1,660.00",W D M LIMITED (BRISTOL),4601,433825942,Capital - Highways,C02011,External Professional Fees,C0652001,"DCC Business Entities (Sole Trade, Partnership, Ltd)"
INSERTED DETAIL,18,Devon County Council,07/04/2026,22083267,"1,000.00",Meducate Training Ltd,601813,,Mental Health,A44037,Inspection Fees Services,R0256001,"DCC Business Entities (Sole Trade, Partnership, Ltd)"
INSERTED DETAIL,18,Devon County Council,07/04/2026,22083476,"18,240.80",TR Stockfencing Ltd,604240,793917476,"Capital - Planning, Transportation and Environment",C02009,Works,C0656001,"DCC Business Entities (Sole Trade, Partnership, Ltd)"
INSERTED DETAIL,18,Devon County Council,07/04/2026,22083487,"5,388.19",ACORN CARE & EDUCATION LIMITED,333557,902188441,Dedicated Schools Grant,A53035,Other Recoupment Expenditure (3rd),R0111002,"DCC Business Entities (Sole Trade, Partnership, Ltd)"
INSERTED DETAIL,18,Devon County Council,07/04/2026,22084176,"2,900.00",ISWP ASSESSMENT SERVICES LIMITED,340338,251027053,"Chief Exec, Legal & Democratic services",A44038,Fees,R0276001,"DCC Business Entities (Sole Trade, Partnership, Ltd)"
INSERTED DETAIL,18,Devon County Council,07/04/2026,22084405,"7,169.44",EE LIMITED,403990,245719348,Transformation & Business Services,A45030,Mobile Phones,R0505006,"DCC Business Entities (Sole Trade, Partnership, Ltd)"
INSERTED DETAIL,18,Devon County Council,07/04/2026,22084692,559.80,BLEEP 360 CARE LIMITED,360406,355167685,Children's Social Care,A61200,Community based care,R0044004,"DCC Business Entities (Sole Trade, Partnership, Ltd)"
INSERTED DETAIL,18,Devon County Council,07/04/2026,22084815,630.00,OUT OF THE BOX PLAY & C A T,365496,,P-Ledger - Separate Legal Entity,A61060,Support for Children in Care,P0432008,"DCC Business Entities (Sole Trade, Partnership, Ltd)"
INSERTED DETAIL,18,Devon County Council,07/04/2026,22084890,808.55,OCEAN HEALTHCARE,371633,776836374,Operations,A11005,Agency Supply Staff,R0268001,"DCC Business Entities (Sole Trade, Partnership, Ltd)"
INSERTED DETAIL,18,Devon County Council,07/04/2026,22085084,"5,000.00",PLYMOUTH CHAMBER OF COMMERCE AND INDUSTRY,22813,643529530,"Economy, Enterprise and Skills",A47010,Subscriptions,R0544002,"DCC Business Entities (Sole Trade, Partnership, Ltd)"
INSERTED DETAIL,18,Devon County Council,07/04/2026,22085666,"11,602.50",MID DEVON DISTRICT COUNCIL,19708,142203912,Transformation & Business Services,A23005,Rates,R0333026,"DCC Business Entities (Sole Trade, Partnership, Ltd)"
INSERTED DETAIL,18,Devon County Council,07/04/2026,22085883,766.68,BELL GROUP LIMITED,320709,469453353,Capital other - Digital Technology & Business Services,C02009,Works,C0651001,DCC CIS Suppliers
INSERTED DETAIL,18,Devon County Council,07/04/2026,22085970,"5,655.00",C E D A,12641,,Children's Social Care,A61200,Community based care,R0044004,"DCC Business Entities (Sole Trade, Partnership, Ltd)"
INSERTED DETAIL,18,Devon County Council,07/04/2026,22086078,961.35,EAST DEVON DISTRICT COUN (S O ACCOUNT),8710,142218990,Public Health Nursing,A23005,Rates,R0019003,"DCC Business Entities (Sole Trade, Partnership, Ltd)"
INSERTED DETAIL,18,Devon County Council,07/04/2026,22086798,"450,000.00",CORMAC CONTRACTING LIMITED,364276,247160514,Capital - Highways,C02009,Works,C0652001,"DCC Business Entities (Sole Trade, Partnership, Ltd)"
INSERTED DETAIL,18,Devon County Council,07/04/2026,22087286,"200,000.00",KENNFORD TARMACADAM LIMITED,24534,976391178,Capital - Highways,C02009,Works,C0652001,DCC CIS Suppliers
INSERTED DETAIL,18,Devon County Council,07/04/2026,22087462,"6,000.00",MARINE & CIVIL SOLUTIONS LIMITED,283395,431868383,Capital - Highways,C02009,Works,C0652001,DCC CIS Suppliers
INSERTED DETAIL,18,Devon County Council,07/04/2026,22087520,"2,248.94",NORSE SOUTH WEST LIMITED,279741,785421021,Capital other - Digital Technology & Business Services,C02011,External Professional Fees,C0651001,"DCC Business Entities (Sole Trade, Partnership, Ltd)"
INSERTED DETAIL,18,Devon County Council,07/04/2026,22087534,"1,226.58",KENNFORD TARMACADAM LIMITED,24534,976391178,Capital - Highways,C02009,Works,C0671006,DCC CIS Suppliers
INSERTED DETAIL,18,Devon County Council,07/04/2026,22087539,"6,139.98",KENNFORD TARMACADAM LIMITED,24534,976391178,Capital - Highways,C02009,Works,C0671006,DCC CIS Suppliers
INSERTED DETAIL,18,Devon County Council,07/04/2026,22087550,"14,345.10",KENNFORD TARMACADAM LIMITED,24534,976391178,Capital - Highways,C02009,Works,C0671006,DCC CIS Suppliers
INSERTED DETAIL,18,Devon County Council,07/04/2026,22087654,"4,186.03",BRIDGE CIVIL ENGINEERING LIMITED,79315,717667210,Capital - Highways,C02009,Works,C0652001,DCC CIS Suppliers
INSERTED DETAIL,18,Devon County Council,07/04/2026,22087664,"3,956.32",MARINE & CIVIL SOLUTIONS LIMITED,283395,431868383,Highways & Infrastructure Development,A46100,Main / Term Contractor,R0555002,DCC CIS Suppliers
INSERTED DETAIL,18,Devon County Council,07/04/2026,22087690,"1,491.99",KENNFORD TARMACADAM LIMITED,24534,976391178,Capital - Highways,C02009,Works,C0671004,DCC CIS Suppliers
INSERTED DETAIL,18,Devon County Council,07/04/2026,22087826,"250,000.00",CAB DEVON - DIX'S FIELD,326318,,Communities,A52010,"Grants to voluntary, community and social enterprise organisations",R0535001,"DCC Business Entities (Sole Trade, Partnership, Ltd)"
INSERTED DETAIL,18,Devon County Council,07/04/2026,22087937,"49,489.90",GALLAGHER BASSETT INTERNATIONAL LIMITED,314249,484746209,"Chief Exec, Legal & Democratic services",A44165,Compensation Claims payments,R0283001,"DCC Business Entities (Sole Trade, Partnership, Ltd)"
INSERTED DETAIL,18,Devon County Council,07/04/2026,22087959,"1,558.47",OCEAN HEALTHCARE,371633,776836374,Operations,A11005,Agency Supply Staff,R0240002,"DCC Business Entities (Sole Trade, Partnership, Ltd)"
INSERTED DETAIL,18,Devon County Council,07/04/2026,22087994,"2,500.00",EXETER PAEDIATRIC I C S LIMITED,373429,,P-Ledger - Separate Legal Entity,A61060,Support for Children in Care,P0432008,"DCC Business Entities (Sole Trade, Partnership, Ltd)"
INSERTED DETAIL,18,Devon County Council,07/04/2026,22088088,710.00,PSYCHOLOGY ASSOCIATES LIMITED,147932,912873418,Children's Social Care,A61060,Support for Children in Care,R0106002,"DCC Business Entities (Sole Trade, Partnership, Ltd)"
INSERTED DETAIL,18,Devon County Council,07/04/2026,22088161,620.00,Maaike Geschwindt ta Free2BMe Play Therapy,388811,,Children's Social Care,A61060,Support for Children in Care,R0106002,"DCC Business Entities (Sole Trade, Partnership, Ltd)"
INSERTED DETAIL,18,Devon County Council,07/04/2026,22088530,893.00,Jennifer Roder Ltd,344982,,Dedicated Schools Grant,A61052,Independent Special School Fees,R0089003,"DCC Business Entities (Sole Trade, Partnership, Ltd)"
INSERTED DETAIL,18,Devon County Council,07/04/2026,22088602,665.83,CURRYS GROUP LIMITED (MSTS REC AC),390252,226659933,Inclusion & Learning,A44327,Education Resources,R0034004,"DCC Business Entities (Sole Trade, Partnership, Ltd)"
INSERTED DETAIL,18,Devon County Council,07/04/2026,150408511,"1,631.07",M Group Highways Limited,375383,927200546,Capital - Highways,C02051,Term Maintenance Contract,C0671007,"DCC Business Entities (Sole Trade, Partnership, Ltd)"
INSERTED DETAIL,18,Devon County Council,07/04/2026,150408533,"11,000.00",M Group Highways Limited,375383,927200546,Capital - Highways,C02051,Term Maintenance Contract,C0671007,"DCC Business Entities (Sole Trade, Partnership, Ltd)"
INSERTED DETAIL,18,Devon County Council,07/04/2026,150408536,"2,982.21",M Group Highways Limited,375383,927200546,Highways & Infrastructure Development,A46100,Main / Term Contractor,R0554001,"DCC Business Entities (Sole Trade, Partnership, Ltd)"
INSERTED DETAIL,18,Devon County Council,08/04/2026,22070048,"2,850.00",SIMPLY GREAT MEDIA,367788,479704936,Dedicated Schools Grant,A44185,Other professional Services (Schools),R0082007,"DCC Business Entities (Sole Trade, Partnership, Ltd)"
INSERTED DETAIL,18,Devon County Council,08/04/2026,22082561,"2,000.00",PENINSULA CASUALTY RDCT PRTNRSHP,304422,384845159,Planning,A44038,Fees,R0632001,"DCC Business Entities (Sole Trade, Partnership, Ltd)"
INSERTED DETAIL,18,Devon County Council,08/04/2026,22082743,"2,280.60",PROSPERO RECRUITMENT LIMITED,352539,486704947,Dedicated Schools Grant,A44185,Other professional Services (Schools),R0082007,"DCC Business Entities (Sole Trade, Partnership, Ltd)"
INSERTED DETAIL,18,Devon County Council,08/04/2026,22082744,"1,419.04",PROSPERO RECRUITMENT LIMITED,352539,486704947,Dedicated Schools Grant,A44185,Other professional Services (Schools),R0082007,"DCC Business Entities (Sole Trade, Partnership, Ltd)"
INSERTED DETAIL,18,Devon County Council,08/04/2026,22082749,"2,280.60",PROSPERO RECRUITMENT LIMITED,352539,486704947,Dedicated Schools Grant,A44185,Other professional Services (Schools),R0082007,"DCC Business Entities (Sole Trade, Partnership, Ltd)"
INSERTED DETAIL,18,Devon County Council,08/04/2026,22082760,"1,520.40",PROSPERO RECRUITMENT LIMITED,352539,486704947,Dedicated Schools Grant,A44185,Other professional Services (Schools),R0082007,"DCC Business Entities (Sole Trade, Partnership, Ltd)"
INSERTED DETAIL,18,Devon County Council,08/04/2026,22082762,"2,255.77",PROSPERO RECRUITMENT LIMITED,352539,486704947,Dedicated Schools Grant,A44185,Other professional Services (Schools),R0082007,"DCC Business Entities (Sole Trade, Partnership, Ltd)"
INSERTED DETAIL,18,Devon County Council,08/04/2026,22082771,"1,064.28",PROSPERO RECRUITMENT LIMITED,352539,486704947,Dedicated Schools Grant,A44185,Other professional Services (Schools),R0082007,"DCC Business Entities (Sole Trade, Partnership, Ltd)"
INSERTED DETAIL,18,Devon County Council,08/04/2026,22082779,"1,140.30",PROSPERO RECRUITMENT LIMITED,352539,486704947,Dedicated Schools Grant,A44185,Other professional Services (Schools),R0082007,"DCC Business Entities (Sole Trade, Partnership, Ltd)"
INSERTED DETAIL,18,Devon County Council,08/04/2026,22082781,912.24,PROSPERO RECRUITMENT LIMITED,352539,486704947,Dedicated Schools Grant,A44185,Other professional Services (Schools),R0082007,"DCC Business Entities (Sole Trade, Partnership, Ltd)"
INSERTED DETAIL,18,Devon County Council,08/04/2026,22082782,"1,520.40",PROSPERO RECRUITMENT LIMITED,352539,486704947,Dedicated Schools Grant,A44185,Other professional Services (Schools),R0082007,"DCC Business Entities (Sole Trade, Partnership, Ltd)"
INSERTED DETAIL,18,Devon County Council,08/04/2026,22082804,"2,280.60",PROSPERO RECRUITMENT LIMITED,352539,486704947,Dedicated Schools Grant,A44185,Other professional Services (Schools),R0082007,"DCC Business Entities (Sole Trade, Partnership, Ltd)"
INSERTED DETAIL,18,Devon County Council,08/04/2026,22082805,"1,520.40",PROSPERO RECRUITMENT LIMITED,352539,486704947,Dedicated Schools Grant,A44185,Other professional Services (Schools),R0082007,"DCC Business Entities (Sole Trade, Partnership, Ltd)"
INSERTED DETAIL,18,Devon County Council,08/04/2026,22082817,608.16,PROSPERO RECRUITMENT LIMITED,352539,486704947,Dedicated Schools Grant,A44185,Other professional Services (Schools),R0082007,"DCC Business Entities (Sole Trade, Partnership, Ltd)"
INSERTED DETAIL,18,Devon County Council,08/04/2026,22082821,"1,520.40",PROSPERO RECRUITMENT LIMITED,352539,486704947,Dedicated Schools Grant,A44185,Other professional Services (Schools),R0082007,"DCC Business Entities (Sole Trade, Partnership, Ltd)"
INSERTED DETAIL,18,Devon County Council,08/04/2026,22082825,633.50,PROSPERO RECRUITMENT LIMITED,352539,486704947,Dedicated Schools Grant,A44185,Other professional Services (Schools),R0082007,"DCC Business Entities (Sole Trade, Partnership, Ltd)"
INSERTED DETAIL,18,Devon County Council,08/04/2026,22082831,"2,329.50",PROSPERO RECRUITMENT LIMITED,352539,486704947,Dedicated Schools Grant,A44185,Other professional Services (Schools),R0082007,"DCC Business Entities (Sole Trade, Partnership, Ltd)"
INSERTED DETAIL,18,Devon County Council,08/04/2026,22083018,"1,368.36",PROSPERO RECRUITMENT LIMITED,352539,486704947,Dedicated Schools Grant,A44180,Services for Educational Estabs - Devon,R0010004,"DCC Business Entities (Sole Trade, Partnership, Ltd)"
INSERTED DETAIL,18,Devon County Council,08/04/2026,22083035,"1,824.48",PROSPERO RECRUITMENT LIMITED,352539,486704947,Dedicated Schools Grant,A44180,Services for Educational Estabs - Devon,R0010004,"DCC Business Entities (Sole Trade, Partnership, Ltd)"
INSERTED DETAIL,18,Devon County Council,08/04/2026,22083066,"8,490.92",DIGITAL ID LIMITED,261060,560627739,Transformation & Business Services,A45015,Postages,R0333026,"DCC Business Entities (Sole Trade, Partnership, Ltd)"
INSERTED DETAIL,18,Devon County Council,08/04/2026,22083080,"4,808.95",BREAKTHROUGH TRANSFORMATION TRUST,248117,480468080,Dedicated Schools Grant,A44185,Other professional Services (Schools),R0082007,"DCC Business Entities (Sole Trade, Partnership, Ltd)"
INSERTED DETAIL,18,Devon County Council,08/04/2026,22083081,"3,797.92",BREAKTHROUGH TRANSFORMATION TRUST,248117,480468080,Dedicated Schools Grant,A44185,Other professional Services (Schools),R0082007,"DCC Business Entities (Sole Trade, Partnership, Ltd)"
INSERTED DETAIL,18,Devon County Council,08/04/2026,22083104,"4,000.00","HERITAGE, ARTS AND PEOPLE COMMUNITY INTEREST COMPANY",359459,,"Transport Operations, Environment and Waste",A44038,Fees,R0644001,"DCC Business Entities (Sole Trade, Partnership, Ltd)"
INSERTED DETAIL,18,Devon County Council,08/04/2026,22083300,"9,967.00",P & I PROPERTY MAINTENANCE,397907,,Children's Social Care,A20010,"Property Repairs, Maintenance & Alterations (Reactive)",R0074001,DCC CIS Suppliers
INSERTED DETAIL,18,Devon County Council,08/04/2026,22083306,"2,014.45",P & I PROPERTY MAINTENANCE,397907,,Children's Social Care,A20010,"Property Repairs, Maintenance & Alterations (Reactive)",R0095005,DCC CIS Suppliers
INSERTED DETAIL,18,Devon County Council,08/04/2026,22083580,963.00,SUEZ RECYCLING & RECOVERY UK LIMITED,208690,444085847,"Transport Operations, Environment and Waste",A46100,Main / Term Contractor,R0594001,"DCC Business Entities (Sole Trade, Partnership, Ltd)"
INSERTED DETAIL,18,Devon County Council,08/04/2026,22084589,500.00,WILLIAM HIGGINSON CARE OF KBG CHMBS,396814,844714419,"Chief Exec, Legal & Democratic services",A44968,Legal & Conveyancing Charges,R0276001,"DCC Business Entities (Sole Trade, Partnership, Ltd)"
INSERTED DETAIL,18,Devon County Council,08/04/2026,22085626,828.05,Mountjoy Water Supplies,604337,143357084,"Economy, Enterprise and Skills",A40920,Equipment,R0547004,"DCC Business Entities (Sole Trade, Partnership, Ltd)"
INSERTED DETAIL,18,Devon County Council,08/04/2026,22087405,"6,288.88",MARINE & CIVIL SOLUTIONS LIMITED,283395,431868383,Highways & Infrastructure Development,A46100,Main / Term Contractor,R0554001,DCC CIS Suppliers
INSERTED DETAIL,18,Devon County Council,08/04/2026,22087667,"7,760.89",MARINE & CIVIL SOLUTIONS LIMITED,283395,431868383,Highways & Infrastructure Development,A46100,Main / Term Contractor,R0555002,DCC CIS Suppliers
INSERTED DETAIL,18,Devon County Council,08/04/2026,22088123,"2,721.84",PROSPERO RECRUITMENT LIMITED,352539,486704947,Dedicated Schools Grant,A44185,Other professional Services (Schools),R0082007,"DCC Business Entities (Sole Trade, Partnership, Ltd)"
INSERTED DETAIL,18,Devon County Council,08/04/2026,22088154,"11,613.41",TWIL CIVILS SOUTH WEST (Taylor Woodrow Infrastructure Ltd.),396590,321931874,Capital - Highways,C02009,Works,C0652001,DCC CIS Suppliers
INSERTED DETAIL,18,Devon County Council,08/04/2026,22088220,"196,386.65",HOLCIM UK LIMITED,21683,533260571,Capital - Highways,C02009,Works,C0652001,"DCC Business Entities (Sole Trade, Partnership, Ltd)"
INSERTED DETAIL,18,Devon County Council,08/04/2026,22088475,"205,912.48",E & J W GLENDINNING LIMITED,62732,668406312,Capital - Highways,C02009,Works,C0652001,DCC CIS Suppliers
INSERTED DETAIL,18,Devon County Council,08/04/2026,22088668,"5,570.58",ACORN CARE & EDUCATION LIMITED,333557,902188441,Dedicated Schools Grant,A61052,Independent Special School Fees,R0089003,"DCC Business Entities (Sole Trade, Partnership, Ltd)"
INSERTED DETAIL,18,Devon County Council,08/04/2026,22088670,"5,351.54",ACORN CARE & EDUCATION LIMITED,333557,902188441,Dedicated Schools Grant,A61052,Independent Special School Fees,R0089003,"DCC Business Entities (Sole Trade, Partnership, Ltd)"
INSERTED DETAIL,18,Devon County Council,08/04/2026,22088677,"5,408.33",ACORN CARE & EDUCATION LIMITED,333557,902188441,Dedicated Schools Grant,A61052,Independent Special School Fees,R0089003,"DCC Business Entities (Sole Trade, Partnership, Ltd)"
INSERTED DETAIL,18,Devon County Council,08/04/2026,22088699,"5,408.33",ACORN CARE & EDUCATION LIMITED,333557,902188441,Dedicated Schools Grant,A61052,Independent Special School Fees,R0089003,"DCC Business Entities (Sole Trade, Partnership, Ltd)"
INSERTED DETAIL,18,Devon County Council,08/04/2026,22088851,"55,756.78",KENNFORD TARMACADAM LIMITED,24534,976391178,Capital - Highways,C02009,Works,C0652001,DCC CIS Suppliers
INSERTED DETAIL,18,Devon County Council,08/04/2026,22088912,"3,704.80",KENNFORD TARMACADAM LIMITED,24534,976391178,Capital - Highways,C02009,Works,C0671006,DCC CIS Suppliers
INSERTED DETAIL,18,Devon County Council,08/04/2026,22088914,"2,544.45",SWARCO UK & IRELAND LIMITED,13690,568335022,Capital - Highways,C02009,Works,C0671005,DCC CIS Suppliers
INSERTED DETAIL,18,Devon County Council,08/04/2026,22088922,"5,754.10",KENNFORD TARMACADAM LIMITED,24534,976391178,Capital - Highways,C02009,Works,C0671006,DCC CIS Suppliers
INSERTED DETAIL,18,Devon County Council,08/04/2026,22088993,"3,916.00",KENNFORD TARMACADAM LIMITED,24534,976391178,Capital - Highways,C02009,Works,C0671006,DCC CIS Suppliers
INSERTED DETAIL,18,Devon County Council,08/04/2026,22089005,"3,704.80",KENNFORD TARMACADAM LIMITED,24534,976391178,Capital - Highways,C02009,Works,C0671006,DCC CIS Suppliers
INSERTED DETAIL,18,Devon County Council,08/04/2026,22089008,"3,704.80",KENNFORD TARMACADAM LIMITED,24534,976391178,Capital - Highways,C02009,Works,C0671006,DCC CIS Suppliers
INSERTED DETAIL,18,Devon County Council,08/04/2026,22089011,"8,631.70",KENNFORD TARMACADAM LIMITED,24534,976391178,Capital - Highways,C02009,Works,C0671006,DCC CIS Suppliers
INSERTED DETAIL,18,Devon County Council,08/04/2026,22089043,"1,666.50",KENNFORD TARMACADAM LIMITED,24534,976391178,Capital - Highways,C02009,Works,C0652001,DCC CIS Suppliers
INSERTED DETAIL,18,Devon County Council,08/04/2026,22089059,"8,631.70",KENNFORD TARMACADAM LIMITED,24534,976391178,Capital - Highways,C02009,Works,C0671006,DCC CIS Suppliers
INSERTED DETAIL,18,Devon County Council,08/04/2026,22089072,"9,458.90",KENNFORD TARMACADAM LIMITED,24534,976391178,Capital - Highways,C02009,Works,C0671006,DCC CIS Suppliers
INSERTED DETAIL,18,Devon County Council,08/04/2026,22089076,"1,377.75",KENNFORD TARMACADAM LIMITED,24534,976391178,Capital - Highways,C02009,Works,C0671006,DCC CIS Suppliers
INSERTED DETAIL,18,Devon County Council,08/04/2026,22089088,"-1,080.00",NeuroConnect CIC,382604,,P-Ledger - Separate Legal Entity,A61060,Support for Children in Care,P0432008,"DCC Business Entities (Sole Trade, Partnership, Ltd)"
INSERTED DETAIL,18,Devon County Council,09/04/2026,22082018,800.00,Wildhearts Services CIC,602264,,Children's Social Care,A61060,Support for Children in Care,R0106002,"DCC Business Entities (Sole Trade, Partnership, Ltd)"
INSERTED DETAIL,18,Devon County Council,09/04/2026,22082090,"2,450.00",HELD HEALTH LIMITED,392625,,P-Ledger - Separate Legal Entity,A61060,Support for Children in Care,P0432008,"DCC Business Entities (Sole Trade, Partnership, Ltd)"
INSERTED DETAIL,18,Devon County Council,09/04/2026,22083003,730.00,EARTH UNCOVERED,390314,,P-Ledger - Separate Legal Entity,A61060,Support for Children in Care,P0432008,"DCC Business Entities (Sole Trade, Partnership, Ltd)"
INSERTED DETAIL,18,Devon County Council,09/04/2026,22083143,630.00,LUCY GILLETT,382637,,P-Ledger - Separate Legal Entity,A61060,Support for Children in Care,P0432008,"DCC Business Entities (Sole Trade, Partnership, Ltd)"
INSERTED DETAIL,18,Devon County Council,09/04/2026,22083237,724.70,WGP MAINTENANCE LIMITED,397367,948500609,Children's Social Care,A20010,"Property Repairs, Maintenance & Alterations (Reactive)",R0095005,DCC CIS Suppliers
INSERTED DETAIL,18,Devon County Council,09/04/2026,22083307,"10,436.36",EXPERIAN LIMITED,170364,887133593,Public Health,A45045,IT Software Maintenance,R0316044,"DCC Business Entities (Sole Trade, Partnership, Ltd)"
INSERTED DETAIL,18,Devon County Council,09/04/2026,22083415,"2,177.00",FREDERICK SHERRELL LIMITED,14402,591319333,Highways & Infrastructure Development,A44038,Fees,R0552002,"DCC Business Entities (Sole Trade, Partnership, Ltd)"
INSERTED DETAIL,18,Devon County Council,09/04/2026,22083467,"29,783.00",BESTOUTCOME LIMITED,375768,727373422,Transformation & Business Services,A45040,IT Software,R0353008,"DCC Business Entities (Sole Trade, Partnership, Ltd)"
INSERTED DETAIL,18,Devon County Council,09/04/2026,22083511,"7,018.26",N H S PROPERTY SERVICES LIMITED,348466,156725100,Children's Social Care,A22005,Building Rents,R0095009,"DCC Business Entities (Sole Trade, Partnership, Ltd)"
INSERTED DETAIL,18,Devon County Council,09/04/2026,22083512,"8,787.50",N H S PROPERTY SERVICES LIMITED,348466,156725100,Children's Social Care,A22005,Building Rents,R0095004,"DCC Business Entities (Sole Trade, Partnership, Ltd)"
INSERTED DETAIL,18,Devon County Council,09/04/2026,22083522,"1,551.99",N H S PROPERTY SERVICES LIMITED,348466,156725100,Public Health Nursing,A22005,Building Rents,R0019003,"DCC Business Entities (Sole Trade, Partnership, Ltd)"
INSERTED DETAIL,18,Devon County Council,09/04/2026,22083529,"27,313.18",TORBAY & SOUTH DEVON NHS,290092,654941219,Operations,A53005,Payments to Health Authorities,R0469001,"DCC Business Entities (Sole Trade, Partnership, Ltd)"
INSERTED DETAIL,18,Devon County Council,09/04/2026,22083611,956.00,DODDS SOLICITORS LLP,394172,729928286,"Chief Exec, Legal & Democratic services",A44968,Legal & Conveyancing Charges,R0276001,"DCC Business Entities (Sole Trade, Partnership, Ltd)"
INSERTED DETAIL,18,Devon County Council,09/04/2026,22083614,"2,530.50",SAMEE,602811,,Dedicated Schools Grant,A44185,Other professional Services (Schools),R0082002,"DCC Business Entities (Sole Trade, Partnership, Ltd)"
INSERTED DETAIL,18,Devon County Council,09/04/2026,22083773,"2,950.00",FOREAL,382988,452723204,Dedicated Schools Grant,A44185,Other professional Services (Schools),R0082007,"DCC Business Entities (Sole Trade, Partnership, Ltd)"
INSERTED DETAIL,18,Devon County Council,09/04/2026,22084058,"1,575.04",D B S LIMITED (REWINDS),339293,247795554,Highways & Infrastructure Development,A49005,Other Hired & Contracting Services,R0555002,"DCC Business Entities (Sole Trade, Partnership, Ltd)"
INSERTED DETAIL,18,Devon County Council,09/04/2026,22084618,"2,500.00",EXETER PAEDIATRIC I C S LIMITED,373429,,P-Ledger - Separate Legal Entity,A61060,Support for Children in Care,P0432008,"DCC Business Entities (Sole Trade, Partnership, Ltd)"
INSERTED DETAIL,18,Devon County Council,09/04/2026,22084898,"1,465.00",Home Leisure Direct Worldwide Ltd,604257,509114122,Children's Social Care,A40920,Equipment,R0014005,"DCC Business Entities (Sole Trade, Partnership, Ltd)"
INSERTED DETAIL,18,Devon County Council,09/04/2026,22086065,"70,560.00",NORTH DEVON COUNCIL (RATES),401210,,Transformation & Business Services,A23005,Rates,R0333026,"DCC Business Entities (Sole Trade, Partnership, Ltd)"
INSERTED DETAIL,18,Devon County Council,09/04/2026,22087173,"355,370.47",KIELY BROS LIMITED,245750,945699264,Capital - Highways,C02009,Works,C0652001,DCC CIS Suppliers
INSERTED DETAIL,18,Devon County Council,09/04/2026,22087257,"1,008.00",FAMILY COMPASS,348346,392295664,Children's Social Care,A61060,Support for Children in Care,R0106002,"DCC Business Entities (Sole Trade, Partnership, Ltd)"
INSERTED DETAIL,18,Devon County Council,09/04/2026,22087259,"24,562.22",SUEZ RECYCLING & RECOVERY UK LIMITED,208690,444085847,"Transport Operations, Environment and Waste",A46100,Main / Term Contractor,R0594002,"DCC Business Entities (Sole Trade, Partnership, Ltd)"
INSERTED DETAIL,18,Devon County Council,09/04/2026,22087413,"4,924.74",MARINE & CIVIL SOLUTIONS LIMITED,283395,431868383,Capital - Highways,C02009,Works,C0671004,DCC CIS Suppliers
INSERTED DETAIL,18,Devon County Council,09/04/2026,22087417,"1,954.27",MARINE & CIVIL SOLUTIONS LIMITED,283395,431868383,Capital - Highways,C02009,Works,C0671004,DCC CIS Suppliers
INSERTED DETAIL,18,Devon County Council,09/04/2026,22088146,756.00,OCEAN HEALTHCARE (TRADING AS TAHER LIMITED),346692,776836374,Children's Social Care,A61200,Community based care,R0044004,"DCC Business Entities (Sole Trade, Partnership, Ltd)"
INSERTED DETAIL,18,Devon County Council,09/04/2026,22088165,"16,414.00",Analytical Services International Ltd,307650,363423802,"Chief Exec, Legal & Democratic services",A44038,Fees,R0506002,"DCC Business Entities (Sole Trade, Partnership, Ltd)"
INSERTED DETAIL,18,Devon County Council,09/04/2026,22088394,"1,026.90",DR K SYRED,327070,,"Chief Exec, Legal & Democratic services",A44038,Fees,R0506002,"DCC Business Entities (Sole Trade, Partnership, Ltd)"
INSERTED DETAIL,18,Devon County Council,09/04/2026,22088757,"1,526.90",DOUGLAS ADAM DR,400750,,"Chief Exec, Legal & Democratic services",A44038,Fees,R0506002,"DCC Business Entities (Sole Trade, Partnership, Ltd)"
INSERTED DETAIL,18,Devon County Council,09/04/2026,22088936,"2,100.00",LEEP TALENT LIMITED,601804,469035473,"Economy, Enterprise and Skills",A44038,Fees,R0546004,"DCC Business Entities (Sole Trade, Partnership, Ltd)"
INSERTED DETAIL,18,Devon County Council,09/04/2026,22088984,"11,550.00",LEEP TALENT LIMITED,601804,469035473,"Economy, Enterprise and Skills",A44038,Fees,R0546004,"DCC Business Entities (Sole Trade, Partnership, Ltd)"
INSERTED DETAIL,18,Devon County Council,09/04/2026,22089140,"2,090.00",MEENA ENTERPRISES LIMITED,360477,,Operations,A44038,Fees,R0222002,"DCC Business Entities (Sole Trade, Partnership, Ltd)"
INSERTED DETAIL,18,Devon County Council,09/04/2026,22089208,"2,404.48",HARVEST HEALTHCARE,382070,989369729,Operations,A40080,Health & Safety Equipment,R0269001,"DCC Business Entities (Sole Trade, Partnership, Ltd)"
INSERTED DETAIL,18,Devon County Council,09/04/2026,22089226,"5,408.33",ACORN CARE & EDUCATION LIMITED,333557,902188441,Dedicated Schools Grant,A61052,Independent Special School Fees,R0089003,"DCC Business Entities (Sole Trade, Partnership, Ltd)"
INSERTED DETAIL,18,Devon County Council,09/04/2026,22089503,"529,088.01",ROYAL DEVON UNIVERSITY HEALTHCAR,21280,654938887,Public Health,A53005,Payments to Health Authorities,R0316041,"DCC Business Entities (Sole Trade, Partnership, Ltd)"
INSERTED DETAIL,18,Devon County Council,10/04/2026,22070264,"2,030.00",POLES APART AP LIMITED,382940,415121054,Dedicated Schools Grant,A44185,Other professional Services (Schools),R0082007,"DCC Business Entities (Sole Trade, Partnership, Ltd)"
INSERTED DETAIL,18,Devon County Council,10/04/2026,22083505,"4,246.00",ASSA ABLOY GLOBAL SOLUTIONS UK,392898,538790210,Children's Social Care,A45045,IT Software Maintenance,R0015001,"DCC Business Entities (Sole Trade, Partnership, Ltd)"
INSERTED DETAIL,18,Devon County Council,10/04/2026,22083588,"3,575.00",BALES FARM OUTDOOR LEARNING LTD,377260,,Dedicated Schools Grant,A44185,Other professional Services (Schools),R0082007,"DCC Business Entities (Sole Trade, Partnership, Ltd)"
INSERTED DETAIL,18,Devon County Council,10/04/2026,22083589,"2,981.25",NURTURE IN NATURE CHILDREN AND FAMILIES CIC,384801,,Dedicated Schools Grant,A44180,Services for Educational Estabs - Devon,R0010004,"DCC Business Entities (Sole Trade, Partnership, Ltd)"
INSERTED DETAIL,18,Devon County Council,10/04/2026,22083791,"1,170.00",BLUE SAILS PSYCHOLOGY LIMITED,335430,,P-Ledger - Separate Legal Entity,A44038,Fees,P0432002,"DCC Business Entities (Sole Trade, Partnership, Ltd)"
INSERTED DETAIL,18,Devon County Council,10/04/2026,22083792,"3,932.50",BALES FARM OUTDOOR LEARNING LTD,377260,,Dedicated Schools Grant,A44185,Other professional Services (Schools),R0082007,"DCC Business Entities (Sole Trade, Partnership, Ltd)"
INSERTED DETAIL,18,Devon County Council,10/04/2026,22083807,"45,000.00",TORBAY & SOUTH DEVON NHS,290092,654941219,Operations,A53005,Payments to Health Authorities,R0487018,"DCC Business Entities (Sole Trade, Partnership, Ltd)"
INSERTED DETAIL,18,Devon County Council,10/04/2026,22083941,"2,475.00",BALES FARM OUTDOOR LEARNING LTD,377260,,Dedicated Schools Grant,A44185,Other professional Services (Schools),R0082007,"DCC Business Entities (Sole Trade, Partnership, Ltd)"
INSERTED DETAIL,18,Devon County Council,10/04/2026,22083976,"4,056.00",NORSE SOUTH WEST LIMITED,279741,785421021,Transformation & Business Services,A20015,Security / Surveillance Equipment Maintenance,R0333004,"DCC Business Entities (Sole Trade, Partnership, Ltd)"
INSERTED DETAIL,18,Devon County Council,10/04/2026,22084078,660.00,NORSE SOUTH WEST LIMITED,279741,785421021,"Chief Exec, Legal & Democratic services",A41905,Catering,R0290001,"DCC Business Entities (Sole Trade, Partnership, Ltd)"
INSERTED DETAIL,18,Devon County Council,10/04/2026,22084123,"11,236.80",CITY COLLEGE PLYMOUTH,13507,591390916,"Economy, Enterprise and Skills",A44038,Fees,R0546004,"DCC Business Entities (Sole Trade, Partnership, Ltd)"
INSERTED DETAIL,18,Devon County Council,10/04/2026,22084137,840.00,ACTION FIRST ASSESMENT LIMITED,388434,313339624,Operations,A44038,Fees,R0222002,"DCC Business Entities (Sole Trade, Partnership, Ltd)"
INSERTED DETAIL,18,Devon County Council,10/04/2026,22084165,"4,770.00",NURTURE IN NATURE CHILDREN AND FAMILIES CIC,384801,,Dedicated Schools Grant,A44180,Services for Educational Estabs - Devon,R0010004,"DCC Business Entities (Sole Trade, Partnership, Ltd)"
INSERTED DETAIL,18,Devon County Council,10/04/2026,22084231,"2,335.00",S C C,161520,313651680,Transformation & Business Services,A45015,Postages,R0505006,"DCC Business Entities (Sole Trade, Partnership, Ltd)"
INSERTED DETAIL,18,Devon County Council,10/04/2026,22084246,"5,245.00",ROYAL DEVON UNIVERSITY HEALTHCAR,21280,654938887,Public Health,A53005,Payments to Health Authorities,R0316033,"DCC Business Entities (Sole Trade, Partnership, Ltd)"
INSERTED DETAIL,18,Devon County Council,10/04/2026,22084260,"2,550.00",VELOCITY WEB,382769,394004114,"Transport Operations, Environment and Waste",A44038,Fees,R0611003,"DCC Business Entities (Sole Trade, Partnership, Ltd)"
INSERTED DETAIL,18,Devon County Council,10/04/2026,22084499,"2,500.00",Michelle Blundy T/A Blossoming Minds,360726,,P-Ledger - Separate Legal Entity,A61060,Support for Children in Care,P0432008,"DCC Business Entities (Sole Trade, Partnership, Ltd)"
INSERTED DETAIL,18,Devon County Council,10/04/2026,22084502,811.00,FLUID SYSTEMS EXETER LIMITED,393830,432862102,Capital - Highways,C02009,Works,C0671004,"DCC Business Entities (Sole Trade, Partnership, Ltd)"
INSERTED DETAIL,18,Devon County Council,10/04/2026,22084596,"1,191.00",DNA LEGAL LIMITED,286646,308211050,"Chief Exec, Legal & Democratic services",A44038,Fees,R0276001,"DCC Business Entities (Sole Trade, Partnership, Ltd)"
INSERTED DETAIL,18,Devon County Council,10/04/2026,22084743,"3,750.00",RESOURCE FUTURES LIMITED,203252,879559738,"Transport Operations, Environment and Waste",A46100,Main / Term Contractor,R0606006,"DCC Business Entities (Sole Trade, Partnership, Ltd)"
INSERTED DETAIL,18,Devon County Council,10/04/2026,22084746,"25,500.00",ROYAL DEVON UNIVERSITY HEALTHCAR,21280,654938887,P-Ledger - Separate Legal Entity,A54000,Better Care Fund Expense,P0394021,"DCC Business Entities (Sole Trade, Partnership, Ltd)"
INSERTED DETAIL,18,Devon County Council,10/04/2026,22085119,727.58,WESSEX TREE SURGEONS LIMITED,18324,382780231,Highways & Infrastructure Development,A49005,Other Hired & Contracting Services,R0553005,"DCC Business Entities (Sole Trade, Partnership, Ltd)"
INSERTED DETAIL,18,Devon County Council,10/04/2026,22085466,"1,860.00",Dan River Ltd,602531,,"Capital - Planning, Transportation and Environment",C02009,Works,C0656001,"DCC Business Entities (Sole Trade, Partnership, Ltd)"
INSERTED DETAIL,18,Devon County Council,10/04/2026,22085668,527.05,NORSE SOUTH WEST LIMITED,279741,785421021,Operations,A49208,Transaction fees: Other costs,R0240001,"DCC Business Entities (Sole Trade, Partnership, Ltd)"
INSERTED DETAIL,18,Devon County Council,10/04/2026,22085671,"1,185.48",NORSE SOUTH WEST LIMITED,279741,785421021,Children's Social Care,A20005,"Property Repairs, Maintenance & Alterations (programmed)",R0095009,"DCC Business Entities (Sole Trade, Partnership, Ltd)"
INSERTED DETAIL,18,Devon County Council,10/04/2026,22085674,879.30,NORSE SOUTH WEST LIMITED,279741,785421021,Children's Social Care,A20005,"Property Repairs, Maintenance & Alterations (programmed)",R0095009,"DCC Business Entities (Sole Trade, Partnership, Ltd)"
INSERTED DETAIL,18,Devon County Council,10/04/2026,22085675,"1,268.33",NORSE SOUTH WEST LIMITED,279741,785421021,Children's Social Care,A20005,"Property Repairs, Maintenance & Alterations (programmed)",R0095003,"DCC Business Entities (Sole Trade, Partnership, Ltd)"
INSERTED DETAIL,18,Devon County Council,02/04/2026,22083023,853.46,Vickery Holman (Truro) *8085,604449,309587374,"Economy, Enterprise and Skills",A22020,Rental Property Service Charge,R0542001,"DCC Business Entities (Sole Trade, Partnership, Ltd)"
INSERTED DETAIL,18,Devon County Council,02/04/2026,22083029,935.39,Vickery Holman (Truro) *8085,604449,309587374,"Economy, Enterprise and Skills",A22020,Rental Property Service Charge,R0542001,"DCC Business Entities (Sole Trade, Partnership, Ltd)"
INSERTED DETAIL,18,Devon County Council,02/04/2026,22083605,"2,500.00",EXETER PAEDIATRIC I C S LIMITED,373429,,P-Ledger - Separate Legal Entity,A61060,Support for Children in Care,P0432008,"DCC Business Entities (Sole Trade, Partnership, Ltd)"
INSERTED DETAIL,18,Devon County Council,02/04/2026,22083833,-549.80,N H B S,16863,407484644,Highways & Infrastructure Development,A40005,Equipment & Materials Learning,R0557044,"DCC Business Entities (Sole Trade, Partnership, Ltd)"
INSERTED DETAIL,18,Devon County Council,02/04/2026,22085291,935.39,Vickery Holman (Truro) *8085,604449,309587374,"Economy, Enterprise and Skills",A22020,Rental Property Service Charge,R0542001,"DCC Business Entities (Sole Trade, Partnership, Ltd)"
INSERTED DETAIL,18,Devon County Council,02/04/2026,22085822,"1,002.00",EXETER PHOENIX,24978,409043671,Inclusion & Learning,A22010,Hire of Rooms,R0101001,"DCC Business Entities (Sole Trade, Partnership, Ltd)"
INSERTED DETAIL,18,Devon County Council,02/04/2026,22086794,"56,768.16",ISCA COMMUNITY ENTERPRISES,330553,,"Chief Exec, Legal & Democratic services",A44165,Compensation Claims payments,R0283001,"DCC Business Entities (Sole Trade, Partnership, Ltd)"
INSERTED DETAIL,18,Devon County Council,02/04/2026,22087145,"1,889.71",MACPLANT CONSTRUCTION LIMITED,5182,367126447,Capital - Highways,C02009,Works,C0671004,DCC CIS Suppliers
INSERTED DETAIL,18,Devon County Council,02/04/2026,22087208,"1,000.00",ILFRACOMBE AQUARIUM LIMITED,108697,790837883,"Transport Operations, Environment and Waste",A53012,Payments to Independent Units,R0640012,"DCC Business Entities (Sole Trade, Partnership, Ltd)"
INSERTED DETAIL,18,Devon County Council,02/04/2026,22087216,"4,880.07",Jonathan Farey,604172,,"Capital - Planning, Transportation and Environment",C06001,Capital Grants paid to other third parties (Not WGA/VCSE),C0656001,"DCC Business Entities (Sole Trade, Partnership, Ltd)"
INSERTED DETAIL,18,Devon County Council,02/04/2026,22087219,"6,072.88",Mr C Davis,603160,,"Capital - Planning, Transportation and Environment",C06001,Capital Grants paid to other third parties (Not WGA/VCSE),C0656001,"DCC Business Entities (Sole Trade, Partnership, Ltd)"
INSERTED DETAIL,18,Devon County Council,02/04/2026,22087242,"1,250.00",DR CAS SCHNEIDER,396745,,P-Ledger - Separate Legal Entity,A44038,Fees,P0432002,"DCC Business Entities (Sole Trade, Partnership, Ltd)"
INSERTED DETAIL,18,Devon County Council,02/04/2026,22087246,591.75,COURT OF PROTECTION TEAM,396440,,Finance & Public Value,A49010,Bank Charges,R0203001,"DCC Business Entities (Sole Trade, Partnership, Ltd)"
INSERTED DETAIL,18,Devon County Council,02/04/2026,22087270,"2,775.39",UNIVERSITY OF EXETER-FINANCE OFF,4630,142047795,"Transport Operations, Environment and Waste",A44038,Fees,R0642001,"DCC Business Entities (Sole Trade, Partnership, Ltd)"
INSERTED DETAIL,18,Devon County Council,02/04/2026,22087280,"145,921.69",KENNFORD TARMACADAM LIMITED,24534,976391178,Capital - Highways,C02009,Works,C0652001,DCC CIS Suppliers
INSERTED DETAIL,18,Devon County Council,02/04/2026,22087352,"2,052.40",CARTER BROWN - THE EXPERT S LIMITED,292905,281653589,"Chief Exec, Legal & Democratic services",A44038,Fees,R0276001,"DCC Business Entities (Sole Trade, Partnership, Ltd)"
INSERTED DETAIL,18,Devon County Council,02/04/2026,22087376,567.91,WATER PLUS,375578,243663406,Children's Social Care,A24005,Water Services,R0095003,"DCC Business Entities (Sole Trade, Partnership, Ltd)"
INSERTED DETAIL,18,Devon County Council,02/04/2026,22087810,"1,100.00",LONDON BUILDING CONTROL LIMITED,318551,895840176,Capital - Schools Maintenance & Improvements,C02011,External Professional Fees,C0658001,"DCC Business Entities (Sole Trade, Partnership, Ltd)"
INSERTED DETAIL,18,Devon County Council,07/04/2026,22077626,671.77,NORSE SOUTH WEST LIMITED,279741,785421021,Capital other - Digital Technology & Business Services,C02011,External Professional Fees,C0651001,"DCC Business Entities (Sole Trade, Partnership, Ltd)"
INSERTED DETAIL,18,Devon County Council,07/04/2026,22081524,"9,660.00",Different Drum Consulting Limited,602357,447460188,"Transport Operations, Environment and Waste",A44038,Fees,R0611004,"DCC Business Entities (Sole Trade, Partnership, Ltd)"
INSERTED DETAIL,18,Devon County Council,07/04/2026,22081679,900.00,VELOCITY WEB,382769,394004114,"Transport Operations, Environment and Waste",A44038,Fees,R0611003,"DCC Business Entities (Sole Trade, Partnership, Ltd)"
INSERTED DETAIL,18,Devon County Council,07/04/2026,22081693,"1,200.00",The Empower School t/a Contact Success,397825,438034602,Dedicated Schools Grant,A44185,Other professional Services (Schools),R0082007,"DCC Business Entities (Sole Trade, Partnership, Ltd)"
INSERTED DETAIL,18,Devon County Council,07/04/2026,22081736,"1,961.00",SEFTON PARK,89168,,Public Health,A57115,Payments to Private Contractors,R0316042,"DCC Business Entities (Sole Trade, Partnership, Ltd)"
INSERTED DETAIL,18,Devon County Council,07/04/2026,22081753,"2,100.00",THE SPIRES COLLEGE,65501,142208211,Dedicated Schools Grant,A53040,Contributions to Educational Estabs (3rd,R0107001,"DCC Business Entities (Sole Trade, Partnership, Ltd)"
INSERTED DETAIL,18,Devon County Council,07/04/2026,22082175,510.00,THE COLOUR WORKS INTERNATIONAL LIMITED,394321,825444822,People and Culture,A16015,Staff Training Expenses - Non Payroll,R0303002,"DCC Business Entities (Sole Trade, Partnership, Ltd)"
INSERTED DETAIL,18,Devon County Council,07/04/2026,22082208,"1,500.00",SAXTON DRILLING LIMITED,16572,591460531,Capital - Highways,C02011,External Professional Fees,C0652001,"DCC Business Entities (Sole Trade, Partnership, Ltd)"
INSERTED DETAIL,18,Devon County Council,10/04/2026,22086496,"196,874.98",TORRIDGE DISTRICT COUNCIL,4707,144666062,"Chief Exec, Legal & Democratic services",A44038,Fees,R0279001,"DCC Business Entities (Sole Trade, Partnership, Ltd)"
INSERTED DETAIL,18,Devon County Council,10/04/2026,22086681,584.00,COASTAL RECYCLING SERVICES LIMITED,6160,823821047,Transformation & Business Services,A57040,Waste Contractors Payments,R0333026,"DCC Business Entities (Sole Trade, Partnership, Ltd)"
INSERTED DETAIL,18,Devon County Council,10/04/2026,22089302,"39,040.00",D W M L HOLDINGS LIMITED,345026,823821047,"Transport Operations, Environment and Waste",A46100,Main / Term Contractor,R0595004,"DCC Business Entities (Sole Trade, Partnership, Ltd)"
INSERTED DETAIL,18,Devon County Council,10/04/2026,22089565,"19,610.55",NHS DEVON ICB,306113,654443336,Public Health,A57115,Payments to Private Contractors,R0316047,"DCC Business Entities (Sole Trade, Partnership, Ltd)"
INSERTED DETAIL,18,Devon County Council,13/04/2026,22082607,"1,272.61",Disability Together,140334,436098381,Children's Social Care,A61240,Section 17 Payments,R0450002,"DCC Business Entities (Sole Trade, Partnership, Ltd)"
INSERTED DETAIL,18,Devon County Council,13/04/2026,22084292,"20,438.83",ROYAL DEVON UNIVERSITY HEALTHCAR,21280,654938887,Operations,A53005,Payments to Health Authorities,R0244001,"DCC Business Entities (Sole Trade, Partnership, Ltd)"
INSERTED DETAIL,18,Devon County Council,13/04/2026,22084298,"12,500.00",ROYAL DEVON UNIVERSITY HEALTHCAR,21280,654938887,P-Ledger - Separate Legal Entity,A54000,Better Care Fund Expense,P0394001,"DCC Business Entities (Sole Trade, Partnership, Ltd)"
INSERTED DETAIL,18,Devon County Council,13/04/2026,22084335,"9,750.00",Southend on Sea City Council,603944,352173473,Dedicated Schools Grant,A53030,OLA Recoupment Expenditure (3rd),R0111006,"DCC Business Entities (Sole Trade, Partnership, Ltd)"
INSERTED DETAIL,18,Devon County Council,13/04/2026,22084364,"2,103.72",PROSPERO RECRUITMENT LIMITED,352539,486704947,Dedicated Schools Grant,A44185,Other professional Services (Schools),R0082007,"DCC Business Entities (Sole Trade, Partnership, Ltd)"
INSERTED DETAIL,18,Devon County Council,13/04/2026,22084368,"3,040.80",PROSPERO RECRUITMENT LIMITED,352539,486704947,Dedicated Schools Grant,A44185,Other professional Services (Schools),R0082007,"DCC Business Entities (Sole Trade, Partnership, Ltd)"
INSERTED DETAIL,18,Devon County Council,13/04/2026,22084378,"3,129.09",PROSPERO RECRUITMENT LIMITED,352539,486704947,Dedicated Schools Grant,A44185,Other professional Services (Schools),R0082007,"DCC Business Entities (Sole Trade, Partnership, Ltd)"
INSERTED DETAIL,18,Devon County Council,13/04/2026,22084388,"2,027.20",PROSPERO RECRUITMENT LIMITED,352539,486704947,Dedicated Schools Grant,A44185,Other professional Services (Schools),R0082007,"DCC Business Entities (Sole Trade, Partnership, Ltd)"
INSERTED DETAIL,18,Devon County Council,13/04/2026,22084396,"44,869.86",ROYAL DEVON UNIVERSITY HEALTHCAR,21280,654938887,Operations,A53005,Payments to Health Authorities,R0462004,"DCC Business Entities (Sole Trade, Partnership, Ltd)"
INSERTED DETAIL,18,Devon County Council,13/04/2026,22084401,"2,027.20",PROSPERO RECRUITMENT LIMITED,352539,486704947,Dedicated Schools Grant,A44185,Other professional Services (Schools),R0082007,"DCC Business Entities (Sole Trade, Partnership, Ltd)"
INSERTED DETAIL,18,Devon County Council,13/04/2026,22084463,"152,644.25",PLYMOUTH CITY COUNCIL (RADIUS ACCOUNT,87504,144675845,Dedicated Schools Grant,A53030,OLA Recoupment Expenditure (3rd),R0111007,"DCC Business Entities (Sole Trade, Partnership, Ltd)"
INSERTED DETAIL,18,Devon County Council,13/04/2026,22084477,"2,280.60",PROSPERO RECRUITMENT LIMITED,352539,486704947,Dedicated Schools Grant,A44185,Other professional Services (Schools),R0082007,"DCC Business Entities (Sole Trade, Partnership, Ltd)"
INSERTED DETAIL,18,Devon County Council,13/04/2026,22084478,"1,013.60",PROSPERO RECRUITMENT LIMITED,352539,486704947,Dedicated Schools Grant,A44185,Other professional Services (Schools),R0082007,"DCC Business Entities (Sole Trade, Partnership, Ltd)"
INSERTED DETAIL,18,Devon County Council,13/04/2026,22084510,810.88,PROSPERO RECRUITMENT LIMITED,352539,486704947,Dedicated Schools Grant,A44185,Other professional Services (Schools),R0082007,"DCC Business Entities (Sole Trade, Partnership, Ltd)"
INSERTED DETAIL,18,Devon County Council,13/04/2026,22084511,"1,267.00",PROSPERO RECRUITMENT LIMITED,352539,486704947,Dedicated Schools Grant,A44185,Other professional Services (Schools),R0082007,"DCC Business Entities (Sole Trade, Partnership, Ltd)"
INSERTED DETAIL,18,Devon County Council,13/04/2026,22084534,"141,000.00",ROYAL DEVON UNIVERSITY HEALTHCAR,21280,654938887,P-Ledger - Separate Legal Entity,A54000,Better Care Fund Expense,P0394012,"DCC Business Entities (Sole Trade, Partnership, Ltd)"
INSERTED DETAIL,18,Devon County Council,13/04/2026,22084538,"162,000.00",ROYAL DEVON UNIVERSITY HEALTHCAR,21280,654938887,P-Ledger - Separate Legal Entity,A54000,Better Care Fund Expense,P0394004,"DCC Business Entities (Sole Trade, Partnership, Ltd)"
INSERTED DETAIL,18,Devon County Council,13/04/2026,22084539,"2,027.20",PROSPERO RECRUITMENT LIMITED,352539,486704947,Dedicated Schools Grant,A44185,Other professional Services (Schools),R0082007,"DCC Business Entities (Sole Trade, Partnership, Ltd)"
INSERTED DETAIL,18,Devon County Council,13/04/2026,22084595,595.00,THE EDUCATION COMPANY LIMITED,80154,573768493,Inclusion & Learning,A45045,IT Software Maintenance,R0020006,"DCC Business Entities (Sole Trade, Partnership, Ltd)"
INSERTED DETAIL,18,Devon County Council,13/04/2026,22084607,"15,376.93",SWARCO UK & IRELAND LIMITED,13690,568335022,Capital - Highways,C02009,Works,C0671005,DCC CIS Suppliers
INSERTED DETAIL,18,Devon County Council,13/04/2026,22084630,"10,500.00",PRIMED TALENT LIMITED,390265,258192384,"Economy, Enterprise and Skills",A44038,Fees,R0546004,"DCC Business Entities (Sole Trade, Partnership, Ltd)"
INSERTED DETAIL,18,Devon County Council,13/04/2026,22084647,"2,761.38",UNIVERSITY OF EXETER-FINANCE OFF,4630,142047795,"Transport Operations, Environment and Waste",A49105,Other Supplies & Services,R0579007,"DCC Business Entities (Sole Trade, Partnership, Ltd)"
INSERTED DETAIL,18,Devon County Council,13/04/2026,22084771,"8,353.66",SPORTS CLUBHOUSES,370863,171688381,"Capital - Planning, Transportation and Environment",C02011,External Professional Fees,C0671003,"DCC Business Entities (Sole Trade, Partnership, Ltd)"
INSERTED DETAIL,18,Devon County Council,13/04/2026,22084789,"1,520.40",PROSPERO RECRUITMENT LIMITED,352539,486704947,Dedicated Schools Grant,A44180,Services for Educational Estabs - Devon,R0010004,"DCC Business Entities (Sole Trade, Partnership, Ltd)"
INSERTED DETAIL,18,Devon County Council,13/04/2026,22084794,"1,436.40",PROSPERO RECRUITMENT LIMITED,352539,486704947,Dedicated Schools Grant,A44180,Services for Educational Estabs - Devon,R0010004,"DCC Business Entities (Sole Trade, Partnership, Ltd)"
INSERTED DETAIL,18,Devon County Council,13/04/2026,22084795,"1,824.48",PROSPERO RECRUITMENT LIMITED,352539,486704947,Dedicated Schools Grant,A44180,Services for Educational Estabs - Devon,R0010004,"DCC Business Entities (Sole Trade, Partnership, Ltd)"
INSERTED DETAIL,18,Devon County Council,13/04/2026,22084826,"1,323.84",NEXT STEPS EDUCATION LIMITED,389810,440621822,Dedicated Schools Grant,A44180,Services for Educational Estabs - Devon,R0010004,"DCC Business Entities (Sole Trade, Partnership, Ltd)"
INSERTED DETAIL,18,Devon County Council,13/04/2026,22084858,"4,960.00",YOUTH ARTS AND HEALTH TRUST,340754,,Public Health,A52010,"Grants to voluntary, community and social enterprise organisations",R0316043,"DCC Business Entities (Sole Trade, Partnership, Ltd)"
INSERTED DETAIL,18,Devon County Council,13/04/2026,22084872,"1,150.00",Jennifer Roder Ltd,344982,,Dedicated Schools Grant,A44185,Other professional Services (Schools),R0082006,"DCC Business Entities (Sole Trade, Partnership, Ltd)"
INSERTED DETAIL,18,Devon County Council,13/04/2026,22084960,"1,120.00",DIGITAL PENINSULA NETWORK LIMITED,394926,,"Economy, Enterprise and Skills",A44038,Fees,R0546004,"DCC Business Entities (Sole Trade, Partnership, Ltd)"
INSERTED DETAIL,18,Devon County Council,13/04/2026,22084967,"10,735.20",DIGITAL PENINSULA NETWORK LIMITED,394926,,"Economy, Enterprise and Skills",A44038,Fees,R0546004,"DCC Business Entities (Sole Trade, Partnership, Ltd)"
INSERTED DETAIL,18,Devon County Council,13/04/2026,22084971,"1,008.00",DIGITAL PENINSULA NETWORK LIMITED,394926,,"Economy, Enterprise and Skills",A44038,Fees,R0546004,"DCC Business Entities (Sole Trade, Partnership, Ltd)"
INSERTED DETAIL,18,Devon County Council,13/04/2026,22084996,"3,000.14",WSP UK LIMITED,85394,905054942,Capital - Highways,C02011,External Professional Fees,C0671004,"DCC Business Entities (Sole Trade, Partnership, Ltd)"
INSERTED DETAIL,18,Devon County Council,13/04/2026,22085012,"1,850.07",WSP UK LIMITED,85394,905054942,Planning,A44038,Fees,R0577002,"DCC Business Entities (Sole Trade, Partnership, Ltd)"
INSERTED DETAIL,18,Devon County Council,13/04/2026,22085034,"2,189.93",WSP UK LIMITED,85394,905054942,"Capital - Planning, Transportation and Environment",C02011,External Professional Fees,C0671003,"DCC Business Entities (Sole Trade, Partnership, Ltd)"
INSERTED DETAIL,18,Devon County Council,07/04/2026,22082213,"12,423.49",W J SOUTH WEST LIMITED,308541,970783388,Capital - Highways,C02009,Works,C0671005,"DCC Business Entities (Sole Trade, Partnership, Ltd)"
INSERTED DETAIL,18,Devon County Council,07/04/2026,22082217,"1,458.33",SOUTH WEST ALTERNATIVE PROVISION,398360,,Dedicated Schools Grant,A44180,Services for Educational Estabs - Devon,R0010004,"DCC Business Entities (Sole Trade, Partnership, Ltd)"
INSERTED DETAIL,18,Devon County Council,07/04/2026,22082233,755.50,NORSE SOUTH WEST LIMITED,279741,785421021,24/25 Education and Learning,A22010,Hire of Rooms,R0064004,"DCC Business Entities (Sole Trade, Partnership, Ltd)"
INSERTED DETAIL,18,Devon County Council,07/04/2026,22082259,990.00,Mole Energy Limited,602900,988934732,"Economy, Enterprise and Skills",A44038,Fees,R0547001,"DCC Business Entities (Sole Trade, Partnership, Ltd)"
INSERTED DETAIL,18,Devon County Council,07/04/2026,22082302,"13,066.62",CIVICA UK LIMITED,20654,391171065,Transformation & Business Services,A45045,IT Software Maintenance,R0353008,"DCC Business Entities (Sole Trade, Partnership, Ltd)"
INSERTED DETAIL,18,Devon County Council,07/04/2026,22082308,"4,882.87",ACORN CARE & EDUCATION LIMITED,333557,902188441,Dedicated Schools Grant,A53035,Other Recoupment Expenditure (3rd),R0111002,"DCC Business Entities (Sole Trade, Partnership, Ltd)"
INSERTED DETAIL,18,Devon County Council,07/04/2026,22082320,650.00,SWARCO UK & IRELAND LIMITED,13690,568335022,Highways & Infrastructure Development,A40075,Road & Other Signs,R0567002,DCC CIS Suppliers
INSERTED DETAIL,18,Devon County Council,07/04/2026,22082486,"83,700.00",S C C,161520,313651680,Transformation & Business Services,A45040,IT Software,R0353008,"DCC Business Entities (Sole Trade, Partnership, Ltd)"
INSERTED DETAIL,18,Devon County Council,07/04/2026,22082499,982.50,SPECTRUM SENSORY THERAPIES LTD,406310,,Dedicated Schools Grant,A44185,Other professional Services (Schools),R0082006,"DCC Business Entities (Sole Trade, Partnership, Ltd)"
INSERTED DETAIL,18,Devon County Council,07/04/2026,22082501,975.00,SPECTRUM SENSORY THERAPIES LTD,406310,,Dedicated Schools Grant,A44185,Other professional Services (Schools),R0082006,"DCC Business Entities (Sole Trade, Partnership, Ltd)"
INSERTED DETAIL,18,Devon County Council,07/04/2026,22082541,"15,400.00",PRIMED TALENT LIMITED,390265,258192384,"Economy, Enterprise and Skills",A44038,Fees,R0546004,"DCC Business Entities (Sole Trade, Partnership, Ltd)"
INSERTED DETAIL,18,Devon County Council,07/04/2026,22082565,"1,164.80",David Trickett T/A Countryside & Garden,21818,409946757,Highways & Infrastructure Development,A49005,Other Hired & Contracting Services,R0557021,DCC CIS Suppliers
INSERTED DETAIL,18,Devon County Council,07/04/2026,22082566,"35,130.83",W D M LIMITED (BRISTOL),4601,433825942,Highways & Infrastructure Development,A49075,Licences - General,R0561003,"DCC Business Entities (Sole Trade, Partnership, Ltd)"
INSERTED DETAIL,18,Devon County Council,07/04/2026,22082617,663.00,SPECTRUM SENSORY THERAPIES LTD,406310,,Dedicated Schools Grant,A44185,Other professional Services (Schools),R0082006,"DCC Business Entities (Sole Trade, Partnership, Ltd)"
INSERTED DETAIL,18,Devon County Council,07/04/2026,22082625,"5,595.32",S C C,161520,313651680,"Chief Exec, Legal & Democratic services",A45015,Postages,R0291001,"DCC Business Entities (Sole Trade, Partnership, Ltd)"
INSERTED DETAIL,18,Devon County Council,07/04/2026,22082652,"8,410.40",GLANVILLE CLEANSING LIMITED,26156,402260215,Capital - Highways,C02009,Works,C0652001,DCC CIS Suppliers
INSERTED DETAIL,18,Devon County Council,07/04/2026,22082659,"11,381.50",TORRIDGE DISTRICT COUNCIL,4707,144666062,Children's Social Care,A52005,Payments to Other Local Authorities,R0026003,"DCC Business Entities (Sole Trade, Partnership, Ltd)"
INSERTED DETAIL,18,Devon County Council,07/04/2026,22082735,"2,844.90",LEAF COMPLEX CARE LIMITED,360974,,Children's Social Care,A61200,Community based care,R0044004,"DCC Business Entities (Sole Trade, Partnership, Ltd)"
INSERTED DETAIL,18,Devon County Council,07/04/2026,22082834,573.61,R D Johns Limited,90325,141006135,Children's Social Care,A44030,Provisions,R0015001,"DCC Business Entities (Sole Trade, Partnership, Ltd)"
INSERTED DETAIL,18,Devon County Council,07/04/2026,22082858,"2,207.50",BLUEBERRY MARKETING SOLUTIONS,375517,882876563,"Economy, Enterprise and Skills",A44005,Publicity/Advertising,R0547001,"DCC Business Entities (Sole Trade, Partnership, Ltd)"
INSERTED DETAIL,18,Devon County Council,07/04/2026,22082882,"2,718.75",ACORN ALTERNATIVE PROVISIONS LIMITED,393459,,Dedicated Schools Grant,A49006,Bought in Professnl Servs-Curric,R0107001,"DCC Business Entities (Sole Trade, Partnership, Ltd)"
INSERTED DETAIL,18,Devon County Council,07/04/2026,22082898,"4,543.50",THE COLOUR WORKS INTERNATIONAL LIMITED,394321,825444822,Highways & Infrastructure Development,A16015,Staff Training Expenses - Non Payroll,R0558001,"DCC Business Entities (Sole Trade, Partnership, Ltd)"
INSERTED DETAIL,18,Devon County Council,07/04/2026,22082948,"3,781.60",NORSE SOUTH WEST LIMITED,279741,785421021,"Chief Exec, Legal & Democratic services",A41905,Catering,R0290001,"DCC Business Entities (Sole Trade, Partnership, Ltd)"
INSERTED DETAIL,18,Devon County Council,07/04/2026,22083020,"21,580.00",DEVON WILDLIFE TRUST,4736,585473501,"Transport Operations, Environment and Waste",A44038,Fees,R0644001,"DCC Business Entities (Sole Trade, Partnership, Ltd)"
INSERTED DETAIL,18,Devon County Council,07/04/2026,22083241,"4,150.00",W D M LIMITED (BRISTOL),4601,433825942,Capital - Highways,C02011,External Professional Fees,C0652001,"DCC Business Entities (Sole Trade, Partnership, Ltd)"
INSERTED DETAIL,18,Devon County Council,07/04/2026,22083485,"1,000.00",Card Geotechnics Limited (CGL),600543,655182626,Capital - Highways,C02011,External Professional Fees,C0652001,"DCC Business Entities (Sole Trade, Partnership, Ltd)"
INSERTED DETAIL,18,Devon County Council,07/04/2026,22083786,"5,130.00",LOCAL GOVERNMENT ASSOCIATION,308865,676078107,Finance & Public Value,A16015,Staff Training Expenses - Non Payroll,R0493001,"DCC Business Entities (Sole Trade, Partnership, Ltd)"
INSERTED DETAIL,18,Devon County Council,07/04/2026,22083849,"4,357.60",DR SARAH SAUNDERS,318802,,"Chief Exec, Legal & Democratic services",A44038,Fees,R0506001,"DCC Business Entities (Sole Trade, Partnership, Ltd)"
INSERTED DETAIL,18,Devon County Council,07/04/2026,22084131,"1,458.60",MID DEVON DISTRICT COUNCIL,19708,142203912,Transformation & Business Services,A23005,Rates,R0333026,"DCC Business Entities (Sole Trade, Partnership, Ltd)"
INSERTED DETAIL,18,Devon County Council,07/04/2026,22084266,"19,070.00",W D M LIMITED (BRISTOL),4601,433825942,Capital - Highways,C02011,External Professional Fees,C0652001,"DCC Business Entities (Sole Trade, Partnership, Ltd)"
INSERTED DETAIL,18,Devon County Council,07/04/2026,22084279,900.00,HELEN BRAY,396752,948819170,"Chief Exec, Legal & Democratic services",A44968,Legal & Conveyancing Charges,R0276001,"DCC Business Entities (Sole Trade, Partnership, Ltd)"
INSERTED DETAIL,18,Devon County Council,07/04/2026,22084801,840.00,OUT OF THE BOX PLAY & C A T,365496,,P-Ledger - Separate Legal Entity,A61060,Support for Children in Care,P0432008,"DCC Business Entities (Sole Trade, Partnership, Ltd)"
INSERTED DETAIL,18,Devon County Council,07/04/2026,22084806,750.00,OUT OF THE BOX PLAY & C A T,365496,,P-Ledger - Separate Legal Entity,A61060,Support for Children in Care,P0432008,"DCC Business Entities (Sole Trade, Partnership, Ltd)"
INSERTED DETAIL,18,Devon County Council,07/04/2026,22084833,630.00,OUT OF THE BOX PLAY & C A T,365496,,P-Ledger - Separate Legal Entity,A61060,Support for Children in Care,P0432008,"DCC Business Entities (Sole Trade, Partnership, Ltd)"
INSERTED DETAIL,18,Devon County Council,07/04/2026,22085852,"5,376.75",CONNECTIVE FAMILY LIMITED,399582,355724092,Children's Social Care,A16015,Staff Training Expenses - Non Payroll,R0054009,"DCC Business Entities (Sole Trade, Partnership, Ltd)"
INSERTED DETAIL,18,Devon County Council,07/04/2026,22086059,"15,780.88",TEIGNBRIDGE DISTRICT COUNCIL,4872,142214023,Transformation & Business Services,A23005,Rates,R0333026,"DCC Business Entities (Sole Trade, Partnership, Ltd)"
INSERTED DETAIL,18,Devon County Council,07/04/2026,22086064,"5,083.00",EAST DEVON DISTRICT COUN (S O ACCOUNT),8710,142218990,Transformation & Business Services,A23005,Rates,R0333026,"DCC Business Entities (Sole Trade, Partnership, Ltd)"
INSERTED DETAIL,18,Devon County Council,07/04/2026,22086075,"2,828.80",WEST DEVON BOROUGH COUNCIL,8280,144823273,Transformation & Business Services,A23005,Rates,R0333028,"DCC Business Entities (Sole Trade, Partnership, Ltd)"
INSERTED DETAIL,18,Devon County Council,07/04/2026,22086079,"3,449.60",EAST DEVON DISTRICT COUN (S O ACCOUNT),8710,142218990,Transformation & Business Services,A23005,Rates,R0333028,"DCC Business Entities (Sole Trade, Partnership, Ltd)"
INSERTED DETAIL,18,Devon County Council,07/04/2026,22086659,"1,181.00",INVOLVE CARE SOLUTIONS LIMITED,402831,,Children's Social Care,A61200,Community based care,R0044007,"DCC Business Entities (Sole Trade, Partnership, Ltd)"
INSERTED DETAIL,18,Devon County Council,07/04/2026,22086822,"234,000.00",CORMAC CONTRACTING LIMITED,364276,247160514,Capital - Highways,C02009,Works,C0652001,"DCC Business Entities (Sole Trade, Partnership, Ltd)"
INSERTED DETAIL,18,Devon County Council,07/04/2026,22087087,"480,000.00",KIELY BROS LIMITED,245750,945699264,Capital - Highways,C02009,Works,C0652001,DCC CIS Suppliers
INSERTED DETAIL,18,Devon County Council,07/04/2026,22087297,"23,635.36",BRIDGE CIVIL ENGINEERING LIMITED,79315,717667210,Capital - Highways,C02009,Works,C0671005,DCC CIS Suppliers
INSERTED DETAIL,18,Devon County Council,07/04/2026,22087302,"94,778.67",WESTCOUNTRY MAINTENANCE SERVICES LIMITED,229952,915005854,Capital other - Digital Technology & Business Services,C02009,Works,C0647001,DCC CIS Suppliers
INSERTED DETAIL,18,Devon County Council,07/04/2026,22087311,"1,366.03",ANCHOR HANOVER GROUP,350431,,Operations,A20010,"Property Repairs, Maintenance & Alterations (Reactive)",R0253003,"DCC Business Entities (Sole Trade, Partnership, Ltd)"
INSERTED DETAIL,18,Devon County Council,07/04/2026,22087430,"1,733.28",MARINE & CIVIL SOLUTIONS LIMITED,283395,431868383,Capital - Highways,C02009,Works,C0671004,DCC CIS Suppliers
INSERTED DETAIL,18,Devon County Council,07/04/2026,22087452,"17,021.15",FIFIELDS CONSTRUCTION (EXETER),81766,510508980,Capital - Children & Schools Expansions,C02009,Works,C0657001,DCC CIS Suppliers
INSERTED DETAIL,18,Devon County Council,07/04/2026,22087626,"160,000.00",TWIL CIVILS SOUTH WEST (Taylor Woodrow Infrastructure Ltd.),396590,321931874,Capital - Highways,C02009,Works,C0671006,DCC CIS Suppliers
INSERTED DETAIL,18,Devon County Council,07/04/2026,22087665,"2,008.38",MARINE & CIVIL SOLUTIONS LIMITED,283395,431868383,Highways & Infrastructure Development,A46100,Main / Term Contractor,R0555002,DCC CIS Suppliers
INSERTED DETAIL,18,Devon County Council,07/04/2026,22087666,"30,048.02",ABACUS CONSTRUCTION LIMITED,298515,586015729,Capital other - Digital Technology & Business Services,C02009,Works,C0651001,DCC CIS Suppliers
INSERTED DETAIL,18,Devon County Council,07/04/2026,22087689,"12,133.53",KENNFORD TARMACADAM LIMITED,24534,976391178,Capital - Highways,C02009,Works,C0671005,DCC CIS Suppliers
INSERTED DETAIL,18,Devon County Council,07/04/2026,22087755,"70,000.00",DEVON COMMUNITIES TOGETHER,5033,942049627,Communities,A52010,"Grants to voluntary, community and social enterprise organisations",R0535001,"DCC Business Entities (Sole Trade, Partnership, Ltd)"
INSERTED DETAIL,18,Devon County Council,07/04/2026,22087791,"7,421.80",STORMFORCE ROOFING & MAINTENANCE,101900,813484923,Highways & Infrastructure Development,A46100,Main / Term Contractor,R0573002,DCC CIS Suppliers
INSERTED DETAIL,18,Devon County Council,07/04/2026,22087870,"3,200.00",GREENSLADES TOURS (EXETER) LIMITED,365861,307996855,"Transport Operations, Environment and Waste",A32010,Contract Hire Scheme,R0575001,"DCC Business Entities (Sole Trade, Partnership, Ltd)"
INSERTED DETAIL,18,Devon County Council,07/04/2026,22087927,"7,000.00",Tally Ho! Coaches Ltd,227374,834745411,"Transport Operations, Environment and Waste",A32010,Contract Hire Scheme,R0575001,"DCC Business Entities (Sole Trade, Partnership, Ltd)"
INSERTED DETAIL,18,Devon County Council,07/04/2026,22087970,"2,500.00",EXETER PAEDIATRIC I C S LIMITED,373429,,P-Ledger - Separate Legal Entity,A61060,Support for Children in Care,P0432008,"DCC Business Entities (Sole Trade, Partnership, Ltd)"
INSERTED DETAIL,18,Devon County Council,13/04/2026,22085036,"3,002.11",WSP UK LIMITED,85394,905054942,"Capital - Planning, Transportation and Environment",C02011,External Professional Fees,C0671003,"DCC Business Entities (Sole Trade, Partnership, Ltd)"
INSERTED DETAIL,18,Devon County Council,13/04/2026,22085039,"5,625.41",WSP UK LIMITED,85394,905054942,Planning,A44038,Fees,R0620002,"DCC Business Entities (Sole Trade, Partnership, Ltd)"
INSERTED DETAIL,18,Devon County Council,13/04/2026,22085043,"4,267.66",WSP UK LIMITED,85394,905054942,Planning,A44038,Fees,R0620002,"DCC Business Entities (Sole Trade, Partnership, Ltd)"
INSERTED DETAIL,18,Devon County Council,13/04/2026,22085045,"15,391.15",WSP UK LIMITED,85394,905054942,"Capital - Planning, Transportation and Environment",C02011,External Professional Fees,C0671003,"DCC Business Entities (Sole Trade, Partnership, Ltd)"
INSERTED DETAIL,18,Devon County Council,13/04/2026,22085046,"4,756.24",WSP UK LIMITED,85394,905054942,"Transport Operations, Environment and Waste",A44038,Fees,R0611004,"DCC Business Entities (Sole Trade, Partnership, Ltd)"
INSERTED DETAIL,18,Devon County Council,13/04/2026,22085059,"2,011.76",WSP UK LIMITED,85394,905054942,Planning,A44038,Fees,R0620001,"DCC Business Entities (Sole Trade, Partnership, Ltd)"
INSERTED DETAIL,18,Devon County Council,13/04/2026,22085076,560.00,BEACON THERAPIES FOR CHILDREN,384307,,P-Ledger - Separate Legal Entity,A61060,Support for Children in Care,P0432008,"DCC Business Entities (Sole Trade, Partnership, Ltd)"
INSERTED DETAIL,18,Devon County Council,13/04/2026,22085078,539.50,BAYTREE PLAY & CREATIVE ART,397224,,P-Ledger - Separate Legal Entity,A61060,Support for Children in Care,P0432008,"DCC Business Entities (Sole Trade, Partnership, Ltd)"
INSERTED DETAIL,18,Devon County Council,13/04/2026,22085175,"1,145.04",WSP UK LIMITED,85394,905054942,Capital - Highways,C02011,External Professional Fees,C0671004,"DCC Business Entities (Sole Trade, Partnership, Ltd)"
INSERTED DETAIL,18,Devon County Council,13/04/2026,22085177,894.60,WSP UK LIMITED,85394,905054942,Highways & Infrastructure Development,A44038,Fees,R0572001,"DCC Business Entities (Sole Trade, Partnership, Ltd)"
INSERTED DETAIL,18,Devon County Council,13/04/2026,22085191,"48,354.49",WSP UK LIMITED,85394,905054942,Highways & Infrastructure Development,A44038,Fees,R0572001,"DCC Business Entities (Sole Trade, Partnership, Ltd)"
INSERTED DETAIL,18,Devon County Council,13/04/2026,22085192,"1,989.17",WSP UK LIMITED,85394,905054942,"Capital - Planning, Transportation and Environment",C02011,External Professional Fees,C0671003,"DCC Business Entities (Sole Trade, Partnership, Ltd)"
INSERTED DETAIL,18,Devon County Council,13/04/2026,22085193,"31,518.41",WSP UK LIMITED,85394,905054942,"Capital - Planning, Transportation and Environment",C02011,External Professional Fees,C0671003,"DCC Business Entities (Sole Trade, Partnership, Ltd)"
INSERTED DETAIL,18,Devon County Council,13/04/2026,22085194,"7,008.16",WSP UK LIMITED,85394,905054942,Capital - Highways,C02011,External Professional Fees,C0671004,"DCC Business Entities (Sole Trade, Partnership, Ltd)"
INSERTED DETAIL,18,Devon County Council,07/04/2026,22088117,"1,393.70",PROSPERO RECRUITMENT LIMITED,352539,486704947,Dedicated Schools Grant,A44185,Other professional Services (Schools),R0082007,"DCC Business Entities (Sole Trade, Partnership, Ltd)"
INSERTED DETAIL,18,Devon County Council,07/04/2026,22088155,"1,900.50",PROSPERO RECRUITMENT LIMITED,352539,486704947,Dedicated Schools Grant,A44185,Other professional Services (Schools),R0082007,"DCC Business Entities (Sole Trade, Partnership, Ltd)"
INSERTED DETAIL,18,Devon County Council,07/04/2026,22088189,"6,302.00",JAS CARS LIMITED,114237,730168358,"Transport Operations, Environment and Waste",A30010,Vehicles Repairs,R0584003,"DCC Business Entities (Sole Trade, Partnership, Ltd)"
INSERTED DETAIL,18,Devon County Council,07/04/2026,22088465,"23,564.33",Enerveo Limited,14967,382894546,Highways & Infrastructure Development,A44130,Street Lighting,R0567007,DCC CIS Suppliers
INSERTED DETAIL,18,Devon County Council,07/04/2026,150408534,"6,134.46",M Group Highways Limited,375383,927200546,Capital - Highways,C02051,Term Maintenance Contract,C0652001,"DCC Business Entities (Sole Trade, Partnership, Ltd)"
INSERTED DETAIL,18,Devon County Council,07/04/2026,150408535,"3,729.72",M Group Highways Limited,375383,927200546,Highways & Infrastructure Development,A46100,Main / Term Contractor,R0554001,"DCC Business Entities (Sole Trade, Partnership, Ltd)"
INSERTED DETAIL,18,Devon County Council,08/04/2026,22005923,741.64,CLARO HOMES,387157,,Mental Health,A57140,Residential Care - Long Stay,R0256001,"DCC Business Entities (Sole Trade, Partnership, Ltd)"
INSERTED DETAIL,18,Devon County Council,08/04/2026,22082690,"1,275.00",THE EDUCATION COMPANY LIMITED,80154,573768493,Inclusion & Learning,A45045,IT Software Maintenance,R0020006,"DCC Business Entities (Sole Trade, Partnership, Ltd)"
INSERTED DETAIL,18,Devon County Council,08/04/2026,22082738,912.24,PROSPERO RECRUITMENT LIMITED,352539,486704947,Dedicated Schools Grant,A44185,Other professional Services (Schools),R0082007,"DCC Business Entities (Sole Trade, Partnership, Ltd)"
INSERTED DETAIL,18,Devon County Council,08/04/2026,22082752,"1,520.40",PROSPERO RECRUITMENT LIMITED,352539,486704947,Dedicated Schools Grant,A44185,Other professional Services (Schools),R0082007,"DCC Business Entities (Sole Trade, Partnership, Ltd)"
INSERTED DETAIL,18,Devon County Council,08/04/2026,22082754,"2,280.60",PROSPERO RECRUITMENT LIMITED,352539,486704947,Dedicated Schools Grant,A44185,Other professional Services (Schools),R0082007,"DCC Business Entities (Sole Trade, Partnership, Ltd)"
INSERTED DETAIL,18,Devon County Council,08/04/2026,22082770,"1,990.63",PROSPERO RECRUITMENT LIMITED,352539,486704947,Dedicated Schools Grant,A44185,Other professional Services (Schools),R0082007,"DCC Business Entities (Sole Trade, Partnership, Ltd)"
INSERTED DETAIL,18,Devon County Council,08/04/2026,22082776,"2,280.60",PROSPERO RECRUITMENT LIMITED,352539,486704947,Dedicated Schools Grant,A44185,Other professional Services (Schools),R0082007,"DCC Business Entities (Sole Trade, Partnership, Ltd)"
INSERTED DETAIL,18,Devon County Council,13/04/2026,22085208,"2,790.70",WSP UK LIMITED,85394,905054942,Highways & Infrastructure Development,A44038,Fees,R0556025,"DCC Business Entities (Sole Trade, Partnership, Ltd)"
INSERTED DETAIL,18,Devon County Council,13/04/2026,22085283,979.53,WSP UK LIMITED,85394,905054942,"Capital - Planning, Transportation and Environment",C02011,External Professional Fees,C0654001,"DCC Business Entities (Sole Trade, Partnership, Ltd)"
INSERTED DETAIL,18,Devon County Council,13/04/2026,22085286,"27,135.64",WSP UK LIMITED,85394,905054942,Capital - Highways,C02011,External Professional Fees,C0671004,"DCC Business Entities (Sole Trade, Partnership, Ltd)"
INSERTED DETAIL,18,Devon County Council,13/04/2026,22085292,"9,110.38",WSP UK LIMITED,85394,905054942,Highways & Infrastructure Development,A44038,Fees,R0572001,"DCC Business Entities (Sole Trade, Partnership, Ltd)"
INSERTED DETAIL,18,Devon County Council,13/04/2026,22085405,"2,167.94",TAMESIDE METROPOLITAN BOROUGH,52365,149193544,Other PH Services,A44038,Fees,R0548001,"DCC Business Entities (Sole Trade, Partnership, Ltd)"
INSERTED DETAIL,18,Devon County Council,13/04/2026,22085409,"6,853.84",WSP UK LIMITED,85394,905054942,Capital - Highways,C02011,External Professional Fees,C0652001,"DCC Business Entities (Sole Trade, Partnership, Ltd)"
INSERTED DETAIL,18,Devon County Council,13/04/2026,22085441,748.00,PRIORTON VENN LIMITED TRADING AS NORTHFIELD,230676,390267976,Highways & Infrastructure Development,A49005,Other Hired & Contracting Services,R0557014,DCC CIS Suppliers
INSERTED DETAIL,18,Devon County Council,13/04/2026,22085519,"2,010.30",WSP UK LIMITED,85394,905054942,Planning,A44038,Fees,R0620001,"DCC Business Entities (Sole Trade, Partnership, Ltd)"
INSERTED DETAIL,18,Devon County Council,13/04/2026,22085526,"1,933.59",WSP UK LIMITED,85394,905054942,Capital - Highways,C02011,External Professional Fees,C0671004,"DCC Business Entities (Sole Trade, Partnership, Ltd)"
INSERTED DETAIL,18,Devon County Council,13/04/2026,22085565,"2,367.16",WSP UK LIMITED,85394,905054942,Capital - Highways,C02011,External Professional Fees,C0671004,"DCC Business Entities (Sole Trade, Partnership, Ltd)"
INSERTED DETAIL,18,Devon County Council,13/04/2026,22085566,"11,132.29",WSP UK LIMITED,85394,905054942,Highways & Infrastructure Development,A44038,Fees,R0566003,"DCC Business Entities (Sole Trade, Partnership, Ltd)"
INSERTED DETAIL,18,Devon County Council,13/04/2026,22085574,656.08,WSP UK LIMITED,85394,905054942,Capital - Highways,C02011,External Professional Fees,C0671004,"DCC Business Entities (Sole Trade, Partnership, Ltd)"
INSERTED DETAIL,18,Devon County Council,13/04/2026,22085586,"1,272.29",WSP UK LIMITED,85394,905054942,Capital - Highways,C02011,External Professional Fees,C0652001,"DCC Business Entities (Sole Trade, Partnership, Ltd)"
INSERTED DETAIL,18,Devon County Council,13/04/2026,22085597,"5,113.26",WSP UK LIMITED,85394,905054942,Planning,A44038,Fees,R0577002,"DCC Business Entities (Sole Trade, Partnership, Ltd)"
INSERTED DETAIL,18,Devon County Council,13/04/2026,22085598,"4,636.72",WSP UK LIMITED,85394,905054942,Highways & Infrastructure Development,A44038,Fees,R0572001,"DCC Business Entities (Sole Trade, Partnership, Ltd)"
INSERTED DETAIL,18,Devon County Council,13/04/2026,22085653,504.00,ANDY SMITH,388550,,Communities,A44038,Fees,R0536008,"DCC Business Entities (Sole Trade, Partnership, Ltd)"
INSERTED DETAIL,18,Devon County Council,13/04/2026,22085665,850.00,TANYA JONES,388197,,"Chief Exec, Legal & Democratic services",A44968,Legal & Conveyancing Charges,R0288002,"DCC Business Entities (Sole Trade, Partnership, Ltd)"
INSERTED DETAIL,18,Devon County Council,13/04/2026,22085682,"3,295.62",NEXT STEPS EDUCATION LIMITED,389810,440621822,Dedicated Schools Grant,A44180,Services for Educational Estabs - Devon,R0010004,"DCC Business Entities (Sole Trade, Partnership, Ltd)"
INSERTED DETAIL,18,Devon County Council,13/04/2026,22085727,"11,995.00",Card Geotechnics Limited (CGL),600543,655182626,"Capital - Planning, Transportation and Environment",C02009,Works,C0671003,"DCC Business Entities (Sole Trade, Partnership, Ltd)"
INSERTED DETAIL,18,Devon County Council,13/04/2026,22085770,"2,027.20",PROSPERO RECRUITMENT LIMITED,352539,486704947,Dedicated Schools Grant,A44185,Other professional Services (Schools),R0082007,"DCC Business Entities (Sole Trade, Partnership, Ltd)"
INSERTED DETAIL,18,Devon County Council,13/04/2026,22086621,901.00,INVOLVE CARE SOLUTIONS LIMITED,402831,,Children's Social Care,A61200,Community based care,R0044007,"DCC Business Entities (Sole Trade, Partnership, Ltd)"
INSERTED DETAIL,18,Devon County Council,13/04/2026,22086908,590.25,GCI NETWORK SOLUTIONS TA NASSTAR,380659,199872429,Transformation & Business Services,A45020,Telephones,R0353008,"DCC Business Entities (Sole Trade, Partnership, Ltd)"
INSERTED DETAIL,18,Devon County Council,13/04/2026,22086943,868.80,DR R J DELANEY LIMITED,340584,976952161,"Chief Exec, Legal & Democratic services",A44038,Fees,R0506001,"DCC Business Entities (Sole Trade, Partnership, Ltd)"
INSERTED DETAIL,18,Devon County Council,13/04/2026,22087160,893.00,Jennifer Roder Ltd,344982,,Dedicated Schools Grant,A61052,Independent Special School Fees,R0089003,"DCC Business Entities (Sole Trade, Partnership, Ltd)"
INSERTED DETAIL,18,Devon County Council,13/04/2026,22087802,742.71,BIDFOOD,6550,643994692,Operations,A44030,Provisions,R0269001,"DCC Business Entities (Sole Trade, Partnership, Ltd)"
INSERTED DETAIL,18,Devon County Council,13/04/2026,22088614,"58,607.02",PLYMOUTH HOSPITALS NHS TRUST,27710,654936600,Public Health,A53005,Payments to Health Authorities,R0316066,"DCC Business Entities (Sole Trade, Partnership, Ltd)"
INSERTED DETAIL,18,Devon County Council,13/04/2026,22088647,"7,287.37",KENNFORD TARMACADAM LIMITED,24534,976391178,Capital - Highways,C02009,Works,C0671005,DCC CIS Suppliers
INSERTED DETAIL,18,Devon County Council,13/04/2026,22088861,"2,607.60",DR N G RYLEY,396753,,"Chief Exec, Legal & Democratic services",A44038,Fees,R0506002,"DCC Business Entities (Sole Trade, Partnership, Ltd)"
INSERTED DETAIL,18,Devon County Council,08/04/2026,22082796,"2,280.60",PROSPERO RECRUITMENT LIMITED,352539,486704947,Dedicated Schools Grant,A44185,Other professional Services (Schools),R0082007,"DCC Business Entities (Sole Trade, Partnership, Ltd)"
INSERTED DETAIL,18,Devon County Council,08/04/2026,22082800,"1,687.41",PROSPERO RECRUITMENT LIMITED,352539,486704947,Dedicated Schools Grant,A44185,Other professional Services (Schools),R0082007,"DCC Business Entities (Sole Trade, Partnership, Ltd)"
INSERTED DETAIL,18,Devon County Council,08/04/2026,22082809,"1,393.70",PROSPERO RECRUITMENT LIMITED,352539,486704947,Dedicated Schools Grant,A44185,Other professional Services (Schools),R0082007,"DCC Business Entities (Sole Trade, Partnership, Ltd)"
INSERTED DETAIL,18,Devon County Council,08/04/2026,22082820,"1,105.23",PROSPERO RECRUITMENT LIMITED,352539,486704947,Dedicated Schools Grant,A44185,Other professional Services (Schools),R0082007,"DCC Business Entities (Sole Trade, Partnership, Ltd)"
INSERTED DETAIL,18,Devon County Council,08/04/2026,22082829,"3,293.65",PROSPERO RECRUITMENT LIMITED,352539,486704947,Dedicated Schools Grant,A44185,Other professional Services (Schools),R0082007,"DCC Business Entities (Sole Trade, Partnership, Ltd)"
INSERTED DETAIL,18,Devon County Council,08/04/2026,22082832,"1,520.40",PROSPERO RECRUITMENT LIMITED,352539,486704947,Dedicated Schools Grant,A44185,Other professional Services (Schools),R0082007,"DCC Business Entities (Sole Trade, Partnership, Ltd)"
INSERTED DETAIL,18,Devon County Council,08/04/2026,22083031,756.00,PROSPERO RECRUITMENT LIMITED,352539,486704947,Dedicated Schools Grant,A44180,Services for Educational Estabs - Devon,R0010004,"DCC Business Entities (Sole Trade, Partnership, Ltd)"
INSERTED DETAIL,18,Devon County Council,08/04/2026,22083082,"4,620.83",BREAKTHROUGH TRANSFORMATION TRUST,248117,480468080,Dedicated Schools Grant,A44185,Other professional Services (Schools),R0082007,"DCC Business Entities (Sole Trade, Partnership, Ltd)"
INSERTED DETAIL,18,Devon County Council,08/04/2026,22083113,750.00,HYPER-MOUSE LIMITED,401436,337560296,"Transport Operations, Environment and Waste",A44038,Fees,R0644001,"DCC Business Entities (Sole Trade, Partnership, Ltd)"
INSERTED DETAIL,18,Devon County Council,08/04/2026,22083147,"3,622.48",A M CARE,169807,831850435,P-Ledger - Separate Legal Entity,A61054,Equipment (Care),P0391002,"DCC Business Entities (Sole Trade, Partnership, Ltd)"
INSERTED DETAIL,18,Devon County Council,08/04/2026,22083329,"1,026.00",Barnardo Services Ltd,403718,507477337,People and Culture,A16015,Staff Training Expenses - Non Payroll,R0303005,"DCC Business Entities (Sole Trade, Partnership, Ltd)"
INSERTED DETAIL,18,Devon County Council,08/04/2026,22083490,660.00,CAR BODY SHOP EXETER LIMITED,313414,404443528,"Transport Operations, Environment and Waste",A30010,Vehicles Repairs,R0584003,"DCC Business Entities (Sole Trade, Partnership, Ltd)"
INSERTED DETAIL,18,Devon County Council,08/04/2026,22083619,"2,514.25",DODDS SOLICITORS LLP,394172,729928286,"Chief Exec, Legal & Democratic services",A44968,Legal & Conveyancing Charges,R0276001,"DCC Business Entities (Sole Trade, Partnership, Ltd)"
INSERTED DETAIL,18,Devon County Council,13/04/2026,22089054,"16,743.85",ULTIM8 CONSTRUCTION LIMITED,276694,998206374,Capital - Highways,C02009,Works,C0671004,"DCC Business Entities (Sole Trade, Partnership, Ltd)"
INSERTED DETAIL,18,Devon County Council,13/04/2026,22089257,"27,178.14",CAMBIAN CHILDCARE LIMITED,299178,190023541,Dedicated Schools Grant,A61052,Independent Special School Fees,R0089003,"DCC Business Entities (Sole Trade, Partnership, Ltd)"
INSERTED DETAIL,18,Devon County Council,13/04/2026,22089262,"7,624.40",CAMBIAN CHILDCARE LIMITED,299178,190023541,Dedicated Schools Grant,A61052,Independent Special School Fees,R0089003,"DCC Business Entities (Sole Trade, Partnership, Ltd)"
INSERTED DETAIL,18,Devon County Council,13/04/2026,22089271,"3,356.02",EXETER CATHEDRAL SCHOOL,34278,479574820,Dedicated Schools Grant,A61052,Independent Special School Fees,R0089003,"DCC Business Entities (Sole Trade, Partnership, Ltd)"
INSERTED DETAIL,18,Devon County Council,13/04/2026,22089342,"3,559.17",COVY LIMITED/ TRADING AS GARAGE SERVICES,390598,429102322,TRAMS Suspense,A30010,Vehicles Repairs,R0549019,"DCC Business Entities (Sole Trade, Partnership, Ltd)"
INSERTED DETAIL,18,Devon County Council,13/04/2026,22089528,526.80,Sarah McKinlay,602130,,P-Ledger - Separate Legal Entity,A61120,Adoptions Allowances,P0432008,"DCC Business Entities (Sole Trade, Partnership, Ltd)"
INSERTED DETAIL,18,Devon County Council,13/04/2026,22090071,"2,216.65",TORRIDGE DISTRICT COUNCIL,4707,144666062,Operations,A23005,Rates,R0269001,"DCC Business Entities (Sole Trade, Partnership, Ltd)"
INSERTED DETAIL,18,Devon County Council,13/04/2026,22090322,741.60,TUBERS ACADEMY LIMITED,348033,300702466,Children's Social Care,A61200,Community based care,R0046004,"DCC Business Entities (Sole Trade, Partnership, Ltd)"
INSERTED DETAIL,18,Devon County Council,13/04/2026,150410306,-663.97,M Group Highways Limited,375383,927200546,Capital - Highways,C02051,Term Maintenance Contract,C0652001,"DCC Business Entities (Sole Trade, Partnership, Ltd)"
INSERTED DETAIL,18,Devon County Council,14/04/2026,22083991,962.12,NORSE SOUTH WEST LIMITED,279741,785421021,Children's Social Care,A20005,"Property Repairs, Maintenance & Alterations (programmed)",R0095010,"DCC Business Entities (Sole Trade, Partnership, Ltd)"
INSERTED DETAIL,18,Devon County Council,14/04/2026,22084384,926.80,COMPANY FILM SOLUTIONS LIMITED,315124,160729215,P-Ledger - Separate Legal Entity,A44038,Fees,P0432003,"DCC Business Entities (Sole Trade, Partnership, Ltd)"
INSERTED DETAIL,18,Devon County Council,14/04/2026,22085153,"14,472.00",K S FENCING,340683,503049234,Capital - Highways,C02009,Works,C0652001,DCC CIS Suppliers
INSERTED DETAIL,18,Devon County Council,14/04/2026,22085692,833.33,BATH PHILHARMONIA,394972,,Inclusion & Learning,A44038,Fees,R0101001,"DCC Business Entities (Sole Trade, Partnership, Ltd)"
INSERTED DETAIL,18,Devon County Council,14/04/2026,22086613,"1,000.00",Johanna Korndorfer,603650,,"Economy, Enterprise and Skills",A44942,Promotions and Events,R0541001,"DCC Business Entities (Sole Trade, Partnership, Ltd)"
INSERTED DETAIL,18,Devon County Council,14/04/2026,22087131,"4,130.56",RADIS COMMUNITY CARE,386496,,Operations,A57130,Home Care Services,R0480073,"DCC Business Entities (Sole Trade, Partnership, Ltd)"
INSERTED DETAIL,18,Devon County Council,14/04/2026,22087680,"7,292.60",HIGHGATE HILL HOUSE SCHOOL LIMITED,346763,509395958,Dedicated Schools Grant,A61052,Independent Special School Fees,R0089003,"DCC Business Entities (Sole Trade, Partnership, Ltd)"
INSERTED DETAIL,18,Devon County Council,14/04/2026,22087724,"1,505.00",DODDS SOLICITORS LLP,394172,729928286,"Chief Exec, Legal & Democratic services",A44968,Legal & Conveyancing Charges,R0276001,"DCC Business Entities (Sole Trade, Partnership, Ltd)"
INSERTED DETAIL,18,Devon County Council,14/04/2026,22087771,"3,120.00",DISNEY A J,313294,529740329,Highways & Infrastructure Development,A49005,Other Hired & Contracting Services,R0557002,"DCC Business Entities (Sole Trade, Partnership, Ltd)"
INSERTED DETAIL,18,Devon County Council,14/04/2026,22088234,"2,559.31",RADIS COMMUNITY CARE,386496,,Operations,A57136,Personal Care Block,R0482034,"DCC Business Entities (Sole Trade, Partnership, Ltd)"
INSERTED DETAIL,18,Devon County Council,14/04/2026,22088351,"2,025.00",PERMANENT FUTURES LIMITED,385155,790331045,Commissioning,A11005,Agency Supply Staff,R0466001,"DCC Business Entities (Sole Trade, Partnership, Ltd)"
INSERTED DETAIL,18,Devon County Council,14/04/2026,22088552,"1,875.00",Sam Green KBG,604068,493792928,"Chief Exec, Legal & Democratic services",A44968,Legal & Conveyancing Charges,R0274001,"DCC Business Entities (Sole Trade, Partnership, Ltd)"
INSERTED DETAIL,18,Devon County Council,14/04/2026,22089387,"1,687.50",PERMANENT FUTURES LIMITED,385155,790331045,Commissioning,A11005,Agency Supply Staff,R0466001,"DCC Business Entities (Sole Trade, Partnership, Ltd)"
INSERTED DETAIL,18,Devon County Council,14/04/2026,22089618,"2,000.00",DR P MCCULLAGH,396754,,"Chief Exec, Legal & Democratic services",A44038,Fees,R0506002,"DCC Business Entities (Sole Trade, Partnership, Ltd)"
INSERTED DETAIL,18,Devon County Council,14/04/2026,22089806,"1,196.01",FIRST CARE AMBULANCE LIMITED,98315,238628481,"Chief Exec, Legal & Democratic services",A49005,Other Hired & Contracting Services,R0506002,"DCC Business Entities (Sole Trade, Partnership, Ltd)"
INSERTED DETAIL,18,Devon County Council,14/04/2026,22089876,"60,278.00",SIR JOHN HUNT COMMUNITY SPORTS,54697,144675845,Planning,A44038,Fees,R0617001,"DCC Business Entities (Sole Trade, Partnership, Ltd)"
INSERTED DETAIL,18,Devon County Council,14/04/2026,22090051,"-8,610.48",PHILLIPS WN&D,90044,927522419,P-Ledger - Separate Legal Entity,A57140,Residential Care - Long Stay,P0434003,"DCC Business Entities (Sole Trade, Partnership, Ltd)"
INSERTED DETAIL,18,Devon County Council,14/04/2026,22090330,"3,700.00",LAVAT CONSULTING LIMITED,197782,815158828,Finance & Public Value,A47010,Subscriptions,R0216001,"DCC Business Entities (Sole Trade, Partnership, Ltd)"
INSERTED DETAIL,18,Devon County Council,14/04/2026,22090369,570.00,ACADEMY21 LIMITED,337165,112432760,Dedicated Schools Grant,A44185,Other professional Services (Schools),R0082007,"DCC Business Entities (Sole Trade, Partnership, Ltd)"
INSERTED DETAIL,18,Devon County Council,08/04/2026,22084587,500.00,WILLIAM HIGGINSON CARE OF KBG CHMBS,396814,844714419,"Chief Exec, Legal & Democratic services",A44968,Legal & Conveyancing Charges,R0276001,"DCC Business Entities (Sole Trade, Partnership, Ltd)"
INSERTED DETAIL,18,Devon County Council,08/04/2026,22085477,810.88,PROSPERO RECRUITMENT LIMITED,352539,486704947,Dedicated Schools Grant,A44180,Services for Educational Estabs - Devon,R0010004,"DCC Business Entities (Sole Trade, Partnership, Ltd)"
INSERTED DETAIL,18,Devon County Council,08/04/2026,22085521,"12,818.00",PROMOTING INDEPENDENT CARE LIMITED,376159,,Children's Social Care,A11005,Agency Supply Staff,R0095009,"DCC Business Entities (Sole Trade, Partnership, Ltd)"
INSERTED DETAIL,18,Devon County Council,08/04/2026,22086598,"10,274.05",DODDS SOLICITORS LLP,394172,729928286,"Chief Exec, Legal & Democratic services",A44968,Legal & Conveyancing Charges,R0276001,"DCC Business Entities (Sole Trade, Partnership, Ltd)"
INSERTED DETAIL,18,Devon County Council,08/04/2026,22087253,"1,272.92",PROSPERO RECRUITMENT LIMITED,352539,486704947,Dedicated Schools Grant,A44180,Services for Educational Estabs - Devon,R0010004,"DCC Business Entities (Sole Trade, Partnership, Ltd)"
INSERTED DETAIL,18,Devon County Council,08/04/2026,22087419,"64,501.48",MARINE & CIVIL SOLUTIONS LIMITED,283395,431868383,Capital - Highways,C02009,Works,C0671007,DCC CIS Suppliers
INSERTED DETAIL,18,Devon County Council,08/04/2026,22087561,964.48,MARINE & CIVIL SOLUTIONS LIMITED,283395,431868383,Highways & Infrastructure Development,A46100,Main / Term Contractor,R0555002,DCC CIS Suppliers
INSERTED DETAIL,18,Devon County Council,08/04/2026,22087934,714.00,FAMILY COMPASS,348346,392295664,Children's Social Care,A61060,Support for Children in Care,R0106002,"DCC Business Entities (Sole Trade, Partnership, Ltd)"
INSERTED DETAIL,18,Devon County Council,08/04/2026,22088424,"1,910.00",DR KASU KIRAN,401187,,Operations,A44038,Fees,R0222002,"DCC Business Entities (Sole Trade, Partnership, Ltd)"
INSERTED DETAIL,18,Devon County Council,08/04/2026,22088467,"72,518.67",ARQUE LIMITED,200370,844830418,Capital - SEND Schools,C02009,Works,C0660001,DCC CIS Suppliers
INSERTED DETAIL,18,Devon County Council,08/04/2026,22088611,"3,140.10",THERAPY SPACE BRISTOL,362143,,P-Ledger - Separate Legal Entity,A61060,Support for Children in Care,P0432008,"DCC Business Entities (Sole Trade, Partnership, Ltd)"
INSERTED DETAIL,18,Devon County Council,08/04/2026,22088640,"200,000.00",KENNFORD TARMACADAM LIMITED,24534,976391178,Capital - Highways,C02009,Works,C0652001,DCC CIS Suppliers
INSERTED DETAIL,18,Devon County Council,08/04/2026,22088667,"5,816.88",ACORN CARE & EDUCATION LIMITED,333557,902188441,Dedicated Schools Grant,A61052,Independent Special School Fees,R0089003,"DCC Business Entities (Sole Trade, Partnership, Ltd)"
INSERTED DETAIL,18,Devon County Council,08/04/2026,22088675,"5,408.33",ACORN CARE & EDUCATION LIMITED,333557,902188441,Dedicated Schools Grant,A61052,Independent Special School Fees,R0089003,"DCC Business Entities (Sole Trade, Partnership, Ltd)"
INSERTED DETAIL,18,Devon County Council,08/04/2026,22088684,"5,351.54",ACORN CARE & EDUCATION LIMITED,333557,902188441,Dedicated Schools Grant,A61052,Independent Special School Fees,R0089003,"DCC Business Entities (Sole Trade, Partnership, Ltd)"
INSERTED DETAIL,18,Devon County Council,08/04/2026,22088689,"5,570.58",ACORN CARE & EDUCATION LIMITED,333557,902188441,Dedicated Schools Grant,A61052,Independent Special School Fees,R0089003,"DCC Business Entities (Sole Trade, Partnership, Ltd)"
INSERTED DETAIL,18,Devon County Council,08/04/2026,22088723,"5,408.33",ACORN CARE & EDUCATION LIMITED,333557,902188441,Dedicated Schools Grant,A61052,Independent Special School Fees,R0089003,"DCC Business Entities (Sole Trade, Partnership, Ltd)"
INSERTED DETAIL,18,Devon County Council,08/04/2026,22088730,"9,262.50",ST WILFRIDS SCHOOL,53937,,Dedicated Schools Grant,A61052,Independent Special School Fees,R0089003,"DCC Business Entities (Sole Trade, Partnership, Ltd)"
INSERTED DETAIL,18,Devon County Council,08/04/2026,22088877,"3,420.00",KENNFORD TARMACADAM LIMITED,24534,976391178,Capital - Highways,C02009,Works,C0671005,DCC CIS Suppliers
INSERTED DETAIL,18,Devon County Council,08/04/2026,22088903,756.00,EXETER CITY COUNCIL (FINANCE),4272,142335594,Transformation & Business Services,A27015,Refuse Collection,R0333026,"DCC Business Entities (Sole Trade, Partnership, Ltd)"
INSERTED DETAIL,18,Devon County Council,08/04/2026,22088918,"2,095.50",KENNFORD TARMACADAM LIMITED,24534,976391178,Capital - Highways,C02009,Works,C0671006,DCC CIS Suppliers
INSERTED DETAIL,18,Devon County Council,08/04/2026,22088925,"9,236.15",KENNFORD TARMACADAM LIMITED,24534,976391178,Capital - Highways,C02009,Works,C0671006,DCC CIS Suppliers
INSERTED DETAIL,18,Devon County Council,08/04/2026,22088997,827.75,KENNFORD TARMACADAM LIMITED,24534,976391178,Capital - Highways,C02009,Works,C0671006,DCC CIS Suppliers
INSERTED DETAIL,18,Devon County Council,08/04/2026,22089069,"2,877.60",KENNFORD TARMACADAM LIMITED,24534,976391178,Capital - Highways,C02009,Works,C0671006,DCC CIS Suppliers
INSERTED DETAIL,18,Devon County Council,09/04/2026,22053914,"3,800.00",SUMMER LANE,316810,,Operations,A57155,Nursing Care - Long Stay,R0485019,"DCC Business Entities (Sole Trade, Partnership, Ltd)"
INSERTED DETAIL,18,Devon County Council,09/04/2026,22073815,"39,900.48",CAUSEWAY TECHNOLOGIES LIMITED,22333,733718820,Highways & Infrastructure Development,A45040,IT Software,R0556010,"DCC Business Entities (Sole Trade, Partnership, Ltd)"
INSERTED DETAIL,18,Devon County Council,09/04/2026,22080081,"1,334.80",DEVON PATHWAYS LTD,383486,392542678,Dedicated Schools Grant,A44185,Other professional Services (Schools),R0082007,"DCC Business Entities (Sole Trade, Partnership, Ltd)"
INSERTED DETAIL,18,Devon County Council,09/04/2026,22081995,960.00,HELD HEALTH LIMITED,392625,,P-Ledger - Separate Legal Entity,A61060,Support for Children in Care,P0432008,"DCC Business Entities (Sole Trade, Partnership, Ltd)"
INSERTED DETAIL,18,Devon County Council,09/04/2026,22082662,"1,803.86",F W A G SOUTH WEST,316031,127629304,"Transport Operations, Environment and Waste",A44038,Fees,R0644001,"DCC Business Entities (Sole Trade, Partnership, Ltd)"
INSERTED DETAIL,18,Devon County Council,14/04/2026,22090413,"27,511.74",WESTCOUNTRY MAINTENANCE SERVICES LIMITED,229952,915005854,Capital other - Digital Technology & Business Services,C02009,Works,C0651001,DCC CIS Suppliers
INSERTED DETAIL,18,Devon County Council,15/04/2026,22082618,"1,195.54",LEXIA EDUCATION SERVICES LIMITED,376344,376218677,Dedicated Schools Grant,A44185,Other professional Services (Schools),R0082007,"DCC Business Entities (Sole Trade, Partnership, Ltd)"
INSERTED DETAIL,18,Devon County Council,15/04/2026,22083336,610.00,"EBB AND FLOW, PSYCHOLOGY & EMDR",380036,,P-Ledger - Separate Legal Entity,A61060,Support for Children in Care,P0432008,"DCC Business Entities (Sole Trade, Partnership, Ltd)"
INSERTED DETAIL,18,Devon County Council,15/04/2026,22084422,"2,280.60",PROSPERO RECRUITMENT LIMITED,352539,486704947,Dedicated Schools Grant,A44180,Services for Educational Estabs - Devon,R0010004,"DCC Business Entities (Sole Trade, Partnership, Ltd)"
INSERTED DETAIL,18,Devon County Council,15/04/2026,22084435,"1,824.48",PROSPERO RECRUITMENT LIMITED,352539,486704947,Dedicated Schools Grant,A44180,Services for Educational Estabs - Devon,R0010004,"DCC Business Entities (Sole Trade, Partnership, Ltd)"
INSERTED DETAIL,18,Devon County Council,15/04/2026,22084464,877.62,TEIGNBRIDGE DISTRICT COUNCIL,4872,142214023,Transformation & Business Services,A23005,Rates,R0333026,"DCC Business Entities (Sole Trade, Partnership, Ltd)"
INSERTED DETAIL,18,Devon County Council,15/04/2026,22084697,595.00,EVERGREEN SERVICES (DEVON) LIMITED,360540,245640215,Children's Social Care,A20010,"Property Repairs, Maintenance & Alterations (Reactive)",R0095003,DCC CIS Suppliers
INSERTED DETAIL,18,Devon County Council,15/04/2026,22084775,"1,209.39",NEXT STEPS EDUCATION LIMITED,389810,440621822,Dedicated Schools Grant,A44180,Services for Educational Estabs - Devon,R0010004,"DCC Business Entities (Sole Trade, Partnership, Ltd)"
INSERTED DETAIL,18,Devon County Council,15/04/2026,22084781,"1,330.33",NEXT STEPS EDUCATION LIMITED,389810,440621822,Dedicated Schools Grant,A44180,Services for Educational Estabs - Devon,R0010004,"DCC Business Entities (Sole Trade, Partnership, Ltd)"
INSERTED DETAIL,18,Devon County Council,15/04/2026,22084831,"76,751.00",SOUTH HAMS DISTRICT COUNCIL,8255,142204125,P-Ledger - Separate Legal Entity,A47005,"Grants, Contributions & Donations",P0401001,"DCC Business Entities (Sole Trade, Partnership, Ltd)"
INSERTED DETAIL,18,Devon County Council,15/04/2026,22084883,"1,434.16",NEXT STEPS EDUCATION LIMITED,389810,440621822,Dedicated Schools Grant,A44180,Services for Educational Estabs - Devon,R0010004,"DCC Business Entities (Sole Trade, Partnership, Ltd)"
INSERTED DETAIL,18,Devon County Council,15/04/2026,22084891,967.53,NEXT STEPS EDUCATION LIMITED,389810,440621822,Dedicated Schools Grant,A44180,Services for Educational Estabs - Devon,R0010004,"DCC Business Entities (Sole Trade, Partnership, Ltd)"
INSERTED DETAIL,18,Devon County Council,15/04/2026,22084902,846.59,NEXT STEPS EDUCATION LIMITED,389810,440621822,Dedicated Schools Grant,A44180,Services for Educational Estabs - Devon,R0010004,"DCC Business Entities (Sole Trade, Partnership, Ltd)"
INSERTED DETAIL,18,Devon County Council,15/04/2026,22084919,"409,181.25",DEVON PARTNERSHIP NHS TRUST,92211,654400557,Mental Health,A62100,Joint Arrangements with OLAs and Health,R0256004,"DCC Business Entities (Sole Trade, Partnership, Ltd)"
INSERTED DETAIL,18,Devon County Council,15/04/2026,22084987,"34,617.00",SPECIAL PARTNERSHIP TRUST,367681,,Inclusion & Learning,A44180,Services for Educational Estabs - Devon,R0680004,"DCC Business Entities (Sole Trade, Partnership, Ltd)"
INSERTED DETAIL,18,Devon County Council,15/04/2026,22085419,577.00,BEACON THERAPIES FOR CHILDREN,384307,,Children's Social Care,A61060,Support for Children in Care,R0106002,"DCC Business Entities (Sole Trade, Partnership, Ltd)"
INSERTED DETAIL,18,Devon County Council,15/04/2026,22085580,"13,789.44",Altogether Care - Care at Home Ltd,600796,373708870,Operations,A57136,Personal Care Block,R0234001,"DCC Business Entities (Sole Trade, Partnership, Ltd)"
INSERTED DETAIL,18,Devon County Council,15/04/2026,22085781,500.00,I C Woollacott,5089,429074152,Highways & Infrastructure Development,A49005,Other Hired & Contracting Services,R0552006,DCC CIS Suppliers
INSERTED DETAIL,18,Devon County Council,15/04/2026,22086084,"1,474.75",NeuroConnect CIC,382604,,P-Ledger - Separate Legal Entity,A61060,Support for Children in Care,P0432008,"DCC Business Entities (Sole Trade, Partnership, Ltd)"
INSERTED DETAIL,18,Devon County Council,15/04/2026,22086553,"10,161.95",DEVON TARMASTERS (SOUTH WEST) LIMITED,283040,941186817,"Capital - Planning, Transportation and Environment",C02009,Works,C0671011,"DCC Business Entities (Sole Trade, Partnership, Ltd)"
INSERTED DETAIL,18,Devon County Council,15/04/2026,22086839,"1,300.00",HELEN MATUK,341631,519466815,"Chief Exec, Legal & Democratic services",A44968,Legal & Conveyancing Charges,R0276001,"DCC Business Entities (Sole Trade, Partnership, Ltd)"
INSERTED DETAIL,18,Devon County Council,15/04/2026,22086936,"2,856.00",PROMOTING INDEPENDENT CARE LIMITED,376159,,Children's Social Care,A11005,Agency Supply Staff,R0095001,"DCC Business Entities (Sole Trade, Partnership, Ltd)"
INSERTED DETAIL,18,Devon County Council,15/04/2026,22087030,"10,750.50",PROMOTING INDEPENDENT CARE LIMITED,376159,,Children's Social Care,A11005,Agency Supply Staff,R0095010,"DCC Business Entities (Sole Trade, Partnership, Ltd)"
INSERTED DETAIL,18,Devon County Council,15/04/2026,22087308,"3,118.80",LEXIA EDUCATION SERVICES LIMITED,376344,376218677,Dedicated Schools Grant,A44185,Other professional Services (Schools),R0082007,"DCC Business Entities (Sole Trade, Partnership, Ltd)"
INSERTED DETAIL,18,Devon County Council,15/04/2026,22087345,"3,312.58",CARTER BROWN - THE EXPERT S LIMITED,292905,281653589,"Chief Exec, Legal & Democratic services",A44038,Fees,R0276001,"DCC Business Entities (Sole Trade, Partnership, Ltd)"
INSERTED DETAIL,18,Devon County Council,15/04/2026,22088313,"2,944.96",LEXIA EDUCATION SERVICES LIMITED,376344,376218677,Dedicated Schools Grant,A44185,Other professional Services (Schools),R0082007,"DCC Business Entities (Sole Trade, Partnership, Ltd)"
INSERTED DETAIL,18,Devon County Council,15/04/2026,22088534,"1,715.33",LEXIA EDUCATION SERVICES LIMITED,376344,376218677,Dedicated Schools Grant,A44185,Other professional Services (Schools),R0082007,"DCC Business Entities (Sole Trade, Partnership, Ltd)"
INSERTED DETAIL,18,Devon County Council,15/04/2026,22088569,"1,715.33",LEXIA EDUCATION SERVICES LIMITED,376344,376218677,Dedicated Schools Grant,A44185,Other professional Services (Schools),R0082007,"DCC Business Entities (Sole Trade, Partnership, Ltd)"
INSERTED DETAIL,18,Devon County Council,15/04/2026,22088626,760.20,PROSPERO RECRUITMENT LIMITED,352539,486704947,Dedicated Schools Grant,A44185,Other professional Services (Schools),R0082007,"DCC Business Entities (Sole Trade, Partnership, Ltd)"
INSERTED DETAIL,18,Devon County Council,15/04/2026,22088638,"6,840.00",WAYTHROUGH,394680,413208832,Public Health,A57115,Payments to Private Contractors,R0316047,"DCC Business Entities (Sole Trade, Partnership, Ltd)"
INSERTED DETAIL,18,Devon County Council,15/04/2026,22088990,"5,250.00",TEIGNBRIDGE DISTRICT COUNCIL,4872,142214023,Transformation & Business Services,A22005,Building Rents,R0333026,"DCC Business Entities (Sole Trade, Partnership, Ltd)"
INSERTED DETAIL,18,Devon County Council,15/04/2026,22089310,"2,028.53",LEXIA EDUCATION SERVICES LIMITED,376344,376218677,Dedicated Schools Grant,A44185,Other professional Services (Schools),R0082007,"DCC Business Entities (Sole Trade, Partnership, Ltd)"
INSERTED DETAIL,18,Devon County Council,15/04/2026,22089315,"2,245.52",LEXIA EDUCATION SERVICES LIMITED,376344,376218677,Dedicated Schools Grant,A44185,Other professional Services (Schools),R0082007,"DCC Business Entities (Sole Trade, Partnership, Ltd)"
INSERTED DETAIL,18,Devon County Council,15/04/2026,22089318,"1,663.37",LEXIA EDUCATION SERVICES LIMITED,376344,376218677,Dedicated Schools Grant,A44185,Other professional Services (Schools),R0082007,"DCC Business Entities (Sole Trade, Partnership, Ltd)"
INSERTED DETAIL,18,Devon County Council,15/04/2026,22089683,"2,220.00",PROMOTING INDEPENDENT CARE LIMITED,376159,,Children's Social Care,A61200,Community based care,R0044004,"DCC Business Entities (Sole Trade, Partnership, Ltd)"
INSERTED DETAIL,18,Devon County Council,15/04/2026,22089882,831.67,LEXIA EDUCATION SERVICES LIMITED,376344,376218677,Dedicated Schools Grant,A44180,Services for Educational Estabs - Devon,R0010004,"DCC Business Entities (Sole Trade, Partnership, Ltd)"
INSERTED DETAIL,18,Devon County Council,15/04/2026,22089917,"1,039.60",LEXIA EDUCATION SERVICES LIMITED,376344,376218677,Dedicated Schools Grant,A44185,Other professional Services (Schools),R0082007,"DCC Business Entities (Sole Trade, Partnership, Ltd)"
INSERTED DETAIL,18,Devon County Council,15/04/2026,22089944,"1,247.53",LEXIA EDUCATION SERVICES LIMITED,376344,376218677,Dedicated Schools Grant,A44185,Other professional Services (Schools),R0082002,"DCC Business Entities (Sole Trade, Partnership, Ltd)"
INSERTED DETAIL,18,Devon County Council,15/04/2026,22090014,"2,415.20",LEXIA EDUCATION SERVICES LIMITED,376344,376218677,Dedicated Schools Grant,A44185,Other professional Services (Schools),R0082007,"DCC Business Entities (Sole Trade, Partnership, Ltd)"
INSERTED DETAIL,18,Devon County Council,09/04/2026,22082957,"1,440.00",PROGRESSION SERVICES LIMITED,390181,439882639,Dedicated Schools Grant,A44180,Services for Educational Estabs - Devon,R0010004,"DCC Business Entities (Sole Trade, Partnership, Ltd)"
INSERTED DETAIL,18,Devon County Council,09/04/2026,22083263,"17,787.06",SWARCO UK & IRELAND LIMITED,13690,568335022,Capital - Highways,C02009,Works,C0671008,DCC CIS Suppliers
INSERTED DETAIL,18,Devon County Council,09/04/2026,22083470,"2,337.17",N H S PROPERTY SERVICES LIMITED,348466,156725100,Public Health Nursing,A22005,Building Rents,R0019003,"DCC Business Entities (Sole Trade, Partnership, Ltd)"
INSERTED DETAIL,18,Devon County Council,09/04/2026,22083475,"2,642.21",DODDS SOLICITORS LLP,394172,729928286,"Chief Exec, Legal & Democratic services",A44968,Legal & Conveyancing Charges,R0276001,"DCC Business Entities (Sole Trade, Partnership, Ltd)"
INSERTED DETAIL,18,Devon County Council,09/04/2026,22083520,"6,088.97",N H S PROPERTY SERVICES LIMITED,348466,156725100,Children's Social Care,A22005,Building Rents,R0095005,"DCC Business Entities (Sole Trade, Partnership, Ltd)"
INSERTED DETAIL,18,Devon County Council,09/04/2026,22083539,"1,276.50",WGP MAINTENANCE LIMITED,397367,948500609,Children's Social Care,A20010,"Property Repairs, Maintenance & Alterations (Reactive)",R0095008,DCC CIS Suppliers
INSERTED DETAIL,18,Devon County Council,09/04/2026,22083612,623.33,Cellcom Ltd (T/A: DJI Hasselblad UK),604228,339815862,Capital - Highways,C04010,IT Hardware,C0652001,"DCC Business Entities (Sole Trade, Partnership, Ltd)"
INSERTED DETAIL,18,Devon County Council,09/04/2026,22083615,"17,101.56",DODDS SOLICITORS LLP,394172,729928286,"Chief Exec, Legal & Democratic services",A44968,Legal & Conveyancing Charges,R0276001,"DCC Business Entities (Sole Trade, Partnership, Ltd)"
INSERTED DETAIL,18,Devon County Council,09/04/2026,22083770,"1,100.00",Liberty Crawford,603652,469094158,"Chief Exec, Legal & Democratic services",A44968,Legal & Conveyancing Charges,R0276001,"DCC Business Entities (Sole Trade, Partnership, Ltd)"
INSERTED DETAIL,18,Devon County Council,09/04/2026,22084060,992.76,D B S LIMITED (REWINDS),339293,247795554,Highways & Infrastructure Development,A49005,Other Hired & Contracting Services,R0555002,"DCC Business Entities (Sole Trade, Partnership, Ltd)"
INSERTED DETAIL,18,Devon County Council,09/04/2026,22085297,"1,136.86",NORSE SOUTH WEST LIMITED,279741,785421021,Inclusion & Learning,A44038,Fees,R0020002,"DCC Business Entities (Sole Trade, Partnership, Ltd)"
INSERTED DETAIL,18,Devon County Council,09/04/2026,22085963,"8,497.00",BTHECHANGE COMMUNITY INTEREST COMPANY,368481,373717183,Public Health,A57115,Payments to Private Contractors,R0316047,"DCC Business Entities (Sole Trade, Partnership, Ltd)"
INSERTED DETAIL,18,Devon County Council,09/04/2026,22086058,"6,958.00",NORTH DEVON COUNCIL (RATES),401210,,Transformation & Business Services,A23005,Rates,R0333004,"DCC Business Entities (Sole Trade, Partnership, Ltd)"
INSERTED DETAIL,18,Devon County Council,09/04/2026,22086066,"3,005.60",NORTH DEVON COUNCIL (RATES),401210,,Highways & Infrastructure Development,A23005,Rates,R0552004,"DCC Business Entities (Sole Trade, Partnership, Ltd)"
INSERTED DETAIL,18,Devon County Council,07/04/2026,22086558,"1,590.00",FINASTRA GROUP HOLDINGS LIMITED,184169,794089971,Finance & Public Value,A45040,IT Software,R0201001,"DCC Business Entities (Sole Trade, Partnership, Ltd)"
INSERTED DETAIL,18,Devon County Council,07/04/2026,22087260,"2,195.18",SUEZ RECYCLING & RECOVERY UK LIMITED,208690,444085847,"Transport Operations, Environment and Waste",A46100,Main / Term Contractor,R0594001,"DCC Business Entities (Sole Trade, Partnership, Ltd)"
INSERTED DETAIL,18,Devon County Council,07/04/2026,22087272,"20,000.00",ULTIM8 CONSTRUCTION LIMITED,276694,998206374,Capital - Highways,C02009,Works,C0652001,"DCC Business Entities (Sole Trade, Partnership, Ltd)"
INSERTED DETAIL,18,Devon County Council,07/04/2026,22087289,"130,249.53",BRIDGE CIVIL ENGINEERING LIMITED,79315,717667210,"Capital - Planning, Transportation and Environment",C02009,Works,C0671003,DCC CIS Suppliers
INSERTED DETAIL,18,Devon County Council,07/04/2026,22087307,"129,077.06",BRIDGE CIVIL ENGINEERING LIMITED,79315,717667210,"Capital - Planning, Transportation and Environment",C02009,Works,C0671003,DCC CIS Suppliers
INSERTED DETAIL,18,Devon County Council,07/04/2026,22087736,"148,791.17",E & J W GLENDINNING LIMITED,62732,668406312,Capital - Highways,C02009,Works,C0671007,DCC CIS Suppliers
INSERTED DETAIL,18,Devon County Council,07/04/2026,22087832,"11,000.00",DEALTOP LIMITED TRADING AS DARTLINE COACHES,11216,456125651,"Transport Operations, Environment and Waste",A32010,Contract Hire Scheme,R0575001,"DCC Business Entities (Sole Trade, Partnership, Ltd)"
INSERTED DETAIL,18,Devon County Council,07/04/2026,22087869,"7,600.00",MOOR TO LIFE E & W COMMUNITY INTEREST COMPANY,393010,,Dedicated Schools Grant,A44185,Other professional Services (Schools),R0082007,"DCC Business Entities (Sole Trade, Partnership, Ltd)"
INSERTED DETAIL,18,Devon County Council,07/04/2026,22087992,"2,500.00",EXETER PAEDIATRIC I C S LIMITED,373429,,P-Ledger - Separate Legal Entity,A61060,Support for Children in Care,P0432008,"DCC Business Entities (Sole Trade, Partnership, Ltd)"
INSERTED DETAIL,18,Devon County Council,07/04/2026,22088137,"94,978.10",CORMAC CONTRACTING LIMITED,364276,247160514,Capital - Highways,C02009,Works,C0671008,"DCC Business Entities (Sole Trade, Partnership, Ltd)"
INSERTED DETAIL,18,Devon County Council,07/04/2026,22088175,"724,540.00",TORBAY COUNCIL FINANCE,6411,142208211,P-Ledger - Separate Legal Entity,A52005,Payments to Other Local Authorities,P0705002,"DCC Business Entities (Sole Trade, Partnership, Ltd)"
INSERTED DETAIL,18,Devon County Council,07/04/2026,22088193,935.00,LISA FRASER-PICKARD,403917,,P-Ledger - Separate Legal Entity,A61060,Support for Children in Care,P0432008,"DCC Business Entities (Sole Trade, Partnership, Ltd)"
INSERTED DETAIL,18,Devon County Council,07/04/2026,22088214,"1,263.30",COUNTRYWIDE GROUNDS MAINTENANCE,94037,611731279,Dedicated Schools Grant,A29015,Other Premises Costs,R8784192,"DCC Business Entities (Sole Trade, Partnership, Ltd)"
INSERTED DETAIL,18,Devon County Council,07/04/2026,22088427,"2,400.00",EXETER PAEDIATRIC I C S LIMITED,373429,,P-Ledger - Separate Legal Entity,A61060,Support for Children in Care,P0432008,"DCC Business Entities (Sole Trade, Partnership, Ltd)"
INSERTED DETAIL,18,Devon County Council,07/04/2026,150408504,673.28,M Group Highways Limited,375383,927200546,Highways & Infrastructure Development,A46100,Main / Term Contractor,R0554001,"DCC Business Entities (Sole Trade, Partnership, Ltd)"
INSERTED DETAIL,18,Devon County Council,07/04/2026,150408531,"1,242.65",M Group Highways Limited,375383,927200546,Highways & Infrastructure Development,A46100,Main / Term Contractor,R0554001,"DCC Business Entities (Sole Trade, Partnership, Ltd)"
INSERTED DETAIL,18,Devon County Council,08/04/2026,22078443,625.00,GRAPEVINE CONNECTS,405508,,P-Ledger - Separate Legal Entity,A61060,Support for Children in Care,P0432008,"DCC Business Entities (Sole Trade, Partnership, Ltd)"
INSERTED DETAIL,18,Devon County Council,08/04/2026,22082745,608.16,PROSPERO RECRUITMENT LIMITED,352539,486704947,Dedicated Schools Grant,A44185,Other professional Services (Schools),R0082007,"DCC Business Entities (Sole Trade, Partnership, Ltd)"
INSERTED DETAIL,18,Devon County Council,08/04/2026,22082747,"2,280.60",PROSPERO RECRUITMENT LIMITED,352539,486704947,Dedicated Schools Grant,A44185,Other professional Services (Schools),R0082007,"DCC Business Entities (Sole Trade, Partnership, Ltd)"
INSERTED DETAIL,18,Devon County Council,08/04/2026,22082750,"2,280.60",PROSPERO RECRUITMENT LIMITED,352539,486704947,Dedicated Schools Grant,A44185,Other professional Services (Schools),R0082007,"DCC Business Entities (Sole Trade, Partnership, Ltd)"
INSERTED DETAIL,18,Devon County Council,08/04/2026,22082758,"1,560.85",PROSPERO RECRUITMENT LIMITED,352539,486704947,Dedicated Schools Grant,A44185,Other professional Services (Schools),R0082007,"DCC Business Entities (Sole Trade, Partnership, Ltd)"
INSERTED DETAIL,18,Devon County Council,08/04/2026,22082775,"2,302.78",PROSPERO RECRUITMENT LIMITED,352539,486704947,Dedicated Schools Grant,A44185,Other professional Services (Schools),R0082007,"DCC Business Entities (Sole Trade, Partnership, Ltd)"
INSERTED DETAIL,18,Devon County Council,08/04/2026,22082787,701.92,PROSPERO RECRUITMENT LIMITED,352539,486704947,Dedicated Schools Grant,A53035,Other Recoupment Expenditure (3rd),R0111002,"DCC Business Entities (Sole Trade, Partnership, Ltd)"
INSERTED DETAIL,18,Devon County Council,08/04/2026,22082795,"2,280.60",PROSPERO RECRUITMENT LIMITED,352539,486704947,Dedicated Schools Grant,A44185,Other professional Services (Schools),R0082007,"DCC Business Entities (Sole Trade, Partnership, Ltd)"
INSERTED DETAIL,18,Devon County Council,08/04/2026,22082828,"1,520.40",PROSPERO RECRUITMENT LIMITED,352539,486704947,Dedicated Schools Grant,A44185,Other professional Services (Schools),R0082007,"DCC Business Entities (Sole Trade, Partnership, Ltd)"
INSERTED DETAIL,18,Devon County Council,08/04/2026,22083026,"2,280.60",PROSPERO RECRUITMENT LIMITED,352539,486704947,Dedicated Schools Grant,A44185,Other professional Services (Schools),R0082007,"DCC Business Entities (Sole Trade, Partnership, Ltd)"
INSERTED DETAIL,18,Devon County Council,08/04/2026,22083103,"1,584.00",CHARTERED INSTITUTE WATER & ENVIRONMENT MANAGEMENT,330815,945897946,"Transport Operations, Environment and Waste",A46050,Conference Expenses,R0579007,"DCC Business Entities (Sole Trade, Partnership, Ltd)"
INSERTED DETAIL,18,Devon County Council,08/04/2026,22083107,"1,732.08",NORSE SOUTH WEST LIMITED,279741,785421021,Highways & Infrastructure Development,A46100,Main / Term Contractor,R0574001,"DCC Business Entities (Sole Trade, Partnership, Ltd)"
INSERTED DETAIL,18,Devon County Council,08/04/2026,22083269,"73,242.46",NHS CORNWALL & ISLES OF SCILLY,335830,,Operations,A57133,Enabling,R0225001,"DCC Business Entities (Sole Trade, Partnership, Ltd)"
INSERTED DETAIL,18,Devon County Council,08/04/2026,22083281,912.45,P & I PROPERTY MAINTENANCE,397907,,Children's Social Care,A20010,"Property Repairs, Maintenance & Alterations (Reactive)",R0095003,DCC CIS Suppliers
INSERTED DETAIL,18,Devon County Council,08/04/2026,22083298,"3,787.19",P & I PROPERTY MAINTENANCE,397907,,Children's Social Care,A20010,"Property Repairs, Maintenance & Alterations (Reactive)",R0095005,DCC CIS Suppliers
INSERTED DETAIL,18,Devon County Council,08/04/2026,22083341,760.20,PROSPERO RECRUITMENT LIMITED,352539,486704947,Dedicated Schools Grant,A44185,Other professional Services (Schools),R0082007,"DCC Business Entities (Sole Trade, Partnership, Ltd)"
INSERTED DETAIL,18,Devon County Council,08/04/2026,22083396,"5,388.19",ACORN CARE & EDUCATION LIMITED,333557,902188441,Dedicated Schools Grant,A53035,Other Recoupment Expenditure (3rd),R0111002,"DCC Business Entities (Sole Trade, Partnership, Ltd)"
INSERTED DETAIL,18,Devon County Council,08/04/2026,22084966,"2,250.00",CHRISTOPHER POOLE CARE OF NEW,391710,710082289,"Chief Exec, Legal & Democratic services",A44968,Legal & Conveyancing Charges,R0276001,"DCC Business Entities (Sole Trade, Partnership, Ltd)"
INSERTED DETAIL,18,Devon County Council,08/04/2026,22085021,"1,920.00",BLUE ELEPHANT CHILDCARE LIMITED,354779,,Dedicated Schools Grant,A49006,Bought in Professnl Servs-Curric,R0107001,"DCC Business Entities (Sole Trade, Partnership, Ltd)"
INSERTED DETAIL,18,Devon County Council,08/04/2026,22085516,"1,343.00",PROMOTING INDEPENDENT CARE LIMITED,376159,,Children's Social Care,A11005,Agency Supply Staff,R0095004,"DCC Business Entities (Sole Trade, Partnership, Ltd)"
INSERTED DETAIL,18,Devon County Council,08/04/2026,22085528,"2,856.00",PROMOTING INDEPENDENT CARE LIMITED,376159,,Children's Social Care,A11005,Agency Supply Staff,R0095001,"DCC Business Entities (Sole Trade, Partnership, Ltd)"
INSERTED DETAIL,18,Devon County Council,08/04/2026,22085766,"3,040.80",PROSPERO RECRUITMENT LIMITED,352539,486704947,Dedicated Schools Grant,A44180,Services for Educational Estabs - Devon,R0010004,"DCC Business Entities (Sole Trade, Partnership, Ltd)"
INSERTED DETAIL,18,Devon County Council,08/04/2026,22086082,"3,645.60",EAST DEVON DISTRICT COUN (S O ACCOUNT),8710,142218990,Transformation & Business Services,A23005,Rates,R0333004,"DCC Business Entities (Sole Trade, Partnership, Ltd)"
INSERTED DETAIL,18,Devon County Council,08/04/2026,22086630,"1,167.50",SEARLE LAURA,333959,252412732,"Chief Exec, Legal & Democratic services",A44968,Legal & Conveyancing Charges,R0276001,"DCC Business Entities (Sole Trade, Partnership, Ltd)"
INSERTED DETAIL,18,Devon County Council,08/04/2026,22086631,"27,904.83",CORMAC CONTRACTING LIMITED,364276,247160514,Capital - Highways,C02009,Works,C0671005,"DCC Business Entities (Sole Trade, Partnership, Ltd)"
INSERTED DETAIL,18,Devon County Council,08/04/2026,22087251,"1,216.32",PROSPERO RECRUITMENT LIMITED,352539,486704947,Dedicated Schools Grant,A44180,Services for Educational Estabs - Devon,R0010004,"DCC Business Entities (Sole Trade, Partnership, Ltd)"
INSERTED DETAIL,18,Devon County Council,08/04/2026,22087659,"51,238.85",KENNFORD TARMACADAM LIMITED,24534,976391178,Capital - Highways,C02009,Works,C0671005,DCC CIS Suppliers
INSERTED DETAIL,18,Devon County Council,08/04/2026,22088207,964.00,THE OUTDOORS GROUP *69*,346911,312604642,Dedicated Schools Grant,A44185,Other professional Services (Schools),R0082007,"DCC Business Entities (Sole Trade, Partnership, Ltd)"
INSERTED DETAIL,18,Devon County Council,08/04/2026,22088540,"5,600.00",DENE TERRY TRADING AS SPACE ADAPT LEARN GROW,404230,,Dedicated Schools Grant,A44185,Other professional Services (Schools),R0082007,"DCC Business Entities (Sole Trade, Partnership, Ltd)"
INSERTED DETAIL,18,Devon County Council,08/04/2026,22088620,"1,134.78",NORSE SOUTH WEST LIMITED,279741,785421021,Operations,A49208,Transaction fees: Other costs,R0239001,"DCC Business Entities (Sole Trade, Partnership, Ltd)"
INSERTED DETAIL,18,Devon County Council,08/04/2026,22088621,"4,561.20",PROSPERO RECRUITMENT LIMITED,352539,486704947,Dedicated Schools Grant,A44185,Other professional Services (Schools),R0082007,"DCC Business Entities (Sole Trade, Partnership, Ltd)"
INSERTED DETAIL,18,Devon County Council,08/04/2026,22088625,"3,182.88",PROSPERO RECRUITMENT LIMITED,352539,486704947,Dedicated Schools Grant,A44185,Other professional Services (Schools),R0082007,"DCC Business Entities (Sole Trade, Partnership, Ltd)"
INSERTED DETAIL,18,Devon County Council,08/04/2026,22088663,"5,408.33",ACORN CARE & EDUCATION LIMITED,333557,902188441,Dedicated Schools Grant,A61052,Independent Special School Fees,R0089003,"DCC Business Entities (Sole Trade, Partnership, Ltd)"
INSERTED DETAIL,18,Devon County Council,08/04/2026,22088666,"7,622.68",ACORN CARE & EDUCATION LIMITED,333557,902188441,Dedicated Schools Grant,A61052,Independent Special School Fees,R0089003,"DCC Business Entities (Sole Trade, Partnership, Ltd)"
INSERTED DETAIL,18,Devon County Council,08/04/2026,22088669,"5,793.80",ACORN CARE & EDUCATION LIMITED,333557,902188441,Dedicated Schools Grant,A61052,Independent Special School Fees,R0089003,"DCC Business Entities (Sole Trade, Partnership, Ltd)"
INSERTED DETAIL,18,Devon County Council,08/04/2026,22088676,"6,979.73",ACORN CARE & EDUCATION LIMITED,333557,902188441,Dedicated Schools Grant,A61052,Independent Special School Fees,R0089003,"DCC Business Entities (Sole Trade, Partnership, Ltd)"
INSERTED DETAIL,18,Devon County Council,08/04/2026,22088680,"2,375.00",COVY LIMITED/ TRADING AS GARAGE SERVICES,390598,429102322,"Transport Operations, Environment and Waste",A30010,Vehicles Repairs,R0584003,"DCC Business Entities (Sole Trade, Partnership, Ltd)"
INSERTED DETAIL,18,Devon County Council,08/04/2026,22088683,"6,979.73",ACORN CARE & EDUCATION LIMITED,333557,902188441,Dedicated Schools Grant,A61052,Independent Special School Fees,R0089003,"DCC Business Entities (Sole Trade, Partnership, Ltd)"
INSERTED DETAIL,18,Devon County Council,08/04/2026,22088685,"5,793.80",ACORN CARE & EDUCATION LIMITED,333557,902188441,Dedicated Schools Grant,A61052,Independent Special School Fees,R0089003,"DCC Business Entities (Sole Trade, Partnership, Ltd)"
INSERTED DETAIL,18,Devon County Council,08/04/2026,22088695,"5,570.58",ACORN CARE & EDUCATION LIMITED,333557,902188441,Dedicated Schools Grant,A61052,Independent Special School Fees,R0089003,"DCC Business Entities (Sole Trade, Partnership, Ltd)"
INSERTED DETAIL,18,Devon County Council,08/04/2026,22088711,"5,408.33",ACORN CARE & EDUCATION LIMITED,333557,902188441,Dedicated Schools Grant,A61052,Independent Special School Fees,R0089003,"DCC Business Entities (Sole Trade, Partnership, Ltd)"
INSERTED DETAIL,18,Devon County Council,08/04/2026,22088718,"5,408.33",ACORN CARE & EDUCATION LIMITED,333557,902188441,Dedicated Schools Grant,A61052,Independent Special School Fees,R0089003,"DCC Business Entities (Sole Trade, Partnership, Ltd)"
INSERTED DETAIL,18,Devon County Council,08/04/2026,22088721,"5,408.33",ACORN CARE & EDUCATION LIMITED,333557,902188441,Dedicated Schools Grant,A61052,Independent Special School Fees,R0089003,"DCC Business Entities (Sole Trade, Partnership, Ltd)"
INSERTED DETAIL,18,Devon County Council,08/04/2026,22088731,"2,099.20",KENNFORD TARMACADAM LIMITED,24534,976391178,Capital - Highways,C02009,Works,C0652001,DCC CIS Suppliers
INSERTED DETAIL,18,Devon County Council,08/04/2026,22088893,"4,424.56",Sellick Partnership,604387,864288095,"Chief Exec, Legal & Democratic services",A17005,Staff Recruitment Advertising,R0286001,"DCC Business Entities (Sole Trade, Partnership, Ltd)"
INSERTED DETAIL,18,Devon County Council,08/04/2026,22088919,"7,409.60",KENNFORD TARMACADAM LIMITED,24534,976391178,Capital - Highways,C02009,Works,C0671006,DCC CIS Suppliers
INSERTED DETAIL,18,Devon County Council,08/04/2026,22088930,"2,263.84",E & J W GLENDINNING LIMITED,62732,668406312,Capital - Highways,C02009,Works,C0652001,DCC CIS Suppliers
INSERTED DETAIL,18,Devon County Council,08/04/2026,22088953,"2,263.84",E & J W GLENDINNING LIMITED,62732,668406312,Capital - Highways,C02009,Works,C0652001,DCC CIS Suppliers
INSERTED DETAIL,18,Devon County Council,08/04/2026,22089013,"5,754.10",KENNFORD TARMACADAM LIMITED,24534,976391178,Capital - Highways,C02009,Works,C0671006,DCC CIS Suppliers
INSERTED DETAIL,18,Devon County Council,08/04/2026,22089063,"4,034.80",KENNFORD TARMACADAM LIMITED,24534,976391178,Capital - Highways,C02009,Works,C0671006,DCC CIS Suppliers
INSERTED DETAIL,18,Devon County Council,08/04/2026,22089073,"4,917.90",KENNFORD TARMACADAM LIMITED,24534,976391178,Capital - Highways,C02009,Works,C0671006,DCC CIS Suppliers
INSERTED DETAIL,18,Devon County Council,08/04/2026,150408507,844.14,M Group Highways Limited,375383,927200546,Highways & Infrastructure Development,A46100,Main / Term Contractor,R0554001,"DCC Business Entities (Sole Trade, Partnership, Ltd)"
INSERTED DETAIL,18,Devon County Council,09/04/2026,22082092,"2,480.00",HELD HEALTH LIMITED,392625,,P-Ledger - Separate Legal Entity,A61060,Support for Children in Care,P0432008,"DCC Business Entities (Sole Trade, Partnership, Ltd)"
INSERTED DETAIL,18,Devon County Council,09/04/2026,22082094,640.00,HELD HEALTH LIMITED,392625,,P-Ledger - Separate Legal Entity,A61060,Support for Children in Care,P0432008,"DCC Business Entities (Sole Trade, Partnership, Ltd)"
INSERTED DETAIL,18,Devon County Council,09/04/2026,22082342,700.00,Wildhearts Services CIC,602264,,Children's Social Care,A61060,Support for Children in Care,R0106002,"DCC Business Entities (Sole Trade, Partnership, Ltd)"
INSERTED DETAIL,18,Devon County Council,09/04/2026,22083333,"3,793.97",BRAUNTON MOBILITY,273746,947557671,P-Ledger - Separate Legal Entity,A61054,Equipment (Care),P0391002,"DCC Business Entities (Sole Trade, Partnership, Ltd)"
INSERTED DETAIL,18,Devon County Council,09/04/2026,22083434,"1,431.03",N H S PROPERTY SERVICES LIMITED,348466,156725100,Public Health Nursing,A22005,Building Rents,R0019003,"DCC Business Entities (Sole Trade, Partnership, Ltd)"
INSERTED DETAIL,18,Devon County Council,09/04/2026,22083436,"2,450.01",N H S PROPERTY SERVICES LIMITED,348466,156725100,Children's Social Care,A22005,Building Rents,R0095004,"DCC Business Entities (Sole Trade, Partnership, Ltd)"
INSERTED DETAIL,18,Devon County Council,09/04/2026,22083438,"1,943.99",N H S PROPERTY SERVICES LIMITED,348466,156725100,Public Health Nursing,A22005,Building Rents,R0019003,"DCC Business Entities (Sole Trade, Partnership, Ltd)"
INSERTED DETAIL,18,Devon County Council,09/04/2026,22083440,"1,982.82",N H S PROPERTY SERVICES LIMITED,348466,156725100,Children's Social Care,A22005,Building Rents,R0095009,"DCC Business Entities (Sole Trade, Partnership, Ltd)"
INSERTED DETAIL,18,Devon County Council,09/04/2026,22083444,"2,086.38",N H S PROPERTY SERVICES LIMITED,348466,156725100,Public Health Nursing,A22005,Building Rents,R0019003,"DCC Business Entities (Sole Trade, Partnership, Ltd)"
INSERTED DETAIL,18,Devon County Council,09/04/2026,22083445,902.89,N H S PROPERTY SERVICES LIMITED,348466,156725100,Children's Social Care,A23005,Rates,R0095005,"DCC Business Entities (Sole Trade, Partnership, Ltd)"
INSERTED DETAIL,18,Devon County Council,09/04/2026,22083462,"2,520.06",EXETER RUGBY CLUB LTD,34972,918551313,Dedicated Schools Grant,A44185,Other professional Services (Schools),R0082007,"DCC Business Entities (Sole Trade, Partnership, Ltd)"
INSERTED DETAIL,18,Devon County Council,09/04/2026,22083464,"8,736.00",EXETER RUGBY CLUB LTD,34972,918551313,Dedicated Schools Grant,A44185,Other professional Services (Schools),R0082007,"DCC Business Entities (Sole Trade, Partnership, Ltd)"
INSERTED DETAIL,18,Devon County Council,09/04/2026,22083469,"2,225.14",N H S PROPERTY SERVICES LIMITED,348466,156725100,Public Health Nursing,A22005,Building Rents,R0019003,"DCC Business Entities (Sole Trade, Partnership, Ltd)"
INSERTED DETAIL,18,Devon County Council,09/04/2026,22083482,"3,330.00",DJMA LIMITED,393120,399254543,Capital - Highways,C02009,Works,C0671008,"DCC Business Entities (Sole Trade, Partnership, Ltd)"
INSERTED DETAIL,18,Devon County Council,09/04/2026,22083506,"52,053.46",S C C,161520,313651680,Transformation & Business Services,A45040,IT Software,R0353008,"DCC Business Entities (Sole Trade, Partnership, Ltd)"
INSERTED DETAIL,18,Devon County Council,09/04/2026,22083535,"43,460.58",TORBAY & SOUTH DEVON NHS,290092,654941219,Operations,A53005,Payments to Health Authorities,R0469001,"DCC Business Entities (Sole Trade, Partnership, Ltd)"
INSERTED DETAIL,18,Devon County Council,09/04/2026,22084198,"1,483.94",STORMPRESS,122181,321041328,Children's Social Care,A44942,Promotions and Events,R0076003,"DCC Business Entities (Sole Trade, Partnership, Ltd)"
INSERTED DETAIL,18,Devon County Council,09/04/2026,22085225,750.00,JB RADFORD PLANT HIRE AND HAULAG,18952,141002147,Capital - Highways,C02009,Works,C0652001,DCC CIS Suppliers
INSERTED DETAIL,18,Devon County Council,09/04/2026,22085296,742.18,NORSE SOUTH WEST LIMITED,279741,785421021,"Economy, Enterprise and Skills",A46100,Main / Term Contractor,R0540006,"DCC Business Entities (Sole Trade, Partnership, Ltd)"
INSERTED DETAIL,18,Devon County Council,09/04/2026,22086117,"3,622.21",THE COLOUR WORKS INTERNATIONAL LIMITED,394321,825444822,People and Culture,A16015,Staff Training Expenses - Non Payroll,R0303002,"DCC Business Entities (Sole Trade, Partnership, Ltd)"
INSERTED DETAIL,18,Devon County Council,09/04/2026,22086376,837.74,NORSE SOUTH WEST LIMITED,279741,785421021,Transformation & Business Services,A20030,Service Term Contracts,R0333026,"DCC Business Entities (Sole Trade, Partnership, Ltd)"
INSERTED DETAIL,18,Devon County Council,09/04/2026,22086414,"2,001.00",SAVILLS,186570,577657579,Capital - Highways,C02011,External Professional Fees,C0671008,"DCC Business Entities (Sole Trade, Partnership, Ltd)"
INSERTED DETAIL,18,Devon County Council,09/04/2026,22087279,550.00,BRIDGE CIVIL ENGINEERING LIMITED,79315,717667210,Capital - Highways,C02011,External Professional Fees,C0652001,DCC CIS Suppliers
INSERTED DETAIL,18,Devon County Council,09/04/2026,22087675,"2,955.14",MARINE & CIVIL SOLUTIONS LIMITED,283395,431868383,Capital - Highways,C02009,Works,C0671004,DCC CIS Suppliers
INSERTED DETAIL,18,Devon County Council,09/04/2026,22087932,996.00,HEYWOOD LIMITED,25829,862529800,Finance & Public Value,A45005,IT Hardware,R0493001,"DCC Business Entities (Sole Trade, Partnership, Ltd)"
INSERTED DETAIL,18,Devon County Council,09/04/2026,22088167,"15,000.00",Analytical Services International Ltd,307650,363423802,"Chief Exec, Legal & Democratic services",A44038,Fees,R0506002,"DCC Business Entities (Sole Trade, Partnership, Ltd)"
INSERTED DETAIL,18,Devon County Council,09/04/2026,22088170,"3,005.60",EAST DEVON DISTRICT COUN (S O ACCOUNT),8710,142218990,Highways & Infrastructure Development,A23005,Rates,R0552004,"DCC Business Entities (Sole Trade, Partnership, Ltd)"
INSERTED DETAIL,18,Devon County Council,09/04/2026,22088288,900.00,APC (PATHOLOGY) LIMITED,383447,,"Chief Exec, Legal & Democratic services",A44038,Fees,R0506002,"DCC Business Entities (Sole Trade, Partnership, Ltd)"
INSERTED DETAIL,18,Devon County Council,09/04/2026,22086067,"7,624.50",NORTH DEVON COUNCIL (RATES),401210,,Transformation & Business Services,A23005,Rates,R0333028,"DCC Business Entities (Sole Trade, Partnership, Ltd)"
INSERTED DETAIL,18,Devon County Council,09/04/2026,22086072,"6,077.50",NORTH DEVON COUNCIL (RATES),401210,,Transformation & Business Services,A23005,Rates,R0333028,"DCC Business Entities (Sole Trade, Partnership, Ltd)"
INSERTED DETAIL,18,Devon County Council,09/04/2026,22086713,"2,365.50",BEES UK LIMITED,355821,,Dedicated Schools Grant,A44185,Other professional Services (Schools),R0082006,"DCC Business Entities (Sole Trade, Partnership, Ltd)"
INSERTED DETAIL,18,Devon County Council,09/04/2026,22086846,"1,800.00",ISWP ASSESSMENT SERVICES LIMITED,340338,251027053,"Chief Exec, Legal & Democratic services",A44038,Fees,R0276001,"DCC Business Entities (Sole Trade, Partnership, Ltd)"
INSERTED DETAIL,18,Devon County Council,09/04/2026,22087325,510.00,PROMOTING INDEPENDENT CARE LIMITED,376159,,Children's Social Care,A11005,Agency Supply Staff,R0095003,"DCC Business Entities (Sole Trade, Partnership, Ltd)"
INSERTED DETAIL,18,Devon County Council,09/04/2026,22087990,"2,475.00",EXETER PAEDIATRIC I C S LIMITED,373429,,P-Ledger - Separate Legal Entity,A61060,Support for Children in Care,P0432008,"DCC Business Entities (Sole Trade, Partnership, Ltd)"
INSERTED DETAIL,18,Devon County Council,09/04/2026,22088143,"43,985.21",COVY LIMITED/ TRADING AS GARAGE SERVICES,390598,429102322,"Transport Operations, Environment and Waste",A30010,Vehicles Repairs,R0584003,"DCC Business Entities (Sole Trade, Partnership, Ltd)"
INSERTED DETAIL,18,Devon County Council,09/04/2026,22088166,"11,125.00",Analytical Services International Ltd,307650,363423802,"Chief Exec, Legal & Democratic services",A44038,Fees,R0506002,"DCC Business Entities (Sole Trade, Partnership, Ltd)"
INSERTED DETAIL,18,Devon County Council,09/04/2026,22088656,"-1,430.00",PSYCHOLOGY ASSOCIATES LIMITED,147932,912873418,P-Ledger - Separate Legal Entity,A61060,Support for Children in Care,P0432008,"DCC Business Entities (Sole Trade, Partnership, Ltd)"
INSERTED DETAIL,18,Devon County Council,09/04/2026,22088733,"1,165.99",NORSE SOUTH WEST LIMITED,279741,785421021,Transformation & Business Services,A46100,Main / Term Contractor,R0334005,"DCC Business Entities (Sole Trade, Partnership, Ltd)"
INSERTED DETAIL,18,Devon County Council,09/04/2026,22088956,"2,800.00",LEEP TALENT LIMITED,601804,469035473,"Economy, Enterprise and Skills",A44038,Fees,R0546004,"DCC Business Entities (Sole Trade, Partnership, Ltd)"
INSERTED DETAIL,18,Devon County Council,09/04/2026,22088960,"2,100.00",LEEP TALENT LIMITED,601804,469035473,"Economy, Enterprise and Skills",A44038,Fees,R0546004,"DCC Business Entities (Sole Trade, Partnership, Ltd)"
INSERTED DETAIL,18,Devon County Council,09/04/2026,22088966,"2,100.00",LEEP TALENT LIMITED,601804,469035473,"Economy, Enterprise and Skills",A44038,Fees,R0546004,"DCC Business Entities (Sole Trade, Partnership, Ltd)"
INSERTED DETAIL,18,Devon County Council,09/04/2026,22088968,"4,200.00",LEEP TALENT LIMITED,601804,469035473,"Economy, Enterprise and Skills",A44038,Fees,R0546004,"DCC Business Entities (Sole Trade, Partnership, Ltd)"
INSERTED DETAIL,18,Devon County Council,09/04/2026,22088488,760.20,PROSPERO RECRUITMENT LIMITED,352539,486704947,Dedicated Schools Grant,A44185,Other professional Services (Schools),R0082007,"DCC Business Entities (Sole Trade, Partnership, Ltd)"
INSERTED DETAIL,18,Devon County Council,09/04/2026,22088622,"3,321.87",Enerveo Limited,14967,382894546,Capital - Highways,C02009,Works,C0671008,DCC CIS Suppliers
INSERTED DETAIL,18,Devon County Council,09/04/2026,22088965,"12,600.00",LEEP TALENT LIMITED,601804,469035473,"Economy, Enterprise and Skills",A44038,Fees,R0546004,"DCC Business Entities (Sole Trade, Partnership, Ltd)"
INSERTED DETAIL,18,Devon County Council,09/04/2026,22089149,"3,466.67",MOOR TO LIFE E & W COMMUNITY INTEREST COMPANY,393010,,Dedicated Schools Grant,A44185,Other professional Services (Schools),R0082007,"DCC Business Entities (Sole Trade, Partnership, Ltd)"
INSERTED DETAIL,18,Devon County Council,09/04/2026,22089228,"79,995.16",ROYAL DEVON UNIVERSITY HEALTHCAR,21280,654938887,"Chief Exec, Legal & Democratic services",A44086,Mortuary Facilities,R0506002,"DCC Business Entities (Sole Trade, Partnership, Ltd)"
INSERTED DETAIL,18,Devon County Council,09/04/2026,22089335,"202,364.90",LEARNING ACADEMY PARTNERSHIP SOUTH WEST,316043,,Capital - Children & Schools Expansions,C02009,Works,C0657001,"DCC Business Entities (Sole Trade, Partnership, Ltd)"
INSERTED DETAIL,18,Devon County Council,09/04/2026,22089490,"20,945.00",ICE CREATES LIMITED,121640,732833240,Public Health,A57115,Payments to Private Contractors,R0316084,"DCC Business Entities (Sole Trade, Partnership, Ltd)"
INSERTED DETAIL,18,Devon County Council,10/04/2026,22083788,"3,000.00",Exeter College (Exeter and North Devon Colleges Group),6141,125451632,Children's Social Care,A52010,"Grants to voluntary, community and social enterprise organisations",R0007006,"DCC Business Entities (Sole Trade, Partnership, Ltd)"
INSERTED DETAIL,18,Devon County Council,10/04/2026,22083802,"1,100.00",BALES FARM OUTDOOR LEARNING LTD,377260,,Dedicated Schools Grant,A44185,Other professional Services (Schools),R0082002,"DCC Business Entities (Sole Trade, Partnership, Ltd)"
INSERTED DETAIL,18,Devon County Council,10/04/2026,22083916,"13,000.00",DEVON COMMUNITIES TOGETHER,5033,942049627,"Transport Operations, Environment and Waste",A53012,Payments to Independent Units,R0614001,"DCC Business Entities (Sole Trade, Partnership, Ltd)"
INSERTED DETAIL,18,Devon County Council,10/04/2026,22083932,"2,475.00",BALES FARM OUTDOOR LEARNING LTD,377260,,Dedicated Schools Grant,A44185,Other professional Services (Schools),R0082007,"DCC Business Entities (Sole Trade, Partnership, Ltd)"
INSERTED DETAIL,18,Devon County Council,10/04/2026,22083934,"2,062.50",BALES FARM OUTDOOR LEARNING LTD,377260,,Dedicated Schools Grant,A44185,Other professional Services (Schools),R0082007,"DCC Business Entities (Sole Trade, Partnership, Ltd)"
INSERTED DETAIL,18,Devon County Council,10/04/2026,22083937,"2,062.50",BALES FARM OUTDOOR LEARNING LTD,377260,,Dedicated Schools Grant,A44185,Other professional Services (Schools),R0082007,"DCC Business Entities (Sole Trade, Partnership, Ltd)"
INSERTED DETAIL,18,Devon County Council,10/04/2026,22083938,"2,475.00",BALES FARM OUTDOOR LEARNING LTD,377260,,Dedicated Schools Grant,A44185,Other professional Services (Schools),R0082007,"DCC Business Entities (Sole Trade, Partnership, Ltd)"
INSERTED DETAIL,18,Devon County Council,10/04/2026,22083944,"2,062.50",BALES FARM OUTDOOR LEARNING LTD,377260,,Dedicated Schools Grant,A44180,Services for Educational Estabs - Devon,R0010004,"DCC Business Entities (Sole Trade, Partnership, Ltd)"
INSERTED DETAIL,18,Devon County Council,10/04/2026,22083969,519.82,NORSE SOUTH WEST LIMITED,279741,785421021,Transformation & Business Services,A20005,"Property Repairs, Maintenance & Alterations (programmed)",R0333026,"DCC Business Entities (Sole Trade, Partnership, Ltd)"
INSERTED DETAIL,18,Devon County Council,10/04/2026,22083999,"4,133.33",NORSE SOUTH WEST LIMITED,279741,785421021,Transformation & Business Services,A44038,Fees,R0333026,"DCC Business Entities (Sole Trade, Partnership, Ltd)"
INSERTED DETAIL,18,Devon County Council,10/04/2026,22084143,"4,785.48",CITY COLLEGE PLYMOUTH,13507,591390916,"Economy, Enterprise and Skills",A44038,Fees,R0546004,"DCC Business Entities (Sole Trade, Partnership, Ltd)"
INSERTED DETAIL,18,Devon County Council,10/04/2026,22084144,"1,224.00",ACTION FIRST ASSESMENT LIMITED,388434,313339624,Operations,A44038,Fees,R0222002,"DCC Business Entities (Sole Trade, Partnership, Ltd)"
INSERTED DETAIL,18,Devon County Council,10/04/2026,22084155,"4,465.53",Enerveo Limited,14967,382894546,Highways & Infrastructure Development,A44130,Street Lighting,R0567008,DCC CIS Suppliers
INSERTED DETAIL,18,Devon County Council,10/04/2026,22084169,"10,000.00",F W A G SOUTH WEST,316031,127629304,"Transport Operations, Environment and Waste",A44038,Fees,R0644001,"DCC Business Entities (Sole Trade, Partnership, Ltd)"
INSERTED DETAIL,18,Devon County Council,10/04/2026,22084691,"2,547.71",VALLEY MOBILITY SERVICES LIMITED,87203,728762990,P-Ledger - Separate Legal Entity,A61054,Equipment (Care),P0391002,"DCC Business Entities (Sole Trade, Partnership, Ltd)"
INSERTED DETAIL,18,Devon County Council,10/04/2026,22084766,691.60,INSTARMAC GROUP PLC,302188,295973982,Highways & Infrastructure Development,A40070,Stock Materials,R0554004,"DCC Business Entities (Sole Trade, Partnership, Ltd)"
INSERTED DETAIL,18,Devon County Council,10/04/2026,22085654,"2,691.82",GCI NETWORK SOLUTIONS TA NASSTAR,380659,199872429,Transformation & Business Services,A45008,IT Hardware Maintenance,R0353008,"DCC Business Entities (Sole Trade, Partnership, Ltd)"
INSERTED DETAIL,18,Devon County Council,10/04/2026,22085660,681.58,NORSE SOUTH WEST LIMITED,279741,785421021,Children's Social Care,A20005,"Property Repairs, Maintenance & Alterations (programmed)",R0095002,"DCC Business Entities (Sole Trade, Partnership, Ltd)"
INSERTED DETAIL,18,Devon County Council,10/04/2026,22085670,"1,066.73",NORSE SOUTH WEST LIMITED,279741,785421021,Children's Social Care,A20005,"Property Repairs, Maintenance & Alterations (programmed)",R0095001,"DCC Business Entities (Sole Trade, Partnership, Ltd)"
INSERTED DETAIL,18,Devon County Council,10/04/2026,22085672,954.10,NORSE SOUTH WEST LIMITED,279741,785421021,Children's Social Care,A20005,"Property Repairs, Maintenance & Alterations (programmed)",R0095009,"DCC Business Entities (Sole Trade, Partnership, Ltd)"
INSERTED DETAIL,18,Devon County Council,10/04/2026,22086017,"1,097.25",SOUTHWEST INTERVENTION SERVICES,333291,440830321,Children's Social Care,A61200,Community based care,R0044004,"DCC Business Entities (Sole Trade, Partnership, Ltd)"
INSERTED DETAIL,18,Devon County Council,10/04/2026,22088433,541.67,MAN WITH A VAN SERVICES,316053,,Mental Health,A20010,"Property Repairs, Maintenance & Alterations (Reactive)",R0221002,"DCC Business Entities (Sole Trade, Partnership, Ltd)"
INSERTED DETAIL,18,Devon County Council,10/04/2026,22089247,862.50,THE FAMILY PLACE LIMITED,350245,,P-Ledger - Separate Legal Entity,A61120,Adoptions Allowances,P0432008,"DCC Business Entities (Sole Trade, Partnership, Ltd)"
INSERTED DETAIL,18,Devon County Council,10/04/2026,22089555,"9,299.75",CO-LAB EXETER,90202,186186963,Public Health,A57115,Payments to Private Contractors,R0316047,"DCC Business Entities (Sole Trade, Partnership, Ltd)"
INSERTED DETAIL,18,Devon County Council,13/04/2026,22079942,"2,691.00",DEVON PATHWAYS LTD,383486,392542678,Dedicated Schools Grant,A44180,Services for Educational Estabs - Devon,R0010003,"DCC Business Entities (Sole Trade, Partnership, Ltd)"
INSERTED DETAIL,18,Devon County Council,13/04/2026,22083486,"2,577.27",EAST DEVON DISTRICT COUN (S O ACCOUNT),8710,142218990,Children's Social Care,A23005,Rates,R0095008,"DCC Business Entities (Sole Trade, Partnership, Ltd)"
INSERTED DETAIL,18,Devon County Council,13/04/2026,22084337,"81,750.00",ROYAL DEVON UNIVERSITY HEALTHCAR,21280,654938887,P-Ledger - Separate Legal Entity,A54000,Better Care Fund Expense,P0394006,"DCC Business Entities (Sole Trade, Partnership, Ltd)"
INSERTED DETAIL,18,Devon County Council,13/04/2026,22084347,"81,000.00",ROYAL DEVON UNIVERSITY HEALTHCAR,21280,654938887,P-Ledger - Separate Legal Entity,A54000,Better Care Fund Expense,P0394004,"DCC Business Entities (Sole Trade, Partnership, Ltd)"
INSERTED DETAIL,18,Devon County Council,13/04/2026,22084362,608.16,PROSPERO RECRUITMENT LIMITED,352539,486704947,Dedicated Schools Grant,A44185,Other professional Services (Schools),R0082007,"DCC Business Entities (Sole Trade, Partnership, Ltd)"
INSERTED DETAIL,18,Devon County Council,13/04/2026,22084363,"2,027.20",PROSPERO RECRUITMENT LIMITED,352539,486704947,Dedicated Schools Grant,A44185,Other professional Services (Schools),R0082007,"DCC Business Entities (Sole Trade, Partnership, Ltd)"
INSERTED DETAIL,18,Devon County Council,13/04/2026,22084371,"3,040.80",PROSPERO RECRUITMENT LIMITED,352539,486704947,Dedicated Schools Grant,A44185,Other professional Services (Schools),R0082007,"DCC Business Entities (Sole Trade, Partnership, Ltd)"
INSERTED DETAIL,18,Devon County Council,13/04/2026,22084374,"3,040.80",PROSPERO RECRUITMENT LIMITED,352539,486704947,Dedicated Schools Grant,A44185,Other professional Services (Schools),R0082007,"DCC Business Entities (Sole Trade, Partnership, Ltd)"
INSERTED DETAIL,18,Devon County Council,13/04/2026,22084380,"4,147.87",PROSPERO RECRUITMENT LIMITED,352539,486704947,Dedicated Schools Grant,A44185,Other professional Services (Schools),R0082007,"DCC Business Entities (Sole Trade, Partnership, Ltd)"
INSERTED DETAIL,18,Devon County Council,13/04/2026,22084381,"1,216.32",PROSPERO RECRUITMENT LIMITED,352539,486704947,Dedicated Schools Grant,A44185,Other professional Services (Schools),R0082007,"DCC Business Entities (Sole Trade, Partnership, Ltd)"
INSERTED DETAIL,18,Devon County Council,13/04/2026,22084385,810.88,PROSPERO RECRUITMENT LIMITED,352539,486704947,Dedicated Schools Grant,A44185,Other professional Services (Schools),R0082007,"DCC Business Entities (Sole Trade, Partnership, Ltd)"
INSERTED DETAIL,18,Devon County Council,13/04/2026,22084403,"1,252.75",WGP MAINTENANCE LIMITED,397367,948500609,Children's Social Care,A20010,"Property Repairs, Maintenance & Alterations (Reactive)",R0095009,DCC CIS Suppliers
INSERTED DETAIL,18,Devon County Council,13/04/2026,22084459,"118,013.00",PLYMOUTH CITY COUNCIL (RADIUS ACCOUNT,87504,144675845,Dedicated Schools Grant,A53030,OLA Recoupment Expenditure (3rd),R0111007,"DCC Business Entities (Sole Trade, Partnership, Ltd)"
INSERTED DETAIL,18,Devon County Council,13/04/2026,22084462,"73,999.67",PLYMOUTH CITY COUNCIL (RADIUS ACCOUNT,87504,144675845,Dedicated Schools Grant,A53030,OLA Recoupment Expenditure (3rd),R0111007,"DCC Business Entities (Sole Trade, Partnership, Ltd)"
INSERTED DETAIL,18,Devon County Council,13/04/2026,22084470,760.20,PROSPERO RECRUITMENT LIMITED,352539,486704947,Dedicated Schools Grant,A44185,Other professional Services (Schools),R0082007,"DCC Business Entities (Sole Trade, Partnership, Ltd)"
INSERTED DETAIL,18,Devon County Council,13/04/2026,22084474,"1,520.40",PROSPERO RECRUITMENT LIMITED,352539,486704947,Dedicated Schools Grant,A44180,Services for Educational Estabs - Devon,R0010004,"DCC Business Entities (Sole Trade, Partnership, Ltd)"
INSERTED DETAIL,18,Devon County Council,13/04/2026,22084515,"3,193.49",PROSPERO RECRUITMENT LIMITED,352539,486704947,Dedicated Schools Grant,A44185,Other professional Services (Schools),R0082007,"DCC Business Entities (Sole Trade, Partnership, Ltd)"
INSERTED DETAIL,18,Devon County Council,13/04/2026,22084527,"7,421.70",CITY COLLEGE PLYMOUTH,13507,591390916,"Economy, Enterprise and Skills",A44038,Fees,R0546004,"DCC Business Entities (Sole Trade, Partnership, Ltd)"
INSERTED DETAIL,18,Devon County Council,13/04/2026,22084535,"1,216.32",PROSPERO RECRUITMENT LIMITED,352539,486704947,Dedicated Schools Grant,A44185,Other professional Services (Schools),R0082007,"DCC Business Entities (Sole Trade, Partnership, Ltd)"
INSERTED DETAIL,18,Devon County Council,13/04/2026,22084544,"274,500.00",ROYAL DEVON UNIVERSITY HEALTHCAR,21280,654938887,P-Ledger - Separate Legal Entity,A54000,Better Care Fund Expense,P0394007,"DCC Business Entities (Sole Trade, Partnership, Ltd)"
INSERTED DETAIL,18,Devon County Council,13/04/2026,22084550,"4,286.40",CITY COLLEGE PLYMOUTH,13507,591390916,"Economy, Enterprise and Skills",A44038,Fees,R0546004,"DCC Business Entities (Sole Trade, Partnership, Ltd)"
INSERTED DETAIL,18,Devon County Council,13/04/2026,22084567,"107,500.11",ASPRIS CHILDRENS SERVICES,269558,411348137,Dedicated Schools Grant,A61052,Independent Special School Fees,R0089003,"DCC Business Entities (Sole Trade, Partnership, Ltd)"
INSERTED DETAIL,18,Devon County Council,13/04/2026,22084588,"1,003.85",THE ADVOCACY PEOPLE,257570,,Operations,A44038,Fees,R0222002,"DCC Business Entities (Sole Trade, Partnership, Ltd)"
INSERTED DETAIL,18,Devon County Council,13/04/2026,22084615,"3,150.00",PRIMED TALENT LIMITED,390265,258192384,"Economy, Enterprise and Skills",A44038,Fees,R0546004,"DCC Business Entities (Sole Trade, Partnership, Ltd)"
INSERTED DETAIL,18,Devon County Council,13/04/2026,22084642,834.72,Word360 Ltd,600143,365615385,Inclusion & Learning,A44038,Fees,R0065001,"DCC Business Entities (Sole Trade, Partnership, Ltd)"
INSERTED DETAIL,18,Devon County Council,13/04/2026,22084648,"2,761.38",UNIVERSITY OF EXETER-FINANCE OFF,4630,142047795,"Transport Operations, Environment and Waste",A44038,Fees,R0642001,"DCC Business Entities (Sole Trade, Partnership, Ltd)"
INSERTED DETAIL,18,Devon County Council,13/04/2026,22084652,"2,784.03",UNIVERSITY OF EXETER-FINANCE OFF,4630,142047795,"Transport Operations, Environment and Waste",A44038,Fees,R0603001,"DCC Business Entities (Sole Trade, Partnership, Ltd)"
INSERTED DETAIL,18,Devon County Council,13/04/2026,22084666,"6,600.00",MOOR TO LIFE E & W COMMUNITY INTEREST COMPANY,393010,,Dedicated Schools Grant,A44185,Other professional Services (Schools),R0082007,"DCC Business Entities (Sole Trade, Partnership, Ltd)"
INSERTED DETAIL,18,Devon County Council,13/04/2026,22084679,"13,300.00",MOOR TO LIFE E & W COMMUNITY INTEREST COMPANY,393010,,Dedicated Schools Grant,A44185,Other professional Services (Schools),R0082007,"DCC Business Entities (Sole Trade, Partnership, Ltd)"
INSERTED DETAIL,18,Devon County Council,13/04/2026,22084755,"2,892.00",HGV Training Services Limited,601845,329272394,"Economy, Enterprise and Skills",A44038,Fees,R0546004,"DCC Business Entities (Sole Trade, Partnership, Ltd)"
INSERTED DETAIL,18,Devon County Council,13/04/2026,22084780,"2,432.64",PROSPERO RECRUITMENT LIMITED,352539,486704947,Dedicated Schools Grant,A44180,Services for Educational Estabs - Devon,R0010004,"DCC Business Entities (Sole Trade, Partnership, Ltd)"
INSERTED DETAIL,18,Devon County Council,13/04/2026,22084799,"5,085.08",WSP UK LIMITED,85394,905054942,Capital - Highways,C02011,External Professional Fees,C0652001,"DCC Business Entities (Sole Trade, Partnership, Ltd)"
INSERTED DETAIL,18,Devon County Council,13/04/2026,22084819,"2,055.98",NEXT STEPS EDUCATION LIMITED,389810,440621822,Dedicated Schools Grant,A44180,Services for Educational Estabs - Devon,R0010004,"DCC Business Entities (Sole Trade, Partnership, Ltd)"
INSERTED DETAIL,18,Devon County Council,13/04/2026,22084844,"1,436.40",DIGITAL PENINSULA NETWORK LIMITED,394926,,"Economy, Enterprise and Skills",A44038,Fees,R0546004,"DCC Business Entities (Sole Trade, Partnership, Ltd)"
INSERTED DETAIL,18,Devon County Council,13/04/2026,22084850,"1,013.60",PROSPERO RECRUITMENT LIMITED,352539,486704947,Dedicated Schools Grant,A44185,Other professional Services (Schools),R0082007,"DCC Business Entities (Sole Trade, Partnership, Ltd)"
INSERTED DETAIL,18,Devon County Council,13/04/2026,22084856,"9,912.00",DIGITAL PENINSULA NETWORK LIMITED,394926,,"Economy, Enterprise and Skills",A44038,Fees,R0546004,"DCC Business Entities (Sole Trade, Partnership, Ltd)"
INSERTED DETAIL,18,Devon County Council,13/04/2026,22084904,"3,519.50",GCI NETWORK SOLUTIONS TA NASSTAR,380659,199872429,Transformation & Business Services,A45020,Telephones,R0353008,"DCC Business Entities (Sole Trade, Partnership, Ltd)"
INSERTED DETAIL,18,Devon County Council,13/04/2026,22084973,"2,192.40",DIGITAL PENINSULA NETWORK LIMITED,394926,,"Economy, Enterprise and Skills",A44038,Fees,R0546004,"DCC Business Entities (Sole Trade, Partnership, Ltd)"
INSERTED DETAIL,18,Devon County Council,13/04/2026,22084986,"71,688.56",SOUTH HAMS DISTRICT COUNCIL,8255,142204125,Planning,A52005,Payments to Other Local Authorities,R0636001,"DCC Business Entities (Sole Trade, Partnership, Ltd)"
INSERTED DETAIL,18,Devon County Council,13/04/2026,22084993,"4,144.46",WSP UK LIMITED,85394,905054942,"Transport Operations, Environment and Waste",A44038,Fees,R0614001,"DCC Business Entities (Sole Trade, Partnership, Ltd)"
INSERTED DETAIL,18,Devon County Council,13/04/2026,22085020,"6,544.50",WSP UK LIMITED,85394,905054942,"Transport Operations, Environment and Waste",A44038,Fees,R0614001,"DCC Business Entities (Sole Trade, Partnership, Ltd)"
INSERTED DETAIL,18,Devon County Council,13/04/2026,22085024,772.19,WSP UK LIMITED,85394,905054942,Planning,A44038,Fees,R0577002,"DCC Business Entities (Sole Trade, Partnership, Ltd)"
INSERTED DETAIL,18,Devon County Council,13/04/2026,22085047,504.42,WSP UK LIMITED,85394,905054942,Planning,A44038,Fees,R0620001,"DCC Business Entities (Sole Trade, Partnership, Ltd)"
INSERTED DETAIL,18,Devon County Council,13/04/2026,22085049,"2,479.40",SUEZ RECYCLING & RECOVERY UK LIMITED,208690,444085847,"Transport Operations, Environment and Waste",A46100,Main / Term Contractor,R0605001,"DCC Business Entities (Sole Trade, Partnership, Ltd)"
INSERTED DETAIL,18,Devon County Council,13/04/2026,22085052,"5,371.35",WSP UK LIMITED,85394,905054942,Highways & Infrastructure Development,A44038,Fees,R0550003,"DCC Business Entities (Sole Trade, Partnership, Ltd)"
INSERTED DETAIL,18,Devon County Council,13/04/2026,22085075,"1,792.06",WSP UK LIMITED,85394,905054942,Capital - Highways,C02011,External Professional Fees,C0671004,"DCC Business Entities (Sole Trade, Partnership, Ltd)"
INSERTED DETAIL,18,Devon County Council,13/04/2026,22085083,875.15,WSP UK LIMITED,85394,905054942,Highways & Infrastructure Development,A44038,Fees,R0571003,"DCC Business Entities (Sole Trade, Partnership, Ltd)"
INSERTED DETAIL,18,Devon County Council,13/04/2026,22085090,"23,000.00",EXMOOR NATIONAL PARK AUTHORITY,191639,682222544,Capital - Highways,C02009,Works,C0652001,"DCC Business Entities (Sole Trade, Partnership, Ltd)"
INSERTED DETAIL,18,Devon County Council,13/04/2026,22085101,686.48,RSK HI-LINE LIMITED,71745,397835628,Capital - Highways,C02009,Works,C0652001,"DCC Business Entities (Sole Trade, Partnership, Ltd)"
INSERTED DETAIL,18,Devon County Council,13/04/2026,22085104,"16,424.80",JEREMY BENN ASSOCIATES LIMITED,321667,665300941,"Transport Operations, Environment and Waste",A44038,Fees,R0579007,"DCC Business Entities (Sole Trade, Partnership, Ltd)"
INSERTED DETAIL,18,Devon County Council,13/04/2026,22085169,"14,171.21",WSP UK LIMITED,85394,905054942,"Capital - Planning, Transportation and Environment",C02011,External Professional Fees,C0671003,"DCC Business Entities (Sole Trade, Partnership, Ltd)"
INSERTED DETAIL,18,Devon County Council,13/04/2026,22085170,"1,842.00",Barnardo Services Ltd,403718,507477337,People and Culture,A16015,Staff Training Expenses - Non Payroll,R0303005,"DCC Business Entities (Sole Trade, Partnership, Ltd)"
INSERTED DETAIL,18,Devon County Council,13/04/2026,22085173,993.99,WSP UK LIMITED,85394,905054942,Capital - Highways,C02011,External Professional Fees,C0671004,"DCC Business Entities (Sole Trade, Partnership, Ltd)"
INSERTED DETAIL,18,Devon County Council,13/04/2026,22085178,"4,070.80",WSP UK LIMITED,85394,905054942,Capital - Highways,C02011,External Professional Fees,C0671004,"DCC Business Entities (Sole Trade, Partnership, Ltd)"
INSERTED DETAIL,18,Devon County Council,13/04/2026,22085240,"106,215.00",TORBAY & SOUTH DEVON NHS,290092,654941219,Operations,A53005,Payments to Health Authorities,R0231003,"DCC Business Entities (Sole Trade, Partnership, Ltd)"
INSERTED DETAIL,18,Devon County Council,13/04/2026,22085242,"7,365.96",TEIGN TREES & LANDSCAPES SOUTH WEST LIMITED,209228,250371238,Highways & Infrastructure Development,A49005,Other Hired & Contracting Services,R0553005,DCC CIS Suppliers
INSERTED DETAIL,18,Devon County Council,13/04/2026,22085249,700.00,Charles Auld,603888,397383401,Capital - Highways,C02011,External Professional Fees,C0671007,"DCC Business Entities (Sole Trade, Partnership, Ltd)"
INSERTED DETAIL,18,Devon County Council,13/04/2026,22085275,745.30,WSP UK LIMITED,85394,905054942,Capital - Highways,C02011,External Professional Fees,C0671004,"DCC Business Entities (Sole Trade, Partnership, Ltd)"
INSERTED DETAIL,18,Devon County Council,13/04/2026,22085289,647.40,WSP UK LIMITED,85394,905054942,Highways & Infrastructure Development,A44038,Fees,R0560002,"DCC Business Entities (Sole Trade, Partnership, Ltd)"
INSERTED DETAIL,18,Devon County Council,13/04/2026,22085290,565.93,WSP UK LIMITED,85394,905054942,Planning,A44038,Fees,R0577002,"DCC Business Entities (Sole Trade, Partnership, Ltd)"
INSERTED DETAIL,18,Devon County Council,13/04/2026,22085400,"96,271.73",WSP UK LIMITED,85394,905054942,"Capital - Planning, Transportation and Environment",C02011,External Professional Fees,C0671003,"DCC Business Entities (Sole Trade, Partnership, Ltd)"
INSERTED DETAIL,18,Devon County Council,13/04/2026,22085420,"9,370.16",AIDS4DAILYLIVING,139021,143365478,P-Ledger - Separate Legal Entity,A61054,Equipment (Care),P0391002,"DCC Business Entities (Sole Trade, Partnership, Ltd)"
INSERTED DETAIL,18,Devon County Council,13/04/2026,22085454,"3,000.00",SWISCO LIMITED,372188,342339021,P-Ledger - Separate Legal Entity,A62105,Miscellaneous expenditure,P0419001,"DCC Business Entities (Sole Trade, Partnership, Ltd)"
INSERTED DETAIL,18,Devon County Council,13/04/2026,22085501,"4,500.00",THE WAVE PROJECT,335705,,Communities,A44038,Fees,R0536015,"DCC Business Entities (Sole Trade, Partnership, Ltd)"
INSERTED DETAIL,18,Devon County Council,13/04/2026,22085522,"3,621.19",WSP UK LIMITED,85394,905054942,"Transport Operations, Environment and Waste",A44038,Fees,R0615001,"DCC Business Entities (Sole Trade, Partnership, Ltd)"
INSERTED DETAIL,18,Devon County Council,13/04/2026,22085556,"5,528.77",WSP UK LIMITED,85394,905054942,Planning,A44038,Fees,R0620001,"DCC Business Entities (Sole Trade, Partnership, Ltd)"
INSERTED DETAIL,18,Devon County Council,13/04/2026,22085557,"12,026.60",WSP UK LIMITED,85394,905054942,Capital - Highways,C02011,External Professional Fees,C0671005,"DCC Business Entities (Sole Trade, Partnership, Ltd)"
INSERTED DETAIL,18,Devon County Council,13/04/2026,22085590,"5,105.46",WSP UK LIMITED,85394,905054942,Planning,A44038,Fees,R0620002,"DCC Business Entities (Sole Trade, Partnership, Ltd)"
INSERTED DETAIL,18,Devon County Council,13/04/2026,22085604,648.07,WSP UK LIMITED,85394,905054942,"Capital - Planning, Transportation and Environment",C02011,External Professional Fees,C0654001,"DCC Business Entities (Sole Trade, Partnership, Ltd)"
INSERTED DETAIL,18,Devon County Council,13/04/2026,22085775,940.00,IMPROVING LIVES PLYMOUTH,342740,,People and Culture,A44038,Fees,R0303007,"DCC Business Entities (Sole Trade, Partnership, Ltd)"
INSERTED DETAIL,18,Devon County Council,13/04/2026,22085824,"249,075.63",VRANCH HOUSE SCHOOL,52422,,Dedicated Schools Grant,A61052,Independent Special School Fees,R0089003,"DCC Business Entities (Sole Trade, Partnership, Ltd)"
INSERTED DETAIL,18,Devon County Council,13/04/2026,22086241,522.50,ST SIDWELLS CENTRE,65554,,"Economy, Enterprise and Skills",A41905,Catering,R0541001,"DCC Business Entities (Sole Trade, Partnership, Ltd)"
INSERTED DETAIL,18,Devon County Council,13/04/2026,22086331,"2,070.00",CREDITSAFE BUSINESS SOLUTIONS LIMITED,367593,751845222,Finance & Public Value,A45045,IT Software Maintenance,R0213001,"DCC Business Entities (Sole Trade, Partnership, Ltd)"
INSERTED DETAIL,18,Devon County Council,13/04/2026,22086415,"36,918.53",WSP UK LIMITED,85394,905054942,"Capital - Planning, Transportation and Environment",C02011,External Professional Fees,C0654001,"DCC Business Entities (Sole Trade, Partnership, Ltd)"
INSERTED DETAIL,18,Devon County Council,13/04/2026,22086654,511.98,GOOSEMOOR FOODSERVICE LIMITED,89008,423789666,Children's Social Care,A44030,Provisions,R0015001,"DCC Business Entities (Sole Trade, Partnership, Ltd)"
INSERTED DETAIL,18,Devon County Council,13/04/2026,22086910,"4,300.78",GCI NETWORK SOLUTIONS TA NASSTAR,380659,199872429,Transformation & Business Services,A45020,Telephones,R0353008,"DCC Business Entities (Sole Trade, Partnership, Ltd)"
INSERTED DETAIL,18,Devon County Council,13/04/2026,22088717,526.27,SPEEDADMIN APS,385805,,Transformation & Business Services,A45040,IT Software,R0353008,DCC International
INSERTED DETAIL,18,Devon County Council,13/04/2026,22088748,"39,143.67",KENNFORD TARMACADAM LIMITED,24534,976391178,Capital - Highways,C02009,Works,C0652001,DCC CIS Suppliers
INSERTED DETAIL,18,Devon County Council,13/04/2026,22088850,"1,661.40",DR N G RYLEY,396753,,"Chief Exec, Legal & Democratic services",A44038,Fees,R0506002,"DCC Business Entities (Sole Trade, Partnership, Ltd)"
INSERTED DETAIL,18,Devon County Council,13/04/2026,22089522,550.00,DR HELEN ROWE,381282,,Children's Social Care,A61060,Support for Children in Care,R0106002,"DCC Business Entities (Sole Trade, Partnership, Ltd)"
INSERTED DETAIL,18,Devon County Council,13/04/2026,22089572,"1,225.00",MODBURY PARISH COUNCIL,7873,158131322,Highways & Infrastructure Development,A49005,Other Hired & Contracting Services,R0557030,"DCC Business Entities (Sole Trade, Partnership, Ltd)"
INSERTED DETAIL,18,Devon County Council,13/04/2026,22089589,720.00,USEFULPSYCHOLOGY,373810,,P-Ledger - Separate Legal Entity,A61060,Support for Children in Care,P0432008,"DCC Business Entities (Sole Trade, Partnership, Ltd)"
INSERTED DETAIL,18,Devon County Council,13/04/2026,22089647,754.63,HEARNS DARTMOOR BUTCHERY LIMITED,391950,,Inclusion & Learning,A44030,Provisions,R0102001,"DCC Business Entities (Sole Trade, Partnership, Ltd)"
INSERTED DETAIL,18,Devon County Council,13/04/2026,22089847,"6,068.00",Carey Valley Woodlands & Estate Management,108523,936633014,Capital - Highways,C02009,Works,C0652001,DCC CIS Suppliers
INSERTED DETAIL,18,Devon County Council,13/04/2026,22089965,"2,886.40",KENNFORD TARMACADAM LIMITED,24534,976391178,Capital - Highways,C02009,Works,C0671006,DCC CIS Suppliers
INSERTED DETAIL,18,Devon County Council,13/04/2026,22089972,"2,886.40",KENNFORD TARMACADAM LIMITED,24534,976391178,Capital - Highways,C02009,Works,C0671006,DCC CIS Suppliers
INSERTED DETAIL,18,Devon County Council,13/04/2026,22089980,"11,503.34",ICE CREATES LIMITED,121640,732833240,Public Health,A57115,Payments to Private Contractors,R0316084,"DCC Business Entities (Sole Trade, Partnership, Ltd)"
INSERTED DETAIL,18,Devon County Council,13/04/2026,22090040,"2,032.73",P H S GROUP LIMITED,86901,542951438,Operations,A20020,Health and Safety,R0269001,"DCC Business Entities (Sole Trade, Partnership, Ltd)"
INSERTED DETAIL,18,Devon County Council,13/04/2026,150410300,"16,000.00",M Group Highways Limited,375383,927200546,Capital - Highways,C02051,Term Maintenance Contract,C0671007,"DCC Business Entities (Sole Trade, Partnership, Ltd)"
INSERTED DETAIL,18,Devon County Council,14/04/2026,22059924,937.60,NORTH DEVON COUNCIL,8252,144711092,"Transport Operations, Environment and Waste",A49005,Other Hired & Contracting Services,R0589003,"DCC Business Entities (Sole Trade, Partnership, Ltd)"
INSERTED DETAIL,18,Devon County Council,14/04/2026,22084387,"1,950.00",DWS CONSULTANCY LIMITED,401968,489248632,Children's Social Care,A11013,Interim Management (External Agency),R0129001,"DCC Business Entities (Sole Trade, Partnership, Ltd)"
INSERTED DETAIL,18,Devon County Council,14/04/2026,22085150,"4,995.16",K S FENCING,340683,503049234,Capital - Highways,C02009,Works,C0652001,DCC CIS Suppliers
INSERTED DETAIL,18,Devon County Council,14/04/2026,22085584,"11,789.09",CORMAC CONTRACTING LIMITED,364276,247160514,Capital - Highways,C02009,Works,C0652001,"DCC Business Entities (Sole Trade, Partnership, Ltd)"
INSERTED DETAIL,18,Devon County Council,15/04/2026,22090043,"8,700.00",TRANSPOCO,329591,,Highways & Infrastructure Development,A45040,IT Software,R0560005,DCC International
INSERTED DETAIL,18,Devon County Council,15/04/2026,22090299,640.91,ACADEMY21 LIMITED,337165,112432760,Dedicated Schools Grant,A44185,Other professional Services (Schools),R0082007,"DCC Business Entities (Sole Trade, Partnership, Ltd)"
INSERTED DETAIL,18,Devon County Council,15/04/2026,22090376,681.61,WESTCOUNTRY MAINTENANCE SERVICES LIMITED,229952,915005854,Capital - Schools Maintenance & Improvements,C02009,Works,C0658001,DCC CIS Suppliers
INSERTED DETAIL,18,Devon County Council,15/04/2026,22090637,545.83,LILIAN WAKE TRADING AS KOALA TREE CHILD THERAPY,374384,,P-Ledger - Separate Legal Entity,A61060,Support for Children in Care,P0432008,"DCC Business Entities (Sole Trade, Partnership, Ltd)"
INSERTED DETAIL,18,Devon County Council,15/04/2026,22090707,"28,150.67",IDEAGEN TECHNOLOGY LIMITED,362526,319033033,P-Ledger - Separate Legal Entity,A49092,Audit Fees - other services,P0400001,"DCC Business Entities (Sole Trade, Partnership, Ltd)"
INSERTED DETAIL,18,Devon County Council,15/04/2026,22090838,"3,040.80",PROSPERO RECRUITMENT LIMITED,352539,486704947,Dedicated Schools Grant,A44185,Other professional Services (Schools),R0082007,"DCC Business Entities (Sole Trade, Partnership, Ltd)"
INSERTED DETAIL,18,Devon County Council,15/04/2026,22090856,"9,640.00",PLYMOUTH HOSPITALS NHS TRUST,27710,654936600,Public Health,A57115,Payments to Private Contractors,R0316041,"DCC Business Entities (Sole Trade, Partnership, Ltd)"
INSERTED DETAIL,18,Devon County Council,17/04/2026,22069611,"1,638.63",NORSE SOUTH WEST LIMITED,279741,785421021,Capital - Highways,C02011,External Professional Fees,C0652001,"DCC Business Entities (Sole Trade, Partnership, Ltd)"
INSERTED DETAIL,18,Devon County Council,17/04/2026,22083282,"1,481.96",KENT COUNTY COUNCIL,83992,204269191,Operations,A21005,Electricity,R0268001,"DCC Business Entities (Sole Trade, Partnership, Ltd)"
INSERTED DETAIL,18,Devon County Council,17/04/2026,22084019,"17,314.35",DEVON PARTNERSHIP NHS TRUST,92211,654400557,Mental Health,A87075,Internal Recharges - Public Health,R0256003,"DCC Business Entities (Sole Trade, Partnership, Ltd)"
INSERTED DETAIL,18,Devon County Council,17/04/2026,22084437,608.16,PROSPERO RECRUITMENT LIMITED,352539,486704947,Dedicated Schools Grant,A44180,Services for Educational Estabs - Devon,R0010004,"DCC Business Entities (Sole Trade, Partnership, Ltd)"
INSERTED DETAIL,18,Devon County Council,17/04/2026,22085054,"363,780.00",SOUTH DEVON COLLEGE,23677,585836291,Dedicated Schools Grant,A53040,Contributions to Educational Estabs (3rd,R0105001,"DCC Business Entities (Sole Trade, Partnership, Ltd)"
INSERTED DETAIL,18,Devon County Council,17/04/2026,22085265,"1,560.00",The Empower School t/a Contact Success,397825,438034602,Dedicated Schools Grant,A44180,Services for Educational Estabs - Devon,R0010004,"DCC Business Entities (Sole Trade, Partnership, Ltd)"
INSERTED DETAIL,18,Devon County Council,17/04/2026,22085476,"30,435.93",PGL Training (Plumbing) Limited,602016,331998962,"Economy, Enterprise and Skills",A53012,Payments to Independent Units,R0539003,"DCC Business Entities (Sole Trade, Partnership, Ltd)"
INSERTED DETAIL,18,Devon County Council,17/04/2026,22085567,"4,030.00",SKYLARK ADVENTURES LIMITED,391831,387141286,Dedicated Schools Grant,A44185,Other professional Services (Schools),R0082007,"DCC Business Entities (Sole Trade, Partnership, Ltd)"
INSERTED DETAIL,18,Devon County Council,17/04/2026,22085607,"1,085.25",Shoots Training Limited,401745,298151963,"Economy, Enterprise and Skills",A44038,Fees,R0546004,"DCC Business Entities (Sole Trade, Partnership, Ltd)"
INSERTED DETAIL,18,Devon County Council,17/04/2026,22085614,"2,170.50",Shoots Training Limited,401745,298151963,"Economy, Enterprise and Skills",A44038,Fees,R0546004,"DCC Business Entities (Sole Trade, Partnership, Ltd)"
INSERTED DETAIL,18,Devon County Council,17/04/2026,22085620,"1,085.25",Shoots Training Limited,401745,298151963,"Economy, Enterprise and Skills",A44038,Fees,R0546004,"DCC Business Entities (Sole Trade, Partnership, Ltd)"
INSERTED DETAIL,18,Devon County Council,17/04/2026,22085622,"3,038.70",Shoots Training Limited,401745,298151963,"Economy, Enterprise and Skills",A44038,Fees,R0546004,"DCC Business Entities (Sole Trade, Partnership, Ltd)"
INSERTED DETAIL,18,Devon County Council,17/04/2026,22085700,993.75,NURTURE IN NATURE CHILDREN AND FAMILIES CIC,384801,,Dedicated Schools Grant,A44180,Services for Educational Estabs - Devon,R0010004,"DCC Business Entities (Sole Trade, Partnership, Ltd)"
INSERTED DETAIL,18,Devon County Council,17/04/2026,22085710,981.27,SYNERTEC LIMITED,399433,736676494,Children's Social Care,A44038,Fees,R0076004,"DCC Business Entities (Sole Trade, Partnership, Ltd)"
INSERTED DETAIL,18,Devon County Council,17/04/2026,22085745,"9,681.28",UNIVERSITY OF PLYMOUTH,5446,168287859,"Economy, Enterprise and Skills",A44038,Fees,R0546004,"DCC Business Entities (Sole Trade, Partnership, Ltd)"
INSERTED DETAIL,18,Devon County Council,17/04/2026,22085818,550.00,MADELEINE STEEL,384767,400618539,"Chief Exec, Legal & Democratic services",A44968,Legal & Conveyancing Charges,R0276001,"DCC Business Entities (Sole Trade, Partnership, Ltd)"
INSERTED DETAIL,18,Devon County Council,17/04/2026,22085835,"2,188.40",David Trickett T/A Countryside & Garden,21818,409946757,Capital - Highways,C02011,External Professional Fees,C0652001,DCC CIS Suppliers
INSERTED DETAIL,18,Devon County Council,17/04/2026,22085857,"79,929.00",CITY COLLEGE PLYMOUTH,13507,591390916,Dedicated Schools Grant,A53040,Contributions to Educational Estabs (3rd,R0105001,"DCC Business Entities (Sole Trade, Partnership, Ltd)"
INSERTED DETAIL,18,Devon County Council,17/04/2026,22085863,"1,595.00",NEWTON ABBOT RACES LIMITED,74731,141842384,Children's Social Care,A46050,Conference Expenses,R0116011,"DCC Business Entities (Sole Trade, Partnership, Ltd)"
INSERTED DETAIL,18,Devon County Council,17/04/2026,22085922,"12,429.73",Enerveo Limited,14967,382894546,Capital - Highways,C02009,Works,C0671005,DCC CIS Suppliers
INSERTED DETAIL,18,Devon County Council,14/04/2026,22087329,"5,347.00",PROMOTING INDEPENDENT CARE LIMITED,376159,,Children's Social Care,A11005,Agency Supply Staff,R0095006,"DCC Business Entities (Sole Trade, Partnership, Ltd)"
INSERTED DETAIL,18,Devon County Council,14/04/2026,22087416,"3,301.44",MARINE & CIVIL SOLUTIONS LIMITED,283395,431868383,Highways & Infrastructure Development,A46100,Main / Term Contractor,R0554001,DCC CIS Suppliers
INSERTED DETAIL,18,Devon County Council,14/04/2026,22087965,"1,734.00",OCEAN HEALTHCARE,371633,776836374,Operations,A11005,Agency Supply Staff,R0240002,"DCC Business Entities (Sole Trade, Partnership, Ltd)"
INSERTED DETAIL,18,Devon County Council,14/04/2026,22088722,"5,657.50",ACORN CARE & EDUCATION LIMITED,333557,902188441,Dedicated Schools Grant,A61052,Independent Special School Fees,R0089003,"DCC Business Entities (Sole Trade, Partnership, Ltd)"
INSERTED DETAIL,18,Devon County Council,14/04/2026,22089404,"1,012.50",PERMANENT FUTURES LIMITED,385155,790331045,Commissioning,A11005,Agency Supply Staff,R0466001,"DCC Business Entities (Sole Trade, Partnership, Ltd)"
INSERTED DETAIL,18,Devon County Council,14/04/2026,22089635,"1,500.00",DR P MCCULLAGH,396754,,"Chief Exec, Legal & Democratic services",A44038,Fees,R0506002,"DCC Business Entities (Sole Trade, Partnership, Ltd)"
INSERTED DETAIL,18,Devon County Council,14/04/2026,22089863,740.25,OCEAN HEALTHCARE (TRADING AS TAHER LIMITED),346692,776836374,Children's Social Care,A61200,Community based care,R0044004,"DCC Business Entities (Sole Trade, Partnership, Ltd)"
INSERTED DETAIL,18,Devon County Council,14/04/2026,22090222,"50,000.00",CITIZENS ADVICE BUREAU (S HAMS),41449,,Communities,A52010,"Grants to voluntary, community and social enterprise organisations",R0532002,"DCC Business Entities (Sole Trade, Partnership, Ltd)"
INSERTED DETAIL,18,Devon County Council,14/04/2026,22090298,561.00,ACADEMY21 LIMITED,337165,112432760,Dedicated Schools Grant,A44185,Other professional Services (Schools),R0082007,"DCC Business Entities (Sole Trade, Partnership, Ltd)"
INSERTED DETAIL,18,Devon County Council,14/04/2026,22090311,"5,601.88",M Group Highways Limited,375383,927200546,Capital - Highways,C02011,External Professional Fees,C0671008,"DCC Business Entities (Sole Trade, Partnership, Ltd)"
INSERTED DETAIL,18,Devon County Council,14/04/2026,22090323,"4,449.60",TUBERS ACADEMY LIMITED,348033,300702466,Dedicated Schools Grant,A44185,Other professional Services (Schools),R0082007,"DCC Business Entities (Sole Trade, Partnership, Ltd)"
INSERTED DETAIL,18,Devon County Council,14/04/2026,22090328,"2,966.40",TUBERS ACADEMY LIMITED,348033,300702466,Dedicated Schools Grant,A44185,Other professional Services (Schools),R0082007,"DCC Business Entities (Sole Trade, Partnership, Ltd)"
INSERTED DETAIL,18,Devon County Council,14/04/2026,22090333,"1,483.20",TUBERS ACADEMY LIMITED,348033,300702466,Dedicated Schools Grant,A44185,Other professional Services (Schools),R0082007,"DCC Business Entities (Sole Trade, Partnership, Ltd)"
INSERTED DETAIL,18,Devon County Council,14/04/2026,22090398,937.21,TJH AUTO LIMITED,295813,801202403,TRAMS Suspense,A30010,Vehicles Repairs,R0549019,"DCC Business Entities (Sole Trade, Partnership, Ltd)"
INSERTED DETAIL,18,Devon County Council,14/04/2026,22090420,561.00,ACADEMY21 LIMITED,337165,112432760,Dedicated Schools Grant,A44185,Other professional Services (Schools),R0082007,"DCC Business Entities (Sole Trade, Partnership, Ltd)"
INSERTED DETAIL,18,Devon County Council,14/04/2026,22090526,"3,680.68",MID DEVON DISTRICT COUNCIL,19708,142203912,Highways & Infrastructure Development,A27015,Refuse Collection,R0557002,"DCC Business Entities (Sole Trade, Partnership, Ltd)"
INSERTED DETAIL,18,Devon County Council,14/04/2026,22090529,"2,791.00",JUDITH FINDLAY,400802,,Children's Social Care,A61060,Support for Children in Care,R0106002,"DCC Business Entities (Sole Trade, Partnership, Ltd)"
INSERTED DETAIL,18,Devon County Council,15/04/2026,22063455,"1,125.85",NORSE SOUTH WEST LIMITED,279741,785421021,Transformation & Business Services,A20030,Service Term Contracts,R0333026,"DCC Business Entities (Sole Trade, Partnership, Ltd)"
INSERTED DETAIL,18,Devon County Council,15/04/2026,22065864,530.54,Elmtree Learning Partnership Ltd,601452,494225084,Dedicated Schools Grant,A44185,Other professional Services (Schools),R0082007,"DCC Business Entities (Sole Trade, Partnership, Ltd)"
INSERTED DETAIL,18,Devon County Council,15/04/2026,22077676,"1,292.74",NORSE SOUTH WEST LIMITED,279741,785421021,Capital other - Digital Technology & Business Services,C02011,External Professional Fees,C0651001,"DCC Business Entities (Sole Trade, Partnership, Ltd)"
INSERTED DETAIL,18,Devon County Council,15/04/2026,22083305,756.00,Curiosity Project,602610,,Children's Social Care,A61060,Support for Children in Care,R0106002,"DCC Business Entities (Sole Trade, Partnership, Ltd)"
INSERTED DETAIL,18,Devon County Council,15/04/2026,22084417,"2,432.64",PROSPERO RECRUITMENT LIMITED,352539,486704947,Dedicated Schools Grant,A44185,Other professional Services (Schools),R0082007,"DCC Business Entities (Sole Trade, Partnership, Ltd)"
INSERTED DETAIL,18,Devon County Council,15/04/2026,22084431,"1,519.40",PROSPERO RECRUITMENT LIMITED,352539,486704947,Dedicated Schools Grant,A44180,Services for Educational Estabs - Devon,R0010004,"DCC Business Entities (Sole Trade, Partnership, Ltd)"
INSERTED DETAIL,18,Devon County Council,15/04/2026,22084432,"1,390.81",NEXT STEPS EDUCATION LIMITED,389810,440621822,Dedicated Schools Grant,A44180,Services for Educational Estabs - Devon,R0010003,"DCC Business Entities (Sole Trade, Partnership, Ltd)"
INSERTED DETAIL,18,Devon County Council,15/04/2026,22084631,"24,000.00",Enerveo Limited,14967,382894546,Finance & Public Value,A44038,Fees,R0210001,DCC CIS Suppliers
INSERTED DETAIL,18,Devon County Council,15/04/2026,22084748,871.19,STANBURY RURAL SERVICES LIMITED,359092,306191623,Highways & Infrastructure Development,A49005,Other Hired & Contracting Services,R0557014,DCC CIS Suppliers
INSERTED DETAIL,18,Devon County Council,17/04/2026,22085952,"49,206.34",NORSE SOUTH WEST LIMITED,279741,785421021,Transformation & Business Services,A27010,Contract Cleaning,R0333026,"DCC Business Entities (Sole Trade, Partnership, Ltd)"
INSERTED DETAIL,18,Devon County Council,17/04/2026,22085978,"1,100.00",David Trickett T/A Countryside & Garden,21818,409946757,Highways & Infrastructure Development,A49005,Other Hired & Contracting Services,R0557019,DCC CIS Suppliers
INSERTED DETAIL,18,Devon County Council,17/04/2026,22086011,558.75,ACCESS TO COMMUNICATION,368058,,Dedicated Schools Grant,A44185,Other professional Services (Schools),R0082006,"DCC Business Entities (Sole Trade, Partnership, Ltd)"
INSERTED DETAIL,18,Devon County Council,17/04/2026,22086016,597.50,ACCESS TO COMMUNICATION,368058,,Dedicated Schools Grant,A44185,Other professional Services (Schools),R0082006,"DCC Business Entities (Sole Trade, Partnership, Ltd)"
INSERTED DETAIL,18,Devon County Council,17/04/2026,22086124,"16,262.29",ABCAS (UK) LIMITED,360376,728793289,Capital - Highways,C02009,Works,C0652001,DCC CIS Suppliers
INSERTED DETAIL,18,Devon County Council,17/04/2026,22086308,"6,913.26",ALLIED PUBLICITY SERVICES lTD,357678,146494152,"Chief Exec, Legal & Democratic services",A49005,Other Hired & Contracting Services,R0291003,"DCC Business Entities (Sole Trade, Partnership, Ltd)"
INSERTED DETAIL,18,Devon County Council,17/04/2026,22086321,"2,325.00",The Therapy Adventure,604365,480492870,Children's Social Care,A16015,Staff Training Expenses - Non Payroll,R0014005,"DCC Business Entities (Sole Trade, Partnership, Ltd)"
INSERTED DETAIL,18,Devon County Council,17/04/2026,22086399,"1,120.00",DOVE PLAY THERAPY LIMITED,376441,,P-Ledger - Separate Legal Entity,A61060,Support for Children in Care,P0432008,"DCC Business Entities (Sole Trade, Partnership, Ltd)"
INSERTED DETAIL,18,Devon County Council,17/04/2026,22086417,"1,247.40",REALISE LEARNING AND EMPLOYMENT LIMITED,401700,364816672,"Economy, Enterprise and Skills",A44038,Fees,R0546004,"DCC Business Entities (Sole Trade, Partnership, Ltd)"
INSERTED DETAIL,18,Devon County Council,17/04/2026,22087159,568.00,PSYCHOLOGY ASSOCIATES LIMITED,147932,912873418,P-Ledger - Separate Legal Entity,A61060,Support for Children in Care,P0432008,"DCC Business Entities (Sole Trade, Partnership, Ltd)"
INSERTED DETAIL,18,Devon County Council,17/04/2026,22087182,"3,187.86",S C C,161520,313651680,Children's Social Care,A45015,Postages,R0450001,"DCC Business Entities (Sole Trade, Partnership, Ltd)"
INSERTED DETAIL,18,Devon County Council,17/04/2026,22087228,"4,709.89",LEAF COMPLEX CARE LIMITED,360974,,Children's Social Care,A61200,Community based care,R0044004,"DCC Business Entities (Sole Trade, Partnership, Ltd)"
INSERTED DETAIL,18,Devon County Council,17/04/2026,22088662,"-2,829.07",MAGDALEN COURT SCHOOL,228429,479823044,Dedicated Schools Grant,A61052,Independent Special School Fees,R0089003,"DCC Business Entities (Sole Trade, Partnership, Ltd)"
INSERTED DETAIL,18,Devon County Council,17/04/2026,22089029,"1,276.90",Orion-Digital Diagnostics Ltd,382219,,"Chief Exec, Legal & Democratic services",A44038,Fees,R0506002,"DCC Business Entities (Sole Trade, Partnership, Ltd)"
INSERTED DETAIL,18,Devon County Council,17/04/2026,22089062,"8,952.75",Associated Asphalt Contracting Ltd,601829,400036959,Capital - Highways,C02009,Works,C0671004,"DCC Business Entities (Sole Trade, Partnership, Ltd)"
INSERTED DETAIL,18,Devon County Council,17/04/2026,22089696,"4,330.61",MONICA Y ZAPATA LOPEZ,392518,,Transformation & Business Services,A62000,Supported Accommodation - Child,R0333028,"DCC Business Entities (Sole Trade, Partnership, Ltd)"
INSERTED DETAIL,18,Devon County Council,17/04/2026,22090317,"1,668.60",TUBERS ACADEMY LIMITED,348033,300702466,Dedicated Schools Grant,A44185,Other professional Services (Schools),R0082007,"DCC Business Entities (Sole Trade, Partnership, Ltd)"
INSERTED DETAIL,18,Devon County Council,17/04/2026,22090608,"1,268.75",JOCKEY CLUB RACECOURSES LIMITED,134545,629971981,Inclusion & Learning,A22010,Hire of Rooms,R0681003,"DCC Business Entities (Sole Trade, Partnership, Ltd)"
INSERTED DETAIL,18,Devon County Council,17/04/2026,22090645,796.66,IKEA LIMITED,175140,527773320,Children's Social Care,A40045,Furniture,R0095011,"DCC Business Entities (Sole Trade, Partnership, Ltd)"
INSERTED DETAIL,18,Devon County Council,17/04/2026,22090839,"4,462.50",BLAZE CONCEPTS LIMITED,361469,214035065,Finance & Public Value,A44318,Design and Technical Services DNP,R0202001,"DCC Business Entities (Sole Trade, Partnership, Ltd)"
INSERTED DETAIL,18,Devon County Council,17/04/2026,22090861,925.00,EDGE TRAINING & CONSULTANCY LIMITED,256085,925948874,People and Culture,A44038,Fees,R0303007,"DCC Business Entities (Sole Trade, Partnership, Ltd)"
INSERTED DETAIL,18,Devon County Council,17/04/2026,22090864,925.00,EDGE TRAINING & CONSULTANCY LIMITED,256085,925948874,People and Culture,A44038,Fees,R0303007,"DCC Business Entities (Sole Trade, Partnership, Ltd)"
INSERTED DETAIL,18,Devon County Council,17/04/2026,22090874,925.00,EDGE TRAINING & CONSULTANCY LIMITED,256085,925948874,People and Culture,A44038,Fees,R0303007,"DCC Business Entities (Sole Trade, Partnership, Ltd)"
INSERTED DETAIL,18,Devon County Council,17/04/2026,22090877,"1,850.00",EDGE TRAINING & CONSULTANCY LIMITED,256085,925948874,People and Culture,A44038,Fees,R0303007,"DCC Business Entities (Sole Trade, Partnership, Ltd)"
INSERTED DETAIL,18,Devon County Council,17/04/2026,22090889,"3,742.57",LEXIA EDUCATION SERVICES LIMITED,376344,376218677,Dedicated Schools Grant,A44180,Services for Educational Estabs - Devon,R0010004,"DCC Business Entities (Sole Trade, Partnership, Ltd)"
INSERTED DETAIL,18,Devon County Council,17/04/2026,22090938,514.21,SOURCE FOR BUSINESS,344710,236873674,Children's Social Care,A24005,Water Services,R0095005,"DCC Business Entities (Sole Trade, Partnership, Ltd)"
INSERTED DETAIL,18,Devon County Council,17/04/2026,22090994,"19,333.33",CAMBIAN CHILDCARE LIMITED,299178,190023541,Dedicated Schools Grant,A61052,Independent Special School Fees,R0089003,"DCC Business Entities (Sole Trade, Partnership, Ltd)"
INSERTED DETAIL,18,Devon County Council,17/04/2026,22091000,"19,333.33",CAMBIAN CHILDCARE LIMITED,299178,190023541,Dedicated Schools Grant,A61052,Independent Special School Fees,R0089003,"DCC Business Entities (Sole Trade, Partnership, Ltd)"
INSERTED DETAIL,18,Devon County Council,15/04/2026,22084758,619.81,P & I PROPERTY MAINTENANCE,397907,,Children's Social Care,A20010,"Property Repairs, Maintenance & Alterations (Reactive)",R0095003,DCC CIS Suppliers
INSERTED DETAIL,18,Devon County Council,15/04/2026,22084763,"1,451.27",NEXT STEPS EDUCATION LIMITED,389810,440621822,Dedicated Schools Grant,A44180,Services for Educational Estabs - Devon,R0010004,"DCC Business Entities (Sole Trade, Partnership, Ltd)"
INSERTED DETAIL,18,Devon County Council,15/04/2026,22084767,548.60,CLH GROUP LIMITED,86633,236308223,Operations,A40920,Equipment,R0250001,"DCC Business Entities (Sole Trade, Partnership, Ltd)"
INSERTED DETAIL,18,Devon County Council,15/04/2026,22084768,"1,451.28",NEXT STEPS EDUCATION LIMITED,389810,440621822,Dedicated Schools Grant,A44180,Services for Educational Estabs - Devon,R0010004,"DCC Business Entities (Sole Trade, Partnership, Ltd)"
INSERTED DETAIL,18,Devon County Council,15/04/2026,22084792,"1,209.40",NEXT STEPS EDUCATION LIMITED,389810,440621822,Dedicated Schools Grant,A44180,Services for Educational Estabs - Devon,R0010004,"DCC Business Entities (Sole Trade, Partnership, Ltd)"
INSERTED DETAIL,18,Devon County Council,15/04/2026,22084793,"2,055.98",NEXT STEPS EDUCATION LIMITED,389810,440621822,Dedicated Schools Grant,A44180,Services for Educational Estabs - Devon,R0010004,"DCC Business Entities (Sole Trade, Partnership, Ltd)"
INSERTED DETAIL,18,Devon County Council,15/04/2026,22084825,"50,279.00",WEST DEVON BOROUGH COUNCIL,8280,144823273,P-Ledger - Separate Legal Entity,A47005,"Grants, Contributions & Donations",P0401001,"DCC Business Entities (Sole Trade, Partnership, Ltd)"
INSERTED DETAIL,18,Devon County Council,15/04/2026,22084924,"341,211.25",DEVON PARTNERSHIP NHS TRUST,92211,654400557,Mental Health,A62100,Joint Arrangements with OLAs and Health,R0256004,"DCC Business Entities (Sole Trade, Partnership, Ltd)"
INSERTED DETAIL,18,Devon County Council,15/04/2026,22085006,"1,152.00",TOPP TREE CARE LTD,389748,434623407,Highways & Infrastructure Development,A49005,Other Hired & Contracting Services,R0553005,"DCC Business Entities (Sole Trade, Partnership, Ltd)"
INSERTED DETAIL,18,Devon County Council,15/04/2026,22085179,"5,454.00",WESTCOUNTRY WOODLAND & E M LIMITED,377304,426201240,Capital - Highways,C02009,Works,C0652001,DCC CIS Suppliers
INSERTED DETAIL,18,Devon County Council,15/04/2026,22085483,"3,052.62",SWARCO UK & IRELAND LIMITED,13690,568335022,Capital - Highways,C02009,Works,C0652001,DCC CIS Suppliers
INSERTED DETAIL,18,Devon County Council,15/04/2026,22085697,939.32,SOUTHWEST FIXINGS LIMITED,376009,106312070,Capital - Highways,C02009,Works,C0652001,"DCC Business Entities (Sole Trade, Partnership, Ltd)"
INSERTED DETAIL,18,Devon County Council,15/04/2026,22085734,"1,600.00",ANGUS CRUTCHFIELD,357064,,P-Ledger - Separate Legal Entity,A61060,Support for Children in Care,P0432008,"DCC Business Entities (Sole Trade, Partnership, Ltd)"
INSERTED DETAIL,18,Devon County Council,15/04/2026,22087165,"240,213.24",SUEZ RECYCLING & RECOVERY UK LIMITED,208690,444085847,"Transport Operations, Environment and Waste",A46100,Main / Term Contractor,R0605001,"DCC Business Entities (Sole Trade, Partnership, Ltd)"
INSERTED DETAIL,18,Devon County Council,17/04/2026,22091004,"19,913.33",CAMBIAN CHILDCARE LIMITED,299178,190023541,Dedicated Schools Grant,A61052,Independent Special School Fees,R0089003,"DCC Business Entities (Sole Trade, Partnership, Ltd)"
INSERTED DETAIL,18,Devon County Council,17/04/2026,22091074,"16,947.00",THE WOODEN BRIDGE COMPANY,326946,106167633,Capital - Highways,C02009,Works,C0652001,"DCC Business Entities (Sole Trade, Partnership, Ltd)"
INSERTED DETAIL,18,Devon County Council,17/04/2026,22091075,"1,139.50",SOURCE FOR BUSINESS,344710,236873674,Operations,A24005,Water Services,R0252001,"DCC Business Entities (Sole Trade, Partnership, Ltd)"
INSERTED DETAIL,18,Devon County Council,17/04/2026,22091253,791.82,BRITISH TELECOM (BILL PAYMNTS),4558,245719348,"Capital - Planning, Transportation and Environment",C02009,Works,C0671003,"DCC Business Entities (Sole Trade, Partnership, Ltd)"
INSERTED DETAIL,18,Devon County Council,17/04/2026,22091329,"27,000.00","BOURNEMOUTH, CHRISTCHURCH AND",38627,313088034,P-Ledger - Separate Legal Entity,A61060,Support for Children in Care,P0432006,"DCC Business Entities (Sole Trade, Partnership, Ltd)"
INSERTED DETAIL,18,Devon County Council,17/04/2026,22091453,"1,360.00",TRAUMA RECOVERY CENTRE,356638,,P-Ledger - Separate Legal Entity,A61060,Support for Children in Care,P0432008,"DCC Business Entities (Sole Trade, Partnership, Ltd)"
INSERTED DETAIL,18,Devon County Council,17/04/2026,22091461,"2,430.00",HELD HEALTH LIMITED,392625,,P-Ledger - Separate Legal Entity,A61060,Support for Children in Care,P0432008,"DCC Business Entities (Sole Trade, Partnership, Ltd)"
INSERTED DETAIL,18,Devon County Council,20/04/2026,22055261,"1,620.00",LIVE TO LEARN EDUCATION LIMITED,380514,444356785,Dedicated Schools Grant,A44185,Other professional Services (Schools),R0082007,"DCC Business Entities (Sole Trade, Partnership, Ltd)"
INSERTED DETAIL,18,Devon County Council,20/04/2026,22085403,"1,125.85",NORSE SOUTH WEST LIMITED,279741,785421021,Transformation & Business Services,A20030,Service Term Contracts,R0333026,"DCC Business Entities (Sole Trade, Partnership, Ltd)"
INSERTED DETAIL,18,Devon County Council,20/04/2026,22085407,964.51,NORSE SOUTH WEST LIMITED,279741,785421021,Transformation & Business Services,A20030,Service Term Contracts,R0333026,"DCC Business Entities (Sole Trade, Partnership, Ltd)"
INSERTED DETAIL,18,Devon County Council,20/04/2026,22085542,"3,041.66",COUNTY GROUNDS MAINTENANCE LIMITED,258238,874318602,"Economy, Enterprise and Skills",A49005,Other Hired & Contracting Services,R0540002,"DCC Business Entities (Sole Trade, Partnership, Ltd)"
INSERTED DETAIL,18,Devon County Council,20/04/2026,22085997,"12,400.00",BISSELL DISPLAY M LIMITED,4800,371538544,"Capital - Planning, Transportation and Environment",C02009,Works,C0671011,"DCC Business Entities (Sole Trade, Partnership, Ltd)"
INSERTED DETAIL,18,Devon County Council,20/04/2026,22086030,"4,676.00",CATHERINE GIFFORD,389811,,Children's Social Care,A61060,Support for Children in Care,R0106002,"DCC Business Entities (Sole Trade, Partnership, Ltd)"
INSERTED DETAIL,18,Devon County Council,20/04/2026,22086123,"5,264.64",WESSEX TREE SURGEONS LIMITED,18324,382780231,Highways & Infrastructure Development,A49005,Other Hired & Contracting Services,R0560002,"DCC Business Entities (Sole Trade, Partnership, Ltd)"
INSERTED DETAIL,18,Devon County Council,20/04/2026,22086334,760.20,PROSPERO RECRUITMENT LIMITED,352539,486704947,Dedicated Schools Grant,A44185,Other professional Services (Schools),R0082007,"DCC Business Entities (Sole Trade, Partnership, Ltd)"
INSERTED DETAIL,18,Devon County Council,20/04/2026,22086347,"2,800.80",CITY COLLEGE PLYMOUTH,13507,591390916,"Economy, Enterprise and Skills",A44038,Fees,R0546004,"DCC Business Entities (Sole Trade, Partnership, Ltd)"
INSERTED DETAIL,18,Devon County Council,20/04/2026,22086425,"6,815.37",C T S BRIDGES LIMITED,7171,461374451,Capital - Highways,C02009,Works,C0652001,DCC CIS Suppliers
INSERTED DETAIL,18,Devon County Council,20/04/2026,22086426,"2,280.60",PROSPERO RECRUITMENT LIMITED,352539,486704947,Dedicated Schools Grant,A44185,Other professional Services (Schools),R0082007,"DCC Business Entities (Sole Trade, Partnership, Ltd)"
INSERTED DETAIL,18,Devon County Council,20/04/2026,22086478,506.80,PROSPERO RECRUITMENT LIMITED,352539,486704947,Dedicated Schools Grant,A44185,Other professional Services (Schools),R0082007,"DCC Business Entities (Sole Trade, Partnership, Ltd)"
INSERTED DETAIL,18,Devon County Council,20/04/2026,22086482,760.20,PROSPERO RECRUITMENT LIMITED,352539,486704947,Dedicated Schools Grant,A44185,Other professional Services (Schools),R0082007,"DCC Business Entities (Sole Trade, Partnership, Ltd)"
INSERTED DETAIL,18,Devon County Council,20/04/2026,22086484,"2,279.20",PROSPERO RECRUITMENT LIMITED,352539,486704947,Dedicated Schools Grant,A44185,Other professional Services (Schools),R0082007,"DCC Business Entities (Sole Trade, Partnership, Ltd)"
INSERTED DETAIL,18,Devon County Council,20/04/2026,22086486,536.80,PROSPERO RECRUITMENT LIMITED,352539,486704947,Dedicated Schools Grant,A44185,Other professional Services (Schools),R0082007,"DCC Business Entities (Sole Trade, Partnership, Ltd)"
INSERTED DETAIL,18,Devon County Council,20/04/2026,22086488,"2,386.86",PROSPERO RECRUITMENT LIMITED,352539,486704947,Dedicated Schools Grant,A44185,Other professional Services (Schools),R0082007,"DCC Business Entities (Sole Trade, Partnership, Ltd)"
INSERTED DETAIL,18,Devon County Council,20/04/2026,22086494,"1,520.40",PROSPERO RECRUITMENT LIMITED,352539,486704947,Dedicated Schools Grant,A44185,Other professional Services (Schools),R0082007,"DCC Business Entities (Sole Trade, Partnership, Ltd)"
INSERTED DETAIL,18,Devon County Council,20/04/2026,22086545,819.00,SPECTRUM SENSORY THERAPIES LTD,406310,,Dedicated Schools Grant,A44185,Other professional Services (Schools),R0082006,"DCC Business Entities (Sole Trade, Partnership, Ltd)"
INSERTED DETAIL,18,Devon County Council,20/04/2026,22086578,794.70,SUPPORT'ED LIMITED,352913,373393085,Dedicated Schools Grant,A44185,Other professional Services (Schools),R0082007,"DCC Business Entities (Sole Trade, Partnership, Ltd)"
INSERTED DETAIL,18,Devon County Council,20/04/2026,22086611,"1,980.00",WAVE CONNECTION,357133,,P-Ledger - Separate Legal Entity,A61060,Support for Children in Care,P0432008,"DCC Business Entities (Sole Trade, Partnership, Ltd)"
INSERTED DETAIL,18,Devon County Council,20/04/2026,22086620,"2,805.65",HELEN SMART,373015,,"Transport Operations, Environment and Waste",A57115,Payments to Private Contractors,R0610001,"DCC Business Entities (Sole Trade, Partnership, Ltd)"
INSERTED DETAIL,18,Devon County Council,20/04/2026,22086623,"1,560.60",EXETER RUGBY CLUB LTD,34972,918551313,Dedicated Schools Grant,A44185,Other professional Services (Schools),R0082007,"DCC Business Entities (Sole Trade, Partnership, Ltd)"
INSERTED DETAIL,18,Devon County Council,20/04/2026,22086627,"9,195.76",EXETER RUGBY CLUB LTD,34972,918551313,Dedicated Schools Grant,A44185,Other professional Services (Schools),R0082007,"DCC Business Entities (Sole Trade, Partnership, Ltd)"
INSERTED DETAIL,18,Devon County Council,20/04/2026,22086628,"1,890.00",EXETER RUGBY CLUB LTD,34972,918551313,Dedicated Schools Grant,A44185,Other professional Services (Schools),R0082007,"DCC Business Entities (Sole Trade, Partnership, Ltd)"
INSERTED DETAIL,18,Devon County Council,20/04/2026,22086790,"3,218.19",NORSE SOUTH WEST LIMITED,279741,785421021,Transformation & Business Services,A46100,Main / Term Contractor,R0334004,"DCC Business Entities (Sole Trade, Partnership, Ltd)"
INSERTED DETAIL,18,Devon County Council,20/04/2026,22086802,726.02,NORSE SOUTH WEST LIMITED,279741,785421021,Highways & Infrastructure Development,A46100,Main / Term Contractor,R0574001,"DCC Business Entities (Sole Trade, Partnership, Ltd)"
INSERTED DETAIL,18,Devon County Council,20/04/2026,22086807,"12,781.36",NORSE SOUTH WEST LIMITED,279741,785421021,Transformation & Business Services,A46100,Main / Term Contractor,R0334004,"DCC Business Entities (Sole Trade, Partnership, Ltd)"
INSERTED DETAIL,18,Devon County Council,20/04/2026,22086824,"1,200.00",NORSE SOUTH WEST LIMITED,279741,785421021,Highways & Infrastructure Development,A89060,Direct Revenue Funding,R0552004,"DCC Business Entities (Sole Trade, Partnership, Ltd)"
INSERTED DETAIL,18,Devon County Council,20/04/2026,22086827,"1,686.40",NORSE SOUTH WEST LIMITED,279741,785421021,Capital other - Digital Technology & Business Services,C02011,External Professional Fees,C0651001,"DCC Business Entities (Sole Trade, Partnership, Ltd)"
INSERTED DETAIL,18,Devon County Council,20/04/2026,22086830,"1,087.34",NORSE SOUTH WEST LIMITED,279741,785421021,Transformation & Business Services,A46100,Main / Term Contractor,R0334004,"DCC Business Entities (Sole Trade, Partnership, Ltd)"
INSERTED DETAIL,18,Devon County Council,20/04/2026,22086841,"1,093.00",DAN WOOLLACOTT FENCING,358106,278397149,Highways & Infrastructure Development,A49005,Other Hired & Contracting Services,R0552002,DCC CIS Suppliers
INSERTED DETAIL,18,Devon County Council,20/04/2026,22086926,"2,341.33",PROSPERO RECRUITMENT LIMITED,352539,486704947,Dedicated Schools Grant,A44185,Other professional Services (Schools),R0082007,"DCC Business Entities (Sole Trade, Partnership, Ltd)"
INSERTED DETAIL,18,Devon County Council,20/04/2026,22086927,608.16,PROSPERO RECRUITMENT LIMITED,352539,486704947,Dedicated Schools Grant,A44185,Other professional Services (Schools),R0082007,"DCC Business Entities (Sole Trade, Partnership, Ltd)"
INSERTED DETAIL,18,Devon County Council,20/04/2026,22086929,"12,911.79",W J SOUTH WEST LIMITED,308541,970783388,Capital - Highways,C02009,Works,C0652001,"DCC Business Entities (Sole Trade, Partnership, Ltd)"
INSERTED DETAIL,18,Devon County Council,20/04/2026,22086930,"2,280.60",PROSPERO RECRUITMENT LIMITED,352539,486704947,Dedicated Schools Grant,A44185,Other professional Services (Schools),R0082007,"DCC Business Entities (Sole Trade, Partnership, Ltd)"
INSERTED DETAIL,18,Devon County Council,20/04/2026,22086946,"2,280.60",PROSPERO RECRUITMENT LIMITED,352539,486704947,Dedicated Schools Grant,A44185,Other professional Services (Schools),R0082007,"DCC Business Entities (Sole Trade, Partnership, Ltd)"
INSERTED DETAIL,18,Devon County Council,20/04/2026,22086949,597.48,THE ADVOCACY PEOPLE,257570,,Operations,A44038,Fees,R0222002,"DCC Business Entities (Sole Trade, Partnership, Ltd)"
INSERTED DETAIL,18,Devon County Council,20/04/2026,22087035,760.20,PROSPERO RECRUITMENT LIMITED,352539,486704947,Dedicated Schools Grant,A44185,Other professional Services (Schools),R0082007,"DCC Business Entities (Sole Trade, Partnership, Ltd)"
INSERTED DETAIL,18,Devon County Council,20/04/2026,22087039,"2,317.43",PROSPERO RECRUITMENT LIMITED,352539,486704947,Dedicated Schools Grant,A44185,Other professional Services (Schools),R0082007,"DCC Business Entities (Sole Trade, Partnership, Ltd)"
INSERTED DETAIL,18,Devon County Council,20/04/2026,22087042,"2,771.70",PROSPERO RECRUITMENT LIMITED,352539,486704947,Dedicated Schools Grant,A44185,Other professional Services (Schools),R0082007,"DCC Business Entities (Sole Trade, Partnership, Ltd)"
INSERTED DETAIL,18,Devon County Council,20/04/2026,22087052,608.16,PROSPERO RECRUITMENT LIMITED,352539,486704947,Dedicated Schools Grant,A44185,Other professional Services (Schools),R0082007,"DCC Business Entities (Sole Trade, Partnership, Ltd)"
INSERTED DETAIL,18,Devon County Council,20/04/2026,22087062,"2,280.60",PROSPERO RECRUITMENT LIMITED,352539,486704947,Dedicated Schools Grant,A44185,Other professional Services (Schools),R0082007,"DCC Business Entities (Sole Trade, Partnership, Ltd)"
INSERTED DETAIL,18,Devon County Council,20/04/2026,22087092,"1,132.14",PROSPERO RECRUITMENT LIMITED,352539,486704947,Dedicated Schools Grant,A44185,Other professional Services (Schools),R0082007,"DCC Business Entities (Sole Trade, Partnership, Ltd)"
INSERTED DETAIL,18,Devon County Council,20/04/2026,22087094,934.51,PROSPERO RECRUITMENT LIMITED,352539,486704947,Dedicated Schools Grant,A44185,Other professional Services (Schools),R0082007,"DCC Business Entities (Sole Trade, Partnership, Ltd)"
INSERTED DETAIL,18,Devon County Council,20/04/2026,22087129,"15,000.00",ROYAL DEVON UNIVERSITY HEALTHCAR,21280,654938887,Operations,A53005,Payments to Health Authorities,R0481028,"DCC Business Entities (Sole Trade, Partnership, Ltd)"
INSERTED DETAIL,18,Devon County Council,20/04/2026,22087135,"17,697.39",COSMIC (HONITON),103322,684759473,"Economy, Enterprise and Skills",A44038,Fees,R0546004,"DCC Business Entities (Sole Trade, Partnership, Ltd)"
INSERTED DETAIL,18,Devon County Council,20/04/2026,22087136,"2,275.00",RSK HI-LINE LIMITED,71745,397835628,Capital - Highways,C02009,Works,C0671004,"DCC Business Entities (Sole Trade, Partnership, Ltd)"
INSERTED DETAIL,18,Devon County Council,20/04/2026,22087168,537.50,EXE VALLEY MARKET BUSINESS,195363,,"Transport Operations, Environment and Waste",A32010,Contract Hire Scheme,R0575001,"DCC Business Entities (Sole Trade, Partnership, Ltd)"
INSERTED DETAIL,18,Devon County Council,20/04/2026,22087193,"3,963.75",SOUTH HAMS DISTRICT COUNCIL,8255,142204125,"Transport Operations, Environment and Waste",A22005,Building Rents,R0604001,"DCC Business Entities (Sole Trade, Partnership, Ltd)"
INSERTED DETAIL,18,Devon County Council,20/04/2026,22087220,"1,300.00",GRM MAPPING LIMITED,347968,274119308,"Transport Operations, Environment and Waste",A44005,Publicity/Advertising,R0582001,"DCC Business Entities (Sole Trade, Partnership, Ltd)"
INSERTED DETAIL,18,Devon County Council,20/04/2026,22087226,"2,500.00","HERITAGE, ARTS AND PEOPLE COMMUNITY INTEREST COMPANY",359459,,"Transport Operations, Environment and Waste",A44038,Fees,R0639012,"DCC Business Entities (Sole Trade, Partnership, Ltd)"
INSERTED DETAIL,18,Devon County Council,20/04/2026,22087304,"1,950.00",IDVERDE LIMITED,24676,190173669,Capital - Highways,C02011,External Professional Fees,C0671004,DCC CIS Suppliers
INSERTED DETAIL,18,Devon County Council,20/04/2026,22087327,972.50,LAND SOLUTIONS (SOUTH WEST) LTD,600521,275755659,Highways & Infrastructure Development,A49005,Other Hired & Contracting Services,R0557013,DCC CIS Suppliers
INSERTED DETAIL,18,Devon County Council,20/04/2026,22087339,"10,000.00",EXETER RESPECT COMMUNITY INTEREST COMPANY,178853,,Communities,A52010,"Grants to voluntary, community and social enterprise organisations",R0530012,"DCC Business Entities (Sole Trade, Partnership, Ltd)"
INSERTED DETAIL,18,Devon County Council,20/04/2026,22087378,"4,056.00",DAN WOOLLACOTT FENCING,358106,278397149,Highways & Infrastructure Development,A49005,Other Hired & Contracting Services,R0552002,DCC CIS Suppliers
INSERTED DETAIL,18,Devon County Council,20/04/2026,22087383,"32,092.58",RUNNING DEER COMMUNITY INTEREST COMPANY,293947,289345260,Dedicated Schools Grant,A61052,Independent Special School Fees,R0089003,"DCC Business Entities (Sole Trade, Partnership, Ltd)"
INSERTED DETAIL,18,Devon County Council,20/04/2026,22087392,"4,600.00",HAVEN WOOD FOREST SCHOOL LIMITED,400014,,Dedicated Schools Grant,A44185,Other professional Services (Schools),R0082007,"DCC Business Entities (Sole Trade, Partnership, Ltd)"
INSERTED DETAIL,18,Devon County Council,20/04/2026,22087410,"3,816.00",DAN WOOLLACOTT FENCING,358106,278397149,Highways & Infrastructure Development,A49005,Other Hired & Contracting Services,R0552002,DCC CIS Suppliers
INSERTED DETAIL,18,Devon County Council,20/04/2026,22087515,"1,683.23",NORSE SOUTH WEST LIMITED,279741,785421021,Transformation & Business Services,A46100,Main / Term Contractor,R0334006,"DCC Business Entities (Sole Trade, Partnership, Ltd)"
INSERTED DETAIL,18,Devon County Council,20/04/2026,22087541,"1,320.52",NORSE SOUTH WEST LIMITED,279741,785421021,Transformation & Business Services,A29015,Other Premises Costs,R0334004,"DCC Business Entities (Sole Trade, Partnership, Ltd)"
INSERTED DETAIL,18,Devon County Council,20/04/2026,22087553,"1,072.96",NORSE SOUTH WEST LIMITED,279741,785421021,Transformation & Business Services,A46100,Main / Term Contractor,R0334006,"DCC Business Entities (Sole Trade, Partnership, Ltd)"
INSERTED DETAIL,18,Devon County Council,20/04/2026,22087576,"1,012.50",NORSE SOUTH WEST LIMITED,279741,785421021,Capital other - Digital Technology & Business Services,C02011,External Professional Fees,C0647001,"DCC Business Entities (Sole Trade, Partnership, Ltd)"
INSERTED DETAIL,18,Devon County Council,20/04/2026,22087578,"1,950.00",NORSE SOUTH WEST LIMITED,279741,785421021,Capital other - Digital Technology & Business Services,C02011,External Professional Fees,C0651001,"DCC Business Entities (Sole Trade, Partnership, Ltd)"
INSERTED DETAIL,18,Devon County Council,20/04/2026,22087740,"5,000.00",FIELD STUDIES COUNCIL,72907,410837615,Children's Social Care,A52010,"Grants to voluntary, community and social enterprise organisations",R0007006,"DCC Business Entities (Sole Trade, Partnership, Ltd)"
INSERTED DETAIL,18,Devon County Council,20/04/2026,22088162,"1,666.67",RSPB EXETER,18642,365969589,"Transport Operations, Environment and Waste",A44038,Fees,R0639012,"DCC Business Entities (Sole Trade, Partnership, Ltd)"
INSERTED DETAIL,18,Devon County Council,20/04/2026,22088459,"5,740.00",I Design,601440,475642367,Inclusion & Learning,A44942,Promotions and Events,R0029016,"DCC Business Entities (Sole Trade, Partnership, Ltd)"
INSERTED DETAIL,18,Devon County Council,20/04/2026,22088474,"1,767.22",OCULAR INTEGRATION LIMITED,368413,417069846,Capital - Highways,C02009,Works,C0671005,"DCC Business Entities (Sole Trade, Partnership, Ltd)"
INSERTED DETAIL,18,Devon County Council,20/04/2026,22089324,"2,910.88",LEXIA EDUCATION SERVICES LIMITED,376344,376218677,Dedicated Schools Grant,A44185,Other professional Services (Schools),R0082007,"DCC Business Entities (Sole Trade, Partnership, Ltd)"
INSERTED DETAIL,18,Devon County Council,20/04/2026,22089496,"4,864.08",THE OUTDOORS GROUP *57*,362971,312604642,Dedicated Schools Grant,A61052,Independent Special School Fees,R0089003,"DCC Business Entities (Sole Trade, Partnership, Ltd)"
INSERTED DETAIL,18,Devon County Council,20/04/2026,22089499,"4,864.08",THE OUTDOORS GROUP *57*,362971,312604642,Dedicated Schools Grant,A61052,Independent Special School Fees,R0089003,"DCC Business Entities (Sole Trade, Partnership, Ltd)"
INSERTED DETAIL,18,Devon County Council,20/04/2026,22089502,"4,866.92",THE OUTDOORS GROUP *57*,362971,312604642,Dedicated Schools Grant,A61052,Independent Special School Fees,R0089003,"DCC Business Entities (Sole Trade, Partnership, Ltd)"
INSERTED DETAIL,18,Devon County Council,20/04/2026,22089506,"4,864.08",THE OUTDOORS GROUP *57*,362971,312604642,Dedicated Schools Grant,A61052,Independent Special School Fees,R0089003,"DCC Business Entities (Sole Trade, Partnership, Ltd)"
INSERTED DETAIL,18,Devon County Council,20/04/2026,22089509,"4,866.92",THE OUTDOORS GROUP *57*,362971,312604642,Dedicated Schools Grant,A61052,Independent Special School Fees,R0089003,"DCC Business Entities (Sole Trade, Partnership, Ltd)"
INSERTED DETAIL,18,Devon County Council,20/04/2026,22089525,"4,864.08",THE OUTDOORS GROUP *57*,362971,312604642,Dedicated Schools Grant,A61052,Independent Special School Fees,R0089003,"DCC Business Entities (Sole Trade, Partnership, Ltd)"
INSERTED DETAIL,18,Devon County Council,20/04/2026,22089554,"4,864.08",THE OUTDOORS GROUP *57*,362971,312604642,Dedicated Schools Grant,A61052,Independent Special School Fees,R0089003,"DCC Business Entities (Sole Trade, Partnership, Ltd)"
INSERTED DETAIL,18,Devon County Council,20/04/2026,22089595,"5,939.07",THE OUTDOORS GROUP *57*,362971,312604642,Dedicated Schools Grant,A61052,Independent Special School Fees,R0089003,"DCC Business Entities (Sole Trade, Partnership, Ltd)"
INSERTED DETAIL,18,Devon County Council,20/04/2026,22089599,"4,866.92",THE OUTDOORS GROUP *57*,362971,312604642,Dedicated Schools Grant,A61052,Independent Special School Fees,R0089003,"DCC Business Entities (Sole Trade, Partnership, Ltd)"
INSERTED DETAIL,18,Devon County Council,20/04/2026,22089605,"4,864.08",THE OUTDOORS GROUP *57*,362971,312604642,Dedicated Schools Grant,A61052,Independent Special School Fees,R0089003,"DCC Business Entities (Sole Trade, Partnership, Ltd)"
INSERTED DETAIL,18,Devon County Council,20/04/2026,22089608,"6,683.58",THE OUTDOORS GROUP *57*,362971,312604642,Dedicated Schools Grant,A61052,Independent Special School Fees,R0089003,"DCC Business Entities (Sole Trade, Partnership, Ltd)"
INSERTED DETAIL,18,Devon County Council,20/04/2026,22089609,"4,864.03",THE OUTDOORS GROUP *57*,362971,312604642,Dedicated Schools Grant,A61052,Independent Special School Fees,R0089003,"DCC Business Entities (Sole Trade, Partnership, Ltd)"
INSERTED DETAIL,18,Devon County Council,20/04/2026,22089615,"4,864.08",THE OUTDOORS GROUP *57*,362971,312604642,Dedicated Schools Grant,A61052,Independent Special School Fees,R0089003,"DCC Business Entities (Sole Trade, Partnership, Ltd)"
INSERTED DETAIL,18,Devon County Council,20/04/2026,22089708,"4,864.08",THE OUTDOORS GROUP *57*,362971,312604642,Dedicated Schools Grant,A61052,Independent Special School Fees,R0089003,"DCC Business Entities (Sole Trade, Partnership, Ltd)"
INSERTED DETAIL,18,Devon County Council,20/04/2026,22089711,"4,864.08",THE OUTDOORS GROUP *57*,362971,312604642,Dedicated Schools Grant,A61052,Independent Special School Fees,R0089003,"DCC Business Entities (Sole Trade, Partnership, Ltd)"
INSERTED DETAIL,18,Devon County Council,20/04/2026,22089714,"4,866.92",THE OUTDOORS GROUP *57*,362971,312604642,Dedicated Schools Grant,A61052,Independent Special School Fees,R0089003,"DCC Business Entities (Sole Trade, Partnership, Ltd)"
INSERTED DETAIL,18,Devon County Council,20/04/2026,22089734,"4,864.08",THE OUTDOORS GROUP *57*,362971,312604642,Dedicated Schools Grant,A61052,Independent Special School Fees,R0089003,"DCC Business Entities (Sole Trade, Partnership, Ltd)"
INSERTED DETAIL,18,Devon County Council,20/04/2026,22089735,"5,010.01",THE OUTDOORS GROUP *57*,362971,312604642,Dedicated Schools Grant,A61052,Independent Special School Fees,R0089003,"DCC Business Entities (Sole Trade, Partnership, Ltd)"
INSERTED DETAIL,18,Devon County Council,20/04/2026,22089737,"4,864.08",THE OUTDOORS GROUP *57*,362971,312604642,Dedicated Schools Grant,A61052,Independent Special School Fees,R0089003,"DCC Business Entities (Sole Trade, Partnership, Ltd)"
INSERTED DETAIL,18,Devon County Council,20/04/2026,22089739,"5,939.06",THE OUTDOORS GROUP *57*,362971,312604642,Dedicated Schools Grant,A61052,Independent Special School Fees,R0089003,"DCC Business Entities (Sole Trade, Partnership, Ltd)"
INSERTED DETAIL,18,Devon County Council,20/04/2026,22089820,"4,190.00",TRIANGLE CONSULTING SOCIAL ENTERPRISE LIMITED,293729,835932114,Children's Social Care,A62105,Miscellaneous expenditure,R0040001,"DCC Business Entities (Sole Trade, Partnership, Ltd)"
INSERTED DETAIL,18,Devon County Council,20/04/2026,22090076,"6,875.00",TEIGNBRIDGE DISTRICT COUNCIL,4872,142214023,"Transport Operations, Environment and Waste",A22005,Building Rents,R0604001,"DCC Business Entities (Sole Trade, Partnership, Ltd)"
INSERTED DETAIL,18,Devon County Council,20/04/2026,22090219,"1,500.00",TED WRAGG MULTI ACADEMY TRUST,323696,306250049,"Economy, Enterprise and Skills",A44038,Fees,R0546001,"DCC Business Entities (Sole Trade, Partnership, Ltd)"
INSERTED DETAIL,18,Devon County Council,20/04/2026,22090457,773.26,E & J W GLENDINNING LIMITED,62732,668406312,Capital - Highways,C02009,Works,C0652001,DCC CIS Suppliers
INSERTED DETAIL,18,Devon County Council,20/04/2026,22090506,"1,013.60",LEXIA EDUCATION SERVICES LIMITED,376344,376218677,Dedicated Schools Grant,A44185,Other professional Services (Schools),R0082007,"DCC Business Entities (Sole Trade, Partnership, Ltd)"
INSERTED DETAIL,18,Devon County Council,20/04/2026,22090519,"2,070.23",LEXIA EDUCATION SERVICES LIMITED,376344,376218677,Dedicated Schools Grant,A44185,Other professional Services (Schools),R0082007,"DCC Business Entities (Sole Trade, Partnership, Ltd)"
INSERTED DETAIL,18,Devon County Council,20/04/2026,22090630,"1,937.15",FIRST CARE AMBULANCE LIMITED,98315,238628481,"Chief Exec, Legal & Democratic services",A49005,Other Hired & Contracting Services,R0506002,"DCC Business Entities (Sole Trade, Partnership, Ltd)"
INSERTED DETAIL,18,Devon County Council,20/04/2026,22090666,"3,133.15",FIRST CARE AMBULANCE LIMITED,98315,238628481,"Chief Exec, Legal & Democratic services",A49005,Other Hired & Contracting Services,R0506002,"DCC Business Entities (Sole Trade, Partnership, Ltd)"
INSERTED DETAIL,18,Devon County Council,20/04/2026,22090693,"1,939.22",FIRST CARE AMBULANCE LIMITED,98315,238628481,"Chief Exec, Legal & Democratic services",A49005,Other Hired & Contracting Services,R0506002,"DCC Business Entities (Sole Trade, Partnership, Ltd)"
INSERTED DETAIL,18,Devon County Council,20/04/2026,22090900,519.80,LEXIA EDUCATION SERVICES LIMITED,376344,376218677,Dedicated Schools Grant,A44185,Other professional Services (Schools),R0082007,"DCC Business Entities (Sole Trade, Partnership, Ltd)"
INSERTED DETAIL,18,Devon County Council,20/04/2026,22090930,"7,347.40",HIGHGATE HILL HOUSE SCHOOL LIMITED,346763,509395958,Dedicated Schools Grant,A61052,Independent Special School Fees,R0089003,"DCC Business Entities (Sole Trade, Partnership, Ltd)"
INSERTED DETAIL,18,Devon County Council,20/04/2026,22091070,794.50,STAGECOACH DEVON LIMITED,21413,435757819,Transformation & Business Services,A57125,Bus Services,R0334004,"DCC Business Entities (Sole Trade, Partnership, Ltd)"
INSERTED DETAIL,18,Devon County Council,20/04/2026,22091071,"1,711.13",STAGECOACH DEVON LIMITED,21413,435757819,Transformation & Business Services,A57125,Bus Services,R0334004,"DCC Business Entities (Sole Trade, Partnership, Ltd)"
INSERTED DETAIL,18,Devon County Council,20/04/2026,22091605,"16,926.84",WRING GROUP LIMITED,254653,567442518,Capital other - Digital Technology & Business Services,C02009,Works,C0651001,"DCC Business Entities (Sole Trade, Partnership, Ltd)"
INSERTED DETAIL,18,Devon County Council,20/04/2026,22091619,"1,162.17",MONICA Y ZAPATA LOPEZ,392518,,Transformation & Business Services,A62000,Supported Accommodation - Child,R0333028,"DCC Business Entities (Sole Trade, Partnership, Ltd)"
INSERTED DETAIL,18,Devon County Council,20/04/2026,22091651,"5,570.58",ACORN CARE & EDUCATION LIMITED,333557,902188441,Dedicated Schools Grant,A61052,Independent Special School Fees,R0089003,"DCC Business Entities (Sole Trade, Partnership, Ltd)"
INSERTED DETAIL,18,Devon County Council,20/04/2026,22091670,"6,349.04",ACORN CARE & EDUCATION LIMITED,333557,902188441,Dedicated Schools Grant,A61052,Independent Special School Fees,R0089003,"DCC Business Entities (Sole Trade, Partnership, Ltd)"
INSERTED DETAIL,18,Devon County Council,20/04/2026,22091677,"6,376.94",ACORN CARE & EDUCATION LIMITED,333557,902188441,Dedicated Schools Grant,A61052,Independent Special School Fees,R0089003,"DCC Business Entities (Sole Trade, Partnership, Ltd)"
INSERTED DETAIL,18,Devon County Council,20/04/2026,22091679,"6,206.26",ACORN CARE & EDUCATION LIMITED,333557,902188441,Dedicated Schools Grant,A61052,Independent Special School Fees,R0089003,"DCC Business Entities (Sole Trade, Partnership, Ltd)"
INSERTED DETAIL,18,Devon County Council,20/04/2026,22091685,"6,206.26",ACORN CARE & EDUCATION LIMITED,333557,902188441,Dedicated Schools Grant,A61052,Independent Special School Fees,R0089003,"DCC Business Entities (Sole Trade, Partnership, Ltd)"
INSERTED DETAIL,18,Devon County Council,20/04/2026,22091686,"5,570.58",ACORN CARE & EDUCATION LIMITED,333557,902188441,Dedicated Schools Grant,A61052,Independent Special School Fees,R0089003,"DCC Business Entities (Sole Trade, Partnership, Ltd)"
INSERTED DETAIL,18,Devon County Council,20/04/2026,22091740,"1,148.72",MARINE & CIVIL SOLUTIONS LIMITED,283395,431868383,Capital - Highways,C02009,Works,C0671004,DCC CIS Suppliers
INSERTED DETAIL,18,Devon County Council,21/04/2026,22080289,944.60,SME HCI LTD T/A VIVUP (CYCLE SCHEME),397607,869578054,People and Culture,A49105,Other Supplies & Services,R0502001,"DCC Business Entities (Sole Trade, Partnership, Ltd)"
INSERTED DETAIL,18,Devon County Council,21/04/2026,22086512,"1,940.00",Wildhearts Services CIC,602264,,Children's Social Care,A61060,Support for Children in Care,R0106002,"DCC Business Entities (Sole Trade, Partnership, Ltd)"
INSERTED DETAIL,18,Devon County Council,21/04/2026,22087353,620.00,EARTH UNCOVERED,390314,,P-Ledger - Separate Legal Entity,A61060,Support for Children in Care,P0432008,"DCC Business Entities (Sole Trade, Partnership, Ltd)"
INSERTED DETAIL,18,Devon County Council,21/04/2026,22087397,"2,025.75",NEXT STEPS EDUCATION LIMITED,389810,440621822,Dedicated Schools Grant,A44185,Other professional Services (Schools),R0082007,"DCC Business Entities (Sole Trade, Partnership, Ltd)"
INSERTED DETAIL,18,Devon County Council,21/04/2026,22089611,"1,354.00",361 ENERGY,292101,492367853,"Capital - Planning, Transportation and Environment",C02011,External Professional Fees,C0649001,"DCC Business Entities (Sole Trade, Partnership, Ltd)"
INSERTED DETAIL,18,Devon County Council,21/04/2026,22089614,"3,016.30",361 ENERGY,292101,492367853,"Transport Operations, Environment and Waste",A44038,Fees,R0615001,"DCC Business Entities (Sole Trade, Partnership, Ltd)"
INSERTED DETAIL,18,Devon County Council,21/04/2026,22090566,"3,300.87",KENT COUNTY COUNCIL,83992,204269191,Transformation & Business Services,A21010,Gas,R0333026,"DCC Business Entities (Sole Trade, Partnership, Ltd)"
INSERTED DETAIL,18,Devon County Council,21/04/2026,22090653,"21,573.00",TORBAY & SOUTH DEVON NHS,290092,654941219,Children's Social Care,A44038,Fees,R0015004,"DCC Business Entities (Sole Trade, Partnership, Ltd)"
INSERTED DETAIL,18,Devon County Council,21/04/2026,22091594,"7,601.82",SME HCI LTD T/A VIVUP (CYCLE SCHEME),397607,869578054,People and Culture,A20020,Health and Safety,R0303006,"DCC Business Entities (Sole Trade, Partnership, Ltd)"
INSERTED DETAIL,18,Devon County Council,21/04/2026,22091892,"1,850.00",Landmarc - Environmental Engineering,603782,489651880,Highways & Infrastructure Development,A46100,Main / Term Contractor,R0560011,DCC CIS Suppliers
INSERTED DETAIL,18,Devon County Council,21/04/2026,22092049,"983,649.30",HEYWOOD LIMITED,25829,862529800,Finance & Public Value,A45005,IT Hardware,R0493001,"DCC Business Entities (Sole Trade, Partnership, Ltd)"
INSERTED DETAIL,18,Devon County Council,22/04/2026,22085746,"11,765.98",COMMUNICATION AND LEARNING ENTERPRISES LIMITED (CANDLE),360713,,Dedicated Schools Grant,A61052,Independent Special School Fees,R0089003,"DCC Business Entities (Sole Trade, Partnership, Ltd)"
INSERTED DETAIL,18,Devon County Council,22/04/2026,22086013,"3,855.00",SPECTRUM MANAGEMENT/TRAINING SRV,168690,944000168,People and Culture,A44038,Fees,R0303008,"DCC Business Entities (Sole Trade, Partnership, Ltd)"
INSERTED DETAIL,18,Devon County Council,22/04/2026,22086599,650.00,TOR ZAKARIA@HOLDING LITTLE ACORN,398462,,P-Ledger - Separate Legal Entity,A61060,Support for Children in Care,P0432008,"DCC Business Entities (Sole Trade, Partnership, Ltd)"
INSERTED DETAIL,18,Devon County Council,22/04/2026,22086845,"8,469.03",KEYS PCE LIMITED,363936,927104637,Dedicated Schools Grant,A61052,Independent Special School Fees,R0089003,"DCC Business Entities (Sole Trade, Partnership, Ltd)"
INSERTED DETAIL,18,Devon County Council,22/04/2026,22087335,"3,709.41",W J SOUTH WEST LIMITED,308541,970783388,Capital - Highways,C02009,Works,C0652001,"DCC Business Entities (Sole Trade, Partnership, Ltd)"
INSERTED DETAIL,18,Devon County Council,22/04/2026,22087350,715.00,MILLS (CIVIL CONTRACTORS) LIMITED M T,175087,704237463,Highways & Infrastructure Development,A49005,Other Hired & Contracting Services,R0556016,DCC CIS Suppliers
INSERTED DETAIL,18,Devon County Council,22/04/2026,22087512,"1,018.48",BE YOUR BEST MENTORING LIMITED,385179,426486966,Dedicated Schools Grant,A44185,Other professional Services (Schools),R0082007,"DCC Business Entities (Sole Trade, Partnership, Ltd)"
INSERTED DETAIL,18,Devon County Council,22/04/2026,22087537,506.25,NORSE SOUTH WEST LIMITED,279741,785421021,Children's Social Care,A46020,Hospitality,R0116011,"DCC Business Entities (Sole Trade, Partnership, Ltd)"
INSERTED DETAIL,18,Devon County Council,22/04/2026,22087555,"4,864.08",THE OUTDOORS GROUP *57*,362971,312604642,Dedicated Schools Grant,A61052,Independent Special School Fees,R0089003,"DCC Business Entities (Sole Trade, Partnership, Ltd)"
INSERTED DETAIL,18,Devon County Council,22/04/2026,22087571,"5,249.29",AYRE CONTRACTORS & PLANT HIRE,209433,996310885,Capital - Highways,C02009,Works,C0652001,DCC CIS Suppliers
INSERTED DETAIL,18,Devon County Council,22/04/2026,22087702,"3,055.44",BE YOUR BEST MENTORING LIMITED,385179,426486966,Dedicated Schools Grant,A44185,Other professional Services (Schools),R0082007,"DCC Business Entities (Sole Trade, Partnership, Ltd)"
INSERTED DETAIL,18,Devon County Council,22/04/2026,22087707,"1,800.00",BENCHMARK (EXETER) LIMITED,81481,631397831,Capital - Highways,C02009,Works,C0671005,"DCC Business Entities (Sole Trade, Partnership, Ltd)"
INSERTED DETAIL,18,Devon County Council,22/04/2026,22087710,"40,662.45",MCCONNELLS (MIDLANDS) LIMITED,271811,126055983,Highways & Infrastructure Development,A44005,Publicity/Advertising,R0559002,"DCC Business Entities (Sole Trade, Partnership, Ltd)"
INSERTED DETAIL,18,Devon County Council,22/04/2026,22087716,"1,344.00",THE APRICOT CENTRE CIC,341760,227454701,P-Ledger - Separate Legal Entity,A61060,Support for Children in Care,P0432008,"DCC Business Entities (Sole Trade, Partnership, Ltd)"
INSERTED DETAIL,18,Devon County Council,22/04/2026,22087953,"4,009.62",A M CARE,169807,831850435,P-Ledger - Separate Legal Entity,A61054,Equipment (Care),P0391002,"DCC Business Entities (Sole Trade, Partnership, Ltd)"
INSERTED DETAIL,18,Devon County Council,22/04/2026,22088108,"20,770.88",Enerveo Limited,14967,382894546,Capital - Highways,C02009,Works,C0671005,DCC CIS Suppliers
INSERTED DETAIL,18,Devon County Council,22/04/2026,22088149,"12,490.67",Enerveo Limited,14967,382894546,Highways & Infrastructure Development,A44130,Street Lighting,R0567007,DCC CIS Suppliers
INSERTED DETAIL,18,Devon County Council,22/04/2026,22088156,731.75,THE APRICOT CENTRE CIC,341760,227454701,P-Ledger - Separate Legal Entity,A61060,Support for Children in Care,P0432008,"DCC Business Entities (Sole Trade, Partnership, Ltd)"
INSERTED DETAIL,18,Devon County Council,22/04/2026,22088157,"8,736.00",EXETER RUGBY CLUB LTD,34972,918551313,Dedicated Schools Grant,A44185,Other professional Services (Schools),R0082007,"DCC Business Entities (Sole Trade, Partnership, Ltd)"
INSERTED DETAIL,18,Devon County Council,22/04/2026,22088196,"3,300.00",ESTEEM TEAM COMMUNITY INTEREST COMPANY,366509,491597739,Dedicated Schools Grant,A44185,Other professional Services (Schools),R0082007,"DCC Business Entities (Sole Trade, Partnership, Ltd)"
INSERTED DETAIL,18,Devon County Council,22/04/2026,22088229,"2,400.00",PRISM MEASURED SURVERYS LIMITED,352135,279042487,"Economy, Enterprise and Skills",A49005,Other Hired & Contracting Services,R0540002,"DCC Business Entities (Sole Trade, Partnership, Ltd)"
INSERTED DETAIL,18,Devon County Council,22/04/2026,22088236,"2,896.00",SOUTHWEST ESTATE MAINTENANCE LIMITED,401880,506499273,Capital - Highways,C02009,Works,C0652001,DCC CIS Suppliers
INSERTED DETAIL,18,Devon County Council,22/04/2026,22088237,"3,645.00",FIRST CARE AMBULANCE LIMITED,98315,238628481,"Transport Operations, Environment and Waste",A45045,IT Software Maintenance,R0576001,"DCC Business Entities (Sole Trade, Partnership, Ltd)"
INSERTED DETAIL,18,Devon County Council,22/04/2026,22088240,"1,800.00",Charlotte Haley,603009,,Dedicated Schools Grant,A44185,Other professional Services (Schools),R0082007,"DCC Business Entities (Sole Trade, Partnership, Ltd)"
INSERTED DETAIL,18,Devon County Council,22/04/2026,22088300,"2,657.40",TUBERS ACADEMY LIMITED,348033,300702466,Dedicated Schools Grant,A44185,Other professional Services (Schools),R0082007,"DCC Business Entities (Sole Trade, Partnership, Ltd)"
INSERTED DETAIL,18,Devon County Council,22/04/2026,22088303,"1,141.00",Inspired Children Ltd,601439,,Inclusion & Learning,A44038,Fees,R0029016,"DCC Business Entities (Sole Trade, Partnership, Ltd)"
INSERTED DETAIL,18,Devon County Council,22/04/2026,22088314,"1,296.48",Enerveo Limited,14967,382894546,"Capital - Planning, Transportation and Environment",C02009,Works,C0654001,DCC CIS Suppliers
INSERTED DETAIL,18,Devon County Council,22/04/2026,22088329,"3,600.00",TUBERS ACADEMY LIMITED,348033,300702466,Dedicated Schools Grant,A44185,Other professional Services (Schools),R0082007,"DCC Business Entities (Sole Trade, Partnership, Ltd)"
INSERTED DETAIL,18,Devon County Council,22/04/2026,22088337,"5,191.20",TUBERS ACADEMY LIMITED,348033,300702466,Dedicated Schools Grant,A44185,Other professional Services (Schools),R0082007,"DCC Business Entities (Sole Trade, Partnership, Ltd)"
INSERTED DETAIL,18,Devon County Council,22/04/2026,22088450,"1,512.50",BLUEBERRY MARKETING SOLUTIONS,375517,882876563,"Economy, Enterprise and Skills",A44005,Publicity/Advertising,R0547001,"DCC Business Entities (Sole Trade, Partnership, Ltd)"
INSERTED DETAIL,18,Devon County Council,22/04/2026,22088470,952.50,TRUE2YOU THERAPY LIMITED,378966,,Children's Social Care,A61060,Support for Children in Care,R0106002,"DCC Business Entities (Sole Trade, Partnership, Ltd)"
INSERTED DETAIL,18,Devon County Council,22/04/2026,22088496,"1,500.00",F W A G SOUTH WEST,316031,127629304,"Transport Operations, Environment and Waste",A44038,Fees,R0644001,"DCC Business Entities (Sole Trade, Partnership, Ltd)"
INSERTED DETAIL,18,Devon County Council,22/04/2026,22088563,"588,115.00",WESTBANK COMMUNITY HEALTH & CARE,65217,277497150,P-Ledger - Separate Legal Entity,A62110,Payments to Charities & Vol Providers,P0391004,"DCC Business Entities (Sole Trade, Partnership, Ltd)"
INSERTED DETAIL,18,Devon County Council,22/04/2026,22088578,"12,018.73",LIVEWELL SOUTH WEST COMMUNITY INTEREST COMPANY,337747,120536356,Operations,A53005,Payments to Health Authorities,R0231003,"DCC Business Entities (Sole Trade, Partnership, Ltd)"
INSERTED DETAIL,18,Devon County Council,22/04/2026,22088644,"96,901.63",W J SOUTH WEST LIMITED,308541,970783388,Capital - Highways,C02009,Works,C0652001,"DCC Business Entities (Sole Trade, Partnership, Ltd)"
INSERTED DETAIL,18,Devon County Council,22/04/2026,22088645,"20,809.98",SUEZ RECYCLING & RECOVERY UK LIMITED,208690,444085847,"Transport Operations, Environment and Waste",A46100,Main / Term Contractor,R0594002,"DCC Business Entities (Sole Trade, Partnership, Ltd)"
INSERTED DETAIL,18,Devon County Council,22/04/2026,22088649,"8,428.36",W J SOUTH WEST LIMITED,308541,970783388,Capital - Highways,C02009,Works,C0652001,"DCC Business Entities (Sole Trade, Partnership, Ltd)"
INSERTED DETAIL,18,Devon County Council,22/04/2026,22088686,"4,864.08",THE OUTDOORS GROUP *57*,362971,312604642,Dedicated Schools Grant,A61052,Independent Special School Fees,R0089003,"DCC Business Entities (Sole Trade, Partnership, Ltd)"
INSERTED DETAIL,18,Devon County Council,22/04/2026,22088710,"3,890.00",CR BANYARD,404061,268100812,"Transport Operations, Environment and Waste",A62105,Miscellaneous expenditure,R0644001,"DCC Business Entities (Sole Trade, Partnership, Ltd)"
INSERTED DETAIL,18,Devon County Council,22/04/2026,22088760,732.61,HATHERLEIGH COMMUNITY CENTRE,204271,,Transformation & Business Services,A44038,Fees,R0333028,"DCC Business Entities (Sole Trade, Partnership, Ltd)"
INSERTED DETAIL,18,Devon County Council,22/04/2026,22088950,"3,714.00",THE FAMILY PLACE LIMITED,350245,,P-Ledger - Separate Legal Entity,A61060,Support for Children in Care,P0432008,"DCC Business Entities (Sole Trade, Partnership, Ltd)"
INSERTED DETAIL,18,Devon County Council,22/04/2026,22088969,705.00,THE FAMILY PLACE LIMITED,350245,,P-Ledger - Separate Legal Entity,A61060,Support for Children in Care,P0432008,"DCC Business Entities (Sole Trade, Partnership, Ltd)"
INSERTED DETAIL,18,Devon County Council,22/04/2026,22089002,"2,673.00",SIMPLY GREAT MEDIA,367788,479704936,Dedicated Schools Grant,A44185,Other professional Services (Schools),R0082007,"DCC Business Entities (Sole Trade, Partnership, Ltd)"
INSERTED DETAIL,18,Devon County Council,22/04/2026,22089004,"3,217.50",SIMPLY GREAT MEDIA,367788,479704936,Dedicated Schools Grant,A44185,Other professional Services (Schools),R0082007,"DCC Business Entities (Sole Trade, Partnership, Ltd)"
INSERTED DETAIL,18,Devon County Council,22/04/2026,22089014,"3,217.50",SIMPLY GREAT MEDIA,367788,479704936,Dedicated Schools Grant,A44185,Other professional Services (Schools),R0082007,"DCC Business Entities (Sole Trade, Partnership, Ltd)"
INSERTED DETAIL,18,Devon County Council,22/04/2026,22089050,"3,550.00",ESTEEM TEAM COMMUNITY INTEREST COMPANY,366509,491597739,Dedicated Schools Grant,A44185,Other professional Services (Schools),R0082007,"DCC Business Entities (Sole Trade, Partnership, Ltd)"
INSERTED DETAIL,18,Devon County Council,22/04/2026,22089058,"1,358.00",FREDERICK SHERRELL LIMITED,14402,591319333,Capital - Highways,C02011,External Professional Fees,C0671004,"DCC Business Entities (Sole Trade, Partnership, Ltd)"
INSERTED DETAIL,18,Devon County Council,22/04/2026,22089224,"3,750.00",ESTEEM TEAM COMMUNITY INTEREST COMPANY,366509,491597739,Dedicated Schools Grant,A44185,Other professional Services (Schools),R0082007,"DCC Business Entities (Sole Trade, Partnership, Ltd)"
INSERTED DETAIL,18,Devon County Council,22/04/2026,22089255,900.00,C E D A,12641,,Children's Social Care,A61200,Community based care,R0046004,"DCC Business Entities (Sole Trade, Partnership, Ltd)"
INSERTED DETAIL,18,Devon County Council,22/04/2026,22089301,"7,776.00",Enhance EHC Ltd,604125,750870917,Inclusion & Learning,A44065,Consultancy Services,R0680004,"DCC Business Entities (Sole Trade, Partnership, Ltd)"
INSERTED DETAIL,18,Devon County Council,22/04/2026,22089314,540.00,PSYCHOLOGY ASSOCIATES LIMITED,147932,912873418,P-Ledger - Separate Legal Entity,A61060,Support for Children in Care,P0432008,"DCC Business Entities (Sole Trade, Partnership, Ltd)"
INSERTED DETAIL,18,Devon County Council,22/04/2026,22089325,900.00,Joanna North Adoption Limited,302598,784224028,P-Ledger - Separate Legal Entity,A61060,Support for Children in Care,P0432008,"DCC Business Entities (Sole Trade, Partnership, Ltd)"
INSERTED DETAIL,18,Devon County Council,22/04/2026,22089331,600.00,Joanna North Adoption Limited,302598,784224028,P-Ledger - Separate Legal Entity,A61060,Support for Children in Care,P0432008,"DCC Business Entities (Sole Trade, Partnership, Ltd)"
INSERTED DETAIL,18,Devon County Council,22/04/2026,22089343,"256,710.82",SUEZ RECYCLING & RECOVERY UK LIMITED,208690,444085847,"Transport Operations, Environment and Waste",A46100,Main / Term Contractor,R0605001,"DCC Business Entities (Sole Trade, Partnership, Ltd)"
INSERTED DETAIL,18,Devon County Council,22/04/2026,22089468,825.00,ESTEEM TEAM COMMUNITY INTEREST COMPANY,366509,491597739,Dedicated Schools Grant,A44185,Other professional Services (Schools),R0082007,"DCC Business Entities (Sole Trade, Partnership, Ltd)"
INSERTED DETAIL,18,Devon County Council,22/04/2026,22089722,"110,070.12",THE OUTDOORS GROUP *57*,362971,312604642,Dedicated Schools Grant,A61052,Independent Special School Fees,R0089003,"DCC Business Entities (Sole Trade, Partnership, Ltd)"
INSERTED DETAIL,18,Devon County Council,22/04/2026,22089724,"4,864.08",THE OUTDOORS GROUP *57*,362971,312604642,Dedicated Schools Grant,A61052,Independent Special School Fees,R0089003,"DCC Business Entities (Sole Trade, Partnership, Ltd)"
INSERTED DETAIL,18,Devon County Council,22/04/2026,22089751,"1,372.50",CHROMA THERAPIES LIMITED TRADING AS CHROMA,350258,,P-Ledger - Separate Legal Entity,A61060,Support for Children in Care,P0432008,"DCC Business Entities (Sole Trade, Partnership, Ltd)"
INSERTED DETAIL,18,Devon County Council,22/04/2026,22089810,"3,362.50",ESTEEM TEAM COMMUNITY INTEREST COMPANY,366509,491597739,Dedicated Schools Grant,A44185,Other professional Services (Schools),R0082007,"DCC Business Entities (Sole Trade, Partnership, Ltd)"
INSERTED DETAIL,18,Devon County Council,22/04/2026,22089926,"33,623.18",UK REMEDIATION LIMITED,388325,973768657,"Transport Operations, Environment and Waste",A46100,Main / Term Contractor,R0597005,"DCC Business Entities (Sole Trade, Partnership, Ltd)"
INSERTED DETAIL,18,Devon County Council,22/04/2026,22089957,"4,125.00",ESTEEM TEAM COMMUNITY INTEREST COMPANY,366509,491597739,Dedicated Schools Grant,A44185,Other professional Services (Schools),R0082007,"DCC Business Entities (Sole Trade, Partnership, Ltd)"
INSERTED DETAIL,18,Devon County Council,22/04/2026,22089988,"3,753.70",PROMOTING INDEPENDENT CARE LIMITED,376159,,Children's Social Care,A11005,Agency Supply Staff,R0095011,"DCC Business Entities (Sole Trade, Partnership, Ltd)"
INSERTED DETAIL,18,Devon County Council,22/04/2026,22090091,781.00,PSYCHOLOGY ASSOCIATES LIMITED,147932,912873418,P-Ledger - Separate Legal Entity,A61060,Support for Children in Care,P0432008,"DCC Business Entities (Sole Trade, Partnership, Ltd)"
INSERTED DETAIL,18,Devon County Council,22/04/2026,22090105,923.00,PSYCHOLOGY ASSOCIATES LIMITED,147932,912873418,P-Ledger - Separate Legal Entity,A61060,Support for Children in Care,P0432008,"DCC Business Entities (Sole Trade, Partnership, Ltd)"
INSERTED DETAIL,18,Devon County Council,22/04/2026,22090349,"18,067.00",AFIT COMMERCIAL LIMITED,384623,206655022,Capital - Schools Maintenance & Improvements,C02009,Works,C0658001,DCC CIS Suppliers
INSERTED DETAIL,18,Devon County Council,22/04/2026,22090480,"1,000.00",WESTBANK COMMUNITY HEALTH & CARE,65217,277497150,Transformation & Business Services,A22010,Hire of Rooms,R0346002,"DCC Business Entities (Sole Trade, Partnership, Ltd)"
INSERTED DETAIL,18,Devon County Council,22/04/2026,22090835,"4,800.00",R H ADVERTISING,22134,750461154,"Transport Operations, Environment and Waste",A44005,Publicity/Advertising,R0606003,"DCC Business Entities (Sole Trade, Partnership, Ltd)"
INSERTED DETAIL,18,Devon County Council,22/04/2026,22090909,600.00,A & T SERVICES LIMITED,404480,557473118,"Transport Operations, Environment and Waste",A46100,Main / Term Contractor,R0601001,"DCC Business Entities (Sole Trade, Partnership, Ltd)"
INSERTED DETAIL,18,Devon County Council,22/04/2026,22090924,"5,999.14",HIGHGATE HILL HOUSE SCHOOL LIMITED,346763,509395958,Dedicated Schools Grant,A61052,Independent Special School Fees,R0089003,"DCC Business Entities (Sole Trade, Partnership, Ltd)"
INSERTED DETAIL,18,Devon County Council,22/04/2026,22090942,595.00,THE PURPLE ELEPHANT PROJECT,384812,,P-Ledger - Separate Legal Entity,A61060,Support for Children in Care,P0432008,"DCC Business Entities (Sole Trade, Partnership, Ltd)"
INSERTED DETAIL,18,Devon County Council,22/04/2026,22091152,"14,376.29",TJH AUTO LIMITED,295813,801202403,"Transport Operations, Environment and Waste",A30010,Vehicles Repairs,R0584003,"DCC Business Entities (Sole Trade, Partnership, Ltd)"
INSERTED DETAIL,18,Devon County Council,22/04/2026,22091157,820.39,KENT COUNTY COUNCIL,83992,204269191,Other PH Services,A21005,Electricity,R0548001,"DCC Business Entities (Sole Trade, Partnership, Ltd)"
INSERTED DETAIL,18,Devon County Council,22/04/2026,22091164,"1,438.68",KENT COUNTY COUNCIL,83992,204269191,Operations,A21005,Electricity,R0268001,"DCC Business Entities (Sole Trade, Partnership, Ltd)"
INSERTED DETAIL,18,Devon County Council,22/04/2026,22091165,"1,810.26",KENT COUNTY COUNCIL,83992,204269191,Transformation & Business Services,A21005,Electricity,R0333026,"DCC Business Entities (Sole Trade, Partnership, Ltd)"
INSERTED DETAIL,18,Devon County Council,22/04/2026,22091171,"4,262.49",KENT COUNTY COUNCIL,83992,204269191,Transformation & Business Services,A21005,Electricity,R0333026,"DCC Business Entities (Sole Trade, Partnership, Ltd)"
INSERTED DETAIL,18,Devon County Council,22/04/2026,22091289,"13,876.50",WAYTHROUGH,394680,413208832,Public Health,A57115,Payments to Private Contractors,R0316047,"DCC Business Entities (Sole Trade, Partnership, Ltd)"
INSERTED DETAIL,18,Devon County Council,22/04/2026,22091406,540.45,KENT COUNTY COUNCIL,83992,204269191,Operations,A21005,Electricity,R0238001,"DCC Business Entities (Sole Trade, Partnership, Ltd)"
INSERTED DETAIL,18,Devon County Council,22/04/2026,22091408,"17,620.04",KENT COUNTY COUNCIL,83992,204269191,Transformation & Business Services,A21005,Electricity,R0333026,"DCC Business Entities (Sole Trade, Partnership, Ltd)"
INSERTED DETAIL,18,Devon County Council,22/04/2026,22091468,527.31,NEWTON ABBOT CTA,12975,931683808,"Transport Operations, Environment and Waste",A32010,Contract Hire Scheme,R0575001,"DCC Business Entities (Sole Trade, Partnership, Ltd)"
INSERTED DETAIL,18,Devon County Council,22/04/2026,22091485,"5,100.00",CONNECTIONS GROUP EXETER,228283,,Mental Health,A52010,"Grants to voluntary, community and social enterprise organisations",R0256001,"DCC Business Entities (Sole Trade, Partnership, Ltd)"
INSERTED DETAIL,18,Devon County Council,22/04/2026,22091486,"1,250.00",Artis Kakonge,604477,994006213,"Chief Exec, Legal & Democratic services",A44968,Legal & Conveyancing Charges,R0276001,"DCC Business Entities (Sole Trade, Partnership, Ltd)"
INSERTED DETAIL,18,Devon County Council,22/04/2026,22091538,"20,492.73",NORSE SOUTH WEST LIMITED,279741,785421021,Transformation & Business Services,A46100,Main / Term Contractor,R0334005,"DCC Business Entities (Sole Trade, Partnership, Ltd)"
INSERTED DETAIL,18,Devon County Council,22/04/2026,22091592,"173,424.17",MODERN SCHOOLS (EXETER) LIMITED,176325,838739084,Transformation & Business Services,A47505,PFI Charges,R0360004,"DCC Business Entities (Sole Trade, Partnership, Ltd)"
INSERTED DETAIL,18,Devon County Council,22/04/2026,22091614,"4,100.00",JOCKEY CLUB RACECOURSES LIMITED,134545,629971981,2024/25 Children's Social Care,A22010,Hire of Rooms,R0037002,"DCC Business Entities (Sole Trade, Partnership, Ltd)"
INSERTED DETAIL,18,Devon County Council,22/04/2026,22091947,"10,161.95",DEVON TARMASTERS (SOUTH WEST) LIMITED,283040,941186817,"Capital - Planning, Transportation and Environment",C02009,Works,C0671011,"DCC Business Entities (Sole Trade, Partnership, Ltd)"
INSERTED DETAIL,18,Devon County Council,22/04/2026,22091976,"34,956.97",JONES (YEOVIL) LIMITED D R,51443,634417644,Capital other - Digital Technology & Business Services,C02009,Works,C0651001,DCC CIS Suppliers
INSERTED DETAIL,18,Devon County Council,22/04/2026,22092026,"202,283.47",MODERN SCHOOLS (EXETER) LIMITED,176325,838739084,Transformation & Business Services,A47505,PFI Charges,R0360004,"DCC Business Entities (Sole Trade, Partnership, Ltd)"
INSERTED DETAIL,18,Devon County Council,22/04/2026,22092048,"185,630.21",MODERN SCHOOLS (EXETER) LIMITED,176325,838739084,Transformation & Business Services,A47505,PFI Charges,R0360006,"DCC Business Entities (Sole Trade, Partnership, Ltd)"
INSERTED DETAIL,18,Devon County Council,22/04/2026,22092201,"1,170.00",VELOCITY WEB,382769,394004114,Communities,A44038,Fees,R0536002,"DCC Business Entities (Sole Trade, Partnership, Ltd)"
INSERTED DETAIL,18,Devon County Council,22/04/2026,22092291,"3,305.72",D W F LAW LLP CLIENT ACCOUNT,359937,258955939,"Capital - Planning, Transportation and Environment",C02011,External Professional Fees,C0654001,"DCC Business Entities (Sole Trade, Partnership, Ltd)"
INSERTED DETAIL,18,Devon County Council,22/04/2026,22092521,"-13,061.22",BREAKTHROUGH TRANSFORMATION TRUST,248117,480468080,Dedicated Schools Grant,A61052,Independent Special School Fees,R0089003,"DCC Business Entities (Sole Trade, Partnership, Ltd)"
INSERTED DETAIL,18,Devon County Council,22/04/2026,22092535,"1,000.00",PARENTS AND CHILDREN TOGETHER,117180,235376458,P-Ledger - Separate Legal Entity,A61060,Support for Children in Care,P0432008,"DCC Business Entities (Sole Trade, Partnership, Ltd)"
INSERTED DETAIL,18,Devon County Council,22/04/2026,22092675,"1,000.00",LOCAL PARTNERSHIPS LLP,261947,143774695,"Economy, Enterprise and Skills",A44038,Fees,R0543003,"DCC Business Entities (Sole Trade, Partnership, Ltd)"
INSERTED DETAIL,18,Devon County Council,22/04/2026,22092745,"24,747.47",ACORN CARE & EDUCATION LIMITED,333557,902188441,Dedicated Schools Grant,A61052,Independent Special School Fees,R0089003,"DCC Business Entities (Sole Trade, Partnership, Ltd)"
INSERTED DETAIL,18,Devon County Council,22/04/2026,22092746,"5,409.58",ACORN CARE & EDUCATION LIMITED,333557,902188441,Dedicated Schools Grant,A61052,Independent Special School Fees,R0089003,"DCC Business Entities (Sole Trade, Partnership, Ltd)"
INSERTED DETAIL,18,Devon County Council,23/04/2026,22081311,791.65,S C C,161520,313651680,"Economy, Enterprise and Skills",A45005,IT Hardware,R0542001,"DCC Business Entities (Sole Trade, Partnership, Ltd)"
INSERTED DETAIL,18,Devon County Council,23/04/2026,22087258,"76,927.31",ROYAL DEVON UNIVERSITY HEALTHCAR,21280,654938887,Operations,A53005,Payments to Health Authorities,R0244001,"DCC Business Entities (Sole Trade, Partnership, Ltd)"
INSERTED DETAIL,18,Devon County Council,23/04/2026,22087436,787.50,TREE TOPS PLANNING,381214,,"Transport Operations, Environment and Waste",A44038,Fees,R0640007,"DCC Business Entities (Sole Trade, Partnership, Ltd)"
INSERTED DETAIL,18,Devon County Council,23/04/2026,22088046,"16,650.00",TAGMASTER UK LIMITED,5629,749784760,Planning,A40920,Equipment,R0620002,DCC CIS Suppliers
INSERTED DETAIL,18,Devon County Council,23/04/2026,22088150,"2,907.93",STAGECOACH DEVON LIMITED,21413,435757819,TRAMS Suspense,A32505,Hired Transport Recharges - FPP,R0549011,"DCC Business Entities (Sole Trade, Partnership, Ltd)"
INSERTED DETAIL,18,Devon County Council,23/04/2026,22088906,857.70,LYRECO UK LIMITED,71846,927265703,Finance & Public Value,A40045,Furniture,R0493001,"DCC Business Entities (Sole Trade, Partnership, Ltd)"
INSERTED DETAIL,18,Devon County Council,23/04/2026,22089168,"42,752.50",TORBAY & SOUTH DEVON NHS,290092,654941219,Operations,A57196,Supported Living,R0485022,"DCC Business Entities (Sole Trade, Partnership, Ltd)"
INSERTED DETAIL,18,Devon County Council,23/04/2026,22089969,551.25,OCEAN HEALTHCARE (TRADING AS TAHER LIMITED),346692,776836374,Children's Social Care,A61200,Community based care,R0044004,"DCC Business Entities (Sole Trade, Partnership, Ltd)"
INSERTED DETAIL,18,Devon County Council,23/04/2026,22091645,"139,637.50",KINGSLEY SCHOOL,223710,479040477,Dedicated Schools Grant,A61052,Independent Special School Fees,R0089003,"DCC Business Entities (Sole Trade, Partnership, Ltd)"
INSERTED DETAIL,18,Devon County Council,23/04/2026,22092196,"88,053.99",GALLAGHER BASSETT INTERNATIONAL LIMITED,314249,484746209,"Chief Exec, Legal & Democratic services",A44165,Compensation Claims payments,R0283001,"DCC Business Entities (Sole Trade, Partnership, Ltd)"
INSERTED DETAIL,18,Devon County Council,23/04/2026,22092345,978.50,DR CHERYL BAILEY,395691,,Operations,A44038,Fees,R0222002,"DCC Business Entities (Sole Trade, Partnership, Ltd)"
INSERTED DETAIL,18,Devon County Council,23/04/2026,22092540,"5,460.00",SOUND COMMUNITIES COMMUNITY INTEREST COMPANY,340925,,Dedicated Schools Grant,A44185,Other professional Services (Schools),R0082007,"DCC Business Entities (Sole Trade, Partnership, Ltd)"
INSERTED DETAIL,18,Devon County Council,23/04/2026,22092543,"3,510.00",SOUND COMMUNITIES COMMUNITY INTEREST COMPANY,340925,,Dedicated Schools Grant,A44185,Other professional Services (Schools),R0082007,"DCC Business Entities (Sole Trade, Partnership, Ltd)"
INSERTED DETAIL,18,Devon County Council,23/04/2026,22092701,734.00,COASTAL RECYCLING SERVICES LIMITED,6160,823821047,Transformation & Business Services,A27015,Refuse Collection,R0333026,"DCC Business Entities (Sole Trade, Partnership, Ltd)"
INSERTED DETAIL,18,Devon County Council,23/04/2026,22092763,750.00,Emma Whelan @ 18 St John,604502,389373932,"Chief Exec, Legal & Democratic services",A44968,Legal & Conveyancing Charges,R0276001,"DCC Business Entities (Sole Trade, Partnership, Ltd)"
INSERTED DETAIL,18,Devon County Council,09/04/2026,22089198,500.00,D W F LAW LLP CLIENT ACCOUNT,359937,258955939,"Chief Exec, Legal & Democratic services",A44165,Compensation Claims payments,R0283001,"DCC Business Entities (Sole Trade, Partnership, Ltd)"
INSERTED DETAIL,18,Devon County Council,09/04/2026,22089231,"5,408.33",ACORN CARE & EDUCATION LIMITED,333557,902188441,Dedicated Schools Grant,A61052,Independent Special School Fees,R0089003,"DCC Business Entities (Sole Trade, Partnership, Ltd)"
INSERTED DETAIL,18,Devon County Council,09/04/2026,22089374,500.00,Robyn Minogue,604010,,"Economy, Enterprise and Skills",A44038,Fees,R0547004,"DCC Business Entities (Sole Trade, Partnership, Ltd)"
INSERTED DETAIL,18,Devon County Council,10/04/2026,22083261,"1,046.00",K F BARTLETT LIMITED (EXETER),84133,140849075,Children's Social Care,A40920,Equipment,R0015001,"DCC Business Entities (Sole Trade, Partnership, Ltd)"
INSERTED DETAIL,18,Devon County Council,10/04/2026,22083862,876.00,ROYAL DEVON UNIVERSITY HEALTHCAR,21280,654938887,Public Health,A53005,Payments to Health Authorities,R0316033,"DCC Business Entities (Sole Trade, Partnership, Ltd)"
INSERTED DETAIL,18,Devon County Council,10/04/2026,22083923,"33,275.00",RSK HI-LINE LIMITED,71745,397835628,Capital - Highways,C02009,Works,C0671004,"DCC Business Entities (Sole Trade, Partnership, Ltd)"
INSERTED DETAIL,18,Devon County Council,10/04/2026,22083939,"2,979.17",BALES FARM OUTDOOR LEARNING LTD,377260,,Dedicated Schools Grant,A44180,Services for Educational Estabs - Devon,R0010004,"DCC Business Entities (Sole Trade, Partnership, Ltd)"
INSERTED DETAIL,18,Devon County Council,10/04/2026,22083949,"1,586.87",NORSE SOUTH WEST LIMITED,279741,785421021,Transformation & Business Services,A20005,"Property Repairs, Maintenance & Alterations (programmed)",R0333026,"DCC Business Entities (Sole Trade, Partnership, Ltd)"
INSERTED DETAIL,18,Devon County Council,10/04/2026,22083959,847.50,NORSE SOUTH WEST LIMITED,279741,785421021,"Chief Exec, Legal & Democratic services",A41905,Catering,R0282001,"DCC Business Entities (Sole Trade, Partnership, Ltd)"
INSERTED DETAIL,18,Devon County Council,10/04/2026,22084002,600.00,NORSE SOUTH WEST LIMITED,279741,785421021,Transformation & Business Services,A20015,Security / Surveillance Equipment Maintenance,R0333026,"DCC Business Entities (Sole Trade, Partnership, Ltd)"
INSERTED DETAIL,18,Devon County Council,10/04/2026,22084049,"1,271.67",NeuroConnect CIC,382604,,P-Ledger - Separate Legal Entity,A61060,Support for Children in Care,P0432008,"DCC Business Entities (Sole Trade, Partnership, Ltd)"
INSERTED DETAIL,18,Devon County Council,10/04/2026,22084142,840.00,ACTION FIRST ASSESMENT LIMITED,388434,313339624,Operations,A44038,Fees,R0222002,"DCC Business Entities (Sole Trade, Partnership, Ltd)"
INSERTED DETAIL,18,Devon County Council,10/04/2026,22084247,"2,932.75",ROYAL DEVON UNIVERSITY HEALTHCAR,21280,654938887,Public Health,A53005,Payments to Health Authorities,R0316033,"DCC Business Entities (Sole Trade, Partnership, Ltd)"
INSERTED DETAIL,18,Devon County Council,10/04/2026,22084263,"2,383.00",VELOCITY WEB,382769,394004114,Public Health,A57115,Payments to Private Contractors,R0316084,"DCC Business Entities (Sole Trade, Partnership, Ltd)"
INSERTED DETAIL,18,Devon County Council,10/04/2026,22084264,"1,039.00",TOPP TREE CARE LTD,389748,434623407,Highways & Infrastructure Development,A49005,Other Hired & Contracting Services,R0553005,"DCC Business Entities (Sole Trade, Partnership, Ltd)"
INSERTED DETAIL,18,Devon County Council,10/04/2026,22084296,"10,557.00",SOUTH HAMS DISTRICT COUNCIL,8255,142204125,Children's Social Care,A52005,Payments to Other Local Authorities,R0026003,"DCC Business Entities (Sole Trade, Partnership, Ltd)"
INSERTED DETAIL,18,Devon County Council,10/04/2026,22084444,-510.00,C E D A,12641,,Children's Social Care,A61200,Community based care,R0046004,"DCC Business Entities (Sole Trade, Partnership, Ltd)"
INSERTED DETAIL,18,Devon County Council,10/04/2026,22084532,791.60,THE ADVOCACY PEOPLE,257570,,Operations,A44038,Fees,R0222002,"DCC Business Entities (Sole Trade, Partnership, Ltd)"
INSERTED DETAIL,18,Devon County Council,10/04/2026,22084540,"1,040.35",STEARN ELECTRIC COMPANY LIMITED,21421,927202736,Children's Social Care,A40920,Equipment,R0095011,"DCC Business Entities (Sole Trade, Partnership, Ltd)"
INSERTED DETAIL,18,Devon County Council,10/04/2026,22084576,976.17,THE ADVOCACY PEOPLE,257570,,Operations,A44038,Fees,R0222002,"DCC Business Entities (Sole Trade, Partnership, Ltd)"
INSERTED DETAIL,18,Devon County Council,10/04/2026,22084600,"1,518.50",FREDERICK SHERRELL LIMITED,14402,591319333,Highways & Infrastructure Development,A46100,Main / Term Contractor,R0554003,"DCC Business Entities (Sole Trade, Partnership, Ltd)"
INSERTED DETAIL,18,Devon County Council,10/04/2026,22084640,"2,844.90",LEAF COMPLEX CARE LIMITED,360974,,Children's Social Care,A61200,Community based care,R0044004,"DCC Business Entities (Sole Trade, Partnership, Ltd)"
INSERTED DETAIL,18,Devon County Council,10/04/2026,22084760,"1,750.00",UX2 LIMITED,388014,235329022,Dedicated Schools Grant,A44185,Other professional Services (Schools),R0082007,"DCC Business Entities (Sole Trade, Partnership, Ltd)"
INSERTED DETAIL,18,Devon County Council,10/04/2026,22084770,691.60,INSTARMAC GROUP PLC,302188,295973982,Highways & Infrastructure Development,A40070,Stock Materials,R0554004,"DCC Business Entities (Sole Trade, Partnership, Ltd)"
INSERTED DETAIL,18,Devon County Council,10/04/2026,22085026,"20,000.00",Barnardo Services Ltd,403718,507477337,People and Culture,A16015,Staff Training Expenses - Non Payroll,R0303005,"DCC Business Entities (Sole Trade, Partnership, Ltd)"
INSERTED DETAIL,18,Devon County Council,10/04/2026,22085655,"5,117.34",GCI NETWORK SOLUTIONS TA NASSTAR,380659,199872429,Transformation & Business Services,A45008,IT Hardware Maintenance,R0353008,"DCC Business Entities (Sole Trade, Partnership, Ltd)"
INSERTED DETAIL,18,Devon County Council,10/04/2026,22085659,563.77,NORSE SOUTH WEST LIMITED,279741,785421021,"Economy, Enterprise and Skills",A27010,Contract Cleaning,R0539001,"DCC Business Entities (Sole Trade, Partnership, Ltd)"
INSERTED DETAIL,18,Devon County Council,10/04/2026,22085669,782.71,NORSE SOUTH WEST LIMITED,279741,785421021,Children's Social Care,A20005,"Property Repairs, Maintenance & Alterations (programmed)",R0074001,"DCC Business Entities (Sole Trade, Partnership, Ltd)"
INSERTED DETAIL,18,Devon County Council,10/04/2026,22085677,"1,022.96",NORSE SOUTH WEST LIMITED,279741,785421021,Operations,A49208,Transaction fees: Other costs,R0238001,"DCC Business Entities (Sole Trade, Partnership, Ltd)"
INSERTED DETAIL,18,Devon County Council,10/04/2026,22085679,952.91,NORSE SOUTH WEST LIMITED,279741,785421021,Transformation & Business Services,A20030,Service Term Contracts,R0333026,"DCC Business Entities (Sole Trade, Partnership, Ltd)"
INSERTED DETAIL,18,Devon County Council,10/04/2026,22087281,"3,520.44",ULTIM8 CONSTRUCTION LIMITED,276694,998206374,Capital - Highways,C02009,Works,C0652001,"DCC Business Entities (Sole Trade, Partnership, Ltd)"
INSERTED DETAIL,18,Devon County Council,10/04/2026,22087422,"2,754.08",MARINE & CIVIL SOLUTIONS LIMITED,283395,431868383,Capital - Highways,C02011,External Professional Fees,C0671004,DCC CIS Suppliers
INSERTED DETAIL,18,Devon County Council,10/04/2026,22088325,"16,016.70",WEST DEVON BUSINESS INFORMATION POINT L,135470,786316303,"Economy, Enterprise and Skills",A44038,Fees,R0547001,"DCC Business Entities (Sole Trade, Partnership, Ltd)"
INSERTED DETAIL,18,Devon County Council,10/04/2026,22088627,"3,851.68",PROSPERO RECRUITMENT LIMITED,352539,486704947,Dedicated Schools Grant,A44185,Other professional Services (Schools),R0082007,"DCC Business Entities (Sole Trade, Partnership, Ltd)"
INSERTED DETAIL,18,Devon County Council,10/04/2026,22088635,"4,305.00",TORRIDGE DISTRICT COUNCIL,4707,144666062,"Chief Exec, Legal & Democratic services",A22005,Building Rents,R0278001,"DCC Business Entities (Sole Trade, Partnership, Ltd)"
INSERTED DETAIL,18,Devon County Council,10/04/2026,22089559,"6,572.83",BTHECHANGE COMMUNITY INTEREST COMPANY,368481,373717183,Public Health,A57115,Payments to Private Contractors,R0316047,"DCC Business Entities (Sole Trade, Partnership, Ltd)"
INSERTED DETAIL,18,Devon County Council,13/04/2026,22071827,"6,972.75",YUNEX LIMITED,380539,398757515,Highways & Infrastructure Development,A45045,IT Software Maintenance,R0567002,DCC CIS Suppliers
INSERTED DETAIL,18,Devon County Council,13/04/2026,22084156,"2,000.00",NORSE SOUTH WEST LIMITED,279741,785421021,Transformation & Business Services,A46100,Main / Term Contractor,R0334004,"DCC Business Entities (Sole Trade, Partnership, Ltd)"
INSERTED DETAIL,18,Devon County Council,13/04/2026,22084336,"40,808.14",ROYAL DEVON UNIVERSITY HEALTHCAR,21280,654938887,Operations,A53005,Payments to Health Authorities,R0244001,"DCC Business Entities (Sole Trade, Partnership, Ltd)"
INSERTED DETAIL,18,Devon County Council,13/04/2026,22084339,"14,253.77",ROYAL DEVON UNIVERSITY HEALTHCAR,21280,654938887,Operations,A53005,Payments to Health Authorities,R0244001,"DCC Business Entities (Sole Trade, Partnership, Ltd)"
INSERTED DETAIL,18,Devon County Council,13/04/2026,22084360,608.16,PROSPERO RECRUITMENT LIMITED,352539,486704947,Dedicated Schools Grant,A44185,Other professional Services (Schools),R0082007,"DCC Business Entities (Sole Trade, Partnership, Ltd)"
INSERTED DETAIL,18,Devon County Council,13/04/2026,22084361,"2,027.20",PROSPERO RECRUITMENT LIMITED,352539,486704947,Dedicated Schools Grant,A44185,Other professional Services (Schools),R0082007,"DCC Business Entities (Sole Trade, Partnership, Ltd)"
INSERTED DETAIL,18,Devon County Council,13/04/2026,22084367,810.88,PROSPERO RECRUITMENT LIMITED,352539,486704947,Dedicated Schools Grant,A44185,Other professional Services (Schools),R0082007,"DCC Business Entities (Sole Trade, Partnership, Ltd)"
INSERTED DETAIL,18,Devon County Council,13/04/2026,22084370,"1,013.60",PROSPERO RECRUITMENT LIMITED,352539,486704947,Dedicated Schools Grant,A44185,Other professional Services (Schools),R0082007,"DCC Business Entities (Sole Trade, Partnership, Ltd)"
INSERTED DETAIL,18,Devon County Council,13/04/2026,22084373,"3,040.80",PROSPERO RECRUITMENT LIMITED,352539,486704947,Dedicated Schools Grant,A44185,Other professional Services (Schools),R0082007,"DCC Business Entities (Sole Trade, Partnership, Ltd)"
INSERTED DETAIL,18,Devon County Council,13/04/2026,22084382,"1,427.14",PROSPERO RECRUITMENT LIMITED,352539,486704947,Dedicated Schools Grant,A44185,Other professional Services (Schools),R0082007,"DCC Business Entities (Sole Trade, Partnership, Ltd)"
INSERTED DETAIL,18,Devon County Council,13/04/2026,22084395,608.16,PROSPERO RECRUITMENT LIMITED,352539,486704947,Dedicated Schools Grant,A44185,Other professional Services (Schools),R0082007,"DCC Business Entities (Sole Trade, Partnership, Ltd)"
INSERTED DETAIL,18,Devon County Council,13/04/2026,22084402,886.90,PROSPERO RECRUITMENT LIMITED,352539,486704947,Dedicated Schools Grant,A44185,Other professional Services (Schools),R0082007,"DCC Business Entities (Sole Trade, Partnership, Ltd)"
INSERTED DETAIL,18,Devon County Council,13/04/2026,22084406,"1,216.32",PROSPERO RECRUITMENT LIMITED,352539,486704947,Dedicated Schools Grant,A44185,Other professional Services (Schools),R0082007,"DCC Business Entities (Sole Trade, Partnership, Ltd)"
INSERTED DETAIL,18,Devon County Council,13/04/2026,22084472,"2,280.60",PROSPERO RECRUITMENT LIMITED,352539,486704947,Dedicated Schools Grant,A44185,Other professional Services (Schools),R0082007,"DCC Business Entities (Sole Trade, Partnership, Ltd)"
INSERTED DETAIL,18,Devon County Council,13/04/2026,22084483,"1,013.60",PROSPERO RECRUITMENT LIMITED,352539,486704947,Dedicated Schools Grant,A44185,Other professional Services (Schools),R0082007,"DCC Business Entities (Sole Trade, Partnership, Ltd)"
INSERTED DETAIL,18,Devon County Council,13/04/2026,22084489,"1,013.60",PROSPERO RECRUITMENT LIMITED,352539,486704947,Dedicated Schools Grant,A44185,Other professional Services (Schools),R0082007,"DCC Business Entities (Sole Trade, Partnership, Ltd)"
INSERTED DETAIL,18,Devon County Council,13/04/2026,22084491,"2,280.60",PROSPERO RECRUITMENT LIMITED,352539,486704947,Dedicated Schools Grant,A44185,Other professional Services (Schools),R0082007,"DCC Business Entities (Sole Trade, Partnership, Ltd)"
INSERTED DETAIL,18,Devon County Council,13/04/2026,22084512,"2,027.20",PROSPERO RECRUITMENT LIMITED,352539,486704947,Dedicated Schools Grant,A44185,Other professional Services (Schools),R0082007,"DCC Business Entities (Sole Trade, Partnership, Ltd)"
INSERTED DETAIL,18,Devon County Council,13/04/2026,22084519,760.20,PROSPERO RECRUITMENT LIMITED,352539,486704947,Dedicated Schools Grant,A44185,Other professional Services (Schools),R0082007,"DCC Business Entities (Sole Trade, Partnership, Ltd)"
INSERTED DETAIL,18,Devon County Council,13/04/2026,22084529,"221,500.00",ROYAL DEVON UNIVERSITY HEALTHCAR,21280,654938887,P-Ledger - Separate Legal Entity,A54000,Better Care Fund Expense,P0394005,"DCC Business Entities (Sole Trade, Partnership, Ltd)"
INSERTED DETAIL,18,Devon County Council,13/04/2026,22084531,"3,040.80",PROSPERO RECRUITMENT LIMITED,352539,486704947,Dedicated Schools Grant,A44185,Other professional Services (Schools),R0082007,"DCC Business Entities (Sole Trade, Partnership, Ltd)"
INSERTED DETAIL,18,Devon County Council,13/04/2026,22084537,"3,322.50",SPORTS CLUBHOUSES,370863,171688381,"Capital - Planning, Transportation and Environment",C02009,Works,C0671003,"DCC Business Entities (Sole Trade, Partnership, Ltd)"
INSERTED DETAIL,18,Devon County Council,13/04/2026,22084541,"15,500.00",ROYAL DEVON UNIVERSITY HEALTHCAR,21280,654938887,P-Ledger - Separate Legal Entity,A54000,Better Care Fund Expense,P0394011,"DCC Business Entities (Sole Trade, Partnership, Ltd)"
INSERTED DETAIL,18,Devon County Council,13/04/2026,22084542,"2,700.89",PROSPERO RECRUITMENT LIMITED,352539,486704947,Dedicated Schools Grant,A44185,Other professional Services (Schools),R0082007,"DCC Business Entities (Sole Trade, Partnership, Ltd)"
INSERTED DETAIL,18,Devon County Council,13/04/2026,22084580,900.00,HARTWOOD TIMBERWORKS LIMITED,300438,997066170,Capital - Highways,C02009,Works,C0671004,"DCC Business Entities (Sole Trade, Partnership, Ltd)"
INSERTED DETAIL,18,Devon County Council,13/04/2026,22084582,"141,118.56",LIVEWELL SOUTH WEST COMMUNITY INTEREST COMPANY,337747,120536356,Children's Social Care,A44038,Fees,R0015004,"DCC Business Entities (Sole Trade, Partnership, Ltd)"
INSERTED DETAIL,18,Devon County Council,13/04/2026,22084601,"15,155.23",SWARCO UK & IRELAND LIMITED,13690,568335022,Capital - Highways,C02009,Works,C0671005,DCC CIS Suppliers
INSERTED DETAIL,18,Devon County Council,13/04/2026,22084623,"4,440.48",Complete Training (Devon) Ltd,601803,454736080,"Economy, Enterprise and Skills",A44038,Fees,R0546004,"DCC Business Entities (Sole Trade, Partnership, Ltd)"
INSERTED DETAIL,18,Devon County Council,13/04/2026,22084627,"5,250.00",PRIMED TALENT LIMITED,390265,258192384,"Economy, Enterprise and Skills",A44038,Fees,R0546004,"DCC Business Entities (Sole Trade, Partnership, Ltd)"
INSERTED DETAIL,18,Devon County Council,13/04/2026,22084629,"6,596.10",Complete Training (Devon) Ltd,601803,454736080,"Economy, Enterprise and Skills",A44038,Fees,R0546004,"DCC Business Entities (Sole Trade, Partnership, Ltd)"
INSERTED DETAIL,18,Devon County Council,13/04/2026,22084753,"7,712.00",HGV Training Services Limited,601845,329272394,"Economy, Enterprise and Skills",A44038,Fees,R0546004,"DCC Business Entities (Sole Trade, Partnership, Ltd)"
INSERTED DETAIL,18,Devon County Council,13/04/2026,22084774,"6,182.11",WSP UK LIMITED,85394,905054942,Planning,A44038,Fees,R0577002,"DCC Business Entities (Sole Trade, Partnership, Ltd)"
INSERTED DETAIL,18,Devon County Council,13/04/2026,22084783,"4,631.22",WSP UK LIMITED,85394,905054942,Capital - Highways,C02011,External Professional Fees,C0671004,"DCC Business Entities (Sole Trade, Partnership, Ltd)"
INSERTED DETAIL,18,Devon County Council,13/04/2026,22084791,"2,787.40",PROSPERO RECRUITMENT LIMITED,352539,486704947,Dedicated Schools Grant,A44180,Services for Educational Estabs - Devon,R0010004,"DCC Business Entities (Sole Trade, Partnership, Ltd)"
INSERTED DETAIL,18,Devon County Council,13/04/2026,22084810,"1,935.03",NEXT STEPS EDUCATION LIMITED,389810,440621822,Dedicated Schools Grant,A44180,Services for Educational Estabs - Devon,R0010004,"DCC Business Entities (Sole Trade, Partnership, Ltd)"
INSERTED DETAIL,18,Devon County Council,13/04/2026,22084817,"1,390.81",NEXT STEPS EDUCATION LIMITED,389810,440621822,Dedicated Schools Grant,A44180,Services for Educational Estabs - Devon,R0010004,"DCC Business Entities (Sole Trade, Partnership, Ltd)"
INSERTED DETAIL,18,Devon County Council,13/04/2026,22084818,846.58,NEXT STEPS EDUCATION LIMITED,389810,440621822,Dedicated Schools Grant,A44180,Services for Educational Estabs - Devon,R0010004,"DCC Business Entities (Sole Trade, Partnership, Ltd)"
INSERTED DETAIL,18,Devon County Council,13/04/2026,22084845,680.40,DIGITAL PENINSULA NETWORK LIMITED,394926,,"Economy, Enterprise and Skills",A44038,Fees,R0546004,"DCC Business Entities (Sole Trade, Partnership, Ltd)"
INSERTED DETAIL,18,Devon County Council,13/04/2026,22084848,"12,516.00",DIGITAL PENINSULA NETWORK LIMITED,394926,,"Economy, Enterprise and Skills",A44038,Fees,R0546004,"DCC Business Entities (Sole Trade, Partnership, Ltd)"
INSERTED DETAIL,18,Devon County Council,13/04/2026,22084854,"1,674.05",SWARCO UK & IRELAND LIMITED,13690,568335022,Capital - Highways,C02009,Works,C0671005,DCC CIS Suppliers
INSERTED DETAIL,18,Devon County Council,13/04/2026,22084857,"1,500.00",DODDS SOLICITORS LLP,394172,729928286,"Chief Exec, Legal & Democratic services",A44968,Legal & Conveyancing Charges,R0276001,"DCC Business Entities (Sole Trade, Partnership, Ltd)"
INSERTED DETAIL,18,Devon County Council,13/04/2026,22084970,"12,776.40",DIGITAL PENINSULA NETWORK LIMITED,394926,,"Economy, Enterprise and Skills",A44038,Fees,R0546004,"DCC Business Entities (Sole Trade, Partnership, Ltd)"
INSERTED DETAIL,18,Devon County Council,13/04/2026,22084972,"4,435.20",DIGITAL PENINSULA NETWORK LIMITED,394926,,"Economy, Enterprise and Skills",A44038,Fees,R0546004,"DCC Business Entities (Sole Trade, Partnership, Ltd)"
INSERTED DETAIL,18,Devon County Council,13/04/2026,22084975,"1,984.00",M N GARDNER & PARTNERS,230752,988890431,Capital - Highways,C02009,Works,C0671008,"DCC Business Entities (Sole Trade, Partnership, Ltd)"
INSERTED DETAIL,18,Devon County Council,13/04/2026,22084992,"1,037.09",WSP UK LIMITED,85394,905054942,Capital - Highways,C02011,External Professional Fees,C0652001,"DCC Business Entities (Sole Trade, Partnership, Ltd)"
INSERTED DETAIL,18,Devon County Council,13/04/2026,22085007,"11,203.69",WSP UK LIMITED,85394,905054942,"Transport Operations, Environment and Waste",A44038,Fees,R0614001,"DCC Business Entities (Sole Trade, Partnership, Ltd)"
INSERTED DETAIL,18,Devon County Council,13/04/2026,22085038,989.20,WSP UK LIMITED,85394,905054942,Capital - Highways,C02011,External Professional Fees,C0671007,"DCC Business Entities (Sole Trade, Partnership, Ltd)"
INSERTED DETAIL,18,Devon County Council,13/04/2026,22085048,"1,432.68",WSP UK LIMITED,85394,905054942,Capital - Highways,C02011,External Professional Fees,C0671008,"DCC Business Entities (Sole Trade, Partnership, Ltd)"
INSERTED DETAIL,18,Devon County Council,13/04/2026,22085053,915.69,WSP UK LIMITED,85394,905054942,"Capital - Planning, Transportation and Environment",C02011,External Professional Fees,C0656001,"DCC Business Entities (Sole Trade, Partnership, Ltd)"
INSERTED DETAIL,18,Devon County Council,13/04/2026,22085064,"1,123.55",WSP UK LIMITED,85394,905054942,Highways & Infrastructure Development,A44038,Fees,R0556026,"DCC Business Entities (Sole Trade, Partnership, Ltd)"
INSERTED DETAIL,18,Devon County Council,13/04/2026,22085070,"1,320.00",SUEZ RECYCLING & RECOVERY UK LIMITED,208690,444085847,"Transport Operations, Environment and Waste",A46100,Main / Term Contractor,R0605001,"DCC Business Entities (Sole Trade, Partnership, Ltd)"
INSERTED DETAIL,18,Devon County Council,13/04/2026,22085079,549.97,WSP UK LIMITED,85394,905054942,Capital - Highways,C02011,External Professional Fees,C0671004,"DCC Business Entities (Sole Trade, Partnership, Ltd)"
INSERTED DETAIL,18,Devon County Council,13/04/2026,22085082,"2,352.90",Associated Asphalt Contracting Ltd,601829,400036959,Capital - Highways,C02009,Works,C0671004,"DCC Business Entities (Sole Trade, Partnership, Ltd)"
INSERTED DETAIL,18,Devon County Council,13/04/2026,22085111,"34,475.00",SILVIAN LIMITED/FORMERLY ARBORCARE,5299,675672688,Highways & Infrastructure Development,A46100,Main / Term Contractor,R0555002,"DCC Business Entities (Sole Trade, Partnership, Ltd)"
INSERTED DETAIL,18,Devon County Council,13/04/2026,22085172,"3,278.79",WSP UK LIMITED,85394,905054942,"Capital - Planning, Transportation and Environment",C02011,External Professional Fees,C0671012,"DCC Business Entities (Sole Trade, Partnership, Ltd)"
INSERTED DETAIL,18,Devon County Council,13/04/2026,22085210,"2,218.97",WSP UK LIMITED,85394,905054942,"Transport Operations, Environment and Waste",A44038,Fees,R0614001,"DCC Business Entities (Sole Trade, Partnership, Ltd)"
INSERTED DETAIL,18,Devon County Council,13/04/2026,22085215,"1,374.04",WSP UK LIMITED,85394,905054942,Highways & Infrastructure Development,A44038,Fees,R0571003,"DCC Business Entities (Sole Trade, Partnership, Ltd)"
INSERTED DETAIL,18,Devon County Council,13/04/2026,22085216,"3,768.67",WSP UK LIMITED,85394,905054942,Capital - Highways,C02011,External Professional Fees,C0652001,"DCC Business Entities (Sole Trade, Partnership, Ltd)"
INSERTED DETAIL,18,Devon County Council,13/04/2026,22085217,"6,466.56",SECURITAS TECHNOLOGY LIMITED,399509,232244695,Children's Social Care,A20015,Security / Surveillance Equipment Maintenance,R0015001,"DCC Business Entities (Sole Trade, Partnership, Ltd)"
INSERTED DETAIL,18,Devon County Council,13/04/2026,22085274,"2,066.77",WSP UK LIMITED,85394,905054942,Highways & Infrastructure Development,A44038,Fees,R0572001,"DCC Business Entities (Sole Trade, Partnership, Ltd)"
INSERTED DETAIL,18,Devon County Council,13/04/2026,22085281,614.51,WSP UK LIMITED,85394,905054942,Planning,A44038,Fees,R0638001,"DCC Business Entities (Sole Trade, Partnership, Ltd)"
INSERTED DETAIL,18,Devon County Council,13/04/2026,22085293,"2,774.59",WSP UK LIMITED,85394,905054942,Highways & Infrastructure Development,A44038,Fees,R0560002,"DCC Business Entities (Sole Trade, Partnership, Ltd)"
INSERTED DETAIL,18,Devon County Council,13/04/2026,22085465,565.80,CURRYS GROUP LIMITED (MSTS REC AC),390252,226659933,Children's Social Care,A40920,Equipment,R0015001,"DCC Business Entities (Sole Trade, Partnership, Ltd)"
INSERTED DETAIL,18,Devon County Council,13/04/2026,22085517,"1,486.87",WSP UK LIMITED,85394,905054942,"Capital - Planning, Transportation and Environment",C02011,External Professional Fees,C0671003,"DCC Business Entities (Sole Trade, Partnership, Ltd)"
INSERTED DETAIL,18,Devon County Council,13/04/2026,22085555,670.24,WSP UK LIMITED,85394,905054942,Capital - Highways,C02011,External Professional Fees,C0671004,"DCC Business Entities (Sole Trade, Partnership, Ltd)"
INSERTED DETAIL,18,Devon County Council,13/04/2026,22085563,"2,086.46",WSP UK LIMITED,85394,905054942,Capital - Highways,C02011,External Professional Fees,C0671004,"DCC Business Entities (Sole Trade, Partnership, Ltd)"
INSERTED DETAIL,18,Devon County Council,13/04/2026,22085575,"3,685.49",WSP UK LIMITED,85394,905054942,Capital - Highways,C02011,External Professional Fees,C0652001,"DCC Business Entities (Sole Trade, Partnership, Ltd)"
INSERTED DETAIL,18,Devon County Council,13/04/2026,22085578,"4,384.04",WSP UK LIMITED,85394,905054942,"Capital - Planning, Transportation and Environment",C02011,External Professional Fees,C0671003,"DCC Business Entities (Sole Trade, Partnership, Ltd)"
INSERTED DETAIL,18,Devon County Council,13/04/2026,22085579,"9,490.91",WSP UK LIMITED,85394,905054942,"Capital - Planning, Transportation and Environment",C02011,External Professional Fees,C0671011,"DCC Business Entities (Sole Trade, Partnership, Ltd)"
INSERTED DETAIL,18,Devon County Council,13/04/2026,22085637,"2,057.10",CDN NETWORKS LIMITED,199585,797201608,Transformation & Business Services,A45008,IT Hardware Maintenance,R0353008,"DCC Business Entities (Sole Trade, Partnership, Ltd)"
INSERTED DETAIL,18,Devon County Council,13/04/2026,22086076,939.25,EAST DEVON DISTRICT COUN (S O ACCOUNT),8710,142218990,"Chief Exec, Legal & Democratic services",A23005,Rates,R0278001,"DCC Business Entities (Sole Trade, Partnership, Ltd)"
INSERTED DETAIL,18,Devon County Council,13/04/2026,22086116,"4,575.50",THE COLOUR WORKS INTERNATIONAL LIMITED,394321,825444822,People and Culture,A16015,Staff Training Expenses - Non Payroll,R0303002,"DCC Business Entities (Sole Trade, Partnership, Ltd)"
INSERTED DETAIL,18,Devon County Council,13/04/2026,22086209,510.00,THE COLOUR WORKS INTERNATIONAL LIMITED,394321,825444822,People and Culture,A16015,Staff Training Expenses - Non Payroll,R0303002,"DCC Business Entities (Sole Trade, Partnership, Ltd)"
INSERTED DETAIL,18,Devon County Council,13/04/2026,22086344,"1,250.00",THE EDUCATION COMPANY LIMITED,80154,573768493,Finance & Public Value,A44038,Fees,R0210001,"DCC Business Entities (Sole Trade, Partnership, Ltd)"
INSERTED DETAIL,18,Devon County Council,13/04/2026,22086911,"3,483.00",GCI NETWORK SOLUTIONS TA NASSTAR,380659,199872429,Transformation & Business Services,A45020,Telephones,R0353008,"DCC Business Entities (Sole Trade, Partnership, Ltd)"
INSERTED DETAIL,18,Devon County Council,13/04/2026,22087082,750.00,Yasmine El-Nazer,601788,269809253,"Chief Exec, Legal & Democratic services",A44968,Legal & Conveyancing Charges,R0276001,"DCC Business Entities (Sole Trade, Partnership, Ltd)"
INSERTED DETAIL,18,Devon County Council,13/04/2026,22087179,"1,234.00",SUEZ RECYCLING & RECOVERY UK LIMITED,208690,444085847,"Transport Operations, Environment and Waste",A46100,Main / Term Contractor,R0594001,"DCC Business Entities (Sole Trade, Partnership, Ltd)"
INSERTED DETAIL,18,Devon County Council,13/04/2026,22087733,"13,917.00",SYSTEM C HEALTHCARE LIMITED,400035,927438206,Public Health Nursing,A49075,Licences - General,R0019003,"DCC Business Entities (Sole Trade, Partnership, Ltd)"
INSERTED DETAIL,18,Devon County Council,13/04/2026,22088129,"32,108.30",KIELY BROS LIMITED,245750,945699264,Capital - Highways,C02009,Works,C0652001,DCC CIS Suppliers
INSERTED DETAIL,18,Devon County Council,13/04/2026,22088561,"3,150.00",VICTORIA BASTOCK,405088,441854490,Other PH Services,A44968,Legal & Conveyancing Charges,R0548001,"DCC Business Entities (Sole Trade, Partnership, Ltd)"
INSERTED DETAIL,18,Devon County Council,13/04/2026,22088709,"27,000.00",ADOPTION WEST,399260,323964100,P-Ledger - Separate Legal Entity,A61060,Support for Children in Care,P0432006,"DCC Business Entities (Sole Trade, Partnership, Ltd)"
INSERTED DETAIL,18,Devon County Council,13/04/2026,22089017,"12,324.40",KENNFORD TARMACADAM LIMITED,24534,976391178,Capital - Highways,C02009,Works,C0671006,DCC CIS Suppliers
INSERTED DETAIL,18,Devon County Council,13/04/2026,22089178,"2,910.00",CHIPSIDE LIMITED,280928,812080569,Highways & Infrastructure Development,A44038,Fees,R0556001,"DCC Business Entities (Sole Trade, Partnership, Ltd)"
INSERTED DETAIL,18,Devon County Council,13/04/2026,22089263,"18,808.19",CAMBIAN CHILDCARE LIMITED,299178,190023541,Dedicated Schools Grant,A61052,Independent Special School Fees,R0089003,"DCC Business Entities (Sole Trade, Partnership, Ltd)"
INSERTED DETAIL,18,Devon County Council,13/04/2026,22089523,"537,553.01",WAYTHROUGH,394680,413208832,Public Health,A57115,Payments to Private Contractors,R0316047,"DCC Business Entities (Sole Trade, Partnership, Ltd)"
INSERTED DETAIL,18,Devon County Council,13/04/2026,22089570,"2,138.92",STEP ONE CHARITY,384200,787421303,Public Health,A57115,Payments to Private Contractors,R0316084,"DCC Business Entities (Sole Trade, Partnership, Ltd)"
INSERTED DETAIL,18,Devon County Council,13/04/2026,22089682,"68,445.31",FUELCARD SERVICES LIMITED,326358,447765312,"Transport Operations, Environment and Waste",A30015,Vehicle Fuel,R0584003,"DCC Business Entities (Sole Trade, Partnership, Ltd)"
INSERTED DETAIL,18,Devon County Council,13/04/2026,22089935,"2,886.40",KENNFORD TARMACADAM LIMITED,24534,976391178,Capital - Highways,C02051,Term Maintenance Contract,C0671006,DCC CIS Suppliers
INSERTED DETAIL,18,Devon County Council,13/04/2026,22090135,"2,027.20",PROSPERO RECRUITMENT LIMITED,352539,486704947,Dedicated Schools Grant,A44185,Other professional Services (Schools),R0082007,"DCC Business Entities (Sole Trade, Partnership, Ltd)"
INSERTED DETAIL,18,Devon County Council,13/04/2026,150410297,574.28,M Group Highways Limited,375383,927200546,Highways & Infrastructure Development,A46100,Main / Term Contractor,R0556034,"DCC Business Entities (Sole Trade, Partnership, Ltd)"
INSERTED DETAIL,18,Devon County Council,13/04/2026,150410302,-734.10,M Group Highways Limited,375383,927200546,Capital - Highways,C02051,Term Maintenance Contract,C0671007,"DCC Business Entities (Sole Trade, Partnership, Ltd)"
INSERTED DETAIL,18,Devon County Council,13/04/2026,150410304,"-1,139.51",M Group Highways Limited,375383,927200546,Capital - Highways,C02051,Term Maintenance Contract,C0671007,"DCC Business Entities (Sole Trade, Partnership, Ltd)"
INSERTED DETAIL,18,Devon County Council,14/04/2026,22082578,"4,975.00",SPECSAVERS OPTICAL SUPERSTORES,276313,520011330,People and Culture,A12510,Other Employee Expenses,R0303006,"DCC Business Entities (Sole Trade, Partnership, Ltd)"
INSERTED DETAIL,18,Devon County Council,14/04/2026,22084383,"1,236.48",COMPANY FILM SOLUTIONS LIMITED,315124,160729215,P-Ledger - Separate Legal Entity,A44038,Fees,P0432003,"DCC Business Entities (Sole Trade, Partnership, Ltd)"
INSERTED DETAIL,18,Devon County Council,14/04/2026,22084877,"10,069.28",AVC WISE LIMITED TRADING AS MY MONEY MATTERS,386397,298413370,People and Culture,A44038,Fees,R0502001,"DCC Business Entities (Sole Trade, Partnership, Ltd)"
INSERTED DETAIL,18,Devon County Council,14/04/2026,22087166,"20,800.32",NETWORK HEALTHCARE,394158,844278506,Operations,A57136,Personal Care Block,R0234001,"DCC Business Entities (Sole Trade, Partnership, Ltd)"
INSERTED DETAIL,18,Devon County Council,14/04/2026,22087420,"2,844.24",MARINE & CIVIL SOLUTIONS LIMITED,283395,431868383,Highways & Infrastructure Development,A46100,Main / Term Contractor,R0554001,DCC CIS Suppliers
INSERTED DETAIL,18,Devon County Council,14/04/2026,22087985,"81,627.00",HIGHGATE HILL HOUSE SCHOOL LIMITED,346763,509395958,Dedicated Schools Grant,A61052,Independent Special School Fees,R0089003,"DCC Business Entities (Sole Trade, Partnership, Ltd)"
INSERTED DETAIL,18,Devon County Council,14/04/2026,22088312,"1,687.50",PERMANENT FUTURES LIMITED,385155,790331045,Commissioning,A11005,Agency Supply Staff,R0466001,"DCC Business Entities (Sole Trade, Partnership, Ltd)"
INSERTED DETAIL,18,Devon County Council,14/04/2026,22088377,"2,362.50",PERMANENT FUTURES LIMITED,385155,790331045,Commissioning,A11005,Agency Supply Staff,R0466001,"DCC Business Entities (Sole Trade, Partnership, Ltd)"
INSERTED DETAIL,18,Devon County Council,14/04/2026,22089630,710.96,GLOBAL MEDIA GROUP SERVICES LIMITED,235805,649417019,"Economy, Enterprise and Skills",A44005,Publicity/Advertising,R0539003,"DCC Business Entities (Sole Trade, Partnership, Ltd)"
INSERTED DETAIL,18,Devon County Council,14/04/2026,22089638,"3,000.00",DR P MCCULLAGH,396754,,"Chief Exec, Legal & Democratic services",A44038,Fees,R0506002,"DCC Business Entities (Sole Trade, Partnership, Ltd)"
INSERTED DETAIL,18,Devon County Council,14/04/2026,22089946,"3,870.00",D B S BASIC CHECKS,350747,,People and Culture,A12510,Other Employee Expenses,R0472004,"DCC Business Entities (Sole Trade, Partnership, Ltd)"
INSERTED DETAIL,18,Devon County Council,14/04/2026,22090282,"1,407.28",ACADEMY21 LIMITED,337165,112432760,Dedicated Schools Grant,A44185,Other professional Services (Schools),R0082007,"DCC Business Entities (Sole Trade, Partnership, Ltd)"
INSERTED DETAIL,18,Devon County Council,14/04/2026,22090377,"5,408.33",ACORN CARE & EDUCATION LIMITED,333557,902188441,Dedicated Schools Grant,A61052,Independent Special School Fees,R0089003,"DCC Business Entities (Sole Trade, Partnership, Ltd)"
INSERTED DETAIL,18,Devon County Council,14/04/2026,22090387,"2,093.55",ACORN CARE & EDUCATION LIMITED,333557,902188441,Dedicated Schools Grant,A61052,Independent Special School Fees,R0089003,"DCC Business Entities (Sole Trade, Partnership, Ltd)"
INSERTED DETAIL,18,Devon County Council,14/04/2026,22090422,"29,245.29",WESTCOUNTRY MAINTENANCE SERVICES LIMITED,229952,915005854,Capital other - Digital Technology & Business Services,C02009,Works,C0651001,DCC CIS Suppliers
INSERTED DETAIL,18,Devon County Council,14/04/2026,22090423,"45,312.97",WESTCOUNTRY MAINTENANCE SERVICES LIMITED,229952,915005854,Capital other - Digital Technology & Business Services,C02009,Works,C0651001,DCC CIS Suppliers
INSERTED DETAIL,18,Devon County Council,14/04/2026,22090458,"9,753.57",WESTCOUNTRY MAINTENANCE SERVICES LIMITED,229952,915005854,Capital - Schools Maintenance & Improvements,C02009,Works,C0658001,DCC CIS Suppliers
INSERTED DETAIL,18,Devon County Council,14/04/2026,22090473,"2,049.30",KENNFORD TARMACADAM LIMITED,24534,976391178,Capital - Highways,C02009,Works,C0671006,DCC CIS Suppliers
INSERTED DETAIL,18,Devon County Council,14/04/2026,22090479,"44,254.43",J N BUILDING SERVICES LIMITED,6929,142786061,Capital - Schools Maintenance & Improvements,C02009,Works,C0658001,DCC CIS Suppliers
INSERTED DETAIL,18,Devon County Council,14/04/2026,22090507,"3,040.80",PROSPERO RECRUITMENT LIMITED,352539,486704947,Dedicated Schools Grant,A44180,Services for Educational Estabs - Devon,R0010003,"DCC Business Entities (Sole Trade, Partnership, Ltd)"
INSERTED DETAIL,18,Devon County Council,15/04/2026,22082824,945.63,PROSPERO RECRUITMENT LIMITED,352539,486704947,Dedicated Schools Grant,A44185,Other professional Services (Schools),R0082007,"DCC Business Entities (Sole Trade, Partnership, Ltd)"
INSERTED DETAIL,18,Devon County Council,15/04/2026,22083781,"3,869.44",ASPIRE SOCIAL WORK SERVICES LIMITED,329159,261463708,Children's Social Care,A61200,Community based care,R0044004,"DCC Business Entities (Sole Trade, Partnership, Ltd)"
INSERTED DETAIL,18,Devon County Council,15/04/2026,22083960,540.03,NORSE SOUTH WEST LIMITED,279741,785421021,Transformation & Business Services,A20005,"Property Repairs, Maintenance & Alterations (programmed)",R0333026,"DCC Business Entities (Sole Trade, Partnership, Ltd)"
INSERTED DETAIL,18,Devon County Council,15/04/2026,22084377,"3,203.73",PROSPERO RECRUITMENT LIMITED,352539,486704947,Dedicated Schools Grant,A44185,Other professional Services (Schools),R0082007,"DCC Business Entities (Sole Trade, Partnership, Ltd)"
INSERTED DETAIL,18,Devon County Council,15/04/2026,22084878,"407,181.25",DEVON PARTNERSHIP NHS TRUST,92211,654400557,Mental Health,A62100,Joint Arrangements with OLAs and Health,R0256004,"DCC Business Entities (Sole Trade, Partnership, Ltd)"
INSERTED DETAIL,18,Devon County Council,15/04/2026,22084921,"1,877.65",NORSE SOUTH WEST LIMITED,279741,785421021,Transformation & Business Services,A46100,Main / Term Contractor,R0334005,"DCC Business Entities (Sole Trade, Partnership, Ltd)"
INSERTED DETAIL,18,Devon County Council,15/04/2026,22085032,"3,820.40",QUALITY MARKING SERVICES LIMITED,86608,777323994,Capital - Highways,C02009,Works,C0671005,DCC CIS Suppliers
INSERTED DETAIL,18,Devon County Council,15/04/2026,22085062,"10,627.88",G M CONTRACTORS DEVON LIMITED,294305,875936367,Capital - Highways,C02009,Works,C0652001,DCC CIS Suppliers
INSERTED DETAIL,18,Devon County Council,15/04/2026,22085094,"1,782.92",BLACKDOWN HEALTHY LIVING AND ACTIVITY CENTRE,60735,,"Transport Operations, Environment and Waste",A22020,Rental Property Service Charge,R0639008,"DCC Business Entities (Sole Trade, Partnership, Ltd)"
INSERTED DETAIL,18,Devon County Council,15/04/2026,22085107,"3,300.00",A F D SOFTWARE LIMITED,337815,001440741,"Economy, Enterprise and Skills",A45045,IT Software Maintenance,R0539001,"DCC Business Entities (Sole Trade, Partnership, Ltd)"
INSERTED DETAIL,18,Devon County Council,15/04/2026,22085174,691.12,WESTCOUNTRY WOODLAND & E M LIMITED,377304,426201240,Capital - Highways,C02009,Works,C0652001,DCC CIS Suppliers
INSERTED DETAIL,18,Devon County Council,15/04/2026,22085478,534.60,TTH GROUP LIMITED,405600,455430500,Children's Social Care,A44110,Exam Fees,R0076006,"DCC Business Entities (Sole Trade, Partnership, Ltd)"
INSERTED DETAIL,18,Devon County Council,15/04/2026,22085640,"2,500.00",Michelle Blundy T/A Blossoming Minds,360726,,P-Ledger - Separate Legal Entity,A61060,Support for Children in Care,P0432008,"DCC Business Entities (Sole Trade, Partnership, Ltd)"
INSERTED DETAIL,18,Devon County Council,15/04/2026,22086054,"4,543.50",THE COLOUR WORKS INTERNATIONAL LIMITED,394321,825444822,Highways & Infrastructure Development,A16015,Staff Training Expenses - Non Payroll,R0558001,"DCC Business Entities (Sole Trade, Partnership, Ltd)"
INSERTED DETAIL,18,Devon County Council,15/04/2026,22086083,870.00,I C Woollacott,5089,429074152,Highways & Infrastructure Development,A49005,Other Hired & Contracting Services,R0552002,DCC CIS Suppliers
INSERTED DETAIL,18,Devon County Council,15/04/2026,22087033,"1,247.53",LEXIA EDUCATION SERVICES LIMITED,376344,376218677,Dedicated Schools Grant,A44180,Services for Educational Estabs - Devon,R0010004,"DCC Business Entities (Sole Trade, Partnership, Ltd)"
INSERTED DETAIL,18,Devon County Council,15/04/2026,22087161,"1,010.00",BREND PERCY R & SONS (HOTELRS) LIMITED,7474,927587673,Children's Social Care,A22010,Hire of Rooms,R0116011,"DCC Business Entities (Sole Trade, Partnership, Ltd)"
INSERTED DETAIL,18,Devon County Council,23/04/2026,22092776,"6,664.33",ACORN CARE & EDUCATION LIMITED,333557,902188441,Dedicated Schools Grant,A61052,Independent Special School Fees,R0089003,"DCC Business Entities (Sole Trade, Partnership, Ltd)"
INSERTED DETAIL,18,Devon County Council,23/04/2026,22092779,"6,675.83",ACORN CARE & EDUCATION LIMITED,333557,902188441,Dedicated Schools Grant,A61052,Independent Special School Fees,R0089003,"DCC Business Entities (Sole Trade, Partnership, Ltd)"
INSERTED DETAIL,18,Devon County Council,23/04/2026,22092781,"39,832.25",ACORN CARE & EDUCATION LIMITED,333557,902188441,Dedicated Schools Grant,A61052,Independent Special School Fees,R0089003,"DCC Business Entities (Sole Trade, Partnership, Ltd)"
INSERTED DETAIL,18,Devon County Council,23/04/2026,22092782,"6,186.83",ACORN CARE & EDUCATION LIMITED,333557,902188441,Dedicated Schools Grant,A61052,Independent Special School Fees,R0089003,"DCC Business Entities (Sole Trade, Partnership, Ltd)"
INSERTED DETAIL,18,Devon County Council,23/04/2026,22092790,"39,832.50",ACORN CARE & EDUCATION LIMITED,333557,902188441,Dedicated Schools Grant,A61052,Independent Special School Fees,R0089003,"DCC Business Entities (Sole Trade, Partnership, Ltd)"
INSERTED DETAIL,18,Devon County Council,23/04/2026,22092797,"39,832.25",ACORN CARE & EDUCATION LIMITED,333557,902188441,Dedicated Schools Grant,A61052,Independent Special School Fees,R0089003,"DCC Business Entities (Sole Trade, Partnership, Ltd)"
INSERTED DETAIL,18,Devon County Council,23/04/2026,22092804,"1,200.00",Carey Valley Woodlands & Estate Management,108523,936633014,Highways & Infrastructure Development,A49005,Other Hired & Contracting Services,R0552006,DCC CIS Suppliers
INSERTED DETAIL,18,Devon County Council,23/04/2026,22092805,"4,120.98",PROMIND CARE LIMITED,404732,,Operations,A44038,Fees,R0222002,"DCC Business Entities (Sole Trade, Partnership, Ltd)"
INSERTED DETAIL,18,Devon County Council,23/04/2026,22093028,"13,145.58",ACORN CARE & EDUCATION LIMITED,333557,902188441,Dedicated Schools Grant,A61052,Independent Special School Fees,R0089003,"DCC Business Entities (Sole Trade, Partnership, Ltd)"
INSERTED DETAIL,18,Devon County Council,23/04/2026,22093077,"363,033.16",TEIGNBRIDGE DISTRICT COUNCIL,4872,142214023,"Capital - Planning, Transportation and Environment",C06002,Capital Grants Paid to WGA organisations,C0654001,"DCC Business Entities (Sole Trade, Partnership, Ltd)"
INSERTED DETAIL,18,Devon County Council,23/04/2026,22093113,"4,750.00",LOVE 2 REWARD,219208,165907048,Dedicated Schools Grant,A45050,Learning Resources exc. IT Equipment,R0107001,"DCC Business Entities (Sole Trade, Partnership, Ltd)"
INSERTED DETAIL,18,Devon County Council,23/04/2026,150415359,"1,778.25",M Group Highways Limited,375383,927200546,Capital - Highways,C02051,Term Maintenance Contract,C0671006,"DCC Business Entities (Sole Trade, Partnership, Ltd)"
INSERTED DETAIL,18,Devon County Council,23/04/2026,150415361,668.39,M Group Highways Limited,375383,927200546,Capital - Highways,C02051,Term Maintenance Contract,C0671007,"DCC Business Entities (Sole Trade, Partnership, Ltd)"
INSERTED DETAIL,18,Devon County Council,23/04/2026,150415363,"-11,453.97",M Group Highways Limited,375383,927200546,Highways & Infrastructure Development,A46100,Main / Term Contractor,R0560006,"DCC Business Entities (Sole Trade, Partnership, Ltd)"
INSERTED DETAIL,18,Devon County Council,23/04/2026,150415365,"-5,968.37",M Group Highways Limited,375383,927200546,Highways & Infrastructure Development,A46100,Main / Term Contractor,R0560008,"DCC Business Entities (Sole Trade, Partnership, Ltd)"
INSERTED DETAIL,18,Devon County Council,23/04/2026,150415367,"-2,419.20",M Group Highways Limited,375383,927200546,Capital - Highways,C02051,Term Maintenance Contract,C0671007,"DCC Business Entities (Sole Trade, Partnership, Ltd)"
INSERTED DETAIL,18,Devon County Council,23/04/2026,150415371,"-6,332.05",M Group Highways Limited,375383,927200546,Highways & Infrastructure Development,A46100,Main / Term Contractor,R0560003,"DCC Business Entities (Sole Trade, Partnership, Ltd)"
INSERTED DETAIL,18,Devon County Council,23/04/2026,150415375,"-9,527.40",M Group Highways Limited,375383,927200546,Highways & Infrastructure Development,A46100,Main / Term Contractor,R0560006,"DCC Business Entities (Sole Trade, Partnership, Ltd)"
INSERTED DETAIL,18,Devon County Council,23/04/2026,150415377,"2,497.86",M Group Highways Limited,375383,927200546,Capital - Highways,C02051,Term Maintenance Contract,C0652001,"DCC Business Entities (Sole Trade, Partnership, Ltd)"
INSERTED DETAIL,18,Devon County Council,23/04/2026,150415383,"64,316.24",M Group Highways Limited,375383,927200546,Highways & Infrastructure Development,A46100,Main / Term Contractor,R0560011,"DCC Business Entities (Sole Trade, Partnership, Ltd)"
INSERTED DETAIL,18,Devon County Council,23/04/2026,150416427,"30,000.00",M Group Highways Limited,375383,927200546,Capital - Highways,C02051,Term Maintenance Contract,C0652001,"DCC Business Entities (Sole Trade, Partnership, Ltd)"
INSERTED DETAIL,18,Devon County Council,23/04/2026,150416428,"40,000.00",M Group Highways Limited,375383,927200546,Capital - Highways,C02051,Term Maintenance Contract,C0652001,"DCC Business Entities (Sole Trade, Partnership, Ltd)"
INSERTED DETAIL,18,Devon County Council,23/04/2026,150416429,616.21,M Group Highways Limited,375383,927200546,Highways & Infrastructure Development,A46100,Main / Term Contractor,R0556014,"DCC Business Entities (Sole Trade, Partnership, Ltd)"
INSERTED DETAIL,18,Devon County Council,23/04/2026,150416443,660.35,M Group Highways Limited,375383,927200546,Capital - Highways,C02051,Term Maintenance Contract,C0671007,"DCC Business Entities (Sole Trade, Partnership, Ltd)"
INSERTED DETAIL,18,Devon County Council,23/04/2026,150416447,"-1,100.00",M Group Highways Limited,375383,927200546,Highways & Infrastructure Development,A46100,Main / Term Contractor,R0556016,"DCC Business Entities (Sole Trade, Partnership, Ltd)"
INSERTED DETAIL,18,Devon County Council,23/04/2026,150417855,"1,230.36",M Group Highways Limited,375383,927200546,Highways & Infrastructure Development,A46100,Main / Term Contractor,R0554004,"DCC Business Entities (Sole Trade, Partnership, Ltd)"
INSERTED DETAIL,18,Devon County Council,15/04/2026,22087172,"1,484.00",FOREDOWNE KENNELS & CATTERY,92508,744978772,Mental Health,A49105,Other Supplies & Services,R0256001,"DCC Business Entities (Sole Trade, Partnership, Ltd)"
INSERTED DETAIL,18,Devon County Council,15/04/2026,22087212,760.74,Velox Healthcare Ltd,601950,422950016,Children's Social Care,A61200,Community based care,R0044004,"DCC Business Entities (Sole Trade, Partnership, Ltd)"
INSERTED DETAIL,18,Devon County Council,15/04/2026,22087237,950.00,CAR BODY SHOP EXETER LIMITED,313414,404443528,TRAMS Suspense,A30010,Vehicles Repairs,R0549019,"DCC Business Entities (Sole Trade, Partnership, Ltd)"
INSERTED DETAIL,18,Devon County Council,15/04/2026,22087385,840.00,EMMA CROSS,388318,285363380,"Chief Exec, Legal & Democratic services",A44968,Legal & Conveyancing Charges,R0276001,"DCC Business Entities (Sole Trade, Partnership, Ltd)"
INSERTED DETAIL,18,Devon County Council,15/04/2026,22087448,"2,079.20",LEXIA EDUCATION SERVICES LIMITED,376344,376218677,Dedicated Schools Grant,A44185,Other professional Services (Schools),R0082007,"DCC Business Entities (Sole Trade, Partnership, Ltd)"
INSERTED DETAIL,18,Devon County Council,15/04/2026,22087455,564.00,DANIEL RAMSAY,316733,,Highways & Infrastructure Development,A49005,Other Hired & Contracting Services,R0557022,DCC CIS Suppliers
INSERTED DETAIL,18,Devon County Council,15/04/2026,22088380,573.75,I J Cannings & Son Limited,14467,192803203,Transformation & Business Services,A20010,"Property Repairs, Maintenance & Alterations (Reactive)",R0353008,DCC CIS Suppliers
INSERTED DETAIL,18,Devon County Council,15/04/2026,22088486,"2,175.37",LEXIA EDUCATION SERVICES LIMITED,376344,376218677,Dedicated Schools Grant,A44185,Other professional Services (Schools),R0082007,"DCC Business Entities (Sole Trade, Partnership, Ltd)"
INSERTED DETAIL,18,Devon County Council,15/04/2026,22088505,"2,079.20",LEXIA EDUCATION SERVICES LIMITED,376344,376218677,Dedicated Schools Grant,A44185,Other professional Services (Schools),R0082007,"DCC Business Entities (Sole Trade, Partnership, Ltd)"
INSERTED DETAIL,18,Devon County Council,15/04/2026,22088564,879.75,LEXIA EDUCATION SERVICES LIMITED,376344,376218677,Dedicated Schools Grant,A53035,Other Recoupment Expenditure (3rd),R0111002,"DCC Business Entities (Sole Trade, Partnership, Ltd)"
INSERTED DETAIL,18,Devon County Council,15/04/2026,22088766,"2,525.03",LEXIA EDUCATION SERVICES LIMITED,376344,376218677,Dedicated Schools Grant,A44185,Other professional Services (Schools),R0082007,"DCC Business Entities (Sole Trade, Partnership, Ltd)"
INSERTED DETAIL,18,Devon County Council,15/04/2026,22089321,"3,118.80",LEXIA EDUCATION SERVICES LIMITED,376344,376218677,Dedicated Schools Grant,A44185,Other professional Services (Schools),R0082007,"DCC Business Entities (Sole Trade, Partnership, Ltd)"
INSERTED DETAIL,18,Devon County Council,15/04/2026,22089865,"1,871.27",LEXIA EDUCATION SERVICES LIMITED,376344,376218677,Dedicated Schools Grant,A44185,Other professional Services (Schools),R0082007,"DCC Business Entities (Sole Trade, Partnership, Ltd)"
INSERTED DETAIL,18,Devon County Council,15/04/2026,22089874,831.67,LEXIA EDUCATION SERVICES LIMITED,376344,376218677,Dedicated Schools Grant,A44180,Services for Educational Estabs - Devon,R0010004,"DCC Business Entities (Sole Trade, Partnership, Ltd)"
INSERTED DETAIL,18,Devon County Council,15/04/2026,22089914,"1,923.26",LEXIA EDUCATION SERVICES LIMITED,376344,376218677,Dedicated Schools Grant,A44185,Other professional Services (Schools),R0082007,"DCC Business Entities (Sole Trade, Partnership, Ltd)"
INSERTED DETAIL,18,Devon County Council,15/04/2026,22089940,"1,663.37",LEXIA EDUCATION SERVICES LIMITED,376344,376218677,Dedicated Schools Grant,A44185,Other professional Services (Schools),R0082007,"DCC Business Entities (Sole Trade, Partnership, Ltd)"
INSERTED DETAIL,18,Devon County Council,15/04/2026,22089942,831.67,LEXIA EDUCATION SERVICES LIMITED,376344,376218677,Dedicated Schools Grant,A44185,Other professional Services (Schools),R0082007,"DCC Business Entities (Sole Trade, Partnership, Ltd)"
INSERTED DETAIL,18,Devon County Council,15/04/2026,22090221,"446,422.35",OCTAVIUS INFRASTRUCTURE LIMITED,370388,345705007,Capital - Highways,C02009,Works,C0671008,DCC CIS Suppliers
INSERTED DETAIL,18,Devon County Council,15/04/2026,22090510,539.63,KEYHOLE LOCKSMITHS,374511,450570313,P-Ledger - Separate Legal Entity,A61054,Equipment (Care),P0391002,"DCC Business Entities (Sole Trade, Partnership, Ltd)"
INSERTED DETAIL,18,Devon County Council,15/04/2026,22090810,"1,147.50",COMMUNICATION AND LEARNING ENTERPRISES LIMITED (CANDLE),360713,,Dedicated Schools Grant,A44185,Other professional Services (Schools),R0082006,"DCC Business Entities (Sole Trade, Partnership, Ltd)"
INSERTED DETAIL,18,Devon County Council,15/04/2026,22090837,912.24,PROSPERO RECRUITMENT LIMITED,352539,486704947,Dedicated Schools Grant,A44185,Other professional Services (Schools),R0082007,"DCC Business Entities (Sole Trade, Partnership, Ltd)"
INSERTED DETAIL,18,Devon County Council,16/04/2026,22082707,"11,000.00",SOUTHWEST ESTATE MAINTENANCE LIMITED,401880,506499273,Capital - Highways,C02009,Works,C0652001,DCC CIS Suppliers
INSERTED DETAIL,18,Devon County Council,17/04/2026,22084139,"9,305.20",CITY COLLEGE PLYMOUTH,13507,591390916,"Economy, Enterprise and Skills",A44038,Fees,R0546004,"DCC Business Entities (Sole Trade, Partnership, Ltd)"
INSERTED DETAIL,18,Devon County Council,17/04/2026,22084635,535.50,PSYCHOLOGY ASSOCIATES LIMITED,147932,912873418,P-Ledger - Separate Legal Entity,A61060,Support for Children in Care,P0432008,"DCC Business Entities (Sole Trade, Partnership, Ltd)"
INSERTED DETAIL,18,Devon County Council,17/04/2026,22085168,"2,789.47",M3 GLOBAL FLOOD TECHNOLOGIES LIMITED,372565,304632533,"Capital - Planning, Transportation and Environment",C02009,Works,C0671012,DCC CIS Suppliers
INSERTED DETAIL,18,Devon County Council,17/04/2026,22085267,"1,200.00",The Empower School t/a Contact Success,397825,438034602,Dedicated Schools Grant,A44185,Other professional Services (Schools),R0082007,"DCC Business Entities (Sole Trade, Partnership, Ltd)"
INSERTED DETAIL,18,Devon County Council,23/04/2026,150417867,"-11,792.60",M Group Highways Limited,375383,927200546,Highways & Infrastructure Development,A46100,Main / Term Contractor,R0554001,"DCC Business Entities (Sole Trade, Partnership, Ltd)"
INSERTED DETAIL,18,Devon County Council,23/04/2026,150417873,"-16,552.42",M Group Highways Limited,375383,927200546,Capital - Highways,C02051,Term Maintenance Contract,C0671005,"DCC Business Entities (Sole Trade, Partnership, Ltd)"
INSERTED DETAIL,18,Devon County Council,23/04/2026,150417874,"-27,637.42",M Group Highways Limited,375383,927200546,Highways & Infrastructure Development,A46100,Main / Term Contractor,R0554004,"DCC Business Entities (Sole Trade, Partnership, Ltd)"
INSERTED DETAIL,18,Devon County Council,23/04/2026,150417875,541.91,M Group Highways Limited,375383,927200546,Capital - Highways,C02051,Term Maintenance Contract,C0652001,"DCC Business Entities (Sole Trade, Partnership, Ltd)"
INSERTED DETAIL,18,Devon County Council,23/04/2026,150424183,"5,199.62",M Group Highways Limited,375383,927200546,Highways & Infrastructure Development,A46100,Main / Term Contractor,R0553006,"DCC Business Entities (Sole Trade, Partnership, Ltd)"
INSERTED DETAIL,18,Devon County Council,23/04/2026,150424187,"24,069.68",M Group Highways Limited,375383,927200546,Highways & Infrastructure Development,A46100,Main / Term Contractor,R0553004,"DCC Business Entities (Sole Trade, Partnership, Ltd)"
INSERTED DETAIL,18,Devon County Council,23/04/2026,150424188,773.71,M Group Highways Limited,375383,927200546,Highways & Infrastructure Development,A46100,Main / Term Contractor,R0556027,"DCC Business Entities (Sole Trade, Partnership, Ltd)"
INSERTED DETAIL,18,Devon County Council,23/04/2026,150424200,"-11,335.94",M Group Highways Limited,375383,927200546,Highways & Infrastructure Development,A46100,Main / Term Contractor,R0553004,"DCC Business Entities (Sole Trade, Partnership, Ltd)"
INSERTED DETAIL,18,Devon County Council,23/04/2026,150424201,-595.31,M Group Highways Limited,375383,927200546,Highways & Infrastructure Development,A46100,Main / Term Contractor,R0556029,"DCC Business Entities (Sole Trade, Partnership, Ltd)"
INSERTED DETAIL,18,Devon County Council,23/04/2026,150424203,"-8,279.97",M Group Highways Limited,375383,927200546,Highways & Infrastructure Development,A46100,Main / Term Contractor,R0553004,"DCC Business Entities (Sole Trade, Partnership, Ltd)"
INSERTED DETAIL,18,Devon County Council,23/04/2026,150425038,"-25,000.00",M Group Highways Limited,375383,927200546,Highways & Infrastructure Development,A46100,Main / Term Contractor,R0554004,"DCC Business Entities (Sole Trade, Partnership, Ltd)"
INSERTED DETAIL,18,Devon County Council,23/04/2026,150425039,"-7,942.44",M Group Highways Limited,375383,927200546,Highways & Infrastructure Development,A46100,Main / Term Contractor,R0554004,"DCC Business Entities (Sole Trade, Partnership, Ltd)"
INSERTED DETAIL,18,Devon County Council,23/04/2026,150425040,"-39,387.81",M Group Highways Limited,375383,927200546,Highways & Infrastructure Development,A46100,Main / Term Contractor,R0554004,"DCC Business Entities (Sole Trade, Partnership, Ltd)"
INSERTED DETAIL,18,Devon County Council,23/04/2026,150425041,"-14,074.84",M Group Highways Limited,375383,927200546,Capital - Highways,C02051,Term Maintenance Contract,C0671005,"DCC Business Entities (Sole Trade, Partnership, Ltd)"
INSERTED DETAIL,18,Devon County Council,23/04/2026,150425044,"-37,901.75",M Group Highways Limited,375383,927200546,Capital - Highways,C02051,Term Maintenance Contract,C0671005,"DCC Business Entities (Sole Trade, Partnership, Ltd)"
INSERTED DETAIL,18,Devon County Council,23/04/2026,150425050,"-2,276.68",M Group Highways Limited,375383,927200546,Highways & Infrastructure Development,A46100,Main / Term Contractor,R0553006,"DCC Business Entities (Sole Trade, Partnership, Ltd)"
INSERTED DETAIL,18,Devon County Council,23/04/2026,150425053,"-100,000.00",M Group Highways Limited,375383,927200546,Highways & Infrastructure Development,A46100,Main / Term Contractor,R0553004,"DCC Business Entities (Sole Trade, Partnership, Ltd)"
INSERTED DETAIL,18,Devon County Council,23/04/2026,150425061,"44,126.00",M Group Highways Limited,375383,927200546,Highways & Infrastructure Development,A46100,Main / Term Contractor,R0554004,"DCC Business Entities (Sole Trade, Partnership, Ltd)"
INSERTED DETAIL,18,Devon County Council,23/04/2026,150425067,"20,788.55",M Group Highways Limited,375383,927200546,Capital - Highways,C02051,Term Maintenance Contract,C0671005,"DCC Business Entities (Sole Trade, Partnership, Ltd)"
INSERTED DETAIL,18,Devon County Council,23/04/2026,150425076,"1,507.00",M Group Highways Limited,375383,927200546,Highways & Infrastructure Development,A46100,Main / Term Contractor,R0553006,"DCC Business Entities (Sole Trade, Partnership, Ltd)"
INSERTED DETAIL,18,Devon County Council,23/04/2026,150425078,"5,282.80",M Group Highways Limited,375383,927200546,Highways & Infrastructure Development,A46100,Main / Term Contractor,R0553006,"DCC Business Entities (Sole Trade, Partnership, Ltd)"
INSERTED DETAIL,18,Devon County Council,23/04/2026,150425080,"13,050.66",M Group Highways Limited,375383,927200546,Highways & Infrastructure Development,A46100,Main / Term Contractor,R0554003,"DCC Business Entities (Sole Trade, Partnership, Ltd)"
INSERTED DETAIL,18,Devon County Council,24/04/2026,22081218,"2,601.00",PROMOTING INDEPENDENT CARE LIMITED,376159,,Children's Social Care,A11005,Agency Supply Staff,R0095004,"DCC Business Entities (Sole Trade, Partnership, Ltd)"
INSERTED DETAIL,18,Devon County Council,24/04/2026,22085858,737.50,CERTAS ENERGY TRADING AS EMO OILS,314127,844283419,Children's Social Care,A21015,Heating Oil,R0095004,"DCC Business Entities (Sole Trade, Partnership, Ltd)"
INSERTED DETAIL,18,Devon County Council,24/04/2026,22088116,"1,520.40",PROSPERO RECRUITMENT LIMITED,352539,486704947,Dedicated Schools Grant,A44185,Other professional Services (Schools),R0082007,"DCC Business Entities (Sole Trade, Partnership, Ltd)"
INSERTED DETAIL,18,Devon County Council,24/04/2026,22088168,"2,795.00",LE ROY FUNERAL SERVICE,231328,217395204,"Chief Exec, Legal & Democratic services",A49005,Other Hired & Contracting Services,R0506002,"DCC Business Entities (Sole Trade, Partnership, Ltd)"
INSERTED DETAIL,18,Devon County Council,24/04/2026,22088221,"21,231.59",SHEILING SPECIAL EDUCATION TRUST,365526,478670147,Dedicated Schools Grant,A61052,Independent Special School Fees,R0089002,"DCC Business Entities (Sole Trade, Partnership, Ltd)"
INSERTED DETAIL,18,Devon County Council,24/04/2026,22088315,542.50,MUSICABILITY COMMUNITY INTEREST COMPANY,400884,,P-Ledger - Separate Legal Entity,A61060,Support for Children in Care,P0432008,"DCC Business Entities (Sole Trade, Partnership, Ltd)"
INSERTED DETAIL,18,Devon County Council,24/04/2026,22088700,"1,793.33",INSPIRE INTERVENTIONS LIMITED,359039,,Dedicated Schools Grant,A44180,Services for Educational Estabs - Devon,R0010004,"DCC Business Entities (Sole Trade, Partnership, Ltd)"
INSERTED DETAIL,18,Devon County Council,24/04/2026,22088764,"3,109.09",RUNNING DEER COMMUNITY INTEREST COMPANY,293947,289345260,Dedicated Schools Grant,A44185,Other professional Services (Schools),R0082007,"DCC Business Entities (Sole Trade, Partnership, Ltd)"
INSERTED DETAIL,18,Devon County Council,24/04/2026,22088849,"3,150.55",RUNNING DEER COMMUNITY INTEREST COMPANY,293947,289345260,Dedicated Schools Grant,A44185,Other professional Services (Schools),R0082007,"DCC Business Entities (Sole Trade, Partnership, Ltd)"
INSERTED DETAIL,18,Devon County Council,24/04/2026,22088932,"135,333.00",Devon Schools Leadership Services,373231,370331036,Dedicated Schools Grant,A44180,Services for Educational Estabs - Devon,R0041002,"DCC Business Entities (Sole Trade, Partnership, Ltd)"
INSERTED DETAIL,18,Devon County Council,24/04/2026,22089039,625.00,CHANGING TUNES,405425,,Children's Social Care,A44038,Fees,R0015003,"DCC Business Entities (Sole Trade, Partnership, Ltd)"
INSERTED DETAIL,18,Devon County Council,24/04/2026,22089067,895.50,MID-CORNWALL MUSIC THERAPY,401642,,P-Ledger - Separate Legal Entity,A61060,Support for Children in Care,P0432008,"DCC Business Entities (Sole Trade, Partnership, Ltd)"
INSERTED DETAIL,18,Devon County Council,24/04/2026,22089074,"3,456.00",CO ADVENTURERS LIMITED,369278,394138084,Dedicated Schools Grant,A44185,Other professional Services (Schools),R0082002,"DCC Business Entities (Sole Trade, Partnership, Ltd)"
INSERTED DETAIL,18,Devon County Council,24/04/2026,22089157,"4,969.30",ED PAWSON CONSULTANCY,331594,,Inclusion & Learning,A44038,Fees,R0020007,"DCC Business Entities (Sole Trade, Partnership, Ltd)"
INSERTED DETAIL,18,Devon County Council,24/04/2026,22089170,"2,550.00",MOOR TO LIFE E & W COMMUNITY INTEREST COMPANY,393010,,Dedicated Schools Grant,A44185,Other professional Services (Schools),R0082007,"DCC Business Entities (Sole Trade, Partnership, Ltd)"
INSERTED DETAIL,18,Devon County Council,24/04/2026,22089234,"2,604.00",LIVE TO LEARN EDUCATION LIMITED,380514,444356785,Dedicated Schools Grant,A44185,Other professional Services (Schools),R0082007,"DCC Business Entities (Sole Trade, Partnership, Ltd)"
INSERTED DETAIL,18,Devon County Council,24/04/2026,22089241,"1,620.00",LIVE TO LEARN EDUCATION LIMITED,380514,444356785,Dedicated Schools Grant,A44185,Other professional Services (Schools),R0082007,"DCC Business Entities (Sole Trade, Partnership, Ltd)"
INSERTED DETAIL,18,Devon County Council,15/04/2026,22087223,750.00,LONDON BUILDING CONTROL LIMITED,318551,895840176,Capital - Schools Maintenance & Improvements,C02011,External Professional Fees,C0658001,"DCC Business Entities (Sole Trade, Partnership, Ltd)"
INSERTED DETAIL,18,Devon County Council,15/04/2026,22087364,"1,039.60",LEXIA EDUCATION SERVICES LIMITED,376344,376218677,Dedicated Schools Grant,A44185,Other professional Services (Schools),R0082007,"DCC Business Entities (Sole Trade, Partnership, Ltd)"
INSERTED DETAIL,18,Devon County Council,15/04/2026,22087367,727.73,LEXIA EDUCATION SERVICES LIMITED,376344,376218677,Dedicated Schools Grant,A44185,Other professional Services (Schools),R0082007,"DCC Business Entities (Sole Trade, Partnership, Ltd)"
INSERTED DETAIL,18,Devon County Council,15/04/2026,22088298,779.71,LEXIA EDUCATION SERVICES LIMITED,376344,376218677,Dedicated Schools Grant,A44185,Other professional Services (Schools),R0082007,"DCC Business Entities (Sole Trade, Partnership, Ltd)"
INSERTED DETAIL,18,Devon County Council,15/04/2026,22088322,623.77,LEXIA EDUCATION SERVICES LIMITED,376344,376218677,Dedicated Schools Grant,A44185,Other professional Services (Schools),R0082007,"DCC Business Entities (Sole Trade, Partnership, Ltd)"
INSERTED DETAIL,18,Devon County Council,15/04/2026,22088420,727.72,LEXIA EDUCATION SERVICES LIMITED,376344,376218677,Dedicated Schools Grant,A44185,Other professional Services (Schools),R0082007,"DCC Business Entities (Sole Trade, Partnership, Ltd)"
INSERTED DETAIL,18,Devon County Council,15/04/2026,22088523,"3,833.80",LEXIA EDUCATION SERVICES LIMITED,376344,376218677,Dedicated Schools Grant,A44185,Other professional Services (Schools),R0082007,"DCC Business Entities (Sole Trade, Partnership, Ltd)"
INSERTED DETAIL,18,Devon County Council,15/04/2026,22088556,"1,039.60",LEXIA EDUCATION SERVICES LIMITED,376344,376218677,Dedicated Schools Grant,A44185,Other professional Services (Schools),R0082007,"DCC Business Entities (Sole Trade, Partnership, Ltd)"
INSERTED DETAIL,18,Devon County Council,15/04/2026,22088983,"3,125.00",TEIGNBRIDGE DISTRICT COUNCIL,4872,142214023,Transformation & Business Services,A46100,Main / Term Contractor,R0333004,"DCC Business Entities (Sole Trade, Partnership, Ltd)"
INSERTED DETAIL,18,Devon County Council,15/04/2026,22088987,"1,275.00",TEIGNBRIDGE DISTRICT COUNCIL,4872,142214023,Transformation & Business Services,A46100,Main / Term Contractor,R0333004,"DCC Business Entities (Sole Trade, Partnership, Ltd)"
INSERTED DETAIL,18,Devon County Council,15/04/2026,22089306,935.63,LEXIA EDUCATION SERVICES LIMITED,376344,376218677,Dedicated Schools Grant,A44185,Other professional Services (Schools),R0082007,"DCC Business Entities (Sole Trade, Partnership, Ltd)"
INSERTED DETAIL,18,Devon County Council,15/04/2026,22089341,"2,079.20",LEXIA EDUCATION SERVICES LIMITED,376344,376218677,Dedicated Schools Grant,A44180,Services for Educational Estabs - Devon,R0010004,"DCC Business Entities (Sole Trade, Partnership, Ltd)"
INSERTED DETAIL,18,Devon County Council,24/04/2026,22089242,"1,174.50",LIVE TO LEARN EDUCATION LIMITED,380514,444356785,Dedicated Schools Grant,A44185,Other professional Services (Schools),R0082007,"DCC Business Entities (Sole Trade, Partnership, Ltd)"
INSERTED DETAIL,18,Devon County Council,24/04/2026,22089266,"1,326.00",LIVE TO LEARN EDUCATION LIMITED,380514,444356785,Dedicated Schools Grant,A44185,Other professional Services (Schools),R0082007,"DCC Business Entities (Sole Trade, Partnership, Ltd)"
INSERTED DETAIL,18,Devon County Council,24/04/2026,22089287,797.50,C E D A,12641,,Children's Social Care,A61200,Community based care,R0046004,"DCC Business Entities (Sole Trade, Partnership, Ltd)"
INSERTED DETAIL,18,Devon County Council,24/04/2026,22089632,"1,300.00",Daya Mann,602921,699081679,"Chief Exec, Legal & Democratic services",A44968,Legal & Conveyancing Charges,R0276001,"DCC Business Entities (Sole Trade, Partnership, Ltd)"
INSERTED DETAIL,18,Devon County Council,24/04/2026,22089692,"3,889.50",ASPIRE SOCIAL WORK SERVICES LIMITED,329159,261463708,Children's Social Care,A61200,Community based care,R0044004,"DCC Business Entities (Sole Trade, Partnership, Ltd)"
INSERTED DETAIL,18,Devon County Council,24/04/2026,22089916,507.53,CANSFORD LABORATORIES LIMITED,321040,104878015,"Chief Exec, Legal & Democratic services",A44038,Fees,R0276001,"DCC Business Entities (Sole Trade, Partnership, Ltd)"
INSERTED DETAIL,18,Devon County Council,24/04/2026,22089963,"1,410.00",CLEARCARE SOLUTIONS LIMITED,338141,181537403,Children's Social Care,A45040,IT Software,R0095007,"DCC Business Entities (Sole Trade, Partnership, Ltd)"
INSERTED DETAIL,18,Devon County Council,24/04/2026,22089993,"1,156.00",PROMOTING INDEPENDENT CARE LIMITED,376159,,Children's Social Care,A11005,Agency Supply Staff,R0095003,"DCC Business Entities (Sole Trade, Partnership, Ltd)"
INSERTED DETAIL,18,Devon County Council,24/04/2026,22091653,"1,262.97",PHOENIX LEARNING AND CARE LIMITED,88421,480641981,Dedicated Schools Grant,A53035,Other Recoupment Expenditure (3rd),R0111002,"DCC Business Entities (Sole Trade, Partnership, Ltd)"
INSERTED DETAIL,18,Devon County Council,24/04/2026,22091655,"6,376.91",ACORN CARE & EDUCATION LIMITED,333557,902188441,Dedicated Schools Grant,A61052,Independent Special School Fees,R0089003,"DCC Business Entities (Sole Trade, Partnership, Ltd)"
INSERTED DETAIL,18,Devon County Council,24/04/2026,22091998,"2,952.82",COVY LIMITED/ TRADING AS GARAGE SERVICES,390598,429102322,TRAMS Suspense,A30010,Vehicles Repairs,R0549019,"DCC Business Entities (Sole Trade, Partnership, Ltd)"
INSERTED DETAIL,18,Devon County Council,24/04/2026,22092264,503.38,SOUTH WEST COMMUNICATIONS GROUP,21387,834869189,Children's Social Care,A45020,Telephones,R0015001,"DCC Business Entities (Sole Trade, Partnership, Ltd)"
INSERTED DETAIL,18,Devon County Council,24/04/2026,22092636,"5,657.50",ACORN CARE & EDUCATION LIMITED,333557,902188441,Dedicated Schools Grant,A53012,Payments to Independent Units,R0089003,"DCC Business Entities (Sole Trade, Partnership, Ltd)"
INSERTED DETAIL,18,Devon County Council,15/04/2026,22089368,"16,159.50",PROMOTING INDEPENDENT CARE LIMITED,376159,,Children's Social Care,A11005,Agency Supply Staff,R0095009,"DCC Business Entities (Sole Trade, Partnership, Ltd)"
INSERTED DETAIL,18,Devon County Council,15/04/2026,22089860,"1,247.53",LEXIA EDUCATION SERVICES LIMITED,376344,376218677,Dedicated Schools Grant,A44180,Services for Educational Estabs - Devon,R0010004,"DCC Business Entities (Sole Trade, Partnership, Ltd)"
INSERTED DETAIL,18,Devon County Council,15/04/2026,22089861,623.75,LEXIA EDUCATION SERVICES LIMITED,376344,376218677,Dedicated Schools Grant,A44180,Services for Educational Estabs - Devon,R0010004,"DCC Business Entities (Sole Trade, Partnership, Ltd)"
INSERTED DETAIL,18,Devon County Council,15/04/2026,22089878,"3,118.80",LEXIA EDUCATION SERVICES LIMITED,376344,376218677,Dedicated Schools Grant,A44185,Other professional Services (Schools),R0082007,"DCC Business Entities (Sole Trade, Partnership, Ltd)"
INSERTED DETAIL,18,Devon County Council,15/04/2026,22089909,"2,287.12",LEXIA EDUCATION SERVICES LIMITED,376344,376218677,Dedicated Schools Grant,A44185,Other professional Services (Schools),R0082007,"DCC Business Entities (Sole Trade, Partnership, Ltd)"
INSERTED DETAIL,18,Devon County Council,15/04/2026,22090020,"1,184.92",LEXIA EDUCATION SERVICES LIMITED,376344,376218677,Dedicated Schools Grant,A44185,Other professional Services (Schools),R0082007,"DCC Business Entities (Sole Trade, Partnership, Ltd)"
INSERTED DETAIL,18,Devon County Council,15/04/2026,22090562,"1,188.00",Bridge Cattery,604341,,Mental Health,A49105,Other Supplies & Services,R0256001,"DCC Business Entities (Sole Trade, Partnership, Ltd)"
INSERTED DETAIL,18,Devon County Council,15/04/2026,22090603,"2,917.77",I J Cannings & Son Limited,14467,192803203,Children's Social Care,A20010,"Property Repairs, Maintenance & Alterations (Reactive)",R0095004,DCC CIS Suppliers
INSERTED DETAIL,18,Devon County Council,15/04/2026,22090609,840.00,FAMILY COMPASS,348346,392295664,Children's Social Care,A61060,Support for Children in Care,R0106002,"DCC Business Entities (Sole Trade, Partnership, Ltd)"
INSERTED DETAIL,18,Devon County Council,15/04/2026,22090613,"1,318.24",Berry Therapy Limited,603708,,Dedicated Schools Grant,A44185,Other professional Services (Schools),R0082006,"DCC Business Entities (Sole Trade, Partnership, Ltd)"
INSERTED DETAIL,18,Devon County Council,15/04/2026,22090660,"100,216.23",EXETER CITY COUNCIL (FINANCE),4272,142335594,"Transport Operations, Environment and Waste",A49005,Other Hired & Contracting Services,R0590001,"DCC Business Entities (Sole Trade, Partnership, Ltd)"
INSERTED DETAIL,18,Devon County Council,15/04/2026,22090679,645.00,AMELIE'S PLACE LIMITED,402640,,P-Ledger - Separate Legal Entity,A61060,Support for Children in Care,P0432008,"DCC Business Entities (Sole Trade, Partnership, Ltd)"
INSERTED DETAIL,18,Devon County Council,15/04/2026,22090696,"1,243.88",P H S GROUP LIMITED,86901,542951438,Operations,A27015,Refuse Collection,R0253001,"DCC Business Entities (Sole Trade, Partnership, Ltd)"
INSERTED DETAIL,18,Devon County Council,24/04/2026,22092730,"2,852.25",PHYSIOGAIN SERVICES LIMITED,405373,,Dedicated Schools Grant,A61052,Independent Special School Fees,R0089003,"DCC Business Entities (Sole Trade, Partnership, Ltd)"
INSERTED DETAIL,18,Devon County Council,24/04/2026,22093032,"8,399.30",BRIDGE CIVIL ENGINEERING LIMITED,79315,717667210,Capital - Highways,C02009,Works,C0671004,DCC CIS Suppliers
INSERTED DETAIL,18,Devon County Council,24/04/2026,22093055,922.46,CPC,82403,169680322,Dedicated Schools Grant,A45050,Learning Resources exc. IT Equipment,R8784192,"DCC Business Entities (Sole Trade, Partnership, Ltd)"
INSERTED DETAIL,18,Devon County Council,24/04/2026,22093074,"5,304.00",EAST DEVON DISTRICT COUN (S O ACCOUNT),8710,142218990,Operations,A23005,Rates,R0253001,"DCC Business Entities (Sole Trade, Partnership, Ltd)"
INSERTED DETAIL,18,Devon County Council,24/04/2026,22093087,"104,583.67",MID DEVON DISTRICT COUNCIL,19708,142203912,Communities,A52005,Payments to Other Local Authorities,R0532002,"DCC Business Entities (Sole Trade, Partnership, Ltd)"
INSERTED DETAIL,18,Devon County Council,24/04/2026,22093092,"140,794.50",NORTH DEVON COUNCIL (AC 03953785),326313,144711092,Communities,A52005,Payments to Other Local Authorities,R0532002,"DCC Business Entities (Sole Trade, Partnership, Ltd)"
INSERTED DETAIL,18,Devon County Council,24/04/2026,22093093,"94,456.33",SOUTH HAMS DISTRICT COUNCIL,8255,142204125,Communities,A52005,Payments to Other Local Authorities,R0532002,"DCC Business Entities (Sole Trade, Partnership, Ltd)"
INSERTED DETAIL,18,Devon County Council,24/04/2026,22093100,"2,713.01",Ally Poore,604372,,"Capital - Planning, Transportation and Environment",C06001,Capital Grants paid to other third parties (Not WGA/VCSE),C0649001,"DCC Business Entities (Sole Trade, Partnership, Ltd)"
INSERTED DETAIL,18,Devon County Council,24/04/2026,22093102,"167,540.33",TEIGNBRIDGE DISTRICT COUNCIL,4872,142214023,Communities,A52005,Payments to Other Local Authorities,R0532002,"DCC Business Entities (Sole Trade, Partnership, Ltd)"
INSERTED DETAIL,18,Devon County Council,24/04/2026,22093109,"3,800.00",OTTERHEAD ESTATE TRUST COMPANY,404019,,"Capital - Planning, Transportation and Environment",C06003,Capital Grants Paid - to VCSE Organisations,C0656001,"DCC Business Entities (Sole Trade, Partnership, Ltd)"
INSERTED DETAIL,18,Devon County Council,24/04/2026,22093168,"2,754.00",BLUE SCREEN IT TRADING AS BIT GROUP,228948,855461116,"Economy, Enterprise and Skills",A44038,Fees,R0546004,"DCC Business Entities (Sole Trade, Partnership, Ltd)"
INSERTED DETAIL,18,Devon County Council,24/04/2026,22093170,"7,344.00",BLUE SCREEN IT TRADING AS BIT GROUP,228948,855461116,"Economy, Enterprise and Skills",A44038,Fees,R0546004,"DCC Business Entities (Sole Trade, Partnership, Ltd)"
INSERTED DETAIL,18,Devon County Council,24/04/2026,22093172,"3,672.00",BLUE SCREEN IT TRADING AS BIT GROUP,228948,855461116,"Economy, Enterprise and Skills",A44038,Fees,R0546004,"DCC Business Entities (Sole Trade, Partnership, Ltd)"
INSERTED DETAIL,18,Devon County Council,15/04/2026,22090697,"1,282.58",P H S GROUP LIMITED,86901,542951438,Operations,A27015,Refuse Collection,R0253002,"DCC Business Entities (Sole Trade, Partnership, Ltd)"
INSERTED DETAIL,18,Devon County Council,15/04/2026,22090841,"1,824.48",PROSPERO RECRUITMENT LIMITED,352539,486704947,Dedicated Schools Grant,A44185,Other professional Services (Schools),R0082007,"DCC Business Entities (Sole Trade, Partnership, Ltd)"
INSERTED DETAIL,18,Devon County Council,17/04/2026,22084096,"6,890.50",FREDERICK SHERRELL LIMITED,14402,591319333,Capital - Highways,C02011,External Professional Fees,C0671004,"DCC Business Entities (Sole Trade, Partnership, Ltd)"
INSERTED DETAIL,18,Devon County Council,17/04/2026,22084216,"10,625.00",THE EDUCATION COMPANY LIMITED,80154,573768493,Inclusion & Learning,A45045,IT Software Maintenance,R0020006,"DCC Business Entities (Sole Trade, Partnership, Ltd)"
INSERTED DETAIL,18,Devon County Council,17/04/2026,22084424,"2,280.60",PROSPERO RECRUITMENT LIMITED,352539,486704947,Dedicated Schools Grant,A44180,Services for Educational Estabs - Devon,R0010004,"DCC Business Entities (Sole Trade, Partnership, Ltd)"
INSERTED DETAIL,18,Devon County Council,17/04/2026,22085074,"1,745.00",EAD ECOLOGY,336229,812537837,Capital - Highways,C02009,Works,C0671008,"DCC Business Entities (Sole Trade, Partnership, Ltd)"
INSERTED DETAIL,18,Devon County Council,17/04/2026,22085162,856.75,WGP MAINTENANCE LIMITED,397367,948500609,Children's Social Care,A20010,"Property Repairs, Maintenance & Alterations (Reactive)",R0095006,DCC CIS Suppliers
INSERTED DETAIL,18,Devon County Council,17/04/2026,22085197,"3,349.50",FARMING&WILDLIFE ADVISORY GROUP SOUTH WEST,290044,127629304,"Transport Operations, Environment and Waste",A44038,Fees,R0645001,"DCC Business Entities (Sole Trade, Partnership, Ltd)"
INSERTED DETAIL,18,Devon County Council,17/04/2026,22085245,"1,241.60",Amy Wallace,600296,,Dedicated Schools Grant,A44185,Other professional Services (Schools),R0082006,"DCC Business Entities (Sole Trade, Partnership, Ltd)"
INSERTED DETAIL,18,Devon County Council,17/04/2026,22085263,"2,270.40",SOUTHWEST ESTATE MAINTENANCE LIMITED,401880,506499273,Capital - Highways,C02009,Works,C0652001,DCC CIS Suppliers
INSERTED DETAIL,18,Devon County Council,17/04/2026,22085264,"3,040.00",PROGRESSION SERVICES LIMITED,390181,439882639,Dedicated Schools Grant,A44180,Services for Educational Estabs - Devon,R0010004,"DCC Business Entities (Sole Trade, Partnership, Ltd)"
INSERTED DETAIL,18,Devon County Council,17/04/2026,22085278,"3,547.00",WESTCOTEC LIMITED,146884,775395874,Highways & Infrastructure Development,A49005,Other Hired & Contracting Services,R0556014,DCC CIS Suppliers
INSERTED DETAIL,18,Devon County Council,17/04/2026,22085475,"15,076.61",PGL Training (Plumbing) Limited,602016,331998962,"Economy, Enterprise and Skills",A53012,Payments to Independent Units,R0539003,"DCC Business Entities (Sole Trade, Partnership, Ltd)"
INSERTED DETAIL,18,Devon County Council,17/04/2026,22085488,"63,817.23",PGL Training (Plumbing) Limited,602016,331998962,"Economy, Enterprise and Skills",A53012,Payments to Independent Units,R0539003,"DCC Business Entities (Sole Trade, Partnership, Ltd)"
INSERTED DETAIL,18,Devon County Council,24/04/2026,22093175,"6,426.00",BLUE SCREEN IT TRADING AS BIT GROUP,228948,855461116,"Economy, Enterprise and Skills",A44038,Fees,R0546004,"DCC Business Entities (Sole Trade, Partnership, Ltd)"
INSERTED DETAIL,18,Devon County Council,24/04/2026,22093207,"6,533.00",WEST DEVON BOROUGH COUNCIL,8280,144823273,"Transport Operations, Environment and Waste",A52010,"Grants to voluntary, community and social enterprise organisations",R0581002,"DCC Business Entities (Sole Trade, Partnership, Ltd)"
INSERTED DETAIL,18,Devon County Council,24/04/2026,22093279,"268,269.33",BELONG LEARNING CIC,368219,308560410,Dedicated Schools Grant,A61052,Independent Special School Fees,R0089003,"DCC Business Entities (Sole Trade, Partnership, Ltd)"
INSERTED DETAIL,18,Devon County Council,27/04/2026,22079867,664.80,DAN WOOLLACOTT FENCING,358106,278397149,Highways & Infrastructure Development,A49005,Other Hired & Contracting Services,R0552002,DCC CIS Suppliers
INSERTED DETAIL,18,Devon County Council,27/04/2026,22086942,561.50,THE ADVOCACY PEOPLE,257570,,Operations,A44038,Fees,R0222002,"DCC Business Entities (Sole Trade, Partnership, Ltd)"
INSERTED DETAIL,18,Devon County Council,27/04/2026,22089107,540.00,Joanna North Adoption Limited,302598,784224028,P-Ledger - Separate Legal Entity,A61060,Support for Children in Care,P0432008,"DCC Business Entities (Sole Trade, Partnership, Ltd)"
INSERTED DETAIL,18,Devon County Council,27/04/2026,22089179,"1,495.00",DEVON PATHWAYS LTD,383486,392542678,Dedicated Schools Grant,A44185,Other professional Services (Schools),R0082007,"DCC Business Entities (Sole Trade, Partnership, Ltd)"
INSERTED DETAIL,18,Devon County Council,27/04/2026,22089192,"4,102.00",DEVON PATHWAYS LTD,383486,392542678,Dedicated Schools Grant,A44185,Other professional Services (Schools),R0082007,"DCC Business Entities (Sole Trade, Partnership, Ltd)"
INSERTED DETAIL,18,Devon County Council,27/04/2026,22089200,"2,392.00",DEVON PATHWAYS LTD,383486,392542678,Dedicated Schools Grant,A44180,Services for Educational Estabs - Devon,R0010004,"DCC Business Entities (Sole Trade, Partnership, Ltd)"
INSERTED DETAIL,18,Devon County Council,27/04/2026,22089206,"3,289.00",DEVON PATHWAYS LTD,383486,392542678,Dedicated Schools Grant,A44180,Services for Educational Estabs - Devon,R0010004,"DCC Business Entities (Sole Trade, Partnership, Ltd)"
INSERTED DETAIL,18,Devon County Council,27/04/2026,22089216,"4,186.00",DEVON PATHWAYS LTD,383486,392542678,Dedicated Schools Grant,A44185,Other professional Services (Schools),R0082007,"DCC Business Entities (Sole Trade, Partnership, Ltd)"
INSERTED DETAIL,18,Devon County Council,27/04/2026,22089218,"1,977.60",THE HUSBANDRY SCHOOL,304475,333694095,Dedicated Schools Grant,A44185,Other professional Services (Schools),R0082007,"DCC Business Entities (Sole Trade, Partnership, Ltd)"
INSERTED DETAIL,18,Devon County Council,27/04/2026,22089221,"2,966.40",THE HUSBANDRY SCHOOL,304475,333694095,Dedicated Schools Grant,A44185,Other professional Services (Schools),R0082007,"DCC Business Entities (Sole Trade, Partnership, Ltd)"
INSERTED DETAIL,18,Devon County Council,27/04/2026,22089479,"9,179.25",JEREMY BENN ASSOCIATES LIMITED,321667,665300941,"Capital - Planning, Transportation and Environment",C02011,External Professional Fees,C0656001,"DCC Business Entities (Sole Trade, Partnership, Ltd)"
INSERTED DETAIL,18,Devon County Council,27/04/2026,22089627,900.00,USEFULPSYCHOLOGY,373810,,P-Ledger - Separate Legal Entity,A61060,Support for Children in Care,P0432008,"DCC Business Entities (Sole Trade, Partnership, Ltd)"
INSERTED DETAIL,18,Devon County Council,27/04/2026,22089848,580.00,ROOTS AND BLOOMS,398675,,Children's Social Care,A61060,Support for Children in Care,R0106002,"DCC Business Entities (Sole Trade, Partnership, Ltd)"
INSERTED DETAIL,18,Devon County Council,27/04/2026,22089856,"1,549,796.75",LIBRARIES UNLIMITED SOUTH WEST,334595,235429115,Communities,A46100,Main / Term Contractor,R0325001,"DCC Business Entities (Sole Trade, Partnership, Ltd)"
INSERTED DETAIL,18,Devon County Council,27/04/2026,22089867,"3,950.00",IT Stress Free Ltd,603040,107653618,Commissioning,A44065,Consultancy Services,R0466001,"DCC Business Entities (Sole Trade, Partnership, Ltd)"
INSERTED DETAIL,18,Devon County Council,27/04/2026,22089880,"1,068.10",STEPHENSONS SOLICITORS,394642,294832719,"Chief Exec, Legal & Democratic services",A44968,Legal & Conveyancing Charges,R0276001,"DCC Business Entities (Sole Trade, Partnership, Ltd)"
INSERTED DETAIL,18,Devon County Council,27/04/2026,22089884,964.00,STEPHENSONS SOLICITORS,394642,294832719,"Chief Exec, Legal & Democratic services",A44968,Legal & Conveyancing Charges,R0276001,"DCC Business Entities (Sole Trade, Partnership, Ltd)"
INSERTED DETAIL,18,Devon County Council,27/04/2026,22089898,"2,379.50",STEPHENSONS SOLICITORS,394642,294832719,"Chief Exec, Legal & Democratic services",A44968,Legal & Conveyancing Charges,R0276001,"DCC Business Entities (Sole Trade, Partnership, Ltd)"
INSERTED DETAIL,18,Devon County Council,27/04/2026,22089918,"2,100.00",SPARKS LEARNING LIMITED,394786,,Dedicated Schools Grant,A44185,Other professional Services (Schools),R0082007,"DCC Business Entities (Sole Trade, Partnership, Ltd)"
INSERTED DETAIL,18,Devon County Council,27/04/2026,22090081,745.00,STEARN ELECTRIC COMPANY LIMITED,21421,927202736,Children's Social Care,A40920,Equipment,R0095006,"DCC Business Entities (Sole Trade, Partnership, Ltd)"
INSERTED DETAIL,18,Devon County Council,27/04/2026,22090125,"14,631.00",SHARED LIVES PLUS,396005,302620163,Commissioning,A62110,Payments to Charities & Vol Providers,R0217030,"DCC Business Entities (Sole Trade, Partnership, Ltd)"
INSERTED DETAIL,18,Devon County Council,27/04/2026,22090880,"4,716.54",SPAGHETTI BRIDGE LIMITED,377380,478673138,Dedicated Schools Grant,A61052,Independent Special School Fees,R0089003,"DCC Business Entities (Sole Trade, Partnership, Ltd)"
INSERTED DETAIL,18,Devon County Council,27/04/2026,22092275,"1,050.00",LEEP TALENT LIMITED,601804,469035473,"Economy, Enterprise and Skills",A44038,Fees,R0546004,"DCC Business Entities (Sole Trade, Partnership, Ltd)"
INSERTED DETAIL,18,Devon County Council,27/04/2026,22092285,"4,200.00",LEEP TALENT LIMITED,601804,469035473,"Economy, Enterprise and Skills",A44038,Fees,R0546004,"DCC Business Entities (Sole Trade, Partnership, Ltd)"
INSERTED DETAIL,18,Devon County Council,27/04/2026,22092712,600.00,KAREN LANG,392832,,Inclusion & Learning,A61060,Support for Children in Care,R0006005,"DCC Business Entities (Sole Trade, Partnership, Ltd)"
INSERTED DETAIL,18,Devon County Council,27/04/2026,22093198,"3,172.56",I J Cannings & Son Limited,14467,192803203,Children's Social Care,A20010,"Property Repairs, Maintenance & Alterations (Reactive)",R0095001,DCC CIS Suppliers
INSERTED DETAIL,18,Devon County Council,27/04/2026,22093273,"120,404.18",TEACHERS' PENSION SCHEME,281468,,"Economy, Enterprise and Skills",A18001,Pension Payments - Unfunded,R0539001,"DCC Business Entities (Sole Trade, Partnership, Ltd)"
INSERTED DETAIL,18,Devon County Council,27/04/2026,22093288,"4,913.00",DEVON WILDLIFE TRUST,4736,585473501,"Capital - Planning, Transportation and Environment",C06003,Capital Grants Paid - to VCSE Organisations,C0649001,"DCC Business Entities (Sole Trade, Partnership, Ltd)"
INSERTED DETAIL,18,Devon County Council,27/04/2026,22093293,657.50,Yomer Wood,604371,,"Capital - Planning, Transportation and Environment",C06001,Capital Grants paid to other third parties (Not WGA/VCSE),C0649001,"DCC Business Entities (Sole Trade, Partnership, Ltd)"
INSERTED DETAIL,18,Devon County Council,27/04/2026,22093307,"2,036.00",John Fowler Holidays Limited,604233,,"Capital - Planning, Transportation and Environment",C06001,Capital Grants paid to other third parties (Not WGA/VCSE),C0649001,"DCC Business Entities (Sole Trade, Partnership, Ltd)"
INSERTED DETAIL,18,Devon County Council,27/04/2026,22093311,"6,526.46",Richard Smith-Bingham,604381,,"Capital - Planning, Transportation and Environment",C06001,Capital Grants paid to other third parties (Not WGA/VCSE),C0649001,"DCC Business Entities (Sole Trade, Partnership, Ltd)"
INSERTED DETAIL,18,Devon County Council,27/04/2026,22093373,500.00,HELEN BRAY,396752,948819170,"Chief Exec, Legal & Democratic services",A44968,Legal & Conveyancing Charges,R0276001,"DCC Business Entities (Sole Trade, Partnership, Ltd)"
INSERTED DETAIL,18,Devon County Council,27/04/2026,22093434,"5,839.99",ZURICH INSURANCE COMPANY,21646,107831677,"Economy, Enterprise and Skills",A44038,Fees,R0544006,"DCC Business Entities (Sole Trade, Partnership, Ltd)"
INSERTED DETAIL,18,Devon County Council,27/04/2026,22096770,734.35,NORTH DEVON COUNCIL,8252,144711092,"Chief Exec, Legal & Democratic services",A49115,Council elections,R0279001,"DCC Business Entities (Sole Trade, Partnership, Ltd)"
INSERTED DETAIL,18,Devon County Council,28/04/2026,22086039,626.08,RADIS COMMUNITY CARE,386496,,Operations,A57136,Personal Care Block,R0482034,"DCC Business Entities (Sole Trade, Partnership, Ltd)"
INSERTED DETAIL,18,Devon County Council,28/04/2026,22087230,520.00,PSYCHOLOGY ASSOCIATES LIMITED,147932,912873418,P-Ledger - Separate Legal Entity,A61060,Support for Children in Care,P0432008,"DCC Business Entities (Sole Trade, Partnership, Ltd)"
INSERTED DETAIL,18,Devon County Council,28/04/2026,22087231,"34,877.70",METACOMPLIANCE LIMITED,358054,854066617,Transformation & Business Services,A45040,IT Software,R0353008,"DCC Business Entities (Sole Trade, Partnership, Ltd)"
INSERTED DETAIL,18,Devon County Council,28/04/2026,22087701,"1,358.00",BE YOUR BEST MENTORING LIMITED,385179,426486966,Dedicated Schools Grant,A44180,Services for Educational Estabs - Devon,R0010004,"DCC Business Entities (Sole Trade, Partnership, Ltd)"
INSERTED DETAIL,18,Devon County Council,28/04/2026,22088036,990.00,TERRAFARMER AGRICULTURE LIMITED,405152,389325554,"Economy, Enterprise and Skills",A49105,Other Supplies & Services,R0547004,"DCC Business Entities (Sole Trade, Partnership, Ltd)"
INSERTED DETAIL,18,Devon County Council,28/04/2026,22088335,"1,026.00",I J Cannings & Son Limited,14467,192803203,Transformation & Business Services,A20010,"Property Repairs, Maintenance & Alterations (Reactive)",R0333026,DCC CIS Suppliers
INSERTED DETAIL,18,Devon County Council,28/04/2026,22088913,"5,566.26",EUCLID LIMITED,397402,458939876,"Transport Operations, Environment and Waste",A43010,Printing,R0575001,"DCC Business Entities (Sole Trade, Partnership, Ltd)"
INSERTED DETAIL,18,Devon County Council,28/04/2026,22088949,710.00,PSYCHOLOGY ASSOCIATES LIMITED,147932,912873418,P-Ledger - Separate Legal Entity,A61060,Support for Children in Care,P0432008,"DCC Business Entities (Sole Trade, Partnership, Ltd)"
INSERTED DETAIL,18,Devon County Council,28/04/2026,22089340,600.00,Joanna North Adoption Limited,302598,784224028,P-Ledger - Separate Legal Entity,A61060,Support for Children in Care,P0432008,"DCC Business Entities (Sole Trade, Partnership, Ltd)"
INSERTED DETAIL,18,Devon County Council,28/04/2026,22089575,594.00,PSYCHOLOGY ASSOCIATES LIMITED,147932,912873418,P-Ledger - Separate Legal Entity,A61060,Support for Children in Care,P0432008,"DCC Business Entities (Sole Trade, Partnership, Ltd)"
INSERTED DETAIL,18,Devon County Council,28/04/2026,22089817,"4,701.09",PEAKE (GB) LIMITED,19787,557739394,"Transport Operations, Environment and Waste",A46100,Main / Term Contractor,R0596002,"DCC Business Entities (Sole Trade, Partnership, Ltd)"
INSERTED DETAIL,18,Devon County Council,28/04/2026,22089877,"1,040.00",PSYCHOLOGY ASSOCIATES LIMITED,147932,912873418,P-Ledger - Separate Legal Entity,A61060,Support for Children in Care,P0432008,"DCC Business Entities (Sole Trade, Partnership, Ltd)"
INSERTED DETAIL,18,Devon County Council,28/04/2026,22089920,"14,517.06",D W M L HOLDINGS LIMITED,345026,823821047,"Transport Operations, Environment and Waste",A46100,Main / Term Contractor,R0597002,"DCC Business Entities (Sole Trade, Partnership, Ltd)"
INSERTED DETAIL,18,Devon County Council,28/04/2026,22089979,"1,197.00",PSYCHOLOGY ASSOCIATES LIMITED,147932,912873418,P-Ledger - Separate Legal Entity,A61060,Support for Children in Care,P0432008,"DCC Business Entities (Sole Trade, Partnership, Ltd)"
INSERTED DETAIL,18,Devon County Council,28/04/2026,22092180,"37,906.30",S C C,161520,313651680,Transformation & Business Services,A45040,IT Software,R0353008,"DCC Business Entities (Sole Trade, Partnership, Ltd)"
INSERTED DETAIL,18,Devon County Council,28/04/2026,22092263,693.00,SOUTHWEST INTERVENTION SERVICES,333291,440830321,Children's Social Care,A61200,Community based care,R0044004,"DCC Business Entities (Sole Trade, Partnership, Ltd)"
INSERTED DETAIL,18,Devon County Council,28/04/2026,22092414,"11,393.00",CORNWALL PENSION FUND,604649,GB132746770,Devon Pension Fund,A44065,Consultancy Services,PE10304,"DPF Business entities (covering Actuaries invoices, specific pensions training courses)"
INSERTED DETAIL,18,Devon County Council,28/04/2026,22092600,"66,364.17",EVANS HEATING & PLUMBING LIMITED,51317,142922969,Capital - Schools Maintenance & Improvements,C02009,Works,C0658001,DCC CIS Suppliers
INSERTED DETAIL,18,Devon County Council,28/04/2026,22093075,"1,295.40",Berry Therapy Limited,603708,,Dedicated Schools Grant,A44185,Other professional Services (Schools),R0082006,"DCC Business Entities (Sole Trade, Partnership, Ltd)"
INSERTED DETAIL,18,Devon County Council,28/04/2026,22093299,"19,361.24",CORMAC CONTRACTING LIMITED,364276,247160514,"Capital - Planning, Transportation and Environment",C02009,Works,C0671003,"DCC Business Entities (Sole Trade, Partnership, Ltd)"
INSERTED DETAIL,18,Devon County Council,28/04/2026,22093612,"1,894.22",DR KASU KIRAN,401187,,Operations,A44038,Fees,R0222002,"DCC Business Entities (Sole Trade, Partnership, Ltd)"
INSERTED DETAIL,18,Devon County Council,28/04/2026,22093633,"15,143.86",I CAN DO THAT! COMMUNITY INTEREST COMPANY,392634,,"Economy, Enterprise and Skills",A52010,"Grants to voluntary, community and social enterprise organisations",R0547002,"DCC Business Entities (Sole Trade, Partnership, Ltd)"
INSERTED DETAIL,18,Devon County Council,28/04/2026,22093719,900.00,ELISE JEREMIAH CARE OF 33 BEDFORD,393050,120996900,"Chief Exec, Legal & Democratic services",A44968,Legal & Conveyancing Charges,R0276001,"DCC Business Entities (Sole Trade, Partnership, Ltd)"
INSERTED DETAIL,18,Devon County Council,28/04/2026,150431516,948.95,M Group Highways Limited,375383,927200546,Capital - Highways,C02051,Term Maintenance Contract,C0671007,"DCC Business Entities (Sole Trade, Partnership, Ltd)"
INSERTED DETAIL,18,Devon County Council,28/04/2026,150431519,902.18,M Group Highways Limited,375383,927200546,Capital - Highways,C02051,Term Maintenance Contract,C0671007,"DCC Business Entities (Sole Trade, Partnership, Ltd)"
INSERTED DETAIL,18,Devon County Council,28/04/2026,150431523,"-2,181.85",M Group Highways Limited,375383,927200546,Capital - Highways,C02051,Term Maintenance Contract,C0671007,"DCC Business Entities (Sole Trade, Partnership, Ltd)"
INSERTED DETAIL,18,Devon County Council,28/04/2026,150431528,"-1,674.61",M Group Highways Limited,375383,927200546,Capital - Highways,C02051,Term Maintenance Contract,C0671006,"DCC Business Entities (Sole Trade, Partnership, Ltd)"
INSERTED DETAIL,18,Devon County Council,28/04/2026,150431529,"-3,042.46",M Group Highways Limited,375383,927200546,Capital - Highways,C02051,Term Maintenance Contract,C0671006,"DCC Business Entities (Sole Trade, Partnership, Ltd)"
INSERTED DETAIL,18,Devon County Council,17/04/2026,22085270,931.20,SOUTHWEST ESTATE MAINTENANCE LIMITED,401880,506499273,Capital - Highways,C02009,Works,C0652001,DCC CIS Suppliers
INSERTED DETAIL,18,Devon County Council,17/04/2026,22085474,"32,142.49",PGL Training (Plumbing) Limited,602016,331998962,"Economy, Enterprise and Skills",A53012,Payments to Independent Units,R0539003,"DCC Business Entities (Sole Trade, Partnership, Ltd)"
INSERTED DETAIL,18,Devon County Council,17/04/2026,22085587,"2,377.00",DAN WOOLLACOTT FENCING,358106,278397149,Capital - Highways,C02009,Works,C0671006,DCC CIS Suppliers
INSERTED DETAIL,18,Devon County Council,17/04/2026,22085694,"2,100.00",UK CENTRE FOR ECOLOGY & HYDROLOGY ENTERPRISE LIMITED,374203,336940192,"Transport Operations, Environment and Waste",A45048,GIS EXTERNAL DATA,R0579007,"DCC Business Entities (Sole Trade, Partnership, Ltd)"
INSERTED DETAIL,18,Devon County Council,17/04/2026,22085834,"1,611.55",NIGEL PORTER,399030,,Dedicated Schools Grant,A44185,Other professional Services (Schools),R0082006,"DCC Business Entities (Sole Trade, Partnership, Ltd)"
INSERTED DETAIL,18,Devon County Council,17/04/2026,22085839,975.00,NIGEL PORTER,399030,,Dedicated Schools Grant,A44185,Other professional Services (Schools),R0082007,"DCC Business Entities (Sole Trade, Partnership, Ltd)"
INSERTED DETAIL,18,Devon County Council,17/04/2026,22085855,"79,929.00",CITY COLLEGE PLYMOUTH,13507,591390916,Dedicated Schools Grant,A53040,Contributions to Educational Estabs (3rd,R0105001,"DCC Business Entities (Sole Trade, Partnership, Ltd)"
INSERTED DETAIL,18,Devon County Council,17/04/2026,22085871,"22,409.45",Enerveo Limited,14967,382894546,Highways & Infrastructure Development,A44130,Street Lighting,R0567007,DCC CIS Suppliers
INSERTED DETAIL,18,Devon County Council,17/04/2026,22085894,"17,397.55",Enerveo Limited,14967,382894546,Highways & Infrastructure Development,A44130,Street Lighting,R0567007,DCC CIS Suppliers
INSERTED DETAIL,18,Devon County Council,17/04/2026,22085924,"33,053.13",Enerveo Limited,14967,382894546,Highways & Infrastructure Development,A44130,Street Lighting,R0567007,DCC CIS Suppliers
INSERTED DETAIL,18,Devon County Council,17/04/2026,22085931,"2,975.94",VRANCH HOUSE SCHOOL,52422,,Dedicated Schools Grant,A61052,Independent Special School Fees,R0089003,"DCC Business Entities (Sole Trade, Partnership, Ltd)"
INSERTED DETAIL,18,Devon County Council,17/04/2026,22085947,"3,999.05",NORSE SOUTH WEST LIMITED,279741,785421021,Communities,A40045,Furniture,R0530006,"DCC Business Entities (Sole Trade, Partnership, Ltd)"
INSERTED DETAIL,18,Devon County Council,17/04/2026,22085951,"77,296.49",Enerveo Limited,14967,382894546,Capital - Highways,C02009,Works,C0671005,DCC CIS Suppliers
INSERTED DETAIL,18,Devon County Council,17/04/2026,22085957,541.81,NORSE SOUTH WEST LIMITED,279741,785421021,"Economy, Enterprise and Skills",A46100,Main / Term Contractor,R0540006,"DCC Business Entities (Sole Trade, Partnership, Ltd)"
INSERTED DETAIL,18,Devon County Council,17/04/2026,22085995,541.00,Kirstin Lean,602918,,P-Ledger - Separate Legal Entity,A61060,Support for Children in Care,P0432008,"DCC Business Entities (Sole Trade, Partnership, Ltd)"
INSERTED DETAIL,18,Devon County Council,17/04/2026,22086041,594.33,PRIORTON VENN LIMITED TRADING AS NORTHFIELD,230676,390267976,Highways & Infrastructure Development,A49005,Other Hired & Contracting Services,R0557016,DCC CIS Suppliers
INSERTED DETAIL,18,Devon County Council,17/04/2026,22086046,"37,530.00",CAUSEWAY TECHNOLOGIES LIMITED,22333,733718820,Highways & Infrastructure Development,A49075,Licences - General,R0561003,"DCC Business Entities (Sole Trade, Partnership, Ltd)"
INSERTED DETAIL,18,Devon County Council,17/04/2026,22086208,"1,448.00",DAN WOOLLACOTT FENCING,358106,278397149,Highways & Infrastructure Development,A49005,Other Hired & Contracting Services,R0552002,DCC CIS Suppliers
INSERTED DETAIL,18,Devon County Council,17/04/2026,22087133,921.00,Porter Dodson LLP,604456,186039153,Capital - Highways,C02009,Works,C0652001,"DCC Business Entities (Sole Trade, Partnership, Ltd)"
INSERTED DETAIL,18,Devon County Council,17/04/2026,22087214,"40,561.05",MAGDALEN COURT SCHOOL,228429,479823044,Dedicated Schools Grant,A61052,Independent Special School Fees,R0089003,"DCC Business Entities (Sole Trade, Partnership, Ltd)"
INSERTED DETAIL,18,Devon County Council,17/04/2026,22087314,"7,396.74",LEAF COMPLEX CARE LIMITED,360974,,Children's Social Care,A61200,Community based care,R0044004,"DCC Business Entities (Sole Trade, Partnership, Ltd)"
INSERTED DETAIL,18,Devon County Council,17/04/2026,22087423,"4,564.56",CORMAC CONTRACTING LIMITED,364276,247160514,Capital - Highways,C02009,Works,C0671004,"DCC Business Entities (Sole Trade, Partnership, Ltd)"
INSERTED DETAIL,18,Devon County Council,17/04/2026,22088169,"1,787.22",OCULAR INTEGRATION LIMITED,368413,417069846,Capital - Highways,C02009,Works,C0671005,"DCC Business Entities (Sole Trade, Partnership, Ltd)"
INSERTED DETAIL,18,Devon County Council,17/04/2026,22088660,"-2,829.07",MAGDALEN COURT SCHOOL,228429,479823044,Dedicated Schools Grant,A61052,Independent Special School Fees,R0089003,"DCC Business Entities (Sole Trade, Partnership, Ltd)"
INSERTED DETAIL,18,Devon County Council,17/04/2026,22089272,"2,326.24",POTENS CONTRACT SERVICES LIMITED,288103,439785733,Children's Social Care,A61044,Residential Short Breaks,R0046004,"DCC Business Entities (Sole Trade, Partnership, Ltd)"
INSERTED DETAIL,18,Devon County Council,17/04/2026,22089695,"1,210.62",MONICA Y ZAPATA LOPEZ,392518,,Transformation & Business Services,A62000,Supported Accommodation - Child,R0333028,"DCC Business Entities (Sole Trade, Partnership, Ltd)"
INSERTED DETAIL,18,Devon County Council,17/04/2026,22090388,"1,041.50",BROWNE JACOBSON LLP,190677,116396270,Dedicated Schools Grant,A44968,Legal & Conveyancing Charges,R0088004,"DCC Business Entities (Sole Trade, Partnership, Ltd)"
INSERTED DETAIL,18,Devon County Council,17/04/2026,22090493,"1,500.00",CIPFA BUSINESS LIMITED,350079,627390725,Finance & Public Value,A47010,Subscriptions,R0494002,"DCC Business Entities (Sole Trade, Partnership, Ltd)"
INSERTED DETAIL,18,Devon County Council,17/04/2026,22090587,507.00,ST SIDWELLS CENTRE,65554,,"Economy, Enterprise and Skills",A22010,Hire of Rooms,R0539002,"DCC Business Entities (Sole Trade, Partnership, Ltd)"
INSERTED DETAIL,18,Devon County Council,28/04/2026,150431709,-816.35,M Group Highways Limited,375383,927200546,Capital - Highways,C02051,Term Maintenance Contract,C0671006,"DCC Business Entities (Sole Trade, Partnership, Ltd)"
INSERTED DETAIL,18,Devon County Council,28/04/2026,150431718,"-1,115.50",M Group Highways Limited,375383,927200546,Capital - Highways,C02051,Term Maintenance Contract,C0671006,"DCC Business Entities (Sole Trade, Partnership, Ltd)"
INSERTED DETAIL,18,Devon County Council,28/04/2026,150432262,"-1,670.67",M Group Highways Limited,375383,927200546,Capital - Highways,C02051,Term Maintenance Contract,C0671006,"DCC Business Entities (Sole Trade, Partnership, Ltd)"
INSERTED DETAIL,18,Devon County Council,28/04/2026,150432265,"-8,155.04",M Group Highways Limited,375383,927200546,Capital - Highways,C02051,Term Maintenance Contract,C0652001,"DCC Business Entities (Sole Trade, Partnership, Ltd)"
INSERTED DETAIL,18,Devon County Council,28/04/2026,150433013,715.99,M Group Highways Limited,375383,927200546,Capital - Highways,C02051,Term Maintenance Contract,C0671007,"DCC Business Entities (Sole Trade, Partnership, Ltd)"
INSERTED DETAIL,18,Devon County Council,28/04/2026,150433019,"13,354.66",M Group Highways Limited,375383,927200546,Highways & Infrastructure Development,A46100,Main / Term Contractor,R0554004,"DCC Business Entities (Sole Trade, Partnership, Ltd)"
INSERTED DETAIL,18,Devon County Council,28/04/2026,150433032,"-2,290.28",M Group Highways Limited,375383,927200546,Capital - Highways,C02051,Term Maintenance Contract,C0671007,"DCC Business Entities (Sole Trade, Partnership, Ltd)"
INSERTED DETAIL,18,Devon County Council,28/04/2026,150433033,"-12,757.44",M Group Highways Limited,375383,927200546,Capital - Highways,C02051,Term Maintenance Contract,C0652001,"DCC Business Entities (Sole Trade, Partnership, Ltd)"
INSERTED DETAIL,18,Devon County Council,29/04/2026,22070007,"1,620.00",LIVE TO LEARN EDUCATION LIMITED,380514,444356785,Dedicated Schools Grant,A44185,Other professional Services (Schools),R0082007,"DCC Business Entities (Sole Trade, Partnership, Ltd)"
INSERTED DETAIL,18,Devon County Council,29/04/2026,22088463,"5,683.34",ORION MEDICAL SUPPLIES LIMITED,355162,142018357,Public Health,A57115,Payments to Private Contractors,R0316037,"DCC Business Entities (Sole Trade, Partnership, Ltd)"
INSERTED DETAIL,18,Devon County Council,29/04/2026,22088508,"1,849.50",Helen Waring,600120,,P-Ledger - Separate Legal Entity,A61060,Support for Children in Care,P0432008,"DCC Business Entities (Sole Trade, Partnership, Ltd)"
INSERTED DETAIL,18,Devon County Council,29/04/2026,22089264,705.75,LIVE TO LEARN EDUCATION LIMITED,380514,444356785,Dedicated Schools Grant,A44185,Other professional Services (Schools),R0082007,"DCC Business Entities (Sole Trade, Partnership, Ltd)"
INSERTED DETAIL,18,Devon County Council,29/04/2026,22089560,"10,000.00",FRANCOTYP POSTALIA LIMITED (TELESET),90476,566261823,Transformation & Business Services,A45015,Postages,R0333026,"DCC Business Entities (Sole Trade, Partnership, Ltd)"
INSERTED DETAIL,18,Devon County Council,29/04/2026,22089808,"3,199.60",K S FENCING,340683,503049234,Highways & Infrastructure Development,A49005,Other Hired & Contracting Services,R0557020,DCC CIS Suppliers
INSERTED DETAIL,18,Devon County Council,29/04/2026,22089901,"4,441.50",STEPHENSONS SOLICITORS,394642,294832719,"Chief Exec, Legal & Democratic services",A44968,Legal & Conveyancing Charges,R0276001,"DCC Business Entities (Sole Trade, Partnership, Ltd)"
INSERTED DETAIL,18,Devon County Council,29/04/2026,22089929,637.50,Michelle Blundy T/A Blossoming Minds,360726,,P-Ledger - Separate Legal Entity,A61060,Support for Children in Care,P0432008,"DCC Business Entities (Sole Trade, Partnership, Ltd)"
INSERTED DETAIL,18,Devon County Council,29/04/2026,22091305,"3,544.50",PROMOTING INDEPENDENT CARE LIMITED,376159,,Children's Social Care,A11005,Agency Supply Staff,R0095011,"DCC Business Entities (Sole Trade, Partnership, Ltd)"
INSERTED DETAIL,18,Devon County Council,29/04/2026,22092811,"17,926.40",SEVERN TRENT GREEN POWER,322030,876098474,"Transport Operations, Environment and Waste",A46100,Main / Term Contractor,R0598001,"DCC Business Entities (Sole Trade, Partnership, Ltd)"
INSERTED DETAIL,18,Devon County Council,29/04/2026,22092917,"3,000.00",JIES INTERVENTION & ENABLING,389460,,Dedicated Schools Grant,A44185,Other professional Services (Schools),R0082007,"DCC Business Entities (Sole Trade, Partnership, Ltd)"
INSERTED DETAIL,18,Devon County Council,29/04/2026,22093442,"10,557.00",MID DEVON DISTRICT COUNCIL,19708,142203912,Children's Social Care,A52005,Payments to Other Local Authorities,R0026003,"DCC Business Entities (Sole Trade, Partnership, Ltd)"
INSERTED DETAIL,18,Devon County Council,29/04/2026,22093464,"1,562.50",SOUND COMMUNITIES COMMUNITY INTEREST COMPANY,340925,,Dedicated Schools Grant,A44185,Other professional Services (Schools),R0082007,"DCC Business Entities (Sole Trade, Partnership, Ltd)"
INSERTED DETAIL,18,Devon County Council,29/04/2026,22093509,"2,158.00",TOPP TREE CARE LTD,389748,434623407,Highways & Infrastructure Development,A49005,Other Hired & Contracting Services,R0553005,"DCC Business Entities (Sole Trade, Partnership, Ltd)"
INSERTED DETAIL,18,Devon County Council,29/04/2026,22093597,"11,832.00",North Devon College (Exeter and North Devon Colleges Group),603346,125451632,"Economy, Enterprise and Skills",A44038,Fees,R0546004,"DCC Business Entities (Sole Trade, Partnership, Ltd)"
INSERTED DETAIL,18,Devon County Council,29/04/2026,22093779,"5,096.00",WALES & WEST UTILITIES LIMITED,178421,851008849,Capital - Highways,C02009,Works,C0671008,"DCC Business Entities (Sole Trade, Partnership, Ltd)"
INSERTED DETAIL,18,Devon County Council,29/04/2026,22093824,"12,142.92",MORTEHOE PARISH COUNCIL,43655,,"Capital - Planning, Transportation and Environment",C06001,Capital Grants paid to other third parties (Not WGA/VCSE),C0649001,"DCC Business Entities (Sole Trade, Partnership, Ltd)"
INSERTED DETAIL,18,Devon County Council,29/04/2026,22094063,"3,164.00",ARTHUR J GALLAGHER INS BROKER,352755,484746209,"Economy, Enterprise and Skills",A49025,General Insurance,R0543003,"DCC Business Entities (Sole Trade, Partnership, Ltd)"
INSERTED DETAIL,18,Devon County Council,29/04/2026,22094070,"47,069.12",ARTHUR J GALLAGHER INS BROKER,352755,484746209,"Economy, Enterprise and Skills",A49025,General Insurance,R0543003,"DCC Business Entities (Sole Trade, Partnership, Ltd)"
INSERTED DETAIL,18,Devon County Council,29/04/2026,22094087,"3,867.00",ASHFORDS LLP,88874,140836186,"Capital - Planning, Transportation and Environment",C02011,External Professional Fees,C0671003,"DCC Business Entities (Sole Trade, Partnership, Ltd)"
INSERTED DETAIL,18,Devon County Council,29/04/2026,22094088,"1,764.00",SOUTHWEST INTERVENTION SERVICES,333291,440830321,Dedicated Schools Grant,A44185,Other professional Services (Schools),R0082007,"DCC Business Entities (Sole Trade, Partnership, Ltd)"
INSERTED DETAIL,18,Devon County Council,29/04/2026,22094137,"3,908.40",ASHFORDS LLP,88874,140836186,"Capital - Planning, Transportation and Environment",C02011,External Professional Fees,C0671003,"DCC Business Entities (Sole Trade, Partnership, Ltd)"
INSERTED DETAIL,18,Devon County Council,29/04/2026,150433020,"4,659.77",M Group Highways Limited,375383,927200546,Capital - Highways,C02051,Term Maintenance Contract,C0671007,"DCC Business Entities (Sole Trade, Partnership, Ltd)"
INSERTED DETAIL,18,Devon County Council,29/04/2026,150433030,-504.21,M Group Highways Limited,375383,927200546,Capital - Highways,C02051,Term Maintenance Contract,C0671006,"DCC Business Entities (Sole Trade, Partnership, Ltd)"
INSERTED DETAIL,18,Devon County Council,29/04/2026,150434012,"2,704.05",M Group Highways Limited,375383,927200546,Capital - Highways,C02051,Term Maintenance Contract,C0671006,"DCC Business Entities (Sole Trade, Partnership, Ltd)"
INSERTED DETAIL,18,Devon County Council,29/04/2026,150434018,"1,076.82",M Group Highways Limited,375383,927200546,Capital - Highways,C02051,Term Maintenance Contract,C0671006,"DCC Business Entities (Sole Trade, Partnership, Ltd)"
INSERTED DETAIL,18,Devon County Council,29/04/2026,150434021,"1,303.52",M Group Highways Limited,375383,927200546,Capital - Highways,C02051,Term Maintenance Contract,C0671006,"DCC Business Entities (Sole Trade, Partnership, Ltd)"
INSERTED DETAIL,18,Devon County Council,29/04/2026,150434031,"32,107.20",M Group Highways Limited,375383,927200546,Capital - Highways,C02051,Term Maintenance Contract,C0652001,"DCC Business Entities (Sole Trade, Partnership, Ltd)"
INSERTED DETAIL,18,Devon County Council,29/04/2026,150434032,"2,567.21",M Group Highways Limited,375383,927200546,Capital - Highways,C02051,Term Maintenance Contract,C0671006,"DCC Business Entities (Sole Trade, Partnership, Ltd)"
INSERTED DETAIL,18,Devon County Council,29/04/2026,150434045,"1,761.22",M Group Highways Limited,375383,927200546,Capital - Highways,C02051,Term Maintenance Contract,C0671006,"DCC Business Entities (Sole Trade, Partnership, Ltd)"
INSERTED DETAIL,18,Devon County Council,29/04/2026,150434054,-546.68,M Group Highways Limited,375383,927200546,Capital - Highways,C02051,Term Maintenance Contract,C0671005,"DCC Business Entities (Sole Trade, Partnership, Ltd)"
INSERTED DETAIL,18,Devon County Council,29/04/2026,150434057,"-2,000.00",M Group Highways Limited,375383,927200546,Capital - Highways,C02051,Term Maintenance Contract,C0652001,"DCC Business Entities (Sole Trade, Partnership, Ltd)"
INSERTED DETAIL,18,Devon County Council,29/04/2026,150434060,"-2,100.00",M Group Highways Limited,375383,927200546,Capital - Highways,C02051,Term Maintenance Contract,C0652001,"DCC Business Entities (Sole Trade, Partnership, Ltd)"
INSERTED DETAIL,18,Devon County Council,29/04/2026,150434061,"-3,388.10",M Group Highways Limited,375383,927200546,Capital - Highways,C02051,Term Maintenance Contract,C0671006,"DCC Business Entities (Sole Trade, Partnership, Ltd)"
INSERTED DETAIL,18,Devon County Council,30/04/2026,22084662,"1,506.75",SOUTHWEST INTERVENTION SERVICES,333291,440830321,Children's Social Care,A61200,Community based care,R0044004,"DCC Business Entities (Sole Trade, Partnership, Ltd)"
INSERTED DETAIL,18,Devon County Council,30/04/2026,22087648,570.00,THE APRICOT CENTRE CIC,341760,227454701,P-Ledger - Separate Legal Entity,A61060,Support for Children in Care,P0432008,"DCC Business Entities (Sole Trade, Partnership, Ltd)"
INSERTED DETAIL,18,Devon County Council,30/04/2026,22088038,735.00,PLAY THERAPY DEVON,317841,,Children's Social Care,A61060,Support for Children in Care,R0106002,"DCC Business Entities (Sole Trade, Partnership, Ltd)"
INSERTED DETAIL,18,Devon County Council,30/04/2026,22088049,605.00,Oak Tree Creative Therapy,602277,,Children's Social Care,A61060,Support for Children in Care,R0106002,"DCC Business Entities (Sole Trade, Partnership, Ltd)"
INSERTED DETAIL,18,Devon County Council,30/04/2026,22088428,"1,214.00",EXETER PAEDIATRIC I C S LIMITED,373429,,P-Ledger - Separate Legal Entity,A61120,Adoptions Allowances,P0432008,"DCC Business Entities (Sole Trade, Partnership, Ltd)"
INSERTED DETAIL,18,Devon County Council,30/04/2026,22088511,510.00,GRAPEVINE CONNECTS,405508,,P-Ledger - Separate Legal Entity,A61060,Support for Children in Care,P0432008,"DCC Business Entities (Sole Trade, Partnership, Ltd)"
INSERTED DETAIL,18,Devon County Council,30/04/2026,22088527,600.00,LEONE ELLIS THERAPEUTIC SERVICES,398323,,P-Ledger - Separate Legal Entity,A61060,Support for Children in Care,P0432008,"DCC Business Entities (Sole Trade, Partnership, Ltd)"
INSERTED DETAIL,18,Devon County Council,30/04/2026,22089587,"14,930.24",FLOORING MATTERS SOUTH WEST LIMITED,369495,251853209,Children's Social Care,A25005,Fixtures & Fittings,R0095003,"DCC Business Entities (Sole Trade, Partnership, Ltd)"
INSERTED DETAIL,18,Devon County Council,30/04/2026,22089675,"5,000.00",FRANCOTYP POSTALIA LIMITED (TELESET),90476,566261823,Transformation & Business Services,A45015,Postages,R0333026,"DCC Business Entities (Sole Trade, Partnership, Ltd)"
INSERTED DETAIL,18,Devon County Council,30/04/2026,22089746,"1,062.55",CATHERINE FITCH,365407,,P-Ledger - Separate Legal Entity,A61060,Support for Children in Care,P0432008,"DCC Business Entities (Sole Trade, Partnership, Ltd)"
INSERTED DETAIL,18,Devon County Council,17/04/2026,22090771,"5,777.77",SOUNDART RADIO,241780,,"Economy, Enterprise and Skills",A52010,"Grants to voluntary, community and social enterprise organisations",R0547002,"DCC Business Entities (Sole Trade, Partnership, Ltd)"
INSERTED DETAIL,18,Devon County Council,17/04/2026,22090865,"1,850.00",EDGE TRAINING & CONSULTANCY LIMITED,256085,925948874,People and Culture,A44038,Fees,R0303007,"DCC Business Entities (Sole Trade, Partnership, Ltd)"
INSERTED DETAIL,18,Devon County Council,17/04/2026,22090997,"20,208.26",CAMBIAN CHILDCARE LIMITED,299178,190023541,Dedicated Schools Grant,A61052,Independent Special School Fees,R0089003,"DCC Business Entities (Sole Trade, Partnership, Ltd)"
INSERTED DETAIL,18,Devon County Council,17/04/2026,22091002,"19,572.31",CAMBIAN CHILDCARE LIMITED,299178,190023541,Dedicated Schools Grant,A61052,Independent Special School Fees,R0089003,"DCC Business Entities (Sole Trade, Partnership, Ltd)"
INSERTED DETAIL,18,Devon County Council,17/04/2026,22091005,"19,333.33",CAMBIAN CHILDCARE LIMITED,299178,190023541,Dedicated Schools Grant,A61052,Independent Special School Fees,R0089003,"DCC Business Entities (Sole Trade, Partnership, Ltd)"
INSERTED DETAIL,18,Devon County Council,17/04/2026,22091011,"5,637.60",DR CHARLES ANTWI,338645,,Operations,A44038,Fees,R0222002,"DCC Business Entities (Sole Trade, Partnership, Ltd)"
INSERTED DETAIL,18,Devon County Council,17/04/2026,22091019,"2,255.00",SOUTH WEST COUNCILS,261183,131462795,Highways & Infrastructure Development,A87050,Int Recharge- People & Culture (Support),R0556008,"DCC Business Entities (Sole Trade, Partnership, Ltd)"
INSERTED DETAIL,18,Devon County Council,17/04/2026,22091063,"1,015.25",MARINE & CIVIL SOLUTIONS LIMITED,283395,431868383,Highways & Infrastructure Development,A46100,Main / Term Contractor,R0555002,DCC CIS Suppliers
INSERTED DETAIL,18,Devon County Council,17/04/2026,22091064,"1,372.30",MARINE & CIVIL SOLUTIONS LIMITED,283395,431868383,Highways & Infrastructure Development,A46100,Main / Term Contractor,R0555002,DCC CIS Suppliers
INSERTED DETAIL,18,Devon County Council,17/04/2026,22091170,"5,263.33",BEACON MEDICAL GROUP,300155,180836103,Public Health Nursing,A22010,Hire of Rooms,R0019003,"DCC Business Entities (Sole Trade, Partnership, Ltd)"
INSERTED DETAIL,18,Devon County Council,17/04/2026,22091269,"1,546.00",INVOLVE CARE SOLUTIONS LIMITED,402831,,Children's Social Care,A61200,Community based care,R0044004,"DCC Business Entities (Sole Trade, Partnership, Ltd)"
INSERTED DETAIL,18,Devon County Council,17/04/2026,22091290,"37,605.35",BRIDGE CIVIL ENGINEERING LIMITED,79315,717667210,"Capital - Planning, Transportation and Environment",C02009,Works,C0654001,DCC CIS Suppliers
INSERTED DETAIL,18,Devon County Council,20/04/2026,22069436,933.60,BE YOUR BEST MENTORING LIMITED,385179,426486966,Dedicated Schools Grant,A44185,Other professional Services (Schools),R0082007,"DCC Business Entities (Sole Trade, Partnership, Ltd)"
INSERTED DETAIL,18,Devon County Council,20/04/2026,22080984,700.20,BE YOUR BEST MENTORING LIMITED,385179,426486966,Dedicated Schools Grant,A44185,Other professional Services (Schools),R0082007,"DCC Business Entities (Sole Trade, Partnership, Ltd)"
INSERTED DETAIL,18,Devon County Council,20/04/2026,22080997,700.20,BE YOUR BEST MENTORING LIMITED,385179,426486966,Dedicated Schools Grant,A44185,Other professional Services (Schools),R0082007,"DCC Business Entities (Sole Trade, Partnership, Ltd)"
INSERTED DETAIL,18,Devon County Council,20/04/2026,22084653,"2,946.44",UNIVERSITY OF EXETER-FINANCE OFF,4630,142047795,"Transport Operations, Environment and Waste",A44038,Fees,R0615001,"DCC Business Entities (Sole Trade, Partnership, Ltd)"
INSERTED DETAIL,18,Devon County Council,20/04/2026,22085418,879.94,NORSE SOUTH WEST LIMITED,279741,785421021,Transformation & Business Services,A20030,Service Term Contracts,R0333026,"DCC Business Entities (Sole Trade, Partnership, Ltd)"
INSERTED DETAIL,18,Devon County Council,20/04/2026,22085421,509.33,NORSE SOUTH WEST LIMITED,279741,785421021,Transformation & Business Services,A20030,Service Term Contracts,R0333026,"DCC Business Entities (Sole Trade, Partnership, Ltd)"
INSERTED DETAIL,18,Devon County Council,20/04/2026,22085541,"1,780.00",COUNTY GROUNDS MAINTENANCE LIMITED,258238,874318602,Children's Social Care,A20010,"Property Repairs, Maintenance & Alterations (Reactive)",R0095011,"DCC Business Entities (Sole Trade, Partnership, Ltd)"
INSERTED DETAIL,18,Devon County Council,20/04/2026,22085550,"2,209.00",COUNTY GROUNDS MAINTENANCE LIMITED,258238,874318602,Children's Social Care,A20010,"Property Repairs, Maintenance & Alterations (Reactive)",R0095010,"DCC Business Entities (Sole Trade, Partnership, Ltd)"
INSERTED DETAIL,18,Devon County Council,20/04/2026,22085994,"7,747.15",DEVON PARTNERSHIP NHS TRUST,92211,654400557,Operations,A61100,External Placement Fees,R0219002,"DCC Business Entities (Sole Trade, Partnership, Ltd)"
INSERTED DETAIL,18,Devon County Council,20/04/2026,22086122,"20,833.00",JEREMY BENN ASSOCIATES LIMITED,321667,665300941,"Transport Operations, Environment and Waste",A44038,Fees,R0579007,"DCC Business Entities (Sole Trade, Partnership, Ltd)"
INSERTED DETAIL,18,Devon County Council,20/04/2026,22086319,"2,995.50",FREDERICK SHERRELL LIMITED,14402,591319333,Capital - Highways,C02009,Works,C0652001,"DCC Business Entities (Sole Trade, Partnership, Ltd)"
INSERTED DETAIL,18,Devon County Council,20/04/2026,22086322,874.20,RICHARD GREEN ECOLOGY LIMITED,272615,113421075,Capital - Highways,C02011,External Professional Fees,C0671004,"DCC Business Entities (Sole Trade, Partnership, Ltd)"
INSERTED DETAIL,18,Devon County Council,20/04/2026,22086328,"4,092.50",FREDERICK SHERRELL LIMITED,14402,591319333,Capital - Highways,C02009,Works,C0652001,"DCC Business Entities (Sole Trade, Partnership, Ltd)"
INSERTED DETAIL,18,Devon County Council,20/04/2026,22086333,"1,368.36",PROSPERO RECRUITMENT LIMITED,352539,486704947,Dedicated Schools Grant,A44185,Other professional Services (Schools),R0082007,"DCC Business Entities (Sole Trade, Partnership, Ltd)"
INSERTED DETAIL,18,Devon County Council,20/04/2026,22086349,908.50,Kirstin Lean,602918,,P-Ledger - Separate Legal Entity,A61060,Support for Children in Care,P0432008,"DCC Business Entities (Sole Trade, Partnership, Ltd)"
INSERTED DETAIL,18,Devon County Council,20/04/2026,22086350,"1,560.00",RSK HI-LINE LIMITED,71745,397835628,"Capital - Planning, Transportation and Environment",C02009,Works,C0654001,"DCC Business Entities (Sole Trade, Partnership, Ltd)"
INSERTED DETAIL,18,Devon County Council,20/04/2026,22086351,"97,620.10",Devon Maintenance Plus Ltd,601663,711816651,Capital - Highways,C02009,Works,C0671004,"DCC Business Entities (Sole Trade, Partnership, Ltd)"
INSERTED DETAIL,18,Devon County Council,20/04/2026,22086405,"2,040.00",COMMUNITY SUPPORT TEAM COMMUNITY INTEREST COMPANY,302088,,Dedicated Schools Grant,A44185,Other professional Services (Schools),R0082007,"DCC Business Entities (Sole Trade, Partnership, Ltd)"
INSERTED DETAIL,18,Devon County Council,20/04/2026,22086406,"4,080.00",COMMUNITY SUPPORT TEAM COMMUNITY INTEREST COMPANY,302088,,Dedicated Schools Grant,A44185,Other professional Services (Schools),R0082007,"DCC Business Entities (Sole Trade, Partnership, Ltd)"
INSERTED DETAIL,18,Devon County Council,20/04/2026,22086408,680.00,COMMUNITY SUPPORT TEAM COMMUNITY INTEREST COMPANY,302088,,Dedicated Schools Grant,A44185,Other professional Services (Schools),R0082007,"DCC Business Entities (Sole Trade, Partnership, Ltd)"
INSERTED DETAIL,18,Devon County Council,20/04/2026,22086419,"21,281.00",DEVON PARTNERSHIP NHS TRUST,92211,654400557,Children's Social Care,A44038,Fees,R0040002,"DCC Business Entities (Sole Trade, Partnership, Ltd)"
INSERTED DETAIL,18,Devon County Council,20/04/2026,22086427,"2,280.60",PROSPERO RECRUITMENT LIMITED,352539,486704947,Dedicated Schools Grant,A44185,Other professional Services (Schools),R0082007,"DCC Business Entities (Sole Trade, Partnership, Ltd)"
INSERTED DETAIL,18,Devon County Council,20/04/2026,22086474,760.20,PROSPERO RECRUITMENT LIMITED,352539,486704947,Dedicated Schools Grant,A44180,Services for Educational Estabs - Devon,R0010004,"DCC Business Entities (Sole Trade, Partnership, Ltd)"
INSERTED DETAIL,18,Devon County Council,20/04/2026,22086487,633.50,PROSPERO RECRUITMENT LIMITED,352539,486704947,Dedicated Schools Grant,A44185,Other professional Services (Schools),R0082007,"DCC Business Entities (Sole Trade, Partnership, Ltd)"
INSERTED DETAIL,18,Devon County Council,20/04/2026,22086489,798.88,PROSPERO RECRUITMENT LIMITED,352539,486704947,Dedicated Schools Grant,A44185,Other professional Services (Schools),R0082007,"DCC Business Entities (Sole Trade, Partnership, Ltd)"
INSERTED DETAIL,18,Devon County Council,20/04/2026,22086490,760.20,PROSPERO RECRUITMENT LIMITED,352539,486704947,Dedicated Schools Grant,A44185,Other professional Services (Schools),R0082007,"DCC Business Entities (Sole Trade, Partnership, Ltd)"
INSERTED DETAIL,18,Devon County Council,20/04/2026,22086501,849.50,CLH GROUP LIMITED,86633,236308223,Operations,A40080,Health & Safety Equipment,R0250001,"DCC Business Entities (Sole Trade, Partnership, Ltd)"
INSERTED DETAIL,18,Devon County Council,20/04/2026,22086619,"1,215.90",EXETER RUGBY CLUB LTD,34972,918551313,Dedicated Schools Grant,A44185,Other professional Services (Schools),R0082007,"DCC Business Entities (Sole Trade, Partnership, Ltd)"
INSERTED DETAIL,18,Devon County Council,20/04/2026,22086634,605.67,THE ADVOCACY PEOPLE,257570,,Operations,A44038,Fees,R0222002,"DCC Business Entities (Sole Trade, Partnership, Ltd)"
INSERTED DETAIL,18,Devon County Council,20/04/2026,22086652,900.00,EXETER RUGBY CLUB LTD,34972,918551313,Dedicated Schools Grant,A44185,Other professional Services (Schools),R0082007,"DCC Business Entities (Sole Trade, Partnership, Ltd)"
INSERTED DETAIL,18,Devon County Council,20/04/2026,22086653,"100,000.00",STOVER GOLF CLUB LIMITED,381851,140954767,Capital - Highways,C02009,Works,C0671008,"DCC Business Entities (Sole Trade, Partnership, Ltd)"
INSERTED DETAIL,18,Devon County Council,20/04/2026,22086801,"2,973.17",NORSE SOUTH WEST LIMITED,279741,785421021,Transformation & Business Services,A46100,Main / Term Contractor,R0334004,"DCC Business Entities (Sole Trade, Partnership, Ltd)"
INSERTED DETAIL,18,Devon County Council,20/04/2026,22086804,"1,745.13",NORSE SOUTH WEST LIMITED,279741,785421021,Transformation & Business Services,A46100,Main / Term Contractor,R0334004,"DCC Business Entities (Sole Trade, Partnership, Ltd)"
INSERTED DETAIL,18,Devon County Council,20/04/2026,22086805,824.40,NORSE SOUTH WEST LIMITED,279741,785421021,"Capital - Planning, Transportation and Environment",C02011,External Professional Fees,C0671003,"DCC Business Entities (Sole Trade, Partnership, Ltd)"
INSERTED DETAIL,18,Devon County Council,20/04/2026,22086816,"12,315.00",TEIGN TREES & LANDSCAPES SOUTH WEST LIMITED,209228,250371238,"Capital - Planning, Transportation and Environment",C02009,Works,C0671003,DCC CIS Suppliers
INSERTED DETAIL,18,Devon County Council,20/04/2026,22086833,"7,941.80",CORVER LIMITED,370288,744698681,Children's Social Care,A20010,"Property Repairs, Maintenance & Alterations (Reactive)",R0095003,DCC CIS Suppliers
INSERTED DETAIL,18,Devon County Council,20/04/2026,22086895,660.00,Lilcott Farm CiC,600980,,Dedicated Schools Grant,A44185,Other professional Services (Schools),R0082006,"DCC Business Entities (Sole Trade, Partnership, Ltd)"
INSERTED DETAIL,18,Devon County Council,20/04/2026,22086933,"1,458.33",CORE CREATIVE EDUCATION COMMUNITY INTEREST COMPANY,388378,,Dedicated Schools Grant,A44185,Other professional Services (Schools),R0082007,"DCC Business Entities (Sole Trade, Partnership, Ltd)"
INSERTED DETAIL,18,Devon County Council,20/04/2026,22086945,"2,280.60",PROSPERO RECRUITMENT LIMITED,352539,486704947,Dedicated Schools Grant,A44185,Other professional Services (Schools),R0082007,"DCC Business Entities (Sole Trade, Partnership, Ltd)"
INSERTED DETAIL,18,Devon County Council,20/04/2026,22087049,"1,013.60",PROSPERO RECRUITMENT LIMITED,352539,486704947,Dedicated Schools Grant,A44185,Other professional Services (Schools),R0082007,"DCC Business Entities (Sole Trade, Partnership, Ltd)"
INSERTED DETAIL,18,Devon County Council,20/04/2026,22087051,912.24,PROSPERO RECRUITMENT LIMITED,352539,486704947,Dedicated Schools Grant,A44185,Other professional Services (Schools),R0082007,"DCC Business Entities (Sole Trade, Partnership, Ltd)"
INSERTED DETAIL,18,Devon County Council,20/04/2026,22087065,"1,520.40",PROSPERO RECRUITMENT LIMITED,352539,486704947,Dedicated Schools Grant,A44185,Other professional Services (Schools),R0082007,"DCC Business Entities (Sole Trade, Partnership, Ltd)"
INSERTED DETAIL,18,Devon County Council,20/04/2026,22087089,"2,280.60",PROSPERO RECRUITMENT LIMITED,352539,486704947,Dedicated Schools Grant,A44185,Other professional Services (Schools),R0082007,"DCC Business Entities (Sole Trade, Partnership, Ltd)"
INSERTED DETAIL,18,Devon County Council,20/04/2026,22087091,558.60,PROSPERO RECRUITMENT LIMITED,352539,486704947,Dedicated Schools Grant,A44185,Other professional Services (Schools),R0082007,"DCC Business Entities (Sole Trade, Partnership, Ltd)"
INSERTED DETAIL,18,Devon County Council,20/04/2026,22087138,"37,732.81",COSMIC (HONITON),103322,684759473,"Economy, Enterprise and Skills",A44038,Fees,R0546004,"DCC Business Entities (Sole Trade, Partnership, Ltd)"
INSERTED DETAIL,18,Devon County Council,20/04/2026,22087150,"2,875.00",DEVON FUELS,298476,140913296,Inclusion & Learning,A21015,Heating Oil,R0102001,"DCC Business Entities (Sole Trade, Partnership, Ltd)"
INSERTED DETAIL,18,Devon County Council,20/04/2026,22087167,"1,187.50",SOUTH HAMS DISTRICT COUNCIL,8255,142204125,"Transport Operations, Environment and Waste",A22005,Building Rents,R0604001,"DCC Business Entities (Sole Trade, Partnership, Ltd)"
INSERTED DETAIL,18,Devon County Council,20/04/2026,22087225,"1,000.00",DAVID SAPIECHA,405894,691715121,Other PH Services,A44968,Legal & Conveyancing Charges,R0548001,"DCC Business Entities (Sole Trade, Partnership, Ltd)"
INSERTED DETAIL,18,Devon County Council,20/04/2026,22087265,"2,139.00",ARJO LIMITED,51133,382474630,Operations,A49026,Equipment Maintenance,R0250001,"DCC Business Entities (Sole Trade, Partnership, Ltd)"
INSERTED DETAIL,18,Devon County Council,20/04/2026,22087315,"5,000.00",Healthy Dialogues Ltd,604373,232720831,Public Health,A57115,Payments to Private Contractors,R0316026,"DCC Business Entities (Sole Trade, Partnership, Ltd)"
INSERTED DETAIL,18,Devon County Council,20/04/2026,22087321,"8,000.00",THE KNOWLEDGE ACADEMY LIMITED,306862,970667487,Transformation & Business Services,A16005,Staff Training Expenses - Payroll,R0361009,"DCC Business Entities (Sole Trade, Partnership, Ltd)"
INSERTED DETAIL,18,Devon County Council,20/04/2026,22087322,"29,586.95",Enerveo Limited,14967,382894546,Capital - Highways,C02009,Works,C0671005,DCC CIS Suppliers
INSERTED DETAIL,18,Devon County Council,20/04/2026,22087344,616.59,NORSE SOUTH WEST LIMITED,279741,785421021,Transformation & Business Services,A46100,Main / Term Contractor,R0334006,"DCC Business Entities (Sole Trade, Partnership, Ltd)"
INSERTED DETAIL,18,Devon County Council,20/04/2026,22087415,"2,600.00",A C ARCHAEOLOGY,246862,543537736,"Transport Operations, Environment and Waste",A57115,Payments to Private Contractors,R0610001,"DCC Business Entities (Sole Trade, Partnership, Ltd)"
INSERTED DETAIL,18,Devon County Council,20/04/2026,22087474,"3,693.60",CITY COLLEGE PLYMOUTH,13507,591390916,"Economy, Enterprise and Skills",A44038,Fees,R0546004,"DCC Business Entities (Sole Trade, Partnership, Ltd)"
INSERTED DETAIL,18,Devon County Council,20/04/2026,22087489,743.12,NORSE SOUTH WEST LIMITED,279741,785421021,Transformation & Business Services,A46100,Main / Term Contractor,R0334004,"DCC Business Entities (Sole Trade, Partnership, Ltd)"
INSERTED DETAIL,18,Devon County Council,20/04/2026,22087494,807.37,NORSE SOUTH WEST LIMITED,279741,785421021,Transformation & Business Services,A46100,Main / Term Contractor,R0334004,"DCC Business Entities (Sole Trade, Partnership, Ltd)"
INSERTED DETAIL,18,Devon County Council,20/04/2026,22087525,"2,031.81",NORSE SOUTH WEST LIMITED,279741,785421021,Transformation & Business Services,A46100,Main / Term Contractor,R0334004,"DCC Business Entities (Sole Trade, Partnership, Ltd)"
INSERTED DETAIL,18,Devon County Council,20/04/2026,22087547,"2,904.78",NORSE SOUTH WEST LIMITED,279741,785421021,Inclusion & Learning,A46100,Main / Term Contractor,R0052001,"DCC Business Entities (Sole Trade, Partnership, Ltd)"
INSERTED DETAIL,18,Devon County Council,20/04/2026,22087577,"3,072.87",NORSE SOUTH WEST LIMITED,279741,785421021,Capital other - Digital Technology & Business Services,C02011,External Professional Fees,C0651001,"DCC Business Entities (Sole Trade, Partnership, Ltd)"
INSERTED DETAIL,18,Devon County Council,20/04/2026,22087588,506.95,NORSE SOUTH WEST LIMITED,279741,785421021,Inclusion & Learning,A46100,Main / Term Contractor,R0052001,"DCC Business Entities (Sole Trade, Partnership, Ltd)"
INSERTED DETAIL,18,Devon County Council,20/04/2026,22087595,"1,532.91",NORSE SOUTH WEST LIMITED,279741,785421021,Capital other - Digital Technology & Business Services,C02011,External Professional Fees,C0647001,"DCC Business Entities (Sole Trade, Partnership, Ltd)"
INSERTED DETAIL,18,Devon County Council,20/04/2026,22087598,"3,853.20",NORSE SOUTH WEST LIMITED,279741,785421021,Capital - Highways,C02011,External Professional Fees,C0671008,"DCC Business Entities (Sole Trade, Partnership, Ltd)"
INSERTED DETAIL,18,Devon County Council,20/04/2026,22087628,"15,346.30",David Trickett T/A Countryside & Garden,21818,409946757,Capital - Highways,C02009,Works,C0652001,DCC CIS Suppliers
INSERTED DETAIL,18,Devon County Council,20/04/2026,22088096,"1,901.45",DEVON OCCUPATIONAL THERAPY SERVI,397053,,Dedicated Schools Grant,A44185,Other professional Services (Schools),R0082006,"DCC Business Entities (Sole Trade, Partnership, Ltd)"
INSERTED DETAIL,18,Devon County Council,20/04/2026,22088192,"4,094.71",HOLCIM UK LIMITED,21683,533260571,Capital - Highways,C02009,Works,C0652001,"DCC Business Entities (Sole Trade, Partnership, Ltd)"
INSERTED DETAIL,18,Devon County Council,20/04/2026,22089405,840.00,SOUTH WEST AUTISM SUPPORT SERVICES,289073,271046426,Dedicated Schools Grant,A44180,Services for Educational Estabs - Devon,R0010004,"DCC Business Entities (Sole Trade, Partnership, Ltd)"
INSERTED DETAIL,18,Devon County Council,20/04/2026,22089470,550.00,Barry Websdell,603736,,Communities,A44038,Fees,R0536008,"DCC Business Entities (Sole Trade, Partnership, Ltd)"
INSERTED DETAIL,18,Devon County Council,20/04/2026,22089510,"6,682.71",THE OUTDOORS GROUP *57*,362971,312604642,Dedicated Schools Grant,A61052,Independent Special School Fees,R0089003,"DCC Business Entities (Sole Trade, Partnership, Ltd)"
INSERTED DETAIL,18,Devon County Council,20/04/2026,22089514,"4,864.08",THE OUTDOORS GROUP *57*,362971,312604642,Dedicated Schools Grant,A61052,Independent Special School Fees,R0089003,"DCC Business Entities (Sole Trade, Partnership, Ltd)"
INSERTED DETAIL,18,Devon County Council,20/04/2026,22089532,"5,939.07",THE OUTDOORS GROUP *57*,362971,312604642,Dedicated Schools Grant,A61052,Independent Special School Fees,R0089003,"DCC Business Entities (Sole Trade, Partnership, Ltd)"
INSERTED DETAIL,18,Devon County Council,20/04/2026,22089562,"6,678.17",THE OUTDOORS GROUP *57*,362971,312604642,Dedicated Schools Grant,A61052,Independent Special School Fees,R0089003,"DCC Business Entities (Sole Trade, Partnership, Ltd)"
INSERTED DETAIL,18,Devon County Council,20/04/2026,22089578,"1,991.18",SOURCE FOR BUSINESS,344710,236873674,"Transport Operations, Environment and Waste",A49005,Other Hired & Contracting Services,R0601001,"DCC Business Entities (Sole Trade, Partnership, Ltd)"
INSERTED DETAIL,18,Devon County Council,20/04/2026,22089594,"4,864.08",THE OUTDOORS GROUP *57*,362971,312604642,Dedicated Schools Grant,A61052,Independent Special School Fees,R0089003,"DCC Business Entities (Sole Trade, Partnership, Ltd)"
INSERTED DETAIL,18,Devon County Council,20/04/2026,22089597,"4,864.08",THE OUTDOORS GROUP *57*,362971,312604642,Dedicated Schools Grant,A61052,Independent Special School Fees,R0089003,"DCC Business Entities (Sole Trade, Partnership, Ltd)"
INSERTED DETAIL,18,Devon County Council,20/04/2026,22089607,"4,864.08",THE OUTDOORS GROUP *57*,362971,312604642,Dedicated Schools Grant,A61052,Independent Special School Fees,R0089003,"DCC Business Entities (Sole Trade, Partnership, Ltd)"
INSERTED DETAIL,18,Devon County Council,20/04/2026,22089610,"4,864.08",THE OUTDOORS GROUP *57*,362971,312604642,Dedicated Schools Grant,A61052,Independent Special School Fees,R0089003,"DCC Business Entities (Sole Trade, Partnership, Ltd)"
INSERTED DETAIL,18,Devon County Council,20/04/2026,22089710,"4,864.08",THE OUTDOORS GROUP *57*,362971,312604642,Dedicated Schools Grant,A61052,Independent Special School Fees,R0089003,"DCC Business Entities (Sole Trade, Partnership, Ltd)"
INSERTED DETAIL,18,Devon County Council,20/04/2026,22089729,"4,864.08",THE OUTDOORS GROUP *57*,362971,312604642,Dedicated Schools Grant,A61052,Independent Special School Fees,R0089003,"DCC Business Entities (Sole Trade, Partnership, Ltd)"
INSERTED DETAIL,18,Devon County Council,20/04/2026,22089732,"9,399.44",THE OUTDOORS GROUP *57*,362971,312604642,Dedicated Schools Grant,A61052,Independent Special School Fees,R0089003,"DCC Business Entities (Sole Trade, Partnership, Ltd)"
INSERTED DETAIL,18,Devon County Council,20/04/2026,22089923,641.87,CANSFORD LABORATORIES LIMITED,321040,104878015,"Chief Exec, Legal & Democratic services",A44038,Fees,R0276001,"DCC Business Entities (Sole Trade, Partnership, Ltd)"
INSERTED DETAIL,18,Devon County Council,20/04/2026,22090095,"8,250.00",HIKMAT DEVON COMMUNITY INTEREST COMPANY,190181,,Communities,A52010,"Grants to voluntary, community and social enterprise organisations",R0530012,"DCC Business Entities (Sole Trade, Partnership, Ltd)"
INSERTED DETAIL,18,Devon County Council,20/04/2026,22090325,"113,454.51",MACPLANT CONSTRUCTION LIMITED,5182,367126447,Capital - Highways,C02009,Works,C0652001,DCC CIS Suppliers
INSERTED DETAIL,18,Devon County Council,20/04/2026,22090432,"1,077.50",TEIGNBRIDGE DISTRICT COUNCIL,4872,142214023,P-Ledger - Separate Legal Entity,A22005,Building Rents,P0416001,"DCC Business Entities (Sole Trade, Partnership, Ltd)"
INSERTED DETAIL,18,Devon County Council,20/04/2026,22090499,"2,000.00",REFUGEE SUPPORT (DEVON) LIMITED,105938,,Communities,A52010,"Grants to voluntary, community and social enterprise organisations",R0530012,"DCC Business Entities (Sole Trade, Partnership, Ltd)"
INSERTED DETAIL,18,Devon County Council,20/04/2026,22090501,"18,000.00",REFUGEE SUPPORT (DEVON) LIMITED,105938,,Communities,A52010,"Grants to voluntary, community and social enterprise organisations",R0530012,"DCC Business Entities (Sole Trade, Partnership, Ltd)"
INSERTED DETAIL,18,Devon County Council,20/04/2026,22090610,828.48,FIRST CARE AMBULANCE LIMITED,98315,238628481,"Chief Exec, Legal & Democratic services",A49005,Other Hired & Contracting Services,R0506002,"DCC Business Entities (Sole Trade, Partnership, Ltd)"
INSERTED DETAIL,18,Devon County Council,20/04/2026,22090611,"1,324.58",FIRST CARE AMBULANCE LIMITED,98315,238628481,"Chief Exec, Legal & Democratic services",A49005,Other Hired & Contracting Services,R0506002,"DCC Business Entities (Sole Trade, Partnership, Ltd)"
INSERTED DETAIL,18,Devon County Council,20/04/2026,22090823,"5,151.00",MONICA Y ZAPATA LOPEZ,392518,,Transformation & Business Services,A62000,Supported Accommodation - Child,R0333028,"DCC Business Entities (Sole Trade, Partnership, Ltd)"
INSERTED DETAIL,18,Devon County Council,20/04/2026,22090893,"1,247.52",LEXIA EDUCATION SERVICES LIMITED,376344,376218677,Dedicated Schools Grant,A44185,Other professional Services (Schools),R0082007,"DCC Business Entities (Sole Trade, Partnership, Ltd)"
INSERTED DETAIL,18,Devon County Council,20/04/2026,22091065,835.75,STAGECOACH DEVON LIMITED,21413,435757819,Transformation & Business Services,A57125,Bus Services,R0334004,"DCC Business Entities (Sole Trade, Partnership, Ltd)"
INSERTED DETAIL,18,Devon County Council,20/04/2026,22091658,"5,657.50",ACORN CARE & EDUCATION LIMITED,333557,902188441,Dedicated Schools Grant,A61052,Independent Special School Fees,R0089003,"DCC Business Entities (Sole Trade, Partnership, Ltd)"
INSERTED DETAIL,18,Devon County Council,20/04/2026,22091659,"6,376.94",ACORN CARE & EDUCATION LIMITED,333557,902188441,Dedicated Schools Grant,A61052,Independent Special School Fees,R0089003,"DCC Business Entities (Sole Trade, Partnership, Ltd)"
INSERTED DETAIL,18,Devon County Council,20/04/2026,22091666,645.00,Jennifer Roder Ltd,344982,,Dedicated Schools Grant,A61052,Independent Special School Fees,R0089003,"DCC Business Entities (Sole Trade, Partnership, Ltd)"
INSERTED DETAIL,18,Devon County Council,20/04/2026,22091674,"5,408.33",ACORN CARE & EDUCATION LIMITED,333557,902188441,Dedicated Schools Grant,A61052,Independent Special School Fees,R0089003,"DCC Business Entities (Sole Trade, Partnership, Ltd)"
INSERTED DETAIL,18,Devon County Council,21/04/2026,22027572,"-1,897.96",Devon County Council,600862,142208113,IFCA,A44065,Consultancy Services,M0382001,IFCA Suppliers
INSERTED DETAIL,18,Devon County Council,21/04/2026,22074573,"-4,697.18",SME HCI LTD T/A VIVUP (CYCLE SCHEME),397607,869578054,People and Culture,A49105,Other Supplies & Services,R0502001,"DCC Business Entities (Sole Trade, Partnership, Ltd)"
INSERTED DETAIL,18,Devon County Council,21/04/2026,22085524,587.50,CHANDRA KANTHA CHILD COUNSELLOR,369997,,P-Ledger - Separate Legal Entity,A61060,Support for Children in Care,P0432008,"DCC Business Entities (Sole Trade, Partnership, Ltd)"
INSERTED DETAIL,18,Devon County Council,21/04/2026,22085535,580.00,EARTH UNCOVERED,390314,,P-Ledger - Separate Legal Entity,A61060,Support for Children in Care,P0432008,"DCC Business Entities (Sole Trade, Partnership, Ltd)"
INSERTED DETAIL,18,Devon County Council,21/04/2026,22086886,508.23,YOUTH ARTS AND HEALTH TRUST,340754,,P-Ledger - Separate Legal Entity,A61060,Support for Children in Care,P0432008,"DCC Business Entities (Sole Trade, Partnership, Ltd)"
INSERTED DETAIL,18,Devon County Council,21/04/2026,22086889,"1,350.00",ALICE KENT,401636,,P-Ledger - Separate Legal Entity,A61060,Support for Children in Care,P0432008,"DCC Business Entities (Sole Trade, Partnership, Ltd)"
INSERTED DETAIL,18,Devon County Council,21/04/2026,22087229,"1,440.00",LEONE ELLIS THERAPEUTIC SERVICES,398323,,Children's Social Care,A61060,Support for Children in Care,R0106002,"DCC Business Entities (Sole Trade, Partnership, Ltd)"
INSERTED DETAIL,18,Devon County Council,21/04/2026,22087398,"4,766.71",NEXT STEPS EDUCATION LIMITED,389810,440621822,Dedicated Schools Grant,A44185,Other professional Services (Schools),R0082007,"DCC Business Entities (Sole Trade, Partnership, Ltd)"
INSERTED DETAIL,18,Devon County Council,21/04/2026,22087496,"206,214.75",Disability Together,140334,436098381,Commissioning,A20030,Service Term Contracts,R0218002,"DCC Business Entities (Sole Trade, Partnership, Ltd)"
INSERTED DETAIL,18,Devon County Council,21/04/2026,22087615,805.00,CAITLIN BLYTHIN PSYCHOTHERAPY,376925,,P-Ledger - Separate Legal Entity,A61060,Support for Children in Care,P0432008,"DCC Business Entities (Sole Trade, Partnership, Ltd)"
INSERTED DETAIL,18,Devon County Council,21/04/2026,22087694,"2,036.96",BE YOUR BEST MENTORING LIMITED,385179,426486966,Dedicated Schools Grant,A44185,Other professional Services (Schools),R0082007,"DCC Business Entities (Sole Trade, Partnership, Ltd)"
INSERTED DETAIL,18,Devon County Council,21/04/2026,22090565,517.43,KENT COUNTY COUNCIL,83992,204269191,Transformation & Business Services,A21010,Gas,R0333026,"DCC Business Entities (Sole Trade, Partnership, Ltd)"
INSERTED DETAIL,18,Devon County Council,21/04/2026,22090567,562.49,KENT COUNTY COUNCIL,83992,204269191,Children's Social Care,A21010,Gas,R0095006,"DCC Business Entities (Sole Trade, Partnership, Ltd)"
INSERTED DETAIL,18,Devon County Council,21/04/2026,22090579,"2,319.80",KENT COUNTY COUNCIL,83992,204269191,Children's Social Care,A21010,Gas,R0015001,"DCC Business Entities (Sole Trade, Partnership, Ltd)"
INSERTED DETAIL,18,Devon County Council,21/04/2026,22090582,"1,121.67",KENT COUNTY COUNCIL,83992,204269191,Operations,A21010,Gas,R0252001,"DCC Business Entities (Sole Trade, Partnership, Ltd)"
INSERTED DETAIL,18,Devon County Council,21/04/2026,22090589,"1,657.11",KENT COUNTY COUNCIL,83992,204269191,Operations,A21010,Gas,R0268001,"DCC Business Entities (Sole Trade, Partnership, Ltd)"
INSERTED DETAIL,18,Devon County Council,21/04/2026,22090728,"5,635.50",NORTH DEVON COUNCIL,8252,144711092,Children's Social Care,A52005,Payments to Other Local Authorities,R0026003,"DCC Business Entities (Sole Trade, Partnership, Ltd)"
INSERTED DETAIL,18,Devon County Council,21/04/2026,22090774,545.05,KENT COUNTY COUNCIL,83992,204269191,Transformation & Business Services,A21010,Gas,R0333026,"DCC Business Entities (Sole Trade, Partnership, Ltd)"
INSERTED DETAIL,18,Devon County Council,21/04/2026,22090792,893.20,KENT COUNTY COUNCIL,83992,204269191,Inclusion & Learning,A21010,Gas,R0020002,"DCC Business Entities (Sole Trade, Partnership, Ltd)"
INSERTED DETAIL,18,Devon County Council,21/04/2026,22091204,"1,250.00",TRIANGLE CONSULTING SOCIAL ENTERPRISE LIMITED,293729,835932114,Children's Social Care,A45045,IT Software Maintenance,R0054025,"DCC Business Entities (Sole Trade, Partnership, Ltd)"
INSERTED DETAIL,18,Devon County Council,21/04/2026,22091856,"3,057.60",MID DEVON DISTRICT COUNCIL,19708,142203912,Highways & Infrastructure Development,A23005,Rates,R0557002,"DCC Business Entities (Sole Trade, Partnership, Ltd)"
INSERTED DETAIL,18,Devon County Council,21/04/2026,22091905,"267,750.00",TORBAY COUNCIL FINANCE,6411,142208211,P-Ledger - Separate Legal Entity,A52005,Payments to Other Local Authorities,P0705002,"DCC Business Entities (Sole Trade, Partnership, Ltd)"
INSERTED DETAIL,18,Devon County Council,21/04/2026,22092020,665.00,THE PURPLE COMPANY (UK) LIMITED,181526,818216631,P-Ledger - Separate Legal Entity,A44038,Fees,P0432001,"DCC Business Entities (Sole Trade, Partnership, Ltd)"
INSERTED DETAIL,18,Devon County Council,21/04/2026,22092024,"1,065.00",D W F LAW LLP CLIENT ACCOUNT,359937,258955939,"Capital - Planning, Transportation and Environment",C02011,External Professional Fees,C0654001,"DCC Business Entities (Sole Trade, Partnership, Ltd)"
INSERTED DETAIL,18,Devon County Council,21/04/2026,22092156,"8,125.70",KENNFORD TARMACADAM LIMITED,24534,976391178,Capital - Highways,C02009,Works,C0652001,DCC CIS Suppliers
INSERTED DETAIL,18,Devon County Council,21/04/2026,22092166,"2,750.00",Medico-Legal Psychiatry Ltd,396365,395211690,"Chief Exec, Legal & Democratic services",A46020,Hospitality,R0506002,"DCC Business Entities (Sole Trade, Partnership, Ltd)"
INSERTED DETAIL,18,Devon County Council,22/04/2026,22086391,715.00,THE APRICOT CENTRE CIC,341760,227454701,Children's Social Care,A61060,Support for Children in Care,R0106002,"DCC Business Entities (Sole Trade, Partnership, Ltd)"
INSERTED DETAIL,18,Devon County Council,22/04/2026,22086632,960.00,EXETER PAEDIATRIC I C S LIMITED,373429,,P-Ledger - Separate Legal Entity,A61060,Support for Children in Care,P0432008,"DCC Business Entities (Sole Trade, Partnership, Ltd)"
INSERTED DETAIL,18,Devon County Council,22/04/2026,22086684,750.00,Emma Wise Therapeutic Support,604054,,P-Ledger - Separate Legal Entity,A61060,Support for Children in Care,P0432008,"DCC Business Entities (Sole Trade, Partnership, Ltd)"
INSERTED DETAIL,18,Devon County Council,22/04/2026,22086847,"8,469.03",KEYS PCE LIMITED,363936,927104637,Dedicated Schools Grant,A61052,Independent Special School Fees,R0089003,"DCC Business Entities (Sole Trade, Partnership, Ltd)"
INSERTED DETAIL,18,Devon County Council,22/04/2026,22086882,995.00,ALICE KENT,401636,,P-Ledger - Separate Legal Entity,A61120,Adoptions Allowances,P0432008,"DCC Business Entities (Sole Trade, Partnership, Ltd)"
INSERTED DETAIL,18,Devon County Council,22/04/2026,22086897,500.00,Michelle Blundy T/A Blossoming Minds,360726,,P-Ledger - Separate Legal Entity,A61060,Support for Children in Care,P0432008,"DCC Business Entities (Sole Trade, Partnership, Ltd)"
INSERTED DETAIL,18,Devon County Council,22/04/2026,22087414,"187,414.27",North Devon College (Exeter and North Devon Colleges Group),603346,125451632,Capital - SEND Schools,C02009,Works,C0660001,"DCC Business Entities (Sole Trade, Partnership, Ltd)"
INSERTED DETAIL,18,Devon County Council,22/04/2026,22087444,"15,586.80",Enerveo Limited,14967,382894546,Capital - Highways,C02009,Works,C0671005,DCC CIS Suppliers
INSERTED DETAIL,18,Devon County Council,22/04/2026,22087463,"6,000.00",DYS SPACE LIMITED,341799,253749579,Communities,A46100,Main / Term Contractor,R0329001,"DCC Business Entities (Sole Trade, Partnership, Ltd)"
INSERTED DETAIL,18,Devon County Council,22/04/2026,22087476,"4,864.08",THE OUTDOORS GROUP *57*,362971,312604642,Dedicated Schools Grant,A61052,Independent Special School Fees,R0089003,"DCC Business Entities (Sole Trade, Partnership, Ltd)"
INSERTED DETAIL,18,Devon County Council,22/04/2026,22087479,"1,795.00",STEEL CONSTRUCTION INSTITUTE,7665,407756831,Highways & Infrastructure Development,A45040,IT Software,R0570001,"DCC Business Entities (Sole Trade, Partnership, Ltd)"
INSERTED DETAIL,18,Devon County Council,22/04/2026,22087688,"8,663.13",Enerveo Limited,14967,382894546,"Capital - Planning, Transportation and Environment",C02009,Works,C0654001,DCC CIS Suppliers
INSERTED DETAIL,18,Devon County Council,22/04/2026,22087770,"2,238.00",VALTECH LIMITED,358093,233250991,"Chief Exec, Legal & Democratic services",A49005,Other Hired & Contracting Services,R0291003,"DCC Business Entities (Sole Trade, Partnership, Ltd)"
INSERTED DETAIL,18,Devon County Council,22/04/2026,22087801,630.00,FAMILY ADVICE SUPPORT TEAM,315005,320154260,Children's Social Care,A61200,Community based care,R0044004,"DCC Business Entities (Sole Trade, Partnership, Ltd)"
INSERTED DETAIL,18,Devon County Council,22/04/2026,22087984,695.00,APPLE LOFT PLAY THERAPY,357758,,P-Ledger - Separate Legal Entity,A61060,Support for Children in Care,P0432008,"DCC Business Entities (Sole Trade, Partnership, Ltd)"
INSERTED DETAIL,18,Devon County Council,22/04/2026,22087986,"21,439.00",LANDSCAPE CONSTRUCTION & DESIGN,169024,888518266,Capital - Highways,C02009,Works,C0652001,DCC CIS Suppliers
INSERTED DETAIL,18,Devon County Council,22/04/2026,22088027,625.00,APPLE LOFT PLAY THERAPY,357758,,P-Ledger - Separate Legal Entity,A61060,Support for Children in Care,P0432008,"DCC Business Entities (Sole Trade, Partnership, Ltd)"
INSERTED DETAIL,18,Devon County Council,22/04/2026,22088035,"21,663.00",LIVEWELL SOUTH WEST COMMUNITY INTEREST COMPANY,337747,120536356,P-Ledger - Separate Legal Entity,A54000,Better Care Fund Expense,P0415011,"DCC Business Entities (Sole Trade, Partnership, Ltd)"
INSERTED DETAIL,18,Devon County Council,22/04/2026,22088040,"12,018.73",LIVEWELL SOUTH WEST COMMUNITY INTEREST COMPANY,337747,120536356,Operations,A53005,Payments to Health Authorities,R0231003,"DCC Business Entities (Sole Trade, Partnership, Ltd)"
INSERTED DETAIL,18,Devon County Council,22/04/2026,22088055,971.25,ASSOCIATION OF DIRECTORS OF ADULT SOCIAL SERVICES,261698,,Commissioning,A47010,Subscriptions,R0459005,"DCC Business Entities (Sole Trade, Partnership, Ltd)"
INSERTED DETAIL,18,Devon County Council,22/04/2026,22088086,"4,583.34",AMBITIOUS PR LIMITED,376669,166062415,Finance & Public Value,A44065,Consultancy Services,R0202001,"DCC Business Entities (Sole Trade, Partnership, Ltd)"
INSERTED DETAIL,18,Devon County Council,22/04/2026,22088090,"1,000.00",AMBITIOUS PR LIMITED,376669,166062415,Finance & Public Value,A44065,Consultancy Services,R0202001,"DCC Business Entities (Sole Trade, Partnership, Ltd)"
INSERTED DETAIL,18,Devon County Council,22/04/2026,22088103,"1,533.00",Enerveo Limited,14967,382894546,Capital - Highways,C02009,Works,C0671005,DCC CIS Suppliers
INSERTED DETAIL,18,Devon County Council,22/04/2026,22088172,935.00,LISA FRASER-PICKARD,403917,,P-Ledger - Separate Legal Entity,A61060,Support for Children in Care,P0432008,"DCC Business Entities (Sole Trade, Partnership, Ltd)"
INSERTED DETAIL,18,Devon County Council,22/04/2026,22088247,"2,250.00",Charlotte Haley,603009,,Dedicated Schools Grant,A44185,Other professional Services (Schools),R0082007,"DCC Business Entities (Sole Trade, Partnership, Ltd)"
INSERTED DETAIL,18,Devon County Council,22/04/2026,22088295,"42,258.78",LIBRARIES UNLIMITED SOUTH WEST,334595,235429115,Capital - Communities,C04010,IT Hardware,C0671002,"DCC Business Entities (Sole Trade, Partnership, Ltd)"
INSERTED DETAIL,18,Devon County Council,22/04/2026,22088306,"1,668.60",TUBERS ACADEMY LIMITED,348033,300702466,Dedicated Schools Grant,A44185,Other professional Services (Schools),R0082007,"DCC Business Entities (Sole Trade, Partnership, Ltd)"
INSERTED DETAIL,18,Devon County Council,22/04/2026,22088307,741.60,TUBERS ACADEMY LIMITED,348033,300702466,Children's Social Care,A61200,Community based care,R0046004,"DCC Business Entities (Sole Trade, Partnership, Ltd)"
INSERTED DETAIL,18,Devon County Council,22/04/2026,22088317,741.60,TUBERS ACADEMY LIMITED,348033,300702466,Dedicated Schools Grant,A44185,Other professional Services (Schools),R0082007,"DCC Business Entities (Sole Trade, Partnership, Ltd)"
INSERTED DETAIL,18,Devon County Council,22/04/2026,22088327,"3,337.20",TUBERS ACADEMY LIMITED,348033,300702466,Dedicated Schools Grant,A44185,Other professional Services (Schools),R0082007,"DCC Business Entities (Sole Trade, Partnership, Ltd)"
INSERTED DETAIL,18,Devon County Council,22/04/2026,22088330,927.00,TUBERS ACADEMY LIMITED,348033,300702466,Dedicated Schools Grant,A44185,Other professional Services (Schools),R0082007,"DCC Business Entities (Sole Trade, Partnership, Ltd)"
INSERTED DETAIL,18,Devon County Council,22/04/2026,22088360,590.00,FOREAL,382988,452723204,Dedicated Schools Grant,A44185,Other professional Services (Schools),R0082007,"DCC Business Entities (Sole Trade, Partnership, Ltd)"
INSERTED DETAIL,18,Devon County Council,22/04/2026,22088382,"10,000.00",FRESHWATER HQ,376673,841001191,Commissioning,A44038,Fees,R0217030,"DCC Business Entities (Sole Trade, Partnership, Ltd)"
INSERTED DETAIL,18,Devon County Council,22/04/2026,22088385,"1,250.00",Dublin Brass Ensemble,604377,,Inclusion & Learning,A44038,Fees,R0101001,"DCC Business Entities (Sole Trade, Partnership, Ltd)"
INSERTED DETAIL,18,Devon County Council,22/04/2026,22088418,900.00,EXETER PAEDIATRIC I C S LIMITED,373429,,P-Ledger - Separate Legal Entity,A61060,Support for Children in Care,P0432008,"DCC Business Entities (Sole Trade, Partnership, Ltd)"
INSERTED DETAIL,18,Devon County Council,22/04/2026,22088425,507.01,NRM LABORATORIES,382902,125509721,"Economy, Enterprise and Skills",A49105,Other Supplies & Services,R0547001,"DCC Business Entities (Sole Trade, Partnership, Ltd)"
INSERTED DETAIL,18,Devon County Council,22/04/2026,22088448,"27,120.01",SOUTH DEVON COLLEGE,23677,585836291,Capital - SEND Schools,C02009,Works,C0660001,"DCC Business Entities (Sole Trade, Partnership, Ltd)"
INSERTED DETAIL,18,Devon County Council,22/04/2026,22088466,"18,523.88",Enerveo Limited,14967,382894546,Capital - Highways,C02009,Works,C0671008,DCC CIS Suppliers
INSERTED DETAIL,18,Devon County Council,22/04/2026,22088471,"2,544.00",THE HOPE FARM PROJECT LIMITED,373268,495114678,Dedicated Schools Grant,A44185,Other professional Services (Schools),R0082007,"DCC Business Entities (Sole Trade, Partnership, Ltd)"
INSERTED DETAIL,18,Devon County Council,22/04/2026,22088478,568.26,MCCONNELLS (MIDLANDS) LIMITED,271811,126055983,Highways & Infrastructure Development,A44005,Publicity/Advertising,R0557010,"DCC Business Entities (Sole Trade, Partnership, Ltd)"
INSERTED DETAIL,18,Devon County Council,22/04/2026,22088497,672.00,SOUTHWEST INTERVENTION SERVICES,333291,440830321,Children's Social Care,A61200,Community based care,R0044004,"DCC Business Entities (Sole Trade, Partnership, Ltd)"
INSERTED DETAIL,18,Devon County Council,22/04/2026,22088503,"2,738.88",SOUTH WEST HERITAGE TRUST,321698,197221592,Communities,A62105,Miscellaneous expenditure,R0529001,"DCC Business Entities (Sole Trade, Partnership, Ltd)"
INSERTED DETAIL,18,Devon County Council,22/04/2026,22088532,"3,371.89",LATCHAM DIRECT,298309,942185912,Transformation & Business Services,A43010,Printing,R0353008,"DCC Business Entities (Sole Trade, Partnership, Ltd)"
INSERTED DETAIL,18,Devon County Council,22/04/2026,22088601,705.00,THE FAMILY PLACE LIMITED,350245,,P-Ledger - Separate Legal Entity,A61060,Support for Children in Care,P0432008,"DCC Business Entities (Sole Trade, Partnership, Ltd)"
INSERTED DETAIL,18,Devon County Council,22/04/2026,22088609,710.75,EWING FOUNDATION,202653,,Inclusion & Learning,A44038,Fees,R0034004,"DCC Business Entities (Sole Trade, Partnership, Ltd)"
INSERTED DETAIL,18,Devon County Council,22/04/2026,22088650,"3,790.00",EAD ECOLOGY,336229,812537837,"Capital - Planning, Transportation and Environment",C02011,External Professional Fees,C0671003,"DCC Business Entities (Sole Trade, Partnership, Ltd)"
INSERTED DETAIL,18,Devon County Council,22/04/2026,22088653,"17,586.05",W J SOUTH WEST LIMITED,308541,970783388,Capital - Highways,C02009,Works,C0652001,"DCC Business Entities (Sole Trade, Partnership, Ltd)"
INSERTED DETAIL,18,Devon County Council,22/04/2026,22088890,"29,997.50",EMBRIDGE CONSULTING (UK) LIMITED - DCC,403911,214787591,Finance & Public Value,A44038,Fees,R0207001,"DCC Business Entities (Sole Trade, Partnership, Ltd)"
INSERTED DETAIL,18,Devon County Council,22/04/2026,22088907,796.00,SARAH WATERS,401673,,P-Ledger - Separate Legal Entity,A61060,Support for Children in Care,P0432008,"DCC Business Entities (Sole Trade, Partnership, Ltd)"
INSERTED DETAIL,18,Devon County Council,22/04/2026,22088971,"1,800.00",THE FAMILY PLACE LIMITED,350245,,P-Ledger - Separate Legal Entity,A61060,Support for Children in Care,P0432008,"DCC Business Entities (Sole Trade, Partnership, Ltd)"
INSERTED DETAIL,18,Devon County Council,22/04/2026,22088998,"3,617.50",SIMPLY GREAT MEDIA,367788,479704936,Dedicated Schools Grant,A44185,Other professional Services (Schools),R0082007,"DCC Business Entities (Sole Trade, Partnership, Ltd)"
INSERTED DETAIL,18,Devon County Council,22/04/2026,22089006,"3,217.50",SIMPLY GREAT MEDIA,367788,479704936,Dedicated Schools Grant,A44185,Other professional Services (Schools),R0082007,"DCC Business Entities (Sole Trade, Partnership, Ltd)"
INSERTED DETAIL,18,Devon County Council,22/04/2026,22089012,"3,217.50",SIMPLY GREAT MEDIA,367788,479704936,Dedicated Schools Grant,A44185,Other professional Services (Schools),R0082007,"DCC Business Entities (Sole Trade, Partnership, Ltd)"
INSERTED DETAIL,18,Devon County Council,22/04/2026,22089015,"3,217.50",SIMPLY GREAT MEDIA,367788,479704936,Dedicated Schools Grant,A44185,Other professional Services (Schools),R0082007,"DCC Business Entities (Sole Trade, Partnership, Ltd)"
INSERTED DETAIL,18,Devon County Council,22/04/2026,22089052,"1,525.00",ESTEEM TEAM COMMUNITY INTEREST COMPANY,366509,491597739,Dedicated Schools Grant,A44185,Other professional Services (Schools),R0082007,"DCC Business Entities (Sole Trade, Partnership, Ltd)"
INSERTED DETAIL,18,Devon County Council,22/04/2026,22089071,"5,059.92",W J SOUTH WEST LIMITED,308541,970783388,Capital - Highways,C02009,Works,C0652001,"DCC Business Entities (Sole Trade, Partnership, Ltd)"
INSERTED DETAIL,18,Devon County Council,22/04/2026,22089182,675.00,ORION PROJECTS LIMITED,173530,501244013,"Transport Operations, Environment and Waste",A46100,Main / Term Contractor,R0601001,"DCC Business Entities (Sole Trade, Partnership, Ltd)"
INSERTED DETAIL,18,Devon County Council,22/04/2026,22089189,785.00,ORION PROJECTS LIMITED,173530,501244013,"Transport Operations, Environment and Waste",A46100,Main / Term Contractor,R0601001,"DCC Business Entities (Sole Trade, Partnership, Ltd)"
INSERTED DETAIL,18,Devon County Council,22/04/2026,22089196,540.00,ORION PROJECTS LIMITED,173530,501244013,"Transport Operations, Environment and Waste",A46100,Main / Term Contractor,R0601001,"DCC Business Entities (Sole Trade, Partnership, Ltd)"
INSERTED DETAIL,18,Devon County Council,22/04/2026,22089211,"5,986.75",PREPAID FINANCIAL SERVICES LIMITED,348825,971986853,Operations,A44038,Fees,R0219002,"DCC Business Entities (Sole Trade, Partnership, Ltd)"
INSERTED DETAIL,18,Devon County Council,22/04/2026,22089235,"3,750.00",ESTEEM TEAM COMMUNITY INTEREST COMPANY,366509,491597739,Dedicated Schools Grant,A44185,Other professional Services (Schools),R0082007,"DCC Business Entities (Sole Trade, Partnership, Ltd)"
INSERTED DETAIL,18,Devon County Council,22/04/2026,22089270,875.00,C E D A,12641,,Children's Social Care,A61200,Community based care,R0044004,"DCC Business Entities (Sole Trade, Partnership, Ltd)"
INSERTED DETAIL,18,Devon County Council,22/04/2026,22089278,"5,655.00",C E D A,12641,,Children's Social Care,A61200,Community based care,R0044004,"DCC Business Entities (Sole Trade, Partnership, Ltd)"
INSERTED DETAIL,18,Devon County Council,22/04/2026,22089284,"2,259.00",C E D A,12641,,Children's Social Care,A61200,Community based care,R0046004,"DCC Business Entities (Sole Trade, Partnership, Ltd)"
INSERTED DETAIL,18,Devon County Council,22/04/2026,22089285,870.00,C E D A,12641,,Children's Social Care,A61200,Community based care,R0044004,"DCC Business Entities (Sole Trade, Partnership, Ltd)"
INSERTED DETAIL,18,Devon County Council,22/04/2026,22089308,"1,250.00",ESTEEM TEAM COMMUNITY INTEREST COMPANY,366509,491597739,Dedicated Schools Grant,A44185,Other professional Services (Schools),R0082007,"DCC Business Entities (Sole Trade, Partnership, Ltd)"
INSERTED DETAIL,18,Devon County Council,22/04/2026,22089345,"537,782.73",SUEZ RECYCLING & RECOVERY UK LIMITED,208690,444085847,"Transport Operations, Environment and Waste",A46100,Main / Term Contractor,R0605001,"DCC Business Entities (Sole Trade, Partnership, Ltd)"
INSERTED DETAIL,18,Devon County Council,22/04/2026,22089346,"2,478.00",C E D A,12641,,Children's Social Care,A61200,Community based care,R0044004,"DCC Business Entities (Sole Trade, Partnership, Ltd)"
INSERTED DETAIL,18,Devon County Council,22/04/2026,22089362,813.00,C E D A,12641,,Children's Social Care,A61200,Community based care,R0046004,"DCC Business Entities (Sole Trade, Partnership, Ltd)"
INSERTED DETAIL,18,Devon County Council,22/04/2026,22089371,840.00,THE SENSORY SMART CHILD LIMITED,336254,,P-Ledger - Separate Legal Entity,A61060,Support for Children in Care,P0432008,"DCC Business Entities (Sole Trade, Partnership, Ltd)"
INSERTED DETAIL,18,Devon County Council,22/04/2026,22089408,"2,750.00",LIGHTHOUSE CHILDCARE CONSORTIUM LTD,603375,,Children's Social Care,A44175,Training/Workshops - Non Staff,R0095007,"DCC Business Entities (Sole Trade, Partnership, Ltd)"
INSERTED DETAIL,18,Devon County Council,22/04/2026,22089418,945.00,CHROMA THERAPIES LIMITED TRADING AS CHROMA,350258,,P-Ledger - Separate Legal Entity,A61060,Support for Children in Care,P0432008,"DCC Business Entities (Sole Trade, Partnership, Ltd)"
INSERTED DETAIL,18,Devon County Council,22/04/2026,22089709,"4,864.08",THE OUTDOORS GROUP *57*,362971,312604642,Dedicated Schools Grant,A61052,Independent Special School Fees,R0089003,"DCC Business Entities (Sole Trade, Partnership, Ltd)"
INSERTED DETAIL,18,Devon County Council,22/04/2026,22089716,"6,680.74",THE OUTDOORS GROUP *57*,362971,312604642,Dedicated Schools Grant,A61052,Independent Special School Fees,R0089003,"DCC Business Entities (Sole Trade, Partnership, Ltd)"
INSERTED DETAIL,18,Devon County Council,22/04/2026,22089725,"4,864.08",THE OUTDOORS GROUP *57*,362971,312604642,Dedicated Schools Grant,A61052,Independent Special School Fees,R0089003,"DCC Business Entities (Sole Trade, Partnership, Ltd)"
INSERTED DETAIL,18,Devon County Council,22/04/2026,22089809,"1,667.22",K S FENCING,340683,503049234,Capital - Highways,C02009,Works,C0652001,DCC CIS Suppliers
INSERTED DETAIL,18,Devon County Council,22/04/2026,22089936,"2,730.00",ESTEEM TEAM COMMUNITY INTEREST COMPANY,366509,491597739,Dedicated Schools Grant,A44185,Other professional Services (Schools),R0082007,"DCC Business Entities (Sole Trade, Partnership, Ltd)"
INSERTED DETAIL,18,Devon County Council,22/04/2026,22089955,810.00,ESTEEM TEAM COMMUNITY INTEREST COMPANY,366509,491597739,Children's Social Care,A61200,Community based care,R0046004,"DCC Business Entities (Sole Trade, Partnership, Ltd)"
INSERTED DETAIL,18,Devon County Council,22/04/2026,22089992,"2,822.00",PROMOTING INDEPENDENT CARE LIMITED,376159,,Children's Social Care,A11005,Agency Supply Staff,R0095001,"DCC Business Entities (Sole Trade, Partnership, Ltd)"
INSERTED DETAIL,18,Devon County Council,22/04/2026,22090127,"3,497.00",PROMOTING INDEPENDENT CARE LIMITED,376159,,Children's Social Care,A61200,Community based care,R0044004,"DCC Business Entities (Sole Trade, Partnership, Ltd)"
INSERTED DETAIL,18,Devon County Council,22/04/2026,22090285,"17,100.00",ST SIDWELLS CENTRE,65554,,Communities,A44038,Fees,R0530011,"DCC Business Entities (Sole Trade, Partnership, Ltd)"
INSERTED DETAIL,18,Devon County Council,22/04/2026,22090397,890.00,THE APRICOT CENTRE CIC,341760,227454701,P-Ledger - Separate Legal Entity,A61060,Support for Children in Care,P0432008,"DCC Business Entities (Sole Trade, Partnership, Ltd)"
INSERTED DETAIL,18,Devon County Council,22/04/2026,22090462,"33,468.75",HATCHPLAN LIMITED,4698,730071086,Capital other - Digital Technology & Business Services,C02009,Works,C0647001,DCC CIS Suppliers
INSERTED DETAIL,18,Devon County Council,22/04/2026,22090471,504.00,THE APRICOT CENTRE CIC,341760,227454701,P-Ledger - Separate Legal Entity,A61060,Support for Children in Care,P0432008,"DCC Business Entities (Sole Trade, Partnership, Ltd)"
INSERTED DETAIL,18,Devon County Council,22/04/2026,22090702,832.80,ECOLOGIC CONSULTANT ECOLOGISTS,370449,108097124,Capital - Schools Maintenance & Improvements,C02009,Works,C0658001,"DCC Business Entities (Sole Trade, Partnership, Ltd)"
INSERTED DETAIL,18,Devon County Council,22/04/2026,22090710,585.00,PSYCHOLOGY ASSOCIATES LIMITED,147932,912873418,P-Ledger - Separate Legal Entity,A61060,Support for Children in Care,P0432008,"DCC Business Entities (Sole Trade, Partnership, Ltd)"
INSERTED DETAIL,18,Devon County Council,22/04/2026,22091046,"1,546.00",INVOLVE CARE SOLUTIONS LIMITED,402831,,Children's Social Care,A61200,Community based care,R0044004,"DCC Business Entities (Sole Trade, Partnership, Ltd)"
INSERTED DETAIL,18,Devon County Council,22/04/2026,22091160,"1,451.16",KENT COUNTY COUNCIL,83992,204269191,Transformation & Business Services,A21005,Electricity,R0333026,"DCC Business Entities (Sole Trade, Partnership, Ltd)"
INSERTED DETAIL,18,Devon County Council,22/04/2026,22091163,"1,115.26",KENT COUNTY COUNCIL,83992,204269191,Operations,A21005,Electricity,R0252001,"DCC Business Entities (Sole Trade, Partnership, Ltd)"
INSERTED DETAIL,18,Devon County Council,22/04/2026,22091386,610.21,KENT COUNTY COUNCIL,83992,204269191,Children's Social Care,A21005,Electricity,R0074001,"DCC Business Entities (Sole Trade, Partnership, Ltd)"
INSERTED DETAIL,18,Devon County Council,22/04/2026,22091399,639.37,KENT COUNTY COUNCIL,83992,204269191,"Economy, Enterprise and Skills",A21005,Electricity,R0539001,"DCC Business Entities (Sole Trade, Partnership, Ltd)"
INSERTED DETAIL,18,Devon County Council,22/04/2026,22091422,"1,250.92",KENT COUNTY COUNCIL,83992,204269191,Communities,A21005,Electricity,R0533002,"DCC Business Entities (Sole Trade, Partnership, Ltd)"
INSERTED DETAIL,18,Devon County Council,22/04/2026,22091687,"60,440.64",MIME HEURISTICS COMMUNITY INTEREST COMPANY,397303,,Dedicated Schools Grant,B29020,VAT Incomings (Output Tax),R0089003,"DCC Business Entities (Sole Trade, Partnership, Ltd)"
INSERTED DETAIL,18,Devon County Council,22/04/2026,22091765,645.00,Campden BRI (Chipping Campden) Limited,604318,729848087,Other PH Services,A16015,Staff Training Expenses - Non Payroll,R0548001,"DCC Business Entities (Sole Trade, Partnership, Ltd)"
INSERTED DETAIL,18,Devon County Council,22/04/2026,22091989,"3,249.90",CORVER LIMITED,370288,744698681,Children's Social Care,A20010,"Property Repairs, Maintenance & Alterations (Reactive)",R0095006,DCC CIS Suppliers
INSERTED DETAIL,18,Devon County Council,22/04/2026,22092053,"204,636.72",MODERN SCHOOLS (EXETER) LIMITED,176325,838739084,Transformation & Business Services,A47505,PFI Charges,R0360007,"DCC Business Entities (Sole Trade, Partnership, Ltd)"
INSERTED DETAIL,18,Devon County Council,22/04/2026,22092509,"73,981.03",BREAKTHROUGH TRANSFORMATION TRUST,248117,480468080,Dedicated Schools Grant,A61052,Independent Special School Fees,R0089003,"DCC Business Entities (Sole Trade, Partnership, Ltd)"
INSERTED DETAIL,18,Devon County Council,22/04/2026,22092537,"1,941.00",PARENTS AND CHILDREN TOGETHER,117180,235376458,P-Ledger - Separate Legal Entity,A61060,Support for Children in Care,P0432008,"DCC Business Entities (Sole Trade, Partnership, Ltd)"
INSERTED DETAIL,18,Devon County Council,22/04/2026,22092672,"83,334.25",WESTCOUNTRY SCHOOLS TRUST - TRIP,400477,121495628,Capital - Children & Schools Expansions,C02009,Works,C0657001,"DCC Business Entities (Sole Trade, Partnership, Ltd)"
INSERTED DETAIL,18,Devon County Council,22/04/2026,22092751,"5,399.33",ACORN CARE & EDUCATION LIMITED,333557,902188441,Dedicated Schools Grant,A61052,Independent Special School Fees,R0089003,"DCC Business Entities (Sole Trade, Partnership, Ltd)"
INSERTED DETAIL,18,Devon County Council,22/04/2026,22092757,"21,638.33",ACORN CARE & EDUCATION LIMITED,333557,902188441,Dedicated Schools Grant,A61052,Independent Special School Fees,R0089003,"DCC Business Entities (Sole Trade, Partnership, Ltd)"
INSERTED DETAIL,18,Devon County Council,22/04/2026,22092760,"5,409.58",ACORN CARE & EDUCATION LIMITED,333557,902188441,Dedicated Schools Grant,A61052,Independent Special School Fees,R0089003,"DCC Business Entities (Sole Trade, Partnership, Ltd)"
INSERTED DETAIL,18,Devon County Council,22/04/2026,22093653,"26,208.00",United Response,603534,,"Economy, Enterprise and Skills",A44038,Fees,R0539003,"DCC Business Entities (Sole Trade, Partnership, Ltd)"
INSERTED DETAIL,18,Devon County Council,23/04/2026,22087097,575.00,BOURNEMOUTH UNIVERSITY,122069,504492166,People and Culture,A16015,Staff Training Expenses - Non Payroll,R0303005,"DCC Business Entities (Sole Trade, Partnership, Ltd)"
INSERTED DETAIL,18,Devon County Council,23/04/2026,22087661,676.60,S C C,161520,313651680,Operations,A45005,IT Hardware,R0462006,"DCC Business Entities (Sole Trade, Partnership, Ltd)"
INSERTED DETAIL,18,Devon County Council,23/04/2026,22088646,"1,680.10",SUEZ RECYCLING & RECOVERY UK LIMITED,208690,444085847,"Transport Operations, Environment and Waste",A46100,Main / Term Contractor,R0594001,"DCC Business Entities (Sole Trade, Partnership, Ltd)"
INSERTED DETAIL,18,Devon County Council,23/04/2026,22090438,"18,773.64",M Group Highways Limited,375383,927200546,Highways & Infrastructure Development,A89060,Direct Revenue Funding,R0552004,"DCC Business Entities (Sole Trade, Partnership, Ltd)"
INSERTED DETAIL,18,Devon County Council,23/04/2026,22090815,"1,147.50",COMMUNICATION AND LEARNING ENTERPRISES LIMITED (CANDLE),360713,,Dedicated Schools Grant,A44185,Other professional Services (Schools),R0082006,"DCC Business Entities (Sole Trade, Partnership, Ltd)"
INSERTED DETAIL,18,Devon County Council,23/04/2026,22090828,"1,147.50",COMMUNICATION AND LEARNING ENTERPRISES LIMITED (CANDLE),360713,,Dedicated Schools Grant,A44185,Other professional Services (Schools),R0082006,"DCC Business Entities (Sole Trade, Partnership, Ltd)"
INSERTED DETAIL,18,Devon County Council,23/04/2026,22090831,"1,147.50",COMMUNICATION AND LEARNING ENTERPRISES LIMITED (CANDLE),360713,,Dedicated Schools Grant,A44185,Other professional Services (Schools),R0082006,"DCC Business Entities (Sole Trade, Partnership, Ltd)"
INSERTED DETAIL,18,Devon County Council,23/04/2026,22091153,"3,900.00",DALLYN B C (FARM ACCOUNT),6602,,Highways & Infrastructure Development,A22005,Building Rents,R0552004,"DCC Business Entities (Sole Trade, Partnership, Ltd)"
INSERTED DETAIL,18,Devon County Council,23/04/2026,22091893,600.00,PERSON CENTRED SOFTWARE LIMITED,340281,162981976,Operations,A61054,Equipment (Care),R0237001,"DCC Business Entities (Sole Trade, Partnership, Ltd)"
INSERTED DETAIL,18,Devon County Council,23/04/2026,22091900,600.00,PERSON CENTRED SOFTWARE LIMITED,340281,162981976,Operations,A61054,Equipment (Care),R0238001,"DCC Business Entities (Sole Trade, Partnership, Ltd)"
INSERTED DETAIL,18,Devon County Council,23/04/2026,22092450,"6,930.37",QUALITY MARKING SERVICES LIMITED,86608,777323994,Capital - Highways,C02009,Works,C0652001,DCC CIS Suppliers
INSERTED DETAIL,18,Devon County Council,23/04/2026,22092641,"5,657.50",ACORN CARE & EDUCATION LIMITED,333557,902188441,Dedicated Schools Grant,A53012,Payments to Independent Units,R0089003,"DCC Business Entities (Sole Trade, Partnership, Ltd)"
INSERTED DETAIL,18,Devon County Council,23/04/2026,22092748,612.56,MID DEVON DISTRICT COUNCIL,19708,142203912,Highways & Infrastructure Development,A27015,Refuse Collection,R0557002,"DCC Business Entities (Sole Trade, Partnership, Ltd)"
INSERTED DETAIL,18,Devon County Council,23/04/2026,22092770,"5,492.83",ACORN CARE & EDUCATION LIMITED,333557,902188441,Dedicated Schools Grant,A61052,Independent Special School Fees,R0089003,"DCC Business Entities (Sole Trade, Partnership, Ltd)"
INSERTED DETAIL,18,Devon County Council,23/04/2026,22092773,"5,492.83",ACORN CARE & EDUCATION LIMITED,333557,902188441,Dedicated Schools Grant,A61052,Independent Special School Fees,R0089003,"DCC Business Entities (Sole Trade, Partnership, Ltd)"
INSERTED DETAIL,18,Devon County Council,23/04/2026,22092777,"5,231.25",ACORN CARE & EDUCATION LIMITED,333557,902188441,Dedicated Schools Grant,A61052,Independent Special School Fees,R0089003,"DCC Business Entities (Sole Trade, Partnership, Ltd)"
INSERTED DETAIL,18,Devon County Council,23/04/2026,22092788,"6,675.79",ACORN CARE & EDUCATION LIMITED,333557,902188441,Dedicated Schools Grant,A61052,Independent Special School Fees,R0089003,"DCC Business Entities (Sole Trade, Partnership, Ltd)"
INSERTED DETAIL,18,Devon County Council,23/04/2026,22092800,"6,675.83",ACORN CARE & EDUCATION LIMITED,333557,902188441,Dedicated Schools Grant,A61052,Independent Special School Fees,R0089003,"DCC Business Entities (Sole Trade, Partnership, Ltd)"
INSERTED DETAIL,18,Devon County Council,23/04/2026,22092802,"5,492.83",ACORN CARE & EDUCATION LIMITED,333557,902188441,Dedicated Schools Grant,A61052,Independent Special School Fees,R0089003,"DCC Business Entities (Sole Trade, Partnership, Ltd)"
INSERTED DETAIL,18,Devon County Council,23/04/2026,22092807,"3,701.20",THE OUTDOORS GROUP *57*,362971,312604642,Dedicated Schools Grant,A61052,Independent Special School Fees,R0089003,"DCC Business Entities (Sole Trade, Partnership, Ltd)"
INSERTED DETAIL,18,Devon County Council,23/04/2026,22092837,"3,495.00",SOUND COMMUNITIES COMMUNITY INTEREST COMPANY,340925,,Dedicated Schools Grant,A44185,Other professional Services (Schools),R0082007,"DCC Business Entities (Sole Trade, Partnership, Ltd)"
INSERTED DETAIL,18,Devon County Council,23/04/2026,22092910,"2,217.50",The Child Wellbeing Clinic,604055,,P-Ledger - Separate Legal Entity,A61060,Support for Children in Care,P0432008,"DCC Business Entities (Sole Trade, Partnership, Ltd)"
INSERTED DETAIL,18,Devon County Council,23/04/2026,22092912,"2,050.00",The Child Wellbeing Clinic,604055,,P-Ledger - Separate Legal Entity,A61060,Support for Children in Care,P0432008,"DCC Business Entities (Sole Trade, Partnership, Ltd)"
INSERTED DETAIL,18,Devon County Council,23/04/2026,22092980,608.73,GEAR4MUSIC LIMITED,164110,552033282,Dedicated Schools Grant,A45050,Learning Resources exc. IT Equipment,R8784192,"DCC Business Entities (Sole Trade, Partnership, Ltd)"
INSERTED DETAIL,18,Devon County Council,23/04/2026,150415357,585.67,M Group Highways Limited,375383,927200546,Highways & Infrastructure Development,A46100,Main / Term Contractor,R0560011,"DCC Business Entities (Sole Trade, Partnership, Ltd)"
INSERTED DETAIL,18,Devon County Council,23/04/2026,150415364,"-8,415.41",M Group Highways Limited,375383,927200546,Highways & Infrastructure Development,A46100,Main / Term Contractor,R0560006,"DCC Business Entities (Sole Trade, Partnership, Ltd)"
INSERTED DETAIL,18,Devon County Council,23/04/2026,150415368,"-3,967.47",M Group Highways Limited,375383,927200546,Capital - Highways,C02051,Term Maintenance Contract,C0652001,"DCC Business Entities (Sole Trade, Partnership, Ltd)"
INSERTED DETAIL,18,Devon County Council,23/04/2026,150415370,"-7,000.00",M Group Highways Limited,375383,927200546,Capital - Highways,C02051,Term Maintenance Contract,C0671006,"DCC Business Entities (Sole Trade, Partnership, Ltd)"
INSERTED DETAIL,18,Devon County Council,23/04/2026,150416424,585.75,M Group Highways Limited,375383,927200546,Capital - Highways,C02051,Term Maintenance Contract,C0671005,"DCC Business Entities (Sole Trade, Partnership, Ltd)"
INSERTED DETAIL,18,Devon County Council,23/04/2026,150416426,"4,657.81",M Group Highways Limited,375383,927200546,Capital - Highways,C02051,Term Maintenance Contract,C0671005,"DCC Business Entities (Sole Trade, Partnership, Ltd)"
INSERTED DETAIL,18,Devon County Council,23/04/2026,150416431,"-1,100.00",M Group Highways Limited,375383,927200546,Capital - Highways,C02051,Term Maintenance Contract,C0671005,"DCC Business Entities (Sole Trade, Partnership, Ltd)"
INSERTED DETAIL,18,Devon County Council,23/04/2026,150416435,"-1,100.00",M Group Highways Limited,375383,927200546,"Capital - Planning, Transportation and Environment",C02051,Term Maintenance Contract,C0671011,"DCC Business Entities (Sole Trade, Partnership, Ltd)"
INSERTED DETAIL,18,Devon County Council,23/04/2026,150416438,"-30,000.00",M Group Highways Limited,375383,927200546,Capital - Highways,C02051,Term Maintenance Contract,C0652001,"DCC Business Entities (Sole Trade, Partnership, Ltd)"
INSERTED DETAIL,18,Devon County Council,23/04/2026,150416439,"-40,000.00",M Group Highways Limited,375383,927200546,Capital - Highways,C02051,Term Maintenance Contract,C0652001,"DCC Business Entities (Sole Trade, Partnership, Ltd)"
INSERTED DETAIL,18,Devon County Council,23/04/2026,150416440,"-6,726.49",M Group Highways Limited,375383,927200546,Capital - Highways,C02051,Term Maintenance Contract,C0652001,"DCC Business Entities (Sole Trade, Partnership, Ltd)"
INSERTED DETAIL,18,Devon County Council,23/04/2026,150416441,"2,501.39",M Group Highways Limited,375383,927200546,Capital - Highways,C02051,Term Maintenance Contract,C0652001,"DCC Business Entities (Sole Trade, Partnership, Ltd)"
INSERTED DETAIL,18,Devon County Council,23/04/2026,150416595,"-1,100.00",M Group Highways Limited,375383,927200546,Capital - Highways,C02051,Term Maintenance Contract,C0671005,"DCC Business Entities (Sole Trade, Partnership, Ltd)"
INSERTED DETAIL,18,Devon County Council,23/04/2026,150417854,"3,569.08",M Group Highways Limited,375383,927200546,Highways & Infrastructure Development,A46100,Main / Term Contractor,R0554004,"DCC Business Entities (Sole Trade, Partnership, Ltd)"
INSERTED DETAIL,18,Devon County Council,23/04/2026,150417857,"3,939.82",M Group Highways Limited,375383,927200546,Highways & Infrastructure Development,A46100,Main / Term Contractor,R0554004,"DCC Business Entities (Sole Trade, Partnership, Ltd)"
INSERTED DETAIL,18,Devon County Council,23/04/2026,150417868,"-1,129.31",M Group Highways Limited,375383,927200546,Capital - Highways,C02051,Term Maintenance Contract,C0671007,"DCC Business Entities (Sole Trade, Partnership, Ltd)"
INSERTED DETAIL,18,Devon County Council,23/04/2026,150417869,-671.69,M Group Highways Limited,375383,927200546,Capital - Highways,C02051,Term Maintenance Contract,C0671007,"DCC Business Entities (Sole Trade, Partnership, Ltd)"
INSERTED DETAIL,18,Devon County Council,23/04/2026,150417871,-936.18,M Group Highways Limited,375383,927200546,Highways & Infrastructure Development,A46100,Main / Term Contractor,R0560004,"DCC Business Entities (Sole Trade, Partnership, Ltd)"
INSERTED DETAIL,18,Devon County Council,23/04/2026,150417884,730.64,M Group Highways Limited,375383,927200546,Highways & Infrastructure Development,A46100,Main / Term Contractor,R0554001,"DCC Business Entities (Sole Trade, Partnership, Ltd)"
INSERTED DETAIL,18,Devon County Council,23/04/2026,150417887,"-2,900.00",M Group Highways Limited,375383,927200546,Highways & Infrastructure Development,A46100,Main / Term Contractor,R0554004,"DCC Business Entities (Sole Trade, Partnership, Ltd)"
INSERTED DETAIL,18,Devon County Council,23/04/2026,150424181,"160,931.53",M Group Highways Limited,375383,927200546,Highways & Infrastructure Development,A46100,Main / Term Contractor,R0553006,"DCC Business Entities (Sole Trade, Partnership, Ltd)"
INSERTED DETAIL,18,Devon County Council,23/04/2026,150424182,"11,623.18",M Group Highways Limited,375383,927200546,Highways & Infrastructure Development,A46100,Main / Term Contractor,R0553006,"DCC Business Entities (Sole Trade, Partnership, Ltd)"
INSERTED DETAIL,18,Devon County Council,23/04/2026,150424184,"2,723.73",M Group Highways Limited,375383,927200546,Highways & Infrastructure Development,A46100,Main / Term Contractor,R0553006,"DCC Business Entities (Sole Trade, Partnership, Ltd)"
INSERTED DETAIL,18,Devon County Council,23/04/2026,150424196,"-1,000.00",M Group Highways Limited,375383,927200546,Highways & Infrastructure Development,A46100,Main / Term Contractor,R0553006,"DCC Business Entities (Sole Trade, Partnership, Ltd)"
INSERTED DETAIL,18,Devon County Council,23/04/2026,150424199,"-11,908.01",M Group Highways Limited,375383,927200546,Highways & Infrastructure Development,A46100,Main / Term Contractor,R0553004,"DCC Business Entities (Sole Trade, Partnership, Ltd)"
INSERTED DETAIL,18,Devon County Council,23/04/2026,150424202,"-31,000.00",M Group Highways Limited,375383,927200546,Highways & Infrastructure Development,A46100,Main / Term Contractor,R0553004,"DCC Business Entities (Sole Trade, Partnership, Ltd)"
INSERTED DETAIL,18,Devon County Council,23/04/2026,150425033,"-60,000.00",M Group Highways Limited,375383,927200546,Highways & Infrastructure Development,A46100,Main / Term Contractor,R0554004,"DCC Business Entities (Sole Trade, Partnership, Ltd)"
INSERTED DETAIL,18,Devon County Council,23/04/2026,150425034,"-145,000.00",M Group Highways Limited,375383,927200546,Capital - Highways,C02051,Term Maintenance Contract,C0671005,"DCC Business Entities (Sole Trade, Partnership, Ltd)"
INSERTED DETAIL,18,Devon County Council,23/04/2026,150425060,"-22,000.00",M Group Highways Limited,375383,927200546,Highways & Infrastructure Development,A46100,Main / Term Contractor,R0554003,"DCC Business Entities (Sole Trade, Partnership, Ltd)"
INSERTED DETAIL,18,Devon County Council,23/04/2026,150425062,"133,934.74",M Group Highways Limited,375383,927200546,Highways & Infrastructure Development,A46100,Main / Term Contractor,R0554004,"DCC Business Entities (Sole Trade, Partnership, Ltd)"
INSERTED DETAIL,18,Devon County Council,23/04/2026,150425071,"1,323.06",M Group Highways Limited,375383,927200546,Capital - Highways,C02051,Term Maintenance Contract,C0671005,"DCC Business Entities (Sole Trade, Partnership, Ltd)"
INSERTED DETAIL,18,Devon County Council,23/04/2026,150425081,"47,053.67",M Group Highways Limited,375383,927200546,Highways & Infrastructure Development,A46100,Main / Term Contractor,R0554003,"DCC Business Entities (Sole Trade, Partnership, Ltd)"
INSERTED DETAIL,18,Devon County Council,23/04/2026,150425083,"1,924.19",M Group Highways Limited,375383,927200546,Highways & Infrastructure Development,A46100,Main / Term Contractor,R0554003,"DCC Business Entities (Sole Trade, Partnership, Ltd)"
INSERTED DETAIL,18,Devon County Council,23/04/2026,150425085,-762.51,M Group Highways Limited,375383,927200546,Highways & Infrastructure Development,A46100,Main / Term Contractor,R0554001,"DCC Business Entities (Sole Trade, Partnership, Ltd)"
INSERTED DETAIL,18,Devon County Council,24/04/2026,22086925,"3,461.50",COLEBROOK (SOUTHWEST) LIMITED,62358,,Commissioning,A20030,Service Term Contracts,R0218002,"DCC Business Entities (Sole Trade, Partnership, Ltd)"
INSERTED DETAIL,18,Devon County Council,24/04/2026,22087721,"34,822.56",TUSKER DIRECT LIMITED,397548,244155576,People and Culture,A49105,Other Supplies & Services,R0502001,"DCC Business Entities (Sole Trade, Partnership, Ltd)"
INSERTED DETAIL,18,Devon County Council,24/04/2026,22088106,"4,686.50",PHOENIX BAY SCHOOL,382090,477769321,Dedicated Schools Grant,A61052,Independent Special School Fees,R0089003,"DCC Business Entities (Sole Trade, Partnership, Ltd)"
INSERTED DETAIL,18,Devon County Council,24/04/2026,22088311,"39,883.07",KINGSLEY SCHOOL,223710,479040477,Dedicated Schools Grant,A61052,Independent Special School Fees,R0089003,"DCC Business Entities (Sole Trade, Partnership, Ltd)"
INSERTED DETAIL,18,Devon County Council,24/04/2026,22088363,500.00,ST CUTHBERT MAYNE SCHOOL,22052,,P-Ledger - Separate Legal Entity,A49105,Other Supplies & Services,P0393021,"DCC Business Entities (Sole Trade, Partnership, Ltd)"
INSERTED DETAIL,18,Devon County Council,24/04/2026,22088707,"5,999.00",PILLAR SOFTWARE LIMITED,119644,618444827,People and Culture,A45045,IT Software Maintenance,R0473002,"DCC Business Entities (Sole Trade, Partnership, Ltd)"
INSERTED DETAIL,18,Devon County Council,24/04/2026,22088724,"185,670.98",ON TRACK EDUCATION (BURSARY PMTS),286081,478730844,Dedicated Schools Grant,A61052,Independent Special School Fees,R0089003,"DCC Business Entities (Sole Trade, Partnership, Ltd)"
INSERTED DETAIL,18,Devon County Council,24/04/2026,22088896,"20,000.00",TORBAY COMMUNITY DEVELPMNT TRUST,340396,290386386,Communities,A44038,Fees,R0536015,"DCC Business Entities (Sole Trade, Partnership, Ltd)"
INSERTED DETAIL,18,Devon County Council,24/04/2026,22088999,"1,728.00",CO ADVENTURERS LIMITED,369278,394138084,Dedicated Schools Grant,A44185,Other professional Services (Schools),R0082007,"DCC Business Entities (Sole Trade, Partnership, Ltd)"
INSERTED DETAIL,18,Devon County Council,24/04/2026,22089038,"1,566.00",CO ADVENTURERS LIMITED,369278,394138084,Dedicated Schools Grant,A44185,Other professional Services (Schools),R0082007,"DCC Business Entities (Sole Trade, Partnership, Ltd)"
INSERTED DETAIL,18,Devon County Council,24/04/2026,22089048,"3,888.00",CO ADVENTURERS LIMITED,369278,394138084,Dedicated Schools Grant,A44185,Other professional Services (Schools),R0082007,"DCC Business Entities (Sole Trade, Partnership, Ltd)"
INSERTED DETAIL,18,Devon County Council,24/04/2026,22089055,"2,592.00",CO ADVENTURERS LIMITED,369278,394138084,Dedicated Schools Grant,A44185,Other professional Services (Schools),R0082007,"DCC Business Entities (Sole Trade, Partnership, Ltd)"
INSERTED DETAIL,18,Devon County Council,24/04/2026,22089060,522.50,Maverick Therapies Ltd,603667,,P-Ledger - Separate Legal Entity,A61060,Support for Children in Care,P0432008,"DCC Business Entities (Sole Trade, Partnership, Ltd)"
INSERTED DETAIL,18,Devon County Council,24/04/2026,22089064,855.00,Maverick Therapies Ltd,603667,,P-Ledger - Separate Legal Entity,A61060,Support for Children in Care,P0432008,"DCC Business Entities (Sole Trade, Partnership, Ltd)"
INSERTED DETAIL,18,Devon County Council,24/04/2026,22089065,522.50,ANNA BINNIE DAWSON,357661,,P-Ledger - Separate Legal Entity,A61060,Support for Children in Care,P0432008,"DCC Business Entities (Sole Trade, Partnership, Ltd)"
INSERTED DETAIL,18,Devon County Council,24/04/2026,22089066,"1,728.00",CO ADVENTURERS LIMITED,369278,394138084,Dedicated Schools Grant,A44185,Other professional Services (Schools),R0082007,"DCC Business Entities (Sole Trade, Partnership, Ltd)"
INSERTED DETAIL,18,Devon County Council,24/04/2026,22089141,993.86,ED PAWSON CONSULTANCY,331594,,Inclusion & Learning,A44038,Fees,R0020007,"DCC Business Entities (Sole Trade, Partnership, Ltd)"
INSERTED DETAIL,18,Devon County Council,30/04/2026,22089903,"1,020.00",CATHERINE GIFFORD,389811,,Children's Social Care,A61060,Support for Children in Care,R0106002,"DCC Business Entities (Sole Trade, Partnership, Ltd)"
INSERTED DETAIL,18,Devon County Council,30/04/2026,22090055,"1,222.10",TEAM EDUCATE LIMITED BACS,374563,336808777,Dedicated Schools Grant,A44185,Other professional Services (Schools),R0082007,"DCC Business Entities (Sole Trade, Partnership, Ltd)"
INSERTED DETAIL,18,Devon County Council,30/04/2026,22090057,"3,006.17",AXE VALLEY MINI TRAVEL LIMITED,8510,,"Transport Operations, Environment and Waste",A32010,Contract Hire Scheme,R0575001,"DCC Business Entities (Sole Trade, Partnership, Ltd)"
INSERTED DETAIL,18,Devon County Council,30/04/2026,22090061,"1,218.00",TEAM EDUCATE LIMITED BACS,374563,336808777,Dedicated Schools Grant,A49006,Bought in Professnl Servs-Curric,R0107001,"DCC Business Entities (Sole Trade, Partnership, Ltd)"
INSERTED DETAIL,18,Devon County Council,30/04/2026,22090064,"1,222.10",TEAM EDUCATE LIMITED BACS,374563,336808777,Dedicated Schools Grant,A44185,Other professional Services (Schools),R0082007,"DCC Business Entities (Sole Trade, Partnership, Ltd)"
INSERTED DETAIL,18,Devon County Council,30/04/2026,22090080,650.00,MAN WITH A VAN SERVICES,316053,,Children's Social Care,A27015,Refuse Collection,R0074001,"DCC Business Entities (Sole Trade, Partnership, Ltd)"
INSERTED DETAIL,18,Devon County Council,30/04/2026,22090107,"1,669.33",QUALITY MARKING SERVICES LIMITED,86608,777323994,Capital - Highways,C02009,Works,C0671005,DCC CIS Suppliers
INSERTED DETAIL,18,Devon County Council,30/04/2026,22090110,"7,120.61",OAKLEYS COACHES,290927,132211963,"Transport Operations, Environment and Waste",A32010,Contract Hire Scheme,R0575001,"DCC Business Entities (Sole Trade, Partnership, Ltd)"
INSERTED DETAIL,18,Devon County Council,30/04/2026,22091216,"1,245.50",JUDITH FINDLAY,400802,,Children's Social Care,A61060,Support for Children in Care,R0106002,"DCC Business Entities (Sole Trade, Partnership, Ltd)"
INSERTED DETAIL,18,Devon County Council,30/04/2026,22091870,"16,647.74",IDOX SOFTWARE LIMITED,308637,766800804,Transformation & Business Services,A45045,IT Software Maintenance,R0353008,"DCC Business Entities (Sole Trade, Partnership, Ltd)"
INSERTED DETAIL,18,Devon County Council,30/04/2026,22092280,"29,270.85",YEOMANS LIMITED,22140,834871014,Capital - Childrens Social Care,C03008,Vehicles - Cars & Vans,C0646001,"DCC Business Entities (Sole Trade, Partnership, Ltd)"
INSERTED DETAIL,18,Devon County Council,30/04/2026,22092786,"1,354.00",THE BIG SHEEP,34362,692129521,Children's Social Care,A44038,Fees,R0076004,"DCC Business Entities (Sole Trade, Partnership, Ltd)"
INSERTED DETAIL,18,Devon County Council,30/04/2026,22093385,600.00,Emma Roberts at Albion,603108,317320729,"Chief Exec, Legal & Democratic services",A44968,Legal & Conveyancing Charges,R0276001,"DCC Business Entities (Sole Trade, Partnership, Ltd)"
INSERTED DETAIL,18,Devon County Council,30/04/2026,22093975,"-1,209.60",THE APRICOT CENTRE CIC,341760,227454701,"Economy, Enterprise and Skills",A44038,Fees,R0546004,"DCC Business Entities (Sole Trade, Partnership, Ltd)"
INSERTED DETAIL,18,Devon County Council,30/04/2026,22093989,537.21,YOUTH ARTS AND HEALTH TRUST,340754,,P-Ledger - Separate Legal Entity,A61060,Support for Children in Care,P0432008,"DCC Business Entities (Sole Trade, Partnership, Ltd)"
INSERTED DETAIL,18,Devon County Council,30/04/2026,22094038,555.00,PSYCHOLOGY ASSOCIATES LIMITED,147932,912873418,P-Ledger - Separate Legal Entity,A61060,Support for Children in Care,P0432008,"DCC Business Entities (Sole Trade, Partnership, Ltd)"
INSERTED DETAIL,18,Devon County Council,30/04/2026,22094084,"4,000.00",The Child Wellbeing Clinic,604055,,P-Ledger - Separate Legal Entity,A61060,Support for Children in Care,P0432008,"DCC Business Entities (Sole Trade, Partnership, Ltd)"
INSERTED DETAIL,18,Devon County Council,30/04/2026,22094130,"106,488.93",MID DEVON DISTRICT COUNCIL,19708,142203912,Communities,A52005,Payments to Other Local Authorities,R0528004,"DCC Business Entities (Sole Trade, Partnership, Ltd)"
INSERTED DETAIL,18,Devon County Council,30/04/2026,22094132,"252,952.00",NORTH DEVON COUNCIL (AC 03953785),326313,144711092,Communities,A52005,Payments to Other Local Authorities,R0528004,"DCC Business Entities (Sole Trade, Partnership, Ltd)"
INSERTED DETAIL,18,Devon County Council,30/04/2026,22094140,"223,509.61",TEIGNBRIDGE DISTRICT COUNCIL,4872,142214023,Communities,A52005,Payments to Other Local Authorities,R0528004,"DCC Business Entities (Sole Trade, Partnership, Ltd)"
INSERTED DETAIL,18,Devon County Council,30/04/2026,22094235,"1,959.00",MICHELMORES,14712,140992855,"Capital - Planning, Transportation and Environment",C02011,External Professional Fees,C0671003,"DCC Business Entities (Sole Trade, Partnership, Ltd)"
INSERTED DETAIL,18,Devon County Council,30/04/2026,22094272,"722,750.00",TORBAY COUNCIL FINANCE,6411,142208211,P-Ledger - Separate Legal Entity,A52005,Payments to Other Local Authorities,P0705002,"DCC Business Entities (Sole Trade, Partnership, Ltd)"
INSERTED DETAIL,18,Devon County Council,30/04/2026,22094274,"248,625.26",KENNFORD TARMACADAM LIMITED,24534,976391178,"Capital - Planning, Transportation and Environment",C02009,Works,C0671011,DCC CIS Suppliers
INSERTED DETAIL,18,Devon County Council,30/04/2026,22094336,900.00,HELEN BRAY,396752,948819170,"Chief Exec, Legal & Democratic services",A44968,Legal & Conveyancing Charges,R0276001,"DCC Business Entities (Sole Trade, Partnership, Ltd)"
INSERTED DETAIL,18,Devon County Council,30/04/2026,22094363,750.00,SEARLE LAURA,333959,252412732,"Chief Exec, Legal & Democratic services",A44968,Legal & Conveyancing Charges,R0276001,"DCC Business Entities (Sole Trade, Partnership, Ltd)"
INSERTED DETAIL,18,Devon County Council,30/04/2026,22094366,"11,141.59",Reeds LLP,602179,666911408,Operations,A44968,Legal & Conveyancing Charges,R0480084,"DCC Business Entities (Sole Trade, Partnership, Ltd)"
INSERTED DETAIL,18,Devon County Council,30/04/2026,22094515,"27,727.94",LOWEN SPECIALIST EDUCATIONAL SERVICES,358910,478868803,Dedicated Schools Grant,A61052,Independent Special School Fees,R0089003,"DCC Business Entities (Sole Trade, Partnership, Ltd)"
INSERTED DETAIL,18,Devon County Council,17/04/2026,22085651,"4,336.70",I C Woollacott,5089,429074152,Capital - Highways,C02009,Works,C0652001,DCC CIS Suppliers
INSERTED DETAIL,18,Devon County Council,17/04/2026,22085731,"1,000.00",Buck’s Agricultural Project Management LTD,603839,,"Economy, Enterprise and Skills",A44038,Fees,R0547004,"DCC Business Entities (Sole Trade, Partnership, Ltd)"
INSERTED DETAIL,18,Devon County Council,17/04/2026,22085832,"14,400.00",WAVE MULTI ACADEMY TRUST,356576,163418709,Dedicated Schools Grant,A44180,Services for Educational Estabs - Devon,R0010016,"DCC Business Entities (Sole Trade, Partnership, Ltd)"
INSERTED DETAIL,18,Devon County Council,17/04/2026,22085865,"3,430.00",ANDREW LATHWELL DESIGN LTD,322675,442714561,"Transport Operations, Environment and Waste",A43010,Printing,R0645001,"DCC Business Entities (Sole Trade, Partnership, Ltd)"
INSERTED DETAIL,18,Devon County Council,17/04/2026,22085873,"1,200.00",NORSE SOUTH WEST LIMITED,279741,785421021,Children's Social Care,A20010,"Property Repairs, Maintenance & Alterations (Reactive)",R0095009,"DCC Business Entities (Sole Trade, Partnership, Ltd)"
INSERTED DETAIL,18,Devon County Council,17/04/2026,22085925,"1,579.42",Enerveo Limited,14967,382894546,Highways & Infrastructure Development,A44130,Street Lighting,R0567007,DCC CIS Suppliers
INSERTED DETAIL,18,Devon County Council,17/04/2026,22085934,"1,143.75",ACCESS TO COMMUNICATION,368058,,Dedicated Schools Grant,A44185,Other professional Services (Schools),R0082006,"DCC Business Entities (Sole Trade, Partnership, Ltd)"
INSERTED DETAIL,18,Devon County Council,17/04/2026,22085945,"1,200.00",David Trickett T/A Countryside & Garden,21818,409946757,Highways & Infrastructure Development,A49005,Other Hired & Contracting Services,R0557010,DCC CIS Suppliers
INSERTED DETAIL,18,Devon County Council,17/04/2026,22085954,"3,952.85",NORSE SOUTH WEST LIMITED,279741,785421021,Communities,A40045,Furniture,R0530006,"DCC Business Entities (Sole Trade, Partnership, Ltd)"
INSERTED DETAIL,18,Devon County Council,17/04/2026,22085974,639.00,ACCESS TO COMMUNICATION,368058,,Dedicated Schools Grant,A44185,Other professional Services (Schools),R0082006,"DCC Business Entities (Sole Trade, Partnership, Ltd)"
INSERTED DETAIL,18,Devon County Council,17/04/2026,22085983,850.00,EMILY SHOPLAND,401360,438293864,"Chief Exec, Legal & Democratic services",A44968,Legal & Conveyancing Charges,R0276001,"DCC Business Entities (Sole Trade, Partnership, Ltd)"
INSERTED DETAIL,18,Devon County Council,17/04/2026,22086015,875.50,FREDERICK SHERRELL LIMITED,14402,591319333,Capital - Highways,C02011,External Professional Fees,C0652001,"DCC Business Entities (Sole Trade, Partnership, Ltd)"
INSERTED DETAIL,18,Devon County Council,17/04/2026,22086036,831.88,Silver Willow Ltd T/A Re Ag Tools,604336,634500958,"Economy, Enterprise and Skills",A40920,Equipment,R0547004,"DCC Business Entities (Sole Trade, Partnership, Ltd)"
INSERTED DETAIL,18,Devon County Council,17/04/2026,22086038,625.00,AMICUS PSYCHOLOGY LIMITED,400956,,P-Ledger - Separate Legal Entity,A61060,Support for Children in Care,P0432008,"DCC Business Entities (Sole Trade, Partnership, Ltd)"
INSERTED DETAIL,18,Devon County Council,24/04/2026,22089237,"27,115.05",NCER,387056,131107960,Transformation & Business Services,A45040,IT Software,R0353008,"DCC Business Entities (Sole Trade, Partnership, Ltd)"
INSERTED DETAIL,18,Devon County Council,24/04/2026,22089250,"1,800.00",LIVE TO LEARN EDUCATION LIMITED,380514,444356785,Dedicated Schools Grant,A44185,Other professional Services (Schools),R0082007,"DCC Business Entities (Sole Trade, Partnership, Ltd)"
INSERTED DETAIL,18,Devon County Council,24/04/2026,22089252,"1,296.00",LIVE TO LEARN EDUCATION LIMITED,380514,444356785,Dedicated Schools Grant,A44185,Other professional Services (Schools),R0082007,"DCC Business Entities (Sole Trade, Partnership, Ltd)"
INSERTED DETAIL,18,Devon County Council,24/04/2026,22089415,733.77,COBALT COMPUTER SOLUTIONS LIMITED,99242,768663376,Communities,A44038,Fees,R0536002,"DCC Business Entities (Sole Trade, Partnership, Ltd)"
INSERTED DETAIL,18,Devon County Council,24/04/2026,22089477,"43,923.85",FOOT WORKS SOLUTIONS LIMITED,197454,744905124,Public Health,A57115,Payments to Private Contractors,R0316025,"DCC Business Entities (Sole Trade, Partnership, Ltd)"
INSERTED DETAIL,18,Devon County Council,24/04/2026,22089657,583.33,LIVE TO LEARN EDUCATION LIMITED,380514,444356785,Dedicated Schools Grant,A44185,Other professional Services (Schools),R0082007,"DCC Business Entities (Sole Trade, Partnership, Ltd)"
INSERTED DETAIL,18,Devon County Council,24/04/2026,22089679,"1,750.00",D B D CONTRACTS LIMITED,207940,643588901,Inclusion & Learning,A45015,Postages,R0121001,"DCC Business Entities (Sole Trade, Partnership, Ltd)"
INSERTED DETAIL,18,Devon County Council,24/04/2026,22089927,"2,028.00",LIVE TO LEARN EDUCATION LIMITED,380514,444356785,Dedicated Schools Grant,A44185,Other professional Services (Schools),R0082007,"DCC Business Entities (Sole Trade, Partnership, Ltd)"
INSERTED DETAIL,18,Devon County Council,24/04/2026,22089932,"3,600.00",MILL LANE LIVERY & COMP YARD,380880,,Dedicated Schools Grant,A44185,Other professional Services (Schools),R0082007,"DCC Business Entities (Sole Trade, Partnership, Ltd)"
INSERTED DETAIL,18,Devon County Council,24/04/2026,22090381,"4,544.77",SPAGHETTI BRIDGE LIMITED,377380,478673138,Dedicated Schools Grant,A61052,Independent Special School Fees,R0089003,"DCC Business Entities (Sole Trade, Partnership, Ltd)"
INSERTED DETAIL,18,Devon County Council,24/04/2026,22090382,"4,858.04",SPAGHETTI BRIDGE LIMITED,377380,478673138,Dedicated Schools Grant,A61052,Independent Special School Fees,R0089003,"DCC Business Entities (Sole Trade, Partnership, Ltd)"
INSERTED DETAIL,18,Devon County Council,24/04/2026,22090509,975.00,THE OUTDOORS GROUP *57*,362971,312604642,Dedicated Schools Grant,A44085,Inquests,R0082007,"DCC Business Entities (Sole Trade, Partnership, Ltd)"
INSERTED DETAIL,18,Devon County Council,24/04/2026,22090883,"4,976.59",SPAGHETTI BRIDGE LIMITED,377380,478673138,Dedicated Schools Grant,A61052,Independent Special School Fees,R0089003,"DCC Business Entities (Sole Trade, Partnership, Ltd)"
INSERTED DETAIL,18,Devon County Council,30/04/2026,22094537,543.05,HAMPSHIRE COUNTY COUNCIL,4149,189406822,"Chief Exec, Legal & Democratic services",A44038,Fees,R0506002,"DCC Business Entities (Sole Trade, Partnership, Ltd)"
INSERTED DETAIL,18,Devon County Council,30/04/2026,150434009,"7,052.64",M Group Highways Limited,375383,927200546,Capital - Highways,C02051,Term Maintenance Contract,C0671005,"DCC Business Entities (Sole Trade, Partnership, Ltd)"
INSERTED DETAIL,18,Devon County Council,30/04/2026,150434011,"28,920.78",M Group Highways Limited,375383,927200546,Capital - Highways,C02051,Term Maintenance Contract,C0652001,"DCC Business Entities (Sole Trade, Partnership, Ltd)"
INSERTED DETAIL,18,Devon County Council,17/04/2026,22086069,"4,530.50",TEIGNBRIDGE DISTRICT COUNCIL,4872,142214023,Children's Social Care,A23005,Rates,R0095004,"DCC Business Entities (Sole Trade, Partnership, Ltd)"
INSERTED DETAIL,18,Devon County Council,17/04/2026,22086217,500.00,SARAH WATERS,401673,,P-Ledger - Separate Legal Entity,A61060,Support for Children in Care,P0432008,"DCC Business Entities (Sole Trade, Partnership, Ltd)"
INSERTED DETAIL,18,Devon County Council,17/04/2026,22086330,890.00,MAN WITH A VAN SERVICES,316053,,Children's Social Care,A49005,Other Hired & Contracting Services,R0027002,"DCC Business Entities (Sole Trade, Partnership, Ltd)"
INSERTED DETAIL,18,Devon County Council,17/04/2026,22086624,"9,325.75",UNIVERSITY OF EXETER-FINANCE OFF,4630,142047795,"Economy, Enterprise and Skills",A44038,Fees,R0543003,"DCC Business Entities (Sole Trade, Partnership, Ltd)"
INSERTED DETAIL,18,Devon County Council,17/04/2026,22086642,"1,800.00",EXETER RUGBY CLUB LTD,34972,918551313,Dedicated Schools Grant,A44185,Other professional Services (Schools),R0082007,"DCC Business Entities (Sole Trade, Partnership, Ltd)"
INSERTED DETAIL,18,Devon County Council,17/04/2026,22086651,"1,248.00",EXETER RUGBY CLUB LTD,34972,918551313,Dedicated Schools Grant,A44185,Other professional Services (Schools),R0082007,"DCC Business Entities (Sole Trade, Partnership, Ltd)"
INSERTED DETAIL,18,Devon County Council,17/04/2026,22087209,"123,532.88",MAGDALEN COURT SCHOOL,228429,479823044,Dedicated Schools Grant,A61052,Independent Special School Fees,R0089003,"DCC Business Entities (Sole Trade, Partnership, Ltd)"
INSERTED DETAIL,18,Devon County Council,17/04/2026,22087215,"123,716.50",MAGDALEN COURT SCHOOL,228429,479823044,Dedicated Schools Grant,A61052,Independent Special School Fees,R0089003,"DCC Business Entities (Sole Trade, Partnership, Ltd)"
INSERTED DETAIL,18,Devon County Council,17/04/2026,22087236,"2,750.00",Card Geotechnics Limited (CGL),600543,655182626,Capital - Highways,C02009,Works,C0671004,"DCC Business Entities (Sole Trade, Partnership, Ltd)"
INSERTED DETAIL,18,Devon County Council,17/04/2026,22087705,"10,000.00",WESTCOUNTRY RIVERS TRUST,17211,115136941,"Transport Operations, Environment and Waste",A44038,Fees,R0579007,"DCC Business Entities (Sole Trade, Partnership, Ltd)"
INSERTED DETAIL,18,Devon County Council,17/04/2026,22088658,"-2,829.07",MAGDALEN COURT SCHOOL,228429,479823044,Dedicated Schools Grant,A61052,Independent Special School Fees,R0089003,"DCC Business Entities (Sole Trade, Partnership, Ltd)"
INSERTED DETAIL,18,Devon County Council,17/04/2026,22089057,"1,000.00",Orion-Digital Diagnostics Ltd,382219,,"Chief Exec, Legal & Democratic services",A44038,Fees,R0506002,"DCC Business Entities (Sole Trade, Partnership, Ltd)"
INSERTED DETAIL,18,Devon County Council,17/04/2026,22090392,"1,287.20",SAVILLS,186570,577657579,Capital - Schools Maintenance & Improvements,C02011,External Professional Fees,C0658001,"DCC Business Entities (Sole Trade, Partnership, Ltd)"
INSERTED DETAIL,18,Devon County Council,17/04/2026,22090591,500.00,EXETER CITY COUNCIL (FINANCE),4272,142335594,Communities,A22005,Building Rents,R0325001,"DCC Business Entities (Sole Trade, Partnership, Ltd)"
INSERTED DETAIL,18,Devon County Council,24/04/2026,22090886,"4,708.67",SPAGHETTI BRIDGE LIMITED,377380,478673138,Dedicated Schools Grant,A53035,Other Recoupment Expenditure (3rd),R0111002,"DCC Business Entities (Sole Trade, Partnership, Ltd)"
INSERTED DETAIL,18,Devon County Council,24/04/2026,22090891,"4,828.82",SPAGHETTI BRIDGE LIMITED,377380,478673138,Dedicated Schools Grant,A61052,Independent Special School Fees,R0089003,"DCC Business Entities (Sole Trade, Partnership, Ltd)"
INSERTED DETAIL,18,Devon County Council,24/04/2026,22090896,"5,396.91",SPAGHETTI BRIDGE LIMITED,377380,478673138,Dedicated Schools Grant,A61052,Independent Special School Fees,R0089003,"DCC Business Entities (Sole Trade, Partnership, Ltd)"
INSERTED DETAIL,18,Devon County Council,24/04/2026,22091676,"6,206.26",ACORN CARE & EDUCATION LIMITED,333557,902188441,Dedicated Schools Grant,A61052,Independent Special School Fees,R0089003,"DCC Business Entities (Sole Trade, Partnership, Ltd)"
INSERTED DETAIL,18,Devon County Council,24/04/2026,22091958,"156,706.05",MARTIN H W SAFETY FENCING LIMITED,14879,352838537,Highways & Infrastructure Development,C02009,Works,R0552002,DCC CIS Suppliers
INSERTED DETAIL,18,Devon County Council,24/04/2026,22092217,"4,100.00",I L M SOFTWARE LIMITED,353265,913188820,Planning,A45040,IT Software,R0630001,"DCC Business Entities (Sole Trade, Partnership, Ltd)"
INSERTED DETAIL,18,Devon County Council,24/04/2026,22092412,"1,520.00",MEENA ENTERPRISES LIMITED,360477,,Operations,A44038,Fees,R0222002,"DCC Business Entities (Sole Trade, Partnership, Ltd)"
INSERTED DETAIL,18,Devon County Council,24/04/2026,22092724,"5,940.00",FRIENDSHIP & SONS,341542,475071584,"Chief Exec, Legal & Democratic services",A49005,Other Hired & Contracting Services,R0506002,"DCC Business Entities (Sole Trade, Partnership, Ltd)"
INSERTED DETAIL,18,Devon County Council,24/04/2026,22092740,"1,250.00",Artis Kakonge,604477,994006213,"Chief Exec, Legal & Democratic services",A44968,Legal & Conveyancing Charges,R0276001,"DCC Business Entities (Sole Trade, Partnership, Ltd)"
INSERTED DETAIL,18,Devon County Council,24/04/2026,22093108,"95,753.00",TORRIDGE DISTRICT COUNCIL,4707,144666062,Communities,A52005,Payments to Other Local Authorities,R0532002,"DCC Business Entities (Sole Trade, Partnership, Ltd)"
INSERTED DETAIL,18,Devon County Council,24/04/2026,22093115,"5,331.40",LJ Chidley & Son,604441,291073170,"Capital - Planning, Transportation and Environment",C06001,Capital Grants paid to other third parties (Not WGA/VCSE),C0656001,"DCC Business Entities (Sole Trade, Partnership, Ltd)"
INSERTED DETAIL,18,Devon County Council,24/04/2026,22093119,"1,113.25",Henry Hare,604402,,"Capital - Planning, Transportation and Environment",C06001,Capital Grants paid to other third parties (Not WGA/VCSE),C0649001,"DCC Business Entities (Sole Trade, Partnership, Ltd)"
INSERTED DETAIL,18,Devon County Council,24/04/2026,22093131,"3,189.49",AECOM LIMITED,345038,611853162,"Capital - Planning, Transportation and Environment",C02011,External Professional Fees,C0671012,"DCC Business Entities (Sole Trade, Partnership, Ltd)"
INSERTED DETAIL,18,Devon County Council,17/04/2026,22090604,"51,793.00",NHS DEVON ICB,306113,654443336,Dedicated Schools Grant,A61052,Independent Special School Fees,R0089003,"DCC Business Entities (Sole Trade, Partnership, Ltd)"
INSERTED DETAIL,18,Devon County Council,17/04/2026,22090704,954.25,BEDCARE LIMITED,402455,144930904,Children's Social Care,A40045,Furniture,R0095011,"DCC Business Entities (Sole Trade, Partnership, Ltd)"
INSERTED DETAIL,18,Devon County Council,17/04/2026,22090850,"4,200.00",Connecting Youth CIC,600416,,Communities,A44038,Fees,R0536010,"DCC Business Entities (Sole Trade, Partnership, Ltd)"
INSERTED DETAIL,18,Devon County Council,17/04/2026,22090870,925.00,EDGE TRAINING & CONSULTANCY LIMITED,256085,925948874,People and Culture,A44038,Fees,R0303007,"DCC Business Entities (Sole Trade, Partnership, Ltd)"
INSERTED DETAIL,18,Devon County Council,17/04/2026,22090998,"19,333.33",CAMBIAN CHILDCARE LIMITED,299178,190023541,Dedicated Schools Grant,A61052,Independent Special School Fees,R0089003,"DCC Business Entities (Sole Trade, Partnership, Ltd)"
INSERTED DETAIL,18,Devon County Council,17/04/2026,22091001,"2,333.33",CAMBIAN CHILDCARE LIMITED,299178,190023541,Dedicated Schools Grant,A61052,Independent Special School Fees,R0089003,"DCC Business Entities (Sole Trade, Partnership, Ltd)"
INSERTED DETAIL,18,Devon County Council,17/04/2026,22091003,"18,808.19",CAMBIAN CHILDCARE LIMITED,299178,190023541,Dedicated Schools Grant,A61052,Independent Special School Fees,R0089003,"DCC Business Entities (Sole Trade, Partnership, Ltd)"
INSERTED DETAIL,18,Devon County Council,17/04/2026,22091007,"19,333.33",CAMBIAN CHILDCARE LIMITED,299178,190023541,Dedicated Schools Grant,A61052,Independent Special School Fees,R0089003,"DCC Business Entities (Sole Trade, Partnership, Ltd)"
INSERTED DETAIL,18,Devon County Council,17/04/2026,22091041,"1,546.00",INVOLVE CARE SOLUTIONS LIMITED,402831,,Children's Social Care,A61200,Community based care,R0044004,"DCC Business Entities (Sole Trade, Partnership, Ltd)"
INSERTED DETAIL,18,Devon County Council,17/04/2026,22091508,"-3,755.30",NORSE SOUTH WEST LIMITED,279741,785421021,Transformation & Business Services,A46100,Main / Term Contractor,R0334005,"DCC Business Entities (Sole Trade, Partnership, Ltd)"
INSERTED DETAIL,18,Devon County Council,20/04/2026,22065212,"1,161.39",DAISY PRE-SCHOOL,40313,,Transformation & Business Services,A62000,Supported Accommodation - Child,R0333026,"DCC Business Entities (Sole Trade, Partnership, Ltd)"
INSERTED DETAIL,18,Devon County Council,20/04/2026,22065732,"1,009.00",COOMBER SECURITY SYSTEMS LIMITED,159992,570317359,Highways & Infrastructure Development,A49005,Other Hired & Contracting Services,R0557033,"DCC Business Entities (Sole Trade, Partnership, Ltd)"
INSERTED DETAIL,18,Devon County Council,20/04/2026,22080092,"2,001.23",LEXIA EDUCATION SERVICES LIMITED,376344,376218677,Dedicated Schools Grant,A44185,Other professional Services (Schools),R0082007,"DCC Business Entities (Sole Trade, Partnership, Ltd)"
INSERTED DETAIL,18,Devon County Council,24/04/2026,22093160,"22,582.80",BLUE SCREEN IT TRADING AS BIT GROUP,228948,855461116,"Economy, Enterprise and Skills",A44038,Fees,R0546004,"DCC Business Entities (Sole Trade, Partnership, Ltd)"
INSERTED DETAIL,18,Devon County Council,24/04/2026,22093164,"6,426.00",BLUE SCREEN IT TRADING AS BIT GROUP,228948,855461116,"Economy, Enterprise and Skills",A44038,Fees,R0546004,"DCC Business Entities (Sole Trade, Partnership, Ltd)"
INSERTED DETAIL,18,Devon County Council,24/04/2026,22093173,"10,098.00",BLUE SCREEN IT TRADING AS BIT GROUP,228948,855461116,"Economy, Enterprise and Skills",A44038,Fees,R0546004,"DCC Business Entities (Sole Trade, Partnership, Ltd)"
INSERTED DETAIL,18,Devon County Council,24/04/2026,22093180,"3,672.00",BLUE SCREEN IT TRADING AS BIT GROUP,228948,855461116,"Economy, Enterprise and Skills",A44038,Fees,R0546004,"DCC Business Entities (Sole Trade, Partnership, Ltd)"
INSERTED DETAIL,18,Devon County Council,24/04/2026,22093181,918.00,BLUE SCREEN IT TRADING AS BIT GROUP,228948,855461116,"Economy, Enterprise and Skills",A44038,Fees,R0546004,"DCC Business Entities (Sole Trade, Partnership, Ltd)"
INSERTED DETAIL,18,Devon County Council,27/04/2026,22079868,"4,090.00",DAN WOOLLACOTT FENCING,358106,278397149,Highways & Infrastructure Development,A49005,Other Hired & Contracting Services,R0552002,DCC CIS Suppliers
INSERTED DETAIL,18,Devon County Council,27/04/2026,22084232,"1,012.00",Jennifer Roder Ltd,344982,,Dedicated Schools Grant,A61052,Independent Special School Fees,R0089003,"DCC Business Entities (Sole Trade, Partnership, Ltd)"
INSERTED DETAIL,18,Devon County Council,27/04/2026,22085744,720.00,Mercer Artbox,602136,,Children's Social Care,A61060,Support for Children in Care,R0106002,"DCC Business Entities (Sole Trade, Partnership, Ltd)"
INSERTED DETAIL,18,Devon County Council,27/04/2026,22086639,900.00,James Rees KBG,602817,676185890,"Chief Exec, Legal & Democratic services",A44968,Legal & Conveyancing Charges,R0276001,"DCC Business Entities (Sole Trade, Partnership, Ltd)"
INSERTED DETAIL,18,Devon County Council,27/04/2026,22087925,"3,500.00",HATCH GREEN GARAGE LIMITED,249457,927463209,"Transport Operations, Environment and Waste",A32010,Contract Hire Scheme,R0575001,"DCC Business Entities (Sole Trade, Partnership, Ltd)"
INSERTED DETAIL,18,Devon County Council,27/04/2026,22088673,"2,794.41",SME HCI LTD T/A VIVUP (CYCLE SCHEME),397607,869578054,People and Culture,A49105,Other Supplies & Services,R0502001,"DCC Business Entities (Sole Trade, Partnership, Ltd)"
INSERTED DETAIL,18,Devon County Council,27/04/2026,22088679,"2,783.34",SME HCI LTD T/A VIVUP (CYCLE SCHEME),397607,869578054,People and Culture,A49105,Other Supplies & Services,R0502001,"DCC Business Entities (Sole Trade, Partnership, Ltd)"
INSERTED DETAIL,18,Devon County Council,27/04/2026,22089188,"2,691.00",DEVON PATHWAYS LTD,383486,392542678,Dedicated Schools Grant,A44185,Other professional Services (Schools),R0082007,"DCC Business Entities (Sole Trade, Partnership, Ltd)"
INSERTED DETAIL,18,Devon County Council,20/04/2026,22083805,"8,561.64",DEVON PARTNERSHIP NHS TRUST,92211,654400557,Operations,A57196,Supported Living,R0225001,"DCC Business Entities (Sole Trade, Partnership, Ltd)"
INSERTED DETAIL,18,Devon County Council,20/04/2026,22085538,"12,418.00",COUNTY GROUNDS MAINTENANCE LIMITED,258238,874318602,Children's Social Care,A20010,"Property Repairs, Maintenance & Alterations (Reactive)",R0095004,"DCC Business Entities (Sole Trade, Partnership, Ltd)"
INSERTED DETAIL,18,Devon County Council,20/04/2026,22086337,750.00,THE CHILD PSYCHOLOGY SERVICE CIC,368451,,P-Ledger - Separate Legal Entity,A61060,Support for Children in Care,P0432008,"DCC Business Entities (Sole Trade, Partnership, Ltd)"
INSERTED DETAIL,18,Devon County Council,20/04/2026,22086348,"8,427.60",CITY COLLEGE PLYMOUTH,13507,591390916,"Economy, Enterprise and Skills",A44038,Fees,R0546004,"DCC Business Entities (Sole Trade, Partnership, Ltd)"
INSERTED DETAIL,18,Devon County Council,20/04/2026,22086398,680.00,COMMUNITY SUPPORT TEAM COMMUNITY INTEREST COMPANY,302088,,Dedicated Schools Grant,A44185,Other professional Services (Schools),R0082007,"DCC Business Entities (Sole Trade, Partnership, Ltd)"
INSERTED DETAIL,18,Devon County Council,20/04/2026,22086402,"1,360.00",COMMUNITY SUPPORT TEAM COMMUNITY INTEREST COMPANY,302088,,Dedicated Schools Grant,A44185,Other professional Services (Schools),R0082007,"DCC Business Entities (Sole Trade, Partnership, Ltd)"
INSERTED DETAIL,18,Devon County Council,20/04/2026,22086413,"1,520.40",PROSPERO RECRUITMENT LIMITED,352539,486704947,Dedicated Schools Grant,A44185,Other professional Services (Schools),R0082007,"DCC Business Entities (Sole Trade, Partnership, Ltd)"
INSERTED DETAIL,18,Devon County Council,20/04/2026,22086418,"8,434.17",KEYS PCE LIMITED,363936,927104637,Dedicated Schools Grant,A61052,Independent Special School Fees,R0089003,"DCC Business Entities (Sole Trade, Partnership, Ltd)"
INSERTED DETAIL,18,Devon County Council,20/04/2026,22086423,"148,935.11",NORSE SOUTH WEST LIMITED,279741,785421021,Capital - Schools Maintenance & Improvements,C02011,External Professional Fees,C0658001,"DCC Business Entities (Sole Trade, Partnership, Ltd)"
INSERTED DETAIL,18,Devon County Council,20/04/2026,22086473,"2,280.60",PROSPERO RECRUITMENT LIMITED,352539,486704947,Dedicated Schools Grant,A44185,Other professional Services (Schools),R0082007,"DCC Business Entities (Sole Trade, Partnership, Ltd)"
INSERTED DETAIL,18,Devon County Council,20/04/2026,22086475,912.24,PROSPERO RECRUITMENT LIMITED,352539,486704947,Dedicated Schools Grant,A44185,Other professional Services (Schools),R0082007,"DCC Business Entities (Sole Trade, Partnership, Ltd)"
INSERTED DETAIL,18,Devon County Council,20/04/2026,22086476,760.20,PROSPERO RECRUITMENT LIMITED,352539,486704947,Dedicated Schools Grant,A44185,Other professional Services (Schools),R0082007,"DCC Business Entities (Sole Trade, Partnership, Ltd)"
INSERTED DETAIL,18,Devon County Council,20/04/2026,22086480,760.20,PROSPERO RECRUITMENT LIMITED,352539,486704947,Dedicated Schools Grant,A44185,Other professional Services (Schools),R0082007,"DCC Business Entities (Sole Trade, Partnership, Ltd)"
INSERTED DETAIL,18,Devon County Council,27/04/2026,22089193,"3,809.00",DEVON PATHWAYS LTD,383486,392542678,Dedicated Schools Grant,A44185,Other professional Services (Schools),R0082007,"DCC Business Entities (Sole Trade, Partnership, Ltd)"
INSERTED DETAIL,18,Devon County Council,27/04/2026,22089209,"3,460.80",THE HUSBANDRY SCHOOL,304475,333694095,Dedicated Schools Grant,A44185,Other professional Services (Schools),R0082007,"DCC Business Entities (Sole Trade, Partnership, Ltd)"
INSERTED DETAIL,18,Devon County Council,27/04/2026,22089212,"1,196.00",DEVON PATHWAYS LTD,383486,392542678,Dedicated Schools Grant,A44180,Services for Educational Estabs - Devon,R0010004,"DCC Business Entities (Sole Trade, Partnership, Ltd)"
INSERTED DETAIL,18,Devon County Council,27/04/2026,22089213,"1,196.00",DEVON PATHWAYS LTD,383486,392542678,Dedicated Schools Grant,A44185,Other professional Services (Schools),R0082007,"DCC Business Entities (Sole Trade, Partnership, Ltd)"
INSERTED DETAIL,18,Devon County Council,27/04/2026,22089214,"2,691.00",DEVON PATHWAYS LTD,383486,392542678,Dedicated Schools Grant,A44180,Services for Educational Estabs - Devon,R0010004,"DCC Business Entities (Sole Trade, Partnership, Ltd)"
INSERTED DETAIL,18,Devon County Council,27/04/2026,22089229,"2,966.40",THE HUSBANDRY SCHOOL,304475,333694095,Dedicated Schools Grant,A44185,Other professional Services (Schools),R0082007,"DCC Business Entities (Sole Trade, Partnership, Ltd)"
INSERTED DETAIL,18,Devon County Council,27/04/2026,22089348,"562,500.00",DYS SPACE LIMITED,341799,253749579,Communities,A46100,Main / Term Contractor,R0329001,"DCC Business Entities (Sole Trade, Partnership, Ltd)"
INSERTED DETAIL,18,Devon County Council,27/04/2026,22089375,"1,000.00",Liz Genever Consulting,604280,341243046,"Transport Operations, Environment and Waste",A44038,Fees,R0645001,"DCC Business Entities (Sole Trade, Partnership, Ltd)"
INSERTED DETAIL,18,Devon County Council,27/04/2026,22089529,900.00,USEFULPSYCHOLOGY,373810,,P-Ledger - Separate Legal Entity,A61060,Support for Children in Care,P0432008,"DCC Business Entities (Sole Trade, Partnership, Ltd)"
INSERTED DETAIL,18,Devon County Council,27/04/2026,22089563,"3,223.93",BRAUNTON MOBILITY,273746,947557671,P-Ledger - Separate Legal Entity,A61054,Equipment (Care),P0391002,"DCC Business Entities (Sole Trade, Partnership, Ltd)"
INSERTED DETAIL,18,Devon County Council,27/04/2026,22089816,732.05,COASTAL GARDEN SERVICES,370116,350630332,"Transport Operations, Environment and Waste",A49005,Other Hired & Contracting Services,R0614001,"DCC Business Entities (Sole Trade, Partnership, Ltd)"
INSERTED DETAIL,18,Devon County Council,27/04/2026,22089869,"9,730.00",IT Stress Free Ltd,603040,107653618,Commissioning,A44065,Consultancy Services,R0466001,"DCC Business Entities (Sole Trade, Partnership, Ltd)"
INSERTED DETAIL,18,Devon County Council,27/04/2026,22089890,"1,220.00",CATHERINE GIFFORD,389811,,P-Ledger - Separate Legal Entity,A61060,Support for Children in Care,P0432008,"DCC Business Entities (Sole Trade, Partnership, Ltd)"
INSERTED DETAIL,18,Devon County Council,27/04/2026,22089919,"1,113.20",STEPHENSONS SOLICITORS,394642,294832719,"Chief Exec, Legal & Democratic services",A44968,Legal & Conveyancing Charges,R0276001,"DCC Business Entities (Sole Trade, Partnership, Ltd)"
INSERTED DETAIL,18,Devon County Council,27/04/2026,22090827,700.00,Tamar and Tavy Gig Club,604496,,Communities,A44038,Fees,R0536018,"DCC Business Entities (Sole Trade, Partnership, Ltd)"
INSERTED DETAIL,18,Devon County Council,27/04/2026,22090881,"3,834.65",SPAGHETTI BRIDGE LIMITED,377380,478673138,Dedicated Schools Grant,A61052,Independent Special School Fees,R0089003,"DCC Business Entities (Sole Trade, Partnership, Ltd)"
INSERTED DETAIL,18,Devon County Council,27/04/2026,22091285,519.64,BIDFOOD,6550,643994692,Operations,A44030,Provisions,R0269001,"DCC Business Entities (Sole Trade, Partnership, Ltd)"
INSERTED DETAIL,18,Devon County Council,27/04/2026,22091607,"5,771.00",Stoneface Construction Limited,603501,335690977,"Capital - Planning, Transportation and Environment",C02009,Works,C0671012,"DCC Business Entities (Sole Trade, Partnership, Ltd)"
INSERTED DETAIL,18,Devon County Council,27/04/2026,22091992,510.00,COMMUNITY SUPPORT TEAM COMMUNITY INTEREST COMPANY,302088,,Dedicated Schools Grant,A44185,Other professional Services (Schools),R0082007,"DCC Business Entities (Sole Trade, Partnership, Ltd)"
INSERTED DETAIL,18,Devon County Council,27/04/2026,22093121,800.00,LEONE ELLIS THERAPEUTIC SERVICES,398323,,Children's Social Care,A61060,Support for Children in Care,R0106002,"DCC Business Entities (Sole Trade, Partnership, Ltd)"
INSERTED DETAIL,18,Devon County Council,27/04/2026,22093129,"1,287.50",THINKING SCHOOLS ACADEMY TRUST,371581,304672125,Inclusion & Learning,A53040,Contributions to Educational Estabs (3rd,R0101001,"DCC Business Entities (Sole Trade, Partnership, Ltd)"
INSERTED DETAIL,18,Devon County Council,27/04/2026,22093149,"7,000.80",FOSTERING NETWORK,97988,231633590,Children's Social Care,A47010,Subscriptions,R0076005,"DCC Business Entities (Sole Trade, Partnership, Ltd)"
INSERTED DETAIL,18,Devon County Council,27/04/2026,22093162,"41,636.96",MARTIN H W SAFETY FENCING LIMITED,14879,352838537,Highways & Infrastructure Development,A49005,Other Hired & Contracting Services,R0552002,DCC CIS Suppliers
INSERTED DETAIL,18,Devon County Council,27/04/2026,22093294,"2,833.09",Letty Glaister,604683,,"Capital - Planning, Transportation and Environment",C06001,Capital Grants paid to other third parties (Not WGA/VCSE),C0649001,DCC Non-Business Individuals
INSERTED DETAIL,18,Devon County Council,27/04/2026,22093304,"1,962.40",EARTH ACTION NORTH DEVON,354567,,"Capital - Planning, Transportation and Environment",C06003,Capital Grants Paid - to VCSE Organisations,C0649001,"DCC Business Entities (Sole Trade, Partnership, Ltd)"
INSERTED DETAIL,18,Devon County Council,27/04/2026,22093378,500.00,HELEN BRAY,396752,948819170,"Chief Exec, Legal & Democratic services",A44968,Legal & Conveyancing Charges,R0276001,"DCC Business Entities (Sole Trade, Partnership, Ltd)"
INSERTED DETAIL,18,Devon County Council,28/04/2026,22081531,"6,533.00",ITSO Ltd,284777,765639388,"Transport Operations, Environment and Waste",A44038,Fees,R0575001,"DCC Business Entities (Sole Trade, Partnership, Ltd)"
INSERTED DETAIL,18,Devon County Council,28/04/2026,22086711,721.75,NORSE SOUTH WEST LIMITED,279741,785421021,"Capital - Planning, Transportation and Environment",C02011,External Professional Fees,C0671003,"DCC Business Entities (Sole Trade, Partnership, Ltd)"
INSERTED DETAIL,18,Devon County Council,28/04/2026,22087734,568.00,PSYCHOLOGY ASSOCIATES LIMITED,147932,912873418,P-Ledger - Separate Legal Entity,A61060,Support for Children in Care,P0432008,"DCC Business Entities (Sole Trade, Partnership, Ltd)"
INSERTED DETAIL,18,Devon County Council,28/04/2026,22087744,975.00,PSYCHOLOGY ASSOCIATES LIMITED,147932,912873418,P-Ledger - Separate Legal Entity,A61060,Support for Children in Care,P0432008,"DCC Business Entities (Sole Trade, Partnership, Ltd)"
INSERTED DETAIL,18,Devon County Council,28/04/2026,22087812,780.00,PSYCHOLOGY ASSOCIATES LIMITED,147932,912873418,P-Ledger - Separate Legal Entity,A61120,Adoptions Allowances,P0432008,"DCC Business Entities (Sole Trade, Partnership, Ltd)"
INSERTED DETAIL,18,Devon County Council,28/04/2026,22087996,924.82,YOUTH ARTS AND HEALTH TRUST,340754,,P-Ledger - Separate Legal Entity,A61060,Support for Children in Care,P0432008,"DCC Business Entities (Sole Trade, Partnership, Ltd)"
INSERTED DETAIL,18,Devon County Council,28/04/2026,22087997,893.45,YOUTH ARTS AND HEALTH TRUST,340754,,P-Ledger - Separate Legal Entity,A61060,Support for Children in Care,P0432008,"DCC Business Entities (Sole Trade, Partnership, Ltd)"
INSERTED DETAIL,18,Devon County Council,28/04/2026,22088352,568.00,PSYCHOLOGY ASSOCIATES LIMITED,147932,912873418,P-Ledger - Separate Legal Entity,A61120,Adoptions Allowances,P0432008,"DCC Business Entities (Sole Trade, Partnership, Ltd)"
INSERTED DETAIL,18,Devon County Council,28/04/2026,22088603,"7,591.50",D W M L HOLDINGS LIMITED,345026,823821047,"Transport Operations, Environment and Waste",A46100,Main / Term Contractor,R0605002,"DCC Business Entities (Sole Trade, Partnership, Ltd)"
INSERTED DETAIL,18,Devon County Council,28/04/2026,22088713,710.00,PSYCHOLOGY ASSOCIATES LIMITED,147932,912873418,P-Ledger - Separate Legal Entity,A61060,Support for Children in Care,P0432008,"DCC Business Entities (Sole Trade, Partnership, Ltd)"
INSERTED DETAIL,18,Devon County Council,28/04/2026,22090028,843.00,PSYCHOLOGY ASSOCIATES LIMITED,147932,912873418,Children's Social Care,A61060,Support for Children in Care,R0106002,"DCC Business Entities (Sole Trade, Partnership, Ltd)"
INSERTED DETAIL,18,Devon County Council,28/04/2026,22090090,660.00,PSYCHOLOGY ASSOCIATES LIMITED,147932,912873418,Children's Social Care,A61060,Support for Children in Care,R0106002,"DCC Business Entities (Sole Trade, Partnership, Ltd)"
INSERTED DETAIL,18,Devon County Council,28/04/2026,22090278,756.00,OCEAN HEALTHCARE (TRADING AS TAHER LIMITED),346692,776836374,Children's Social Care,A61200,Community based care,R0044004,"DCC Business Entities (Sole Trade, Partnership, Ltd)"
INSERTED DETAIL,18,Devon County Council,28/04/2026,22090431,710.00,PSYCHOLOGY ASSOCIATES LIMITED,147932,912873418,Children's Social Care,A61060,Support for Children in Care,R0106002,"DCC Business Entities (Sole Trade, Partnership, Ltd)"
INSERTED DETAIL,18,Devon County Council,28/04/2026,22090656,"5,073.78",CHIPSIDE LIMITED,280928,812080569,Highways & Infrastructure Development,A49005,Other Hired & Contracting Services,R0556024,"DCC Business Entities (Sole Trade, Partnership, Ltd)"
INSERTED DETAIL,18,Devon County Council,28/04/2026,22090672,660.00,PSYCHOLOGY ASSOCIATES LIMITED,147932,912873418,P-Ledger - Separate Legal Entity,A61060,Support for Children in Care,P0432008,"DCC Business Entities (Sole Trade, Partnership, Ltd)"
INSERTED DETAIL,18,Devon County Council,28/04/2026,22091994,"6,780.11",CORVER LIMITED,370288,744698681,Children's Social Care,A20010,"Property Repairs, Maintenance & Alterations (Reactive)",R0095010,DCC CIS Suppliers
INSERTED DETAIL,18,Devon County Council,28/04/2026,22092645,"23,509.42",WESTCOUNTRY MAINTENANCE SERVICES LIMITED,229952,915005854,Capital - Schools Maintenance & Improvements,C02009,Works,C0658001,DCC CIS Suppliers
INSERTED DETAIL,18,Devon County Council,28/04/2026,22092929,"2,595.38",KENT COUNTY COUNCIL,83992,204269191,Transformation & Business Services,A21010,Gas,R0333026,"DCC Business Entities (Sole Trade, Partnership, Ltd)"
INSERTED DETAIL,18,Devon County Council,28/04/2026,22093137,"4,405.15",NEWTON ABBOT C T A,19811,931683808,P-Ledger - Separate Legal Entity,A61054,Equipment (Care),P0391002,"DCC Business Entities (Sole Trade, Partnership, Ltd)"
INSERTED DETAIL,18,Devon County Council,28/04/2026,22093510,597.66,DE VERE FARMS,24052,631389241,P-Ledger - Separate Legal Entity,A44038,Fees,P0416001,"DCC Business Entities (Sole Trade, Partnership, Ltd)"
INSERTED DETAIL,18,Devon County Council,28/04/2026,22093587,661.30,THE COLERIDGE BUSINESS,16208,,"Transport Operations, Environment and Waste",A32010,Contract Hire Scheme,R0575001,"DCC Business Entities (Sole Trade, Partnership, Ltd)"
INSERTED DETAIL,18,Devon County Council,28/04/2026,150431509,"1,291.51",M Group Highways Limited,375383,927200546,Capital - Highways,C02051,Term Maintenance Contract,C0671007,"DCC Business Entities (Sole Trade, Partnership, Ltd)"
INSERTED DETAIL,18,Devon County Council,28/04/2026,150431513,"64,729.20",M Group Highways Limited,375383,927200546,Capital - Highways,C02051,Term Maintenance Contract,C0671005,"DCC Business Entities (Sole Trade, Partnership, Ltd)"
INSERTED DETAIL,18,Devon County Council,28/04/2026,150431534,"-1,845.67",M Group Highways Limited,375383,927200546,Capital - Highways,C02051,Term Maintenance Contract,C0671007,"DCC Business Entities (Sole Trade, Partnership, Ltd)"
INSERTED DETAIL,18,Devon County Council,28/04/2026,150431696,"2,584.77",M Group Highways Limited,375383,927200546,Capital - Highways,C02051,Term Maintenance Contract,C0671007,"DCC Business Entities (Sole Trade, Partnership, Ltd)"
INSERTED DETAIL,18,Devon County Council,28/04/2026,150431697,"7,123.86",M Group Highways Limited,375383,927200546,Capital - Highways,C02051,Term Maintenance Contract,C0671007,"DCC Business Entities (Sole Trade, Partnership, Ltd)"
INSERTED DETAIL,18,Devon County Council,28/04/2026,150431699,"-3,459.99",M Group Highways Limited,375383,927200546,Capital - Highways,C02051,Term Maintenance Contract,C0671006,"DCC Business Entities (Sole Trade, Partnership, Ltd)"
INSERTED DETAIL,18,Devon County Council,28/04/2026,150431713,-750.00,M Group Highways Limited,375383,927200546,Capital - Highways,C02051,Term Maintenance Contract,C0671006,"DCC Business Entities (Sole Trade, Partnership, Ltd)"
INSERTED DETAIL,18,Devon County Council,28/04/2026,150431717,-654.09,M Group Highways Limited,375383,927200546,Capital - Highways,C02051,Term Maintenance Contract,C0671006,"DCC Business Entities (Sole Trade, Partnership, Ltd)"
INSERTED DETAIL,18,Devon County Council,28/04/2026,150432261,"-1,872.37",M Group Highways Limited,375383,927200546,Capital - Highways,C02051,Term Maintenance Contract,C0671006,"DCC Business Entities (Sole Trade, Partnership, Ltd)"
INSERTED DETAIL,18,Devon County Council,28/04/2026,150432267,"-1,190.52",M Group Highways Limited,375383,927200546,Capital - Highways,C02051,Term Maintenance Contract,C0671006,"DCC Business Entities (Sole Trade, Partnership, Ltd)"
INSERTED DETAIL,18,Devon County Council,28/04/2026,150433015,"17,598.25",M Group Highways Limited,375383,927200546,Highways & Infrastructure Development,A46100,Main / Term Contractor,R0560011,"DCC Business Entities (Sole Trade, Partnership, Ltd)"
INSERTED DETAIL,18,Devon County Council,28/04/2026,150433021,"2,696.07",M Group Highways Limited,375383,927200546,Capital - Highways,C02051,Term Maintenance Contract,C0671007,"DCC Business Entities (Sole Trade, Partnership, Ltd)"
INSERTED DETAIL,18,Devon County Council,28/04/2026,150433035,"-19,673.00",M Group Highways Limited,375383,927200546,Capital - Highways,C02051,Term Maintenance Contract,C0671006,"DCC Business Entities (Sole Trade, Partnership, Ltd)"
INSERTED DETAIL,18,Devon County Council,29/04/2026,22082872,795.00,SAM WYSOKI CARE OF WALNUT HOUSE,386626,438365277,"Chief Exec, Legal & Democratic services",A44968,Legal & Conveyancing Charges,R0276001,"DCC Business Entities (Sole Trade, Partnership, Ltd)"
INSERTED DETAIL,18,Devon County Council,29/04/2026,22087681,"9,016.21",STONEWATER LIMITED,308997,918433320,Children's Social Care,A62000,Supported Accommodation - Child,R0026003,"DCC Business Entities (Sole Trade, Partnership, Ltd)"
INSERTED DETAIL,18,Devon County Council,29/04/2026,22087682,"4,891.90",STONEWATER LIMITED,308997,918433320,Children's Social Care,A62000,Supported Accommodation - Child,R0026003,"DCC Business Entities (Sole Trade, Partnership, Ltd)"
INSERTED DETAIL,18,Devon County Council,29/04/2026,22088176,500.00,SENSORY BALANCE LIMITED,405405,,P-Ledger - Separate Legal Entity,A61060,Support for Children in Care,P0432008,"DCC Business Entities (Sole Trade, Partnership, Ltd)"
INSERTED DETAIL,18,Devon County Council,29/04/2026,22089581,"1,148.40",NORTHBROOK COMMUNITY TRUST,88755,,Children's Social Care,A22005,Building Rents,R0015002,"DCC Business Entities (Sole Trade, Partnership, Ltd)"
INSERTED DETAIL,18,Devon County Council,29/04/2026,22089910,712.00,STEPHENSONS SOLICITORS,394642,294832719,"Chief Exec, Legal & Democratic services",A44968,Legal & Conveyancing Charges,R0276001,"DCC Business Entities (Sole Trade, Partnership, Ltd)"
INSERTED DETAIL,18,Devon County Council,29/04/2026,22089938,"1,425.00",SENSORY CONNECTIONS LIMITED (C.WEST),383865,,Children's Social Care,A44038,Fees,R0015004,"DCC Business Entities (Sole Trade, Partnership, Ltd)"
INSERTED DETAIL,18,Devon County Council,29/04/2026,22089945,510.00,Michelle Blundy T/A Blossoming Minds,360726,,P-Ledger - Separate Legal Entity,A61060,Support for Children in Care,P0432008,"DCC Business Entities (Sole Trade, Partnership, Ltd)"
INSERTED DETAIL,18,Devon County Council,29/04/2026,22090077,540.00,Michelle Blundy T/A Blossoming Minds,360726,,P-Ledger - Separate Legal Entity,A61060,Support for Children in Care,P0432008,"DCC Business Entities (Sole Trade, Partnership, Ltd)"
INSERTED DETAIL,18,Devon County Council,29/04/2026,22090371,500.95,WESTBANK COMMUNITY HEALTH & CARE,65217,277497150,People and Culture,A22010,Hire of Rooms,R0303005,"DCC Business Entities (Sole Trade, Partnership, Ltd)"
INSERTED DETAIL,18,Devon County Council,29/04/2026,22091325,"2,495.00",PROMOTING INDEPENDENT CARE LIMITED,376159,,Children's Social Care,A61200,Community based care,R0044004,"DCC Business Entities (Sole Trade, Partnership, Ltd)"
INSERTED DETAIL,18,Devon County Council,29/04/2026,22091713,"1,526.91",LEXIA EDUCATION SERVICES LIMITED,376344,376218677,Dedicated Schools Grant,A44185,Other professional Services (Schools),R0082007,"DCC Business Entities (Sole Trade, Partnership, Ltd)"
INSERTED DETAIL,18,Devon County Council,29/04/2026,22092547,"3,900.00",SOUND COMMUNITIES COMMUNITY INTEREST COMPANY,340925,,Dedicated Schools Grant,A44185,Other professional Services (Schools),R0082007,"DCC Business Entities (Sole Trade, Partnership, Ltd)"
INSERTED DETAIL,18,Devon County Council,29/04/2026,22092624,"2,079.20",LEXIA EDUCATION SERVICES LIMITED,376344,376218677,Dedicated Schools Grant,A44185,Other professional Services (Schools),R0082007,"DCC Business Entities (Sole Trade, Partnership, Ltd)"
INSERTED DETAIL,18,Devon County Council,29/04/2026,22093303,"7,934.66",ANDREW LISTER,604459,851330258,"Capital - Planning, Transportation and Environment",C06001,Capital Grants paid to other third parties (Not WGA/VCSE),C0656001,"DCC Business Entities (Sole Trade, Partnership, Ltd)"
INSERTED DETAIL,18,Devon County Council,29/04/2026,22093468,"1,437.50",SOUND COMMUNITIES COMMUNITY INTEREST COMPANY,340925,,Dedicated Schools Grant,A44185,Other professional Services (Schools),R0082007,"DCC Business Entities (Sole Trade, Partnership, Ltd)"
INSERTED DETAIL,18,Devon County Council,29/04/2026,22093640,"6,344.00",WALES & WEST UTILITIES LIMITED,178421,851008849,Capital - Highways,C02009,Works,C0671008,"DCC Business Entities (Sole Trade, Partnership, Ltd)"
INSERTED DETAIL,18,Devon County Council,29/04/2026,22093700,"4,872.74",TEIGNBRIDGE DISTRICT COUNCIL,4872,142214023,Highways & Infrastructure Development,A23005,Rates,R0552004,"DCC Business Entities (Sole Trade, Partnership, Ltd)"
INSERTED DETAIL,18,Devon County Council,29/04/2026,22093810,833.00,BRITISH RED CROSS (PAISLEY),143054,706926227,Highways & Infrastructure Development,A16015,Staff Training Expenses - Non Payroll,R0558001,"DCC Business Entities (Sole Trade, Partnership, Ltd)"
INSERTED DETAIL,18,Devon County Council,29/04/2026,22093812,750.00,BRITISH RED CROSS (PAISLEY),143054,706926227,Highways & Infrastructure Development,A16015,Staff Training Expenses - Non Payroll,R0558001,"DCC Business Entities (Sole Trade, Partnership, Ltd)"
INSERTED DETAIL,18,Devon County Council,29/04/2026,22093832,"14,566.10",Analytical Services International Ltd,307650,363423802,"Chief Exec, Legal & Democratic services",A44038,Fees,R0506002,"DCC Business Entities (Sole Trade, Partnership, Ltd)"
INSERTED DETAIL,18,Devon County Council,29/04/2026,22093862,"2,100.00",SPARKS LEARNING LIMITED,394786,,Dedicated Schools Grant,A44185,Other professional Services (Schools),R0082007,"DCC Business Entities (Sole Trade, Partnership, Ltd)"
INSERTED DETAIL,18,Devon County Council,29/04/2026,22094022,"4,515.00",THE APRICOT CENTRE CIC,341760,227454701,"Economy, Enterprise and Skills",A44038,Fees,R0546004,"DCC Business Entities (Sole Trade, Partnership, Ltd)"
INSERTED DETAIL,18,Devon County Council,29/04/2026,22094037,"5,056.80",THE APRICOT CENTRE CIC,341760,227454701,"Economy, Enterprise and Skills",A44038,Fees,R0546004,"DCC Business Entities (Sole Trade, Partnership, Ltd)"
INSERTED DETAIL,18,Devon County Council,29/04/2026,22094048,756.00,THE APRICOT CENTRE CIC,341760,227454701,"Economy, Enterprise and Skills",A44038,Fees,R0546004,"DCC Business Entities (Sole Trade, Partnership, Ltd)"
INSERTED DETAIL,18,Devon County Council,29/04/2026,22094069,"11,869.76",ARTHUR J GALLAGHER INS BROKER,352755,484746209,"Economy, Enterprise and Skills",A49025,General Insurance,R0543003,"DCC Business Entities (Sole Trade, Partnership, Ltd)"
INSERTED DETAIL,18,Devon County Council,29/04/2026,150431518,"4,735.77",M Group Highways Limited,375383,927200546,Highways & Infrastructure Development,A46100,Main / Term Contractor,R0554001,"DCC Business Entities (Sole Trade, Partnership, Ltd)"
INSERTED DETAIL,18,Devon County Council,29/04/2026,150432263,"-2,872.37",M Group Highways Limited,375383,927200546,Capital - Highways,C02051,Term Maintenance Contract,C0671006,"DCC Business Entities (Sole Trade, Partnership, Ltd)"
INSERTED DETAIL,18,Devon County Council,29/04/2026,150433011,657.68,M Group Highways Limited,375383,927200546,Capital - Highways,C02051,Term Maintenance Contract,C0671005,"DCC Business Entities (Sole Trade, Partnership, Ltd)"
INSERTED DETAIL,18,Devon County Council,29/04/2026,150433022,"-2,507.22",M Group Highways Limited,375383,927200546,Capital - Highways,C02051,Term Maintenance Contract,C0652001,"DCC Business Entities (Sole Trade, Partnership, Ltd)"
INSERTED DETAIL,18,Devon County Council,29/04/2026,150433023,"-4,744.51",M Group Highways Limited,375383,927200546,Capital - Highways,C02051,Term Maintenance Contract,C0652001,"DCC Business Entities (Sole Trade, Partnership, Ltd)"
INSERTED DETAIL,18,Devon County Council,29/04/2026,150434014,"4,182.61",M Group Highways Limited,375383,927200546,Capital - Highways,C02051,Term Maintenance Contract,C0652001,"DCC Business Entities (Sole Trade, Partnership, Ltd)"
INSERTED DETAIL,18,Devon County Council,29/04/2026,150434017,"3,843.92",M Group Highways Limited,375383,927200546,Capital - Highways,C02051,Term Maintenance Contract,C0652001,"DCC Business Entities (Sole Trade, Partnership, Ltd)"
INSERTED DETAIL,18,Devon County Council,29/04/2026,150434022,"1,080.86",M Group Highways Limited,375383,927200546,Capital - Highways,C02051,Term Maintenance Contract,C0671006,"DCC Business Entities (Sole Trade, Partnership, Ltd)"
INSERTED DETAIL,18,Devon County Council,29/04/2026,150434024,"1,327.54",M Group Highways Limited,375383,927200546,Capital - Highways,C02051,Term Maintenance Contract,C0652001,"DCC Business Entities (Sole Trade, Partnership, Ltd)"
INSERTED DETAIL,18,Devon County Council,29/04/2026,150434033,"1,968.40",M Group Highways Limited,375383,927200546,Capital - Highways,C02051,Term Maintenance Contract,C0652001,"DCC Business Entities (Sole Trade, Partnership, Ltd)"
INSERTED DETAIL,18,Devon County Council,29/04/2026,150434039,"3,305.82",M Group Highways Limited,375383,927200546,Capital - Highways,C02051,Term Maintenance Contract,C0671006,"DCC Business Entities (Sole Trade, Partnership, Ltd)"
INSERTED DETAIL,18,Devon County Council,29/04/2026,150434040,"2,283.33",M Group Highways Limited,375383,927200546,Capital - Highways,C02051,Term Maintenance Contract,C0671006,"DCC Business Entities (Sole Trade, Partnership, Ltd)"
INSERTED DETAIL,18,Devon County Council,29/04/2026,150434041,923.53,M Group Highways Limited,375383,927200546,Capital - Highways,C02051,Term Maintenance Contract,C0671006,"DCC Business Entities (Sole Trade, Partnership, Ltd)"
INSERTED DETAIL,18,Devon County Council,29/04/2026,150434047,"3,803.70",M Group Highways Limited,375383,927200546,Capital - Highways,C02051,Term Maintenance Contract,C0671006,"DCC Business Entities (Sole Trade, Partnership, Ltd)"
INSERTED DETAIL,18,Devon County Council,30/04/2026,22082901,"4,400.00",C E D A,12641,,Children's Social Care,A61200,Community based care,R0044004,"DCC Business Entities (Sole Trade, Partnership, Ltd)"
INSERTED DETAIL,18,Devon County Council,30/04/2026,22085436,"-4,400.00",C E D A,12641,,Children's Social Care,A61200,Community based care,R0044004,"DCC Business Entities (Sole Trade, Partnership, Ltd)"
INSERTED DETAIL,18,Devon County Council,30/04/2026,22088104,770.00,MARIE DEROME,394520,,P-Ledger - Separate Legal Entity,A61060,Support for Children in Care,P0432008,"DCC Business Entities (Sole Trade, Partnership, Ltd)"
INSERTED DETAIL,18,Devon County Council,30/04/2026,22088205,968.16,Fresh Start Psychological Services Ltd,602132,403856794,P-Ledger - Separate Legal Entity,A61120,Adoptions Allowances,P0432008,"DCC Business Entities (Sole Trade, Partnership, Ltd)"
INSERTED DETAIL,18,Devon County Council,30/04/2026,22088348,630.00,DR CAS SCHNEIDER,396745,,P-Ledger - Separate Legal Entity,A61060,Support for Children in Care,P0432008,"DCC Business Entities (Sole Trade, Partnership, Ltd)"
INSERTED DETAIL,18,Devon County Council,30/04/2026,22088358,820.00,DR CAS SCHNEIDER,396745,,P-Ledger - Separate Legal Entity,A61060,Support for Children in Care,P0432008,"DCC Business Entities (Sole Trade, Partnership, Ltd)"
INSERTED DETAIL,18,Devon County Council,30/04/2026,22088440,562.00,"EBB AND FLOW, PSYCHOLOGY & EMDR",380036,,P-Ledger - Separate Legal Entity,A61060,Support for Children in Care,P0432008,"DCC Business Entities (Sole Trade, Partnership, Ltd)"
INSERTED DETAIL,18,Devon County Council,30/04/2026,22088734,"5,209.10",CULLOMPTON TOWN COUNCIL,4896,948724186,Highways & Infrastructure Development,A93520,Parking Income,R0556004,"DCC Business Entities (Sole Trade, Partnership, Ltd)"
INSERTED DETAIL,18,Devon County Council,30/04/2026,22088736,"3,899.95",TEIGNMOUTH TOWN COUNCIL,10934,322862215,Highways & Infrastructure Development,A93520,Parking Income,R0556033,"DCC Business Entities (Sole Trade, Partnership, Ltd)"
INSERTED DETAIL,18,Devon County Council,30/04/2026,22088975,712.50,THE FAMILY PLACE LIMITED,350245,,P-Ledger - Separate Legal Entity,A61120,Adoptions Allowances,P0432008,"DCC Business Entities (Sole Trade, Partnership, Ltd)"
INSERTED DETAIL,18,Devon County Council,30/04/2026,22088978,600.00,THE FAMILY PLACE LIMITED,350245,,P-Ledger - Separate Legal Entity,A61060,Support for Children in Care,P0432008,"DCC Business Entities (Sole Trade, Partnership, Ltd)"
INSERTED DETAIL,18,Devon County Council,30/04/2026,22089304,"3,730.70",ASPIRE SOCIAL WORK SERVICES LIMITED,329159,261463708,"Chief Exec, Legal & Democratic services",A44038,Fees,R0276001,"DCC Business Entities (Sole Trade, Partnership, Ltd)"
INSERTED DETAIL,18,Devon County Council,30/04/2026,22089571,"40,663.74",COUNTRY BUS,138680,631080871,"Transport Operations, Environment and Waste",A32010,Contract Hire Scheme,R0575001,"DCC Business Entities (Sole Trade, Partnership, Ltd)"
INSERTED DETAIL,18,Devon County Council,30/04/2026,22089640,750.00,USEFULPSYCHOLOGY,373810,,P-Ledger - Separate Legal Entity,A61060,Support for Children in Care,P0432008,"DCC Business Entities (Sole Trade, Partnership, Ltd)"
INSERTED DETAIL,18,Devon County Council,30/04/2026,22089742,"1,733.45",CATHERINE FITCH,365407,,Children's Social Care,A61060,Support for Children in Care,R0106002,"DCC Business Entities (Sole Trade, Partnership, Ltd)"
INSERTED DETAIL,18,Devon County Council,30/04/2026,22090062,"1,629.47",TEAM EDUCATE LIMITED BACS,374563,336808777,Dedicated Schools Grant,A44185,Other professional Services (Schools),R0082007,"DCC Business Entities (Sole Trade, Partnership, Ltd)"
INSERTED DETAIL,18,Devon County Council,30/04/2026,22090070,"1,320.00",TEAM EDUCATE LIMITED BACS,374563,336808777,Dedicated Schools Grant,A44185,Other professional Services (Schools),R0082007,"DCC Business Entities (Sole Trade, Partnership, Ltd)"
INSERTED DETAIL,18,Devon County Council,30/04/2026,22090074,"1,527.67",TEAM EDUCATE LIMITED BACS,374563,336808777,Dedicated Schools Grant,A44185,Other professional Services (Schools),R0082007,"DCC Business Entities (Sole Trade, Partnership, Ltd)"
INSERTED DETAIL,18,Devon County Council,20/04/2026,22086481,"1,520.40",PROSPERO RECRUITMENT LIMITED,352539,486704947,Dedicated Schools Grant,A44185,Other professional Services (Schools),R0082007,"DCC Business Entities (Sole Trade, Partnership, Ltd)"
INSERTED DETAIL,18,Devon County Council,20/04/2026,22086483,"2,280.60",PROSPERO RECRUITMENT LIMITED,352539,486704947,Dedicated Schools Grant,A44185,Other professional Services (Schools),R0082007,"DCC Business Entities (Sole Trade, Partnership, Ltd)"
INSERTED DETAIL,18,Devon County Council,20/04/2026,22086492,"2,280.60",PROSPERO RECRUITMENT LIMITED,352539,486704947,Dedicated Schools Grant,A44185,Other professional Services (Schools),R0082007,"DCC Business Entities (Sole Trade, Partnership, Ltd)"
INSERTED DETAIL,18,Devon County Council,20/04/2026,22086547,"68,500.00",Character Counts Ltd trading as Easy Peasy,604403,242483708,Other PH Services,A45040,IT Software,R0352008,"DCC Business Entities (Sole Trade, Partnership, Ltd)"
INSERTED DETAIL,18,Devon County Council,20/04/2026,22086593,"1,800.00",APPLE TREE FARM SERVICES,369438,,Dedicated Schools Grant,A44180,Services for Educational Estabs - Devon,R0010004,"DCC Business Entities (Sole Trade, Partnership, Ltd)"
INSERTED DETAIL,18,Devon County Council,20/04/2026,22086826,"3,078.00",DAN WOOLLACOTT FENCING,358106,278397149,Highways & Infrastructure Development,A49005,Other Hired & Contracting Services,R0553001,DCC CIS Suppliers
INSERTED DETAIL,18,Devon County Council,20/04/2026,22086831,"1,795.73",NORSE SOUTH WEST LIMITED,279741,785421021,Transformation & Business Services,A46100,Main / Term Contractor,R0334004,"DCC Business Entities (Sole Trade, Partnership, Ltd)"
INSERTED DETAIL,18,Devon County Council,20/04/2026,22086837,"2,916.74",NORSE SOUTH WEST LIMITED,279741,785421021,Transformation & Business Services,A46100,Main / Term Contractor,R0334004,"DCC Business Entities (Sole Trade, Partnership, Ltd)"
INSERTED DETAIL,18,Devon County Council,20/04/2026,22086838,"8,468.98",KEYS PCE LIMITED,363936,927104637,Dedicated Schools Grant,A61052,Independent Special School Fees,R0089003,"DCC Business Entities (Sole Trade, Partnership, Ltd)"
INSERTED DETAIL,18,Devon County Council,20/04/2026,22086877,"2,096.50",ALICE KENT,401636,,P-Ledger - Separate Legal Entity,A61060,Support for Children in Care,P0432008,"DCC Business Entities (Sole Trade, Partnership, Ltd)"
INSERTED DETAIL,18,Devon County Council,20/04/2026,22086880,"2,096.50",ALICE KENT,401636,,P-Ledger - Separate Legal Entity,A61060,Support for Children in Care,P0432008,"DCC Business Entities (Sole Trade, Partnership, Ltd)"
INSERTED DETAIL,18,Devon County Council,20/04/2026,22086906,"1,884.59",UNIVERSITY OF EXETER-FINANCE OFF,4630,142047795,Planning,A44038,Fees,R0577002,"DCC Business Entities (Sole Trade, Partnership, Ltd)"
INSERTED DETAIL,18,Devon County Council,20/04/2026,22086923,"2,280.60",PROSPERO RECRUITMENT LIMITED,352539,486704947,Dedicated Schools Grant,A44185,Other professional Services (Schools),R0082007,"DCC Business Entities (Sole Trade, Partnership, Ltd)"
INSERTED DETAIL,18,Devon County Council,20/04/2026,22086928,"2,128.56",PROSPERO RECRUITMENT LIMITED,352539,486704947,Dedicated Schools Grant,A44185,Other professional Services (Schools),R0082007,"DCC Business Entities (Sole Trade, Partnership, Ltd)"
INSERTED DETAIL,18,Devon County Council,20/04/2026,22086932,"2,027.20",PROSPERO RECRUITMENT LIMITED,352539,486704947,Dedicated Schools Grant,A44185,Other professional Services (Schools),R0082007,"DCC Business Entities (Sole Trade, Partnership, Ltd)"
INSERTED DETAIL,18,Devon County Council,20/04/2026,22086934,608.16,PROSPERO RECRUITMENT LIMITED,352539,486704947,Dedicated Schools Grant,A44185,Other professional Services (Schools),R0082007,"DCC Business Entities (Sole Trade, Partnership, Ltd)"
INSERTED DETAIL,18,Devon County Council,20/04/2026,22086944,700.00,T.I. Soil Ecology Laboratory Ltd,603542,359368648,"Economy, Enterprise and Skills",A44038,Fees,R0547004,"DCC Business Entities (Sole Trade, Partnership, Ltd)"
INSERTED DETAIL,18,Devon County Council,20/04/2026,22086950,"1,520.40",PROSPERO RECRUITMENT LIMITED,352539,486704947,Dedicated Schools Grant,A44185,Other professional Services (Schools),R0082007,"DCC Business Entities (Sole Trade, Partnership, Ltd)"
INSERTED DETAIL,18,Devon County Council,20/04/2026,22087040,912.24,PROSPERO RECRUITMENT LIMITED,352539,486704947,Dedicated Schools Grant,A44185,Other professional Services (Schools),R0082007,"DCC Business Entities (Sole Trade, Partnership, Ltd)"
INSERTED DETAIL,18,Devon County Council,20/04/2026,22087047,608.16,PROSPERO RECRUITMENT LIMITED,352539,486704947,Dedicated Schools Grant,A44185,Other professional Services (Schools),R0082007,"DCC Business Entities (Sole Trade, Partnership, Ltd)"
INSERTED DETAIL,18,Devon County Council,20/04/2026,22087058,"2,280.60",PROSPERO RECRUITMENT LIMITED,352539,486704947,Dedicated Schools Grant,A44185,Other professional Services (Schools),R0082007,"DCC Business Entities (Sole Trade, Partnership, Ltd)"
INSERTED DETAIL,18,Devon County Council,20/04/2026,22087061,"3,167.03",PROSPERO RECRUITMENT LIMITED,352539,486704947,Dedicated Schools Grant,A44185,Other professional Services (Schools),R0082007,"DCC Business Entities (Sole Trade, Partnership, Ltd)"
INSERTED DETAIL,18,Devon County Council,20/04/2026,22087084,"2,312.17",PROSPERO RECRUITMENT LIMITED,352539,486704947,Dedicated Schools Grant,A44185,Other professional Services (Schools),R0082007,"DCC Business Entities (Sole Trade, Partnership, Ltd)"
INSERTED DETAIL,18,Devon County Council,20/04/2026,22087088,"1,520.40",PROSPERO RECRUITMENT LIMITED,352539,486704947,Dedicated Schools Grant,A44185,Other professional Services (Schools),R0082007,"DCC Business Entities (Sole Trade, Partnership, Ltd)"
INSERTED DETAIL,18,Devon County Council,20/04/2026,22087128,"49,369.72",LAND SOLUTIONS (SOUTH WEST) LTD,600521,275755659,Capital - Highways,C02009,Works,C0652001,DCC CIS Suppliers
INSERTED DETAIL,18,Devon County Council,20/04/2026,22087192,"3,229.16",VALLEY MOBILITY SERVICES LIMITED,87203,728762990,P-Ledger - Separate Legal Entity,A61054,Equipment (Care),P0391002,"DCC Business Entities (Sole Trade, Partnership, Ltd)"
INSERTED DETAIL,18,Devon County Council,30/04/2026,22090134,"3,849.86",ASPIRE SOCIAL WORK SERVICES LIMITED,329159,261463708,Children's Social Care,A61200,Community based care,R0044004,"DCC Business Entities (Sole Trade, Partnership, Ltd)"
INSERTED DETAIL,18,Devon County Council,30/04/2026,22090364,"375,000.00",Newton Consulting Limited,603169,435668565,Commissioning,A44065,Consultancy Services,R0218002,"DCC Business Entities (Sole Trade, Partnership, Ltd)"
INSERTED DETAIL,18,Devon County Council,30/04/2026,22090395,940.00,CATHERINE FITCH,365407,,Children's Social Care,A61060,Support for Children in Care,R0106002,"DCC Business Entities (Sole Trade, Partnership, Ltd)"
INSERTED DETAIL,18,Devon County Council,30/04/2026,22090435,"1,560.00",GRAPEVINE CONNECTS,405508,,P-Ledger - Separate Legal Entity,A61060,Support for Children in Care,P0432008,"DCC Business Entities (Sole Trade, Partnership, Ltd)"
INSERTED DETAIL,18,Devon County Council,30/04/2026,22090456,"47,000.00",DEVON PARTNERSHIP NHS TRUST,92211,654400557,Mental Health,A52010,"Grants to voluntary, community and social enterprise organisations",R0256001,"DCC Business Entities (Sole Trade, Partnership, Ltd)"
INSERTED DETAIL,18,Devon County Council,30/04/2026,22092278,"28,865.04",YEOMANS LIMITED,22140,834871014,"Capital - Planning, Transportation and Environment",C03008,Vehicles - Cars & Vans,C0656001,"DCC Business Entities (Sole Trade, Partnership, Ltd)"
INSERTED DETAIL,18,Devon County Council,30/04/2026,22094025,"1,226.50",PSYCHOLOGY ASSOCIATES LIMITED,147932,912873418,P-Ledger - Separate Legal Entity,A61060,Support for Children in Care,P0432008,"DCC Business Entities (Sole Trade, Partnership, Ltd)"
INSERTED DETAIL,18,Devon County Council,30/04/2026,22094127,"137,431.21",EXETER CITY COUNCIL (FINANCE),4272,142335594,Communities,A52005,Payments to Other Local Authorities,R0528004,"DCC Business Entities (Sole Trade, Partnership, Ltd)"
INSERTED DETAIL,18,Devon County Council,30/04/2026,22094135,"1,120.00",ELAINE NICHOLLES,388061,,P-Ledger - Separate Legal Entity,A61120,Adoptions Allowances,P0432008,"DCC Business Entities (Sole Trade, Partnership, Ltd)"
INSERTED DETAIL,18,Devon County Council,30/04/2026,22094407,"1,297.84",ACTION FOR CHILDREN,86729,589629566,Children's Social Care,A61044,Residential Short Breaks,R0046004,"DCC Business Entities (Sole Trade, Partnership, Ltd)"
INSERTED DETAIL,18,Devon County Council,20/04/2026,22087205,"1,143.00",Jennifer Roder Ltd,344982,,Dedicated Schools Grant,A44185,Other professional Services (Schools),R0082006,"DCC Business Entities (Sole Trade, Partnership, Ltd)"
INSERTED DETAIL,18,Devon County Council,20/04/2026,22087238,926.10,TERRAFARMER AGRICULTURE LIMITED,405152,389325554,"Economy, Enterprise and Skills",A49105,Other Supplies & Services,R0547004,"DCC Business Entities (Sole Trade, Partnership, Ltd)"
INSERTED DETAIL,18,Devon County Council,20/04/2026,22087300,"6,233.43",S C C,161520,313651680,"Transport Operations, Environment and Waste",A45015,Postages,R0588001,"DCC Business Entities (Sole Trade, Partnership, Ltd)"
INSERTED DETAIL,18,Devon County Council,20/04/2026,22087371,"3,381.00",DAN WOOLLACOTT FENCING,358106,278397149,Highways & Infrastructure Development,A49005,Other Hired & Contracting Services,R0554001,DCC CIS Suppliers
INSERTED DETAIL,18,Devon County Council,20/04/2026,22087374,"1,200.00",VALUATION OFFICE AGENCY,18662,888848141,Finance & Public Value,A44036,Valuation Fees,R0488001,"DCC Business Entities (Sole Trade, Partnership, Ltd)"
INSERTED DETAIL,18,Devon County Council,20/04/2026,22087375,510.00,WAVE CONNECTION,357133,,P-Ledger - Separate Legal Entity,A61060,Support for Children in Care,P0432008,"DCC Business Entities (Sole Trade, Partnership, Ltd)"
INSERTED DETAIL,18,Devon County Council,20/04/2026,22087401,"2,326.50",DAN WOOLLACOTT FENCING,358106,278397149,Highways & Infrastructure Development,A49005,Other Hired & Contracting Services,R0552002,DCC CIS Suppliers
INSERTED DETAIL,18,Devon County Council,20/04/2026,22087429,"12,500.00",TEIGN TREES & LANDSCAPES SOUTH WEST LIMITED,209228,250371238,Capital - Highways,C02009,Works,C0652001,DCC CIS Suppliers
INSERTED DETAIL,18,Devon County Council,20/04/2026,22087432,"1,000.00",THE BIG SHEEP,34362,692129521,Dedicated Schools Grant,A47005,"Grants, Contributions & Donations",R0055001,"DCC Business Entities (Sole Trade, Partnership, Ltd)"
INSERTED DETAIL,18,Devon County Council,20/04/2026,22087434,500.00,NORSE SOUTH WEST LIMITED,279741,785421021,Capital other - Digital Technology & Business Services,C02011,External Professional Fees,C0651001,"DCC Business Entities (Sole Trade, Partnership, Ltd)"
INSERTED DETAIL,18,Devon County Council,20/04/2026,22087464,811.20,NORSE SOUTH WEST LIMITED,279741,785421021,Capital - SEND Schools,C02011,External Professional Fees,C0660001,"DCC Business Entities (Sole Trade, Partnership, Ltd)"
INSERTED DETAIL,18,Devon County Council,20/04/2026,22087513,787.86,NORSE SOUTH WEST LIMITED,279741,785421021,"Capital - Planning, Transportation and Environment",C02011,External Professional Fees,C0671003,"DCC Business Entities (Sole Trade, Partnership, Ltd)"
INSERTED DETAIL,18,Devon County Council,20/04/2026,22087527,550.00,NORSE SOUTH WEST LIMITED,279741,785421021,Highways & Infrastructure Development,A89060,Direct Revenue Funding,R0552004,"DCC Business Entities (Sole Trade, Partnership, Ltd)"
INSERTED DETAIL,18,Devon County Council,20/04/2026,22087535,"1,648.97",NORSE SOUTH WEST LIMITED,279741,785421021,Inclusion & Learning,A46100,Main / Term Contractor,R0052001,"DCC Business Entities (Sole Trade, Partnership, Ltd)"
INSERTED DETAIL,18,Devon County Council,20/04/2026,22087543,"1,450.00",KITE THERAPEUTIC LEARNING SERVIC,380287,,Dedicated Schools Grant,A44185,Other professional Services (Schools),R0082002,"DCC Business Entities (Sole Trade, Partnership, Ltd)"
INSERTED DETAIL,18,Devon County Council,20/04/2026,22087575,"2,792.80",NORSE SOUTH WEST LIMITED,279741,785421021,Capital other - Digital Technology & Business Services,C02011,External Professional Fees,C0651001,"DCC Business Entities (Sole Trade, Partnership, Ltd)"
INSERTED DETAIL,18,Devon County Council,20/04/2026,22087592,"10,620.00",NORSE SOUTH WEST LIMITED,279741,785421021,Transformation & Business Services,A46100,Main / Term Contractor,R0334004,"DCC Business Entities (Sole Trade, Partnership, Ltd)"
INSERTED DETAIL,18,Devon County Council,20/04/2026,22087601,908.50,DAN WOOLLACOTT FENCING,358106,278397149,Highways & Infrastructure Development,A49005,Other Hired & Contracting Services,R0552002,DCC CIS Suppliers
INSERTED DETAIL,18,Devon County Council,20/04/2026,22087604,558.06,NORSE SOUTH WEST LIMITED,279741,785421021,Capital - Highways,C02011,External Professional Fees,C0671004,"DCC Business Entities (Sole Trade, Partnership, Ltd)"
INSERTED DETAIL,18,Devon County Council,20/04/2026,22087616,"1,067.46",NORSE SOUTH WEST LIMITED,279741,785421021,Highways & Infrastructure Development,A46100,Main / Term Contractor,R0573002,"DCC Business Entities (Sole Trade, Partnership, Ltd)"
INSERTED DETAIL,18,Devon County Council,20/04/2026,22087972,740.00,SENSORY BALANCE LIMITED,405405,,P-Ledger - Separate Legal Entity,A61060,Support for Children in Care,P0432008,"DCC Business Entities (Sole Trade, Partnership, Ltd)"
INSERTED DETAIL,18,Devon County Council,20/04/2026,22088021,"18,000.00",JB RADFORD PLANT HIRE AND HAULAG,18952,141002147,Capital - Highways,C02009,Works,C0652001,DCC CIS Suppliers
INSERTED DETAIL,18,Devon County Council,20/04/2026,22089009,500.90,COOK D S DR,288001,250074342,"Chief Exec, Legal & Democratic services",A44038,Fees,R0506002,"DCC Business Entities (Sole Trade, Partnership, Ltd)"
INSERTED DETAIL,18,Devon County Council,20/04/2026,22089051,"2,773.96",SOUTH WEST WATER LIMITED,8450,540465165,"Transport Operations, Environment and Waste",A49005,Other Hired & Contracting Services,R0601001,"DCC Business Entities (Sole Trade, Partnership, Ltd)"
INSERTED DETAIL,18,Devon County Council,20/04/2026,22089495,"4,866.92",THE OUTDOORS GROUP *57*,362971,312604642,Dedicated Schools Grant,A61052,Independent Special School Fees,R0089003,"DCC Business Entities (Sole Trade, Partnership, Ltd)"
INSERTED DETAIL,18,Devon County Council,20/04/2026,22089500,"4,864.08",THE OUTDOORS GROUP *57*,362971,312604642,Dedicated Schools Grant,A61052,Independent Special School Fees,R0089003,"DCC Business Entities (Sole Trade, Partnership, Ltd)"
INSERTED DETAIL,18,Devon County Council,20/04/2026,22089518,"5,939.06",THE OUTDOORS GROUP *57*,362971,312604642,Dedicated Schools Grant,A61052,Independent Special School Fees,R0089003,"DCC Business Entities (Sole Trade, Partnership, Ltd)"
INSERTED DETAIL,18,Devon County Council,20/04/2026,22089526,"4,864.17",THE OUTDOORS GROUP *57*,362971,312604642,Dedicated Schools Grant,A61052,Independent Special School Fees,R0089003,"DCC Business Entities (Sole Trade, Partnership, Ltd)"
INSERTED DETAIL,18,Devon County Council,20/04/2026,22089531,"6,680.74",THE OUTDOORS GROUP *57*,362971,312604642,Dedicated Schools Grant,A61052,Independent Special School Fees,R0089003,"DCC Business Entities (Sole Trade, Partnership, Ltd)"
INSERTED DETAIL,18,Devon County Council,20/04/2026,22089574,900.00,Jennifer Roder Ltd,344982,,Dedicated Schools Grant,A61052,Independent Special School Fees,R0089003,"DCC Business Entities (Sole Trade, Partnership, Ltd)"
INSERTED DETAIL,18,Devon County Council,20/04/2026,22089592,"6,680.74",THE OUTDOORS GROUP *57*,362971,312604642,Dedicated Schools Grant,A61052,Independent Special School Fees,R0089003,"DCC Business Entities (Sole Trade, Partnership, Ltd)"
INSERTED DETAIL,18,Devon County Council,20/04/2026,22089593,"4,864.08",THE OUTDOORS GROUP *57*,362971,312604642,Dedicated Schools Grant,A61052,Independent Special School Fees,R0089003,"DCC Business Entities (Sole Trade, Partnership, Ltd)"
INSERTED DETAIL,18,Devon County Council,20/04/2026,22089596,"4,864.08",THE OUTDOORS GROUP *57*,362971,312604642,Dedicated Schools Grant,A61052,Independent Special School Fees,R0089003,"DCC Business Entities (Sole Trade, Partnership, Ltd)"
INSERTED DETAIL,18,Devon County Council,20/04/2026,22089600,"4,864.08",THE OUTDOORS GROUP *57*,362971,312604642,Dedicated Schools Grant,A61052,Independent Special School Fees,R0089003,"DCC Business Entities (Sole Trade, Partnership, Ltd)"
INSERTED DETAIL,18,Devon County Council,20/04/2026,22089602,"6,680.74",THE OUTDOORS GROUP *57*,362971,312604642,Dedicated Schools Grant,A61052,Independent Special School Fees,R0089003,"DCC Business Entities (Sole Trade, Partnership, Ltd)"
INSERTED DETAIL,18,Devon County Council,20/04/2026,22089603,"4,864.08",THE OUTDOORS GROUP *57*,362971,312604642,Dedicated Schools Grant,A61052,Independent Special School Fees,R0089003,"DCC Business Entities (Sole Trade, Partnership, Ltd)"
INSERTED DETAIL,18,Devon County Council,20/04/2026,22089604,"6,881.17",THE OUTDOORS GROUP *57*,362971,312604642,Dedicated Schools Grant,A61052,Independent Special School Fees,R0089003,"DCC Business Entities (Sole Trade, Partnership, Ltd)"
INSERTED DETAIL,18,Devon County Council,20/04/2026,22089606,"4,864.08",THE OUTDOORS GROUP *57*,362971,312604642,Dedicated Schools Grant,A61052,Independent Special School Fees,R0089003,"DCC Business Entities (Sole Trade, Partnership, Ltd)"
INSERTED DETAIL,18,Devon County Council,20/04/2026,22089728,"4,864.08",THE OUTDOORS GROUP *57*,362971,312604642,Dedicated Schools Grant,A61052,Independent Special School Fees,R0089003,"DCC Business Entities (Sole Trade, Partnership, Ltd)"
INSERTED DETAIL,18,Devon County Council,20/04/2026,22089731,"4,864.08",THE OUTDOORS GROUP *57*,362971,312604642,Dedicated Schools Grant,A61052,Independent Special School Fees,R0089003,"DCC Business Entities (Sole Trade, Partnership, Ltd)"
INSERTED DETAIL,18,Devon County Council,20/04/2026,22089733,"5,939.13",THE OUTDOORS GROUP *57*,362971,312604642,Dedicated Schools Grant,A61052,Independent Special School Fees,R0089003,"DCC Business Entities (Sole Trade, Partnership, Ltd)"
INSERTED DETAIL,18,Devon County Council,20/04/2026,22089736,"4,866.92",THE OUTDOORS GROUP *57*,362971,312604642,Dedicated Schools Grant,A61052,Independent Special School Fees,R0089003,"DCC Business Entities (Sole Trade, Partnership, Ltd)"
INSERTED DETAIL,18,Devon County Council,20/04/2026,22089740,"6,680.74",THE OUTDOORS GROUP *57*,362971,312604642,Dedicated Schools Grant,A61052,Independent Special School Fees,R0089003,"DCC Business Entities (Sole Trade, Partnership, Ltd)"
INSERTED DETAIL,18,Devon County Council,20/04/2026,22090368,942.86,ACADEMY21 LIMITED,337165,112432760,Dedicated Schools Grant,A44185,Other professional Services (Schools),R0082007,"DCC Business Entities (Sole Trade, Partnership, Ltd)"
INSERTED DETAIL,18,Devon County Council,20/04/2026,22090500,999.88,REFUGEE SUPPORT (DEVON) LIMITED,105938,,Communities,A52010,"Grants to voluntary, community and social enterprise organisations",R0530012,"DCC Business Entities (Sole Trade, Partnership, Ltd)"
INSERTED DETAIL,18,Devon County Council,20/04/2026,22090502,"4,000.00",ST SIDWELLS CENTRE,65554,,Communities,A52010,"Grants to voluntary, community and social enterprise organisations",R0530009,"DCC Business Entities (Sole Trade, Partnership, Ltd)"
INSERTED DETAIL,18,Devon County Council,20/04/2026,22090503,"9,000.00",ST SIDWELLS CENTRE,65554,,Communities,A52010,"Grants to voluntary, community and social enterprise organisations",R0530012,"DCC Business Entities (Sole Trade, Partnership, Ltd)"
INSERTED DETAIL,18,Devon County Council,20/04/2026,22090516,"1,143.56",LEXIA EDUCATION SERVICES LIMITED,376344,376218677,Dedicated Schools Grant,A44185,Other professional Services (Schools),R0082007,"DCC Business Entities (Sole Trade, Partnership, Ltd)"
INSERTED DETAIL,18,Devon County Council,20/04/2026,22090654,980.10,FIRST CARE AMBULANCE LIMITED,98315,238628481,"Chief Exec, Legal & Democratic services",A49005,Other Hired & Contracting Services,R0506002,"DCC Business Entities (Sole Trade, Partnership, Ltd)"
INSERTED DETAIL,18,Devon County Council,20/04/2026,22090670,"1,808.57",FIRST CARE AMBULANCE LIMITED,98315,238628481,"Chief Exec, Legal & Democratic services",A49005,Other Hired & Contracting Services,R0506002,"DCC Business Entities (Sole Trade, Partnership, Ltd)"
INSERTED DETAIL,18,Devon County Council,20/04/2026,22090822,"5,151.00",MONICA Y ZAPATA LOPEZ,392518,,Transformation & Business Services,A62000,Supported Accommodation - Child,R0333028,"DCC Business Entities (Sole Trade, Partnership, Ltd)"
INSERTED DETAIL,18,Devon County Council,20/04/2026,22090836,921.87,FIRST CARE AMBULANCE LIMITED,98315,238628481,"Chief Exec, Legal & Democratic services",A49005,Other Hired & Contracting Services,R0506002,"DCC Business Entities (Sole Trade, Partnership, Ltd)"
INSERTED DETAIL,18,Devon County Council,20/04/2026,22090901,519.80,LEXIA EDUCATION SERVICES LIMITED,376344,376218677,Dedicated Schools Grant,A44185,Other professional Services (Schools),R0082007,"DCC Business Entities (Sole Trade, Partnership, Ltd)"
INSERTED DETAIL,18,Devon County Council,20/04/2026,22090915,"5,151.00",MONICA Y ZAPATA LOPEZ,392518,,Transformation & Business Services,A62000,Supported Accommodation - Child,R0333028,"DCC Business Entities (Sole Trade, Partnership, Ltd)"
INSERTED DETAIL,18,Devon County Council,20/04/2026,22090929,"3,306.33",HIGHGATE HILL HOUSE SCHOOL LIMITED,346763,509395958,Dedicated Schools Grant,A61052,Independent Special School Fees,R0089003,"DCC Business Entities (Sole Trade, Partnership, Ltd)"
INSERTED DETAIL,18,Devon County Council,20/04/2026,22090989,"5,657.50",ACORN CARE & EDUCATION LIMITED,333557,902188441,Dedicated Schools Grant,A61052,Independent Special School Fees,R0089003,"DCC Business Entities (Sole Trade, Partnership, Ltd)"
INSERTED DETAIL,18,Devon County Council,20/04/2026,22091067,611.13,STAGECOACH DEVON LIMITED,21413,435757819,Transformation & Business Services,A57125,Bus Services,R0334004,"DCC Business Entities (Sole Trade, Partnership, Ltd)"
INSERTED DETAIL,18,Devon County Council,20/04/2026,22091467,"3,075.00",JOCKEY CLUB RACECOURSES LIMITED,134545,629971981,2024/25 Children's Social Care,A22010,Hire of Rooms,R0037002,"DCC Business Entities (Sole Trade, Partnership, Ltd)"
INSERTED DETAIL,18,Devon County Council,20/04/2026,22091650,"5,351.54",ACORN CARE & EDUCATION LIMITED,333557,902188441,Dedicated Schools Grant,A61052,Independent Special School Fees,R0089003,"DCC Business Entities (Sole Trade, Partnership, Ltd)"
INSERTED DETAIL,18,Devon County Council,20/04/2026,22091660,"6,376.94",ACORN CARE & EDUCATION LIMITED,333557,902188441,Dedicated Schools Grant,A61052,Independent Special School Fees,R0089003,"DCC Business Entities (Sole Trade, Partnership, Ltd)"
INSERTED DETAIL,18,Devon County Council,20/04/2026,22091665,"7,622.68",ACORN CARE & EDUCATION LIMITED,333557,902188441,Dedicated Schools Grant,A61052,Independent Special School Fees,R0089003,"DCC Business Entities (Sole Trade, Partnership, Ltd)"
INSERTED DETAIL,18,Devon County Council,20/04/2026,22091673,"6,376.94",ACORN CARE & EDUCATION LIMITED,333557,902188441,Dedicated Schools Grant,A61052,Independent Special School Fees,R0089003,"DCC Business Entities (Sole Trade, Partnership, Ltd)"
INSERTED DETAIL,18,Devon County Council,20/04/2026,22091678,"5,408.33",ACORN CARE & EDUCATION LIMITED,333557,902188441,Dedicated Schools Grant,A61052,Independent Special School Fees,R0089003,"DCC Business Entities (Sole Trade, Partnership, Ltd)"
INSERTED DETAIL,18,Devon County Council,20/04/2026,22091681,"5,408.33",ACORN CARE & EDUCATION LIMITED,333557,902188441,Dedicated Schools Grant,A61052,Independent Special School Fees,R0089003,"DCC Business Entities (Sole Trade, Partnership, Ltd)"
INSERTED DETAIL,18,Devon County Council,21/04/2026,22085121,900.00,THE CHILD PSYCHOLOGY SERVICE CIC,368451,,P-Ledger - Separate Legal Entity,A61060,Support for Children in Care,P0432008,"DCC Business Entities (Sole Trade, Partnership, Ltd)"
INSERTED DETAIL,18,Devon County Council,21/04/2026,22086883,537.50,ALICE KENT,401636,,P-Ledger - Separate Legal Entity,A61060,Support for Children in Care,P0432008,"DCC Business Entities (Sole Trade, Partnership, Ltd)"
INSERTED DETAIL,18,Devon County Council,21/04/2026,22086887,833.33,STRAIGHT LINE NUTRITION LIMITED,395221,,"Economy, Enterprise and Skills",A49105,Other Supplies & Services,R0547004,"DCC Business Entities (Sole Trade, Partnership, Ltd)"
INSERTED DETAIL,18,Devon County Council,21/04/2026,22087293,580.00,EARTH UNCOVERED,390314,,P-Ledger - Separate Legal Entity,A61060,Support for Children in Care,P0432008,"DCC Business Entities (Sole Trade, Partnership, Ltd)"
INSERTED DETAIL,18,Devon County Council,21/04/2026,22087361,540.00,EARTH UNCOVERED,390314,,P-Ledger - Separate Legal Entity,A61060,Support for Children in Care,P0432008,"DCC Business Entities (Sole Trade, Partnership, Ltd)"
INSERTED DETAIL,18,Devon County Council,21/04/2026,22087399,"1,440.00",COMPANY FILM SOLUTIONS LIMITED,315124,160729215,P-Ledger - Separate Legal Entity,A44038,Fees,P0432003,"DCC Business Entities (Sole Trade, Partnership, Ltd)"
INSERTED DETAIL,18,Devon County Council,21/04/2026,22087402,"1,511.75",NEXT STEPS EDUCATION LIMITED,389810,440621822,Dedicated Schools Grant,A44185,Other professional Services (Schools),R0082007,"DCC Business Entities (Sole Trade, Partnership, Ltd)"
INSERTED DETAIL,18,Devon County Council,21/04/2026,22087728,559.80,BLEEP 360 CARE LIMITED,360406,355167685,Children's Social Care,A61200,Community based care,R0044004,"DCC Business Entities (Sole Trade, Partnership, Ltd)"
INSERTED DETAIL,18,Devon County Council,21/04/2026,22088941,523.50,BIFFA WASTE SERVICES LIMITED,20272,537911627,Highways & Infrastructure Development,A27015,Refuse Collection,R0550007,"DCC Business Entities (Sole Trade, Partnership, Ltd)"
INSERTED DETAIL,18,Devon County Council,21/04/2026,22089472,679.33,OCEAN HEALTHCARE,371633,776836374,Operations,A11005,Agency Supply Staff,R0268001,"DCC Business Entities (Sole Trade, Partnership, Ltd)"
INSERTED DETAIL,18,Devon County Council,21/04/2026,22090572,593.20,KENT COUNTY COUNCIL,83992,204269191,Operations,A21010,Gas,R0253002,"DCC Business Entities (Sole Trade, Partnership, Ltd)"
INSERTED DETAIL,18,Devon County Council,21/04/2026,22090577,539.47,KENT COUNTY COUNCIL,83992,204269191,Operations,A21010,Gas,R0253001,"DCC Business Entities (Sole Trade, Partnership, Ltd)"
INSERTED DETAIL,18,Devon County Council,21/04/2026,22090629,"1,580.79",KENT COUNTY COUNCIL,83992,204269191,Operations,A21010,Gas,R0269001,"DCC Business Entities (Sole Trade, Partnership, Ltd)"
INSERTED DETAIL,18,Devon County Council,21/04/2026,22090773,"10,912.03",KENT COUNTY COUNCIL,83992,204269191,Transformation & Business Services,A21010,Gas,R0333026,"DCC Business Entities (Sole Trade, Partnership, Ltd)"
INSERTED DETAIL,18,Devon County Council,21/04/2026,22090779,806.43,KENT COUNTY COUNCIL,83992,204269191,Children's Social Care,A21010,Gas,R0095003,"DCC Business Entities (Sole Trade, Partnership, Ltd)"
INSERTED DETAIL,18,Devon County Council,21/04/2026,22090887,"8,782.41",D W M L HOLDINGS LIMITED,345026,823821047,"Transport Operations, Environment and Waste",A46100,Main / Term Contractor,R0605002,"DCC Business Entities (Sole Trade, Partnership, Ltd)"
INSERTED DETAIL,18,Devon County Council,21/04/2026,22091355,"323,917.86",HEYWOOD LIMITED,25829,862529800,Finance & Public Value,A45005,IT Hardware,R0493001,"DCC Business Entities (Sole Trade, Partnership, Ltd)"
INSERTED DETAIL,18,Devon County Council,21/04/2026,22091736,"217,365.00",H M REVENUE & CUSTOMS,43301,,"Capital - Economy, Enterprise & Skills",C02006,Stamp Duty,C0648001,"DCC Business Entities (Sole Trade, Partnership, Ltd)"
INSERTED DETAIL,18,Devon County Council,21/04/2026,22092054,"1,623.72",Berry Therapy Limited,603708,,Dedicated Schools Grant,A44185,Other professional Services (Schools),R0082006,"DCC Business Entities (Sole Trade, Partnership, Ltd)"
INSERTED DETAIL,18,Devon County Council,21/04/2026,22092074,733.00,HEYWOOD LIMITED,25829,862529800,Finance & Public Value,A45005,IT Hardware,R0493001,"DCC Business Entities (Sole Trade, Partnership, Ltd)"
INSERTED DETAIL,18,Devon County Council,21/04/2026,22092153,"56,863.00",KENNFORD TARMACADAM LIMITED,24534,976391178,Capital - Highways,C02009,Works,C0671006,DCC CIS Suppliers
INSERTED DETAIL,18,Devon County Council,21/04/2026,22092155,"5,945.42",KENNFORD TARMACADAM LIMITED,24534,976391178,Capital - Highways,C02009,Works,C0652001,DCC CIS Suppliers
INSERTED DETAIL,18,Devon County Council,21/04/2026,22092186,"8,300.21",SENDme2work Ltd,601767,424778667,"Economy, Enterprise and Skills",A52010,"Grants to voluntary, community and social enterprise organisations",R0547002,"DCC Business Entities (Sole Trade, Partnership, Ltd)"
INSERTED DETAIL,18,Devon County Council,21/04/2026,22092208,"28,202.71",ABCAS (UK) LIMITED,360376,728793289,Capital - Highways,C02009,Works,C0652001,DCC CIS Suppliers
INSERTED DETAIL,18,Devon County Council,22/04/2026,22084559,"3,717.00",FOREDOWNE KENNELS & CATTERY,92508,744978772,Mental Health,A49105,Other Supplies & Services,R0256001,"DCC Business Entities (Sole Trade, Partnership, Ltd)"
INSERTED DETAIL,18,Devon County Council,22/04/2026,22084604,"20,510.55",SWARCO UK & IRELAND LIMITED,13690,568335022,"Capital - Planning, Transportation and Environment",C02009,Works,C0671011,DCC CIS Suppliers
INSERTED DETAIL,18,Devon County Council,22/04/2026,22085629,600.00,S J REED (AGRICULTRAL CONTRCTOR),19332,379430035,Highways & Infrastructure Development,A49005,Other Hired & Contracting Services,R0557002,DCC CIS Suppliers
INSERTED DETAIL,18,Devon County Council,22/04/2026,22085741,675.00,Mercer Artbox,602136,,Children's Social Care,A61120,Adoptions Allowances,R0106002,"DCC Business Entities (Sole Trade, Partnership, Ltd)"
INSERTED DETAIL,18,Devon County Council,22/04/2026,22085990,"1,680.00",LEONE ELLIS THERAPEUTIC SERVICES,398323,,Children's Social Care,A61060,Support for Children in Care,R0106002,"DCC Business Entities (Sole Trade, Partnership, Ltd)"
INSERTED DETAIL,18,Devon County Council,22/04/2026,22086386,818.00,TOR ZAKARIA@HOLDING LITTLE ACORN,398462,,P-Ledger - Separate Legal Entity,A61060,Support for Children in Care,P0432008,"DCC Business Entities (Sole Trade, Partnership, Ltd)"
INSERTED DETAIL,18,Devon County Council,22/04/2026,22086618,710.00,PSYCHOLOGY ASSOCIATES LIMITED,147932,912873418,P-Ledger - Separate Legal Entity,A61060,Support for Children in Care,P0432008,"DCC Business Entities (Sole Trade, Partnership, Ltd)"
INSERTED DETAIL,18,Devon County Council,22/04/2026,22086842,"11,620.51",KEYS PCE LIMITED,363936,927104637,Dedicated Schools Grant,A61052,Independent Special School Fees,R0089003,"DCC Business Entities (Sole Trade, Partnership, Ltd)"
INSERTED DETAIL,18,Devon County Council,22/04/2026,22086849,"8,469.03",KEYS PCE LIMITED,363936,927104637,Dedicated Schools Grant,A61052,Independent Special School Fees,R0089003,"DCC Business Entities (Sole Trade, Partnership, Ltd)"
INSERTED DETAIL,18,Devon County Council,22/04/2026,22087169,"6,139.80",GLANVILLE CLEANSING LIMITED,26156,402260215,Capital - Highways,C02009,Works,C0652001,DCC CIS Suppliers
INSERTED DETAIL,18,Devon County Council,22/04/2026,22087178,"5,989.63",QUALITY MARKING SERVICES LIMITED,86608,777323994,Highways & Infrastructure Development,A49005,Other Hired & Contracting Services,R0556038,DCC CIS Suppliers
INSERTED DETAIL,18,Devon County Council,22/04/2026,22087188,949.44,CUSTOMER THERMOMETER LIMITED,383480,497252651,Transformation & Business Services,A47010,Subscriptions,R0476003,"DCC Business Entities (Sole Trade, Partnership, Ltd)"
INSERTED DETAIL,18,Devon County Council,22/04/2026,22087204,527.70,Juliet Hoole,600342,,Children's Social Care,A44038,Fees,R0095007,"DCC Business Entities (Sole Trade, Partnership, Ltd)"
INSERTED DETAIL,18,Devon County Council,22/04/2026,22087330,"11,009.86",W J SOUTH WEST LIMITED,308541,970783388,Capital - Highways,C02009,Works,C0652001,"DCC Business Entities (Sole Trade, Partnership, Ltd)"
INSERTED DETAIL,18,Devon County Council,22/04/2026,22087366,"4,950.00",INSPIRE SOUTH WEST,326670,,Dedicated Schools Grant,A44185,Other professional Services (Schools),R0082007,"DCC Business Entities (Sole Trade, Partnership, Ltd)"
INSERTED DETAIL,18,Devon County Council,22/04/2026,22087418,"163,480.27",North Devon College (Exeter and North Devon Colleges Group),603346,125451632,Capital - SEND Schools,C02009,Works,C0660001,"DCC Business Entities (Sole Trade, Partnership, Ltd)"
INSERTED DETAIL,18,Devon County Council,22/04/2026,22087482,"1,200.00",DYS SPACE LIMITED,341799,253749579,Communities,A46100,Main / Term Contractor,R0329001,"DCC Business Entities (Sole Trade, Partnership, Ltd)"
INSERTED DETAIL,18,Devon County Council,22/04/2026,22087526,509.25,BE YOUR BEST MENTORING LIMITED,385179,426486966,Dedicated Schools Grant,A44185,Other professional Services (Schools),R0082007,"DCC Business Entities (Sole Trade, Partnership, Ltd)"
INSERTED DETAIL,18,Devon County Council,22/04/2026,22087536,700.00,COMMUNITY SUPPORT TEAM COMMUNITY INTEREST COMPANY,302088,,Children's Social Care,A61200,Community based care,R0046004,"DCC Business Entities (Sole Trade, Partnership, Ltd)"
INSERTED DETAIL,18,Devon County Council,22/04/2026,22087557,600.00,PSYCHOLOGY ASSOCIATES LIMITED,147932,912873418,P-Ledger - Separate Legal Entity,A61060,Support for Children in Care,P0432008,"DCC Business Entities (Sole Trade, Partnership, Ltd)"
INSERTED DETAIL,18,Devon County Council,22/04/2026,22087566,945.00,G P M COUNTRYSIDE SERVICES LIMITED,360051,992035314,Capital - Highways,C02009,Works,C0652001,DCC CIS Suppliers
INSERTED DETAIL,18,Devon County Council,22/04/2026,22087630,722.50,TRUE2YOU THERAPY LIMITED,378966,,P-Ledger - Separate Legal Entity,A61060,Support for Children in Care,P0432008,"DCC Business Entities (Sole Trade, Partnership, Ltd)"
INSERTED DETAIL,18,Devon County Council,22/04/2026,22087647,630.00,SARAH BADGER,357059,,P-Ledger - Separate Legal Entity,A61060,Support for Children in Care,P0432008,"DCC Business Entities (Sole Trade, Partnership, Ltd)"
INSERTED DETAIL,18,Devon County Council,22/04/2026,22087691,"2,036.96",BE YOUR BEST MENTORING LIMITED,385179,426486966,Dedicated Schools Grant,A44185,Other professional Services (Schools),R0082007,"DCC Business Entities (Sole Trade, Partnership, Ltd)"
INSERTED DETAIL,18,Devon County Council,22/04/2026,22087697,679.00,BE YOUR BEST MENTORING LIMITED,385179,426486966,Dedicated Schools Grant,A44185,Other professional Services (Schools),R0082007,"DCC Business Entities (Sole Trade, Partnership, Ltd)"
INSERTED DETAIL,18,Devon County Council,22/04/2026,22087704,933.60,BE YOUR BEST MENTORING LIMITED,385179,426486966,Dedicated Schools Grant,A44185,Other professional Services (Schools),R0082007,"DCC Business Entities (Sole Trade, Partnership, Ltd)"
INSERTED DETAIL,18,Devon County Council,22/04/2026,22087751,900.00,CHROMA THERAPIES LIMITED TRADING AS CHROMA,350258,,P-Ledger - Separate Legal Entity,A61060,Support for Children in Care,P0432008,"DCC Business Entities (Sole Trade, Partnership, Ltd)"
INSERTED DETAIL,18,Devon County Council,22/04/2026,22087769,945.00,PSYCHOLOGY ASSOCIATES LIMITED,147932,912873418,P-Ledger - Separate Legal Entity,A61060,Support for Children in Care,P0432008,"DCC Business Entities (Sole Trade, Partnership, Ltd)"
INSERTED DETAIL,18,Devon County Council,22/04/2026,22087773,923.00,PSYCHOLOGY ASSOCIATES LIMITED,147932,912873418,P-Ledger - Separate Legal Entity,A61060,Support for Children in Care,P0432008,"DCC Business Entities (Sole Trade, Partnership, Ltd)"
INSERTED DETAIL,18,Devon County Council,22/04/2026,22087800,"1,196.00",FAMILY ADVICE SUPPORT TEAM,315005,320154260,Children's Social Care,A61200,Community based care,R0046004,"DCC Business Entities (Sole Trade, Partnership, Ltd)"
INSERTED DETAIL,18,Devon County Council,22/04/2026,22087957,"1,073.10",TEIGN TREES & LANDSCAPES SOUTH WEST LIMITED,209228,250371238,Highways & Infrastructure Development,A46100,Main / Term Contractor,R0567007,DCC CIS Suppliers
INSERTED DETAIL,18,Devon County Council,22/04/2026,22087999,"18,661.30",NHS DEVON ICB,306113,654443336,Children's Social Care,A53005,Payments to Health Authorities,R0129001,"DCC Business Entities (Sole Trade, Partnership, Ltd)"
INSERTED DETAIL,18,Devon County Council,22/04/2026,22088029,"5,067.89",Enerveo Limited,14967,382894546,Highways & Infrastructure Development,A44130,Street Lighting,R0567007,DCC CIS Suppliers
INSERTED DETAIL,18,Devon County Council,22/04/2026,22088158,"2,002.69",EXETER RUGBY CLUB LTD,34972,918551313,Dedicated Schools Grant,A44185,Other professional Services (Schools),R0082007,"DCC Business Entities (Sole Trade, Partnership, Ltd)"
INSERTED DETAIL,18,Devon County Council,22/04/2026,22088159,"1,248.00",EXETER RUGBY CLUB LTD,34972,918551313,Dedicated Schools Grant,A44185,Other professional Services (Schools),R0082007,"DCC Business Entities (Sole Trade, Partnership, Ltd)"
INSERTED DETAIL,18,Devon County Council,22/04/2026,22088204,"1,055.00",LISA FRASER-PICKARD,403917,,P-Ledger - Separate Legal Entity,A61060,Support for Children in Care,P0432008,"DCC Business Entities (Sole Trade, Partnership, Ltd)"
INSERTED DETAIL,18,Devon County Council,22/04/2026,22088239,"53,204.00",SOFTCAT LIMITED,263777,491848503,Public Health,A57115,Payments to Private Contractors,R0316084,"DCC Business Entities (Sole Trade, Partnership, Ltd)"
INSERTED DETAIL,18,Devon County Council,22/04/2026,22088249,"62,355.95",W J SOUTH WEST LIMITED,308541,970783388,Capital - Highways,C02009,Works,C0652001,"DCC Business Entities (Sole Trade, Partnership, Ltd)"
INSERTED DETAIL,18,Devon County Council,22/04/2026,22088308,"28,509.00",DAN WOOLLACOTT FENCING,358106,278397149,Capital - Highways,C02009,Works,C0652001,DCC CIS Suppliers
INSERTED DETAIL,18,Devon County Council,22/04/2026,22088344,870.00,GRAPEVINE CONNECTS,405508,,P-Ledger - Separate Legal Entity,A61060,Support for Children in Care,P0432008,"DCC Business Entities (Sole Trade, Partnership, Ltd)"
INSERTED DETAIL,18,Devon County Council,22/04/2026,22088356,"1,304.00",ARMADA SOCIAL WORK SERVICES LIMITED,382784,395853540,"Chief Exec, Legal & Democratic services",A44038,Fees,R0276001,"DCC Business Entities (Sole Trade, Partnership, Ltd)"
INSERTED DETAIL,18,Devon County Council,22/04/2026,22088426,724.32,MCCONNELLS (MIDLANDS) LIMITED,271811,126055983,Capital - Highways,C02011,External Professional Fees,C0671005,"DCC Business Entities (Sole Trade, Partnership, Ltd)"
INSERTED DETAIL,18,Devon County Council,22/04/2026,22088445,632.50,"EBB AND FLOW, PSYCHOLOGY & EMDR",380036,,P-Ledger - Separate Legal Entity,A61060,Support for Children in Care,P0432008,"DCC Business Entities (Sole Trade, Partnership, Ltd)"
INSERTED DETAIL,18,Devon County Council,22/04/2026,22088461,"1,320.00",VANGUARD SECURITY,24065,125113363,"Chief Exec, Legal & Democratic services",A20015,Security / Surveillance Equipment Maintenance,R0278001,"DCC Business Entities (Sole Trade, Partnership, Ltd)"
INSERTED DETAIL,18,Devon County Council,22/04/2026,22088472,"5,063.17",MICHELMORES,14712,140992855,Planning,A44025,Legal Expenses,R0634001,"DCC Business Entities (Sole Trade, Partnership, Ltd)"
INSERTED DETAIL,18,Devon County Council,22/04/2026,22088482,"1,343.46",Enerveo Limited,14967,382894546,Capital - Highways,C02009,Works,C0671008,DCC CIS Suppliers
INSERTED DETAIL,18,Devon County Council,22/04/2026,22088483,"6,000.00",SOUTH WEST HERITAGE TRUST,321698,197221592,Communities,A62105,Miscellaneous expenditure,R0529001,"DCC Business Entities (Sole Trade, Partnership, Ltd)"
INSERTED DETAIL,18,Devon County Council,22/04/2026,22088489,500.00,LDA DESIGN CONSULTING LIMITED,403962,344236764,P-Ledger - Separate Legal Entity,C02011,External Professional Fees,P0423003,"DCC Business Entities (Sole Trade, Partnership, Ltd)"
INSERTED DETAIL,18,Devon County Council,22/04/2026,22088490,"1,775.00",Helen Waring,600120,,P-Ledger - Separate Legal Entity,A61060,Support for Children in Care,P0432008,"DCC Business Entities (Sole Trade, Partnership, Ltd)"
INSERTED DETAIL,18,Devon County Council,22/04/2026,22088491,"1,494.00",DAN WOOLLACOTT FENCING,358106,278397149,Highways & Infrastructure Development,A49005,Other Hired & Contracting Services,R0552002,DCC CIS Suppliers
INSERTED DETAIL,18,Devon County Council,22/04/2026,22088501,950.00,Helen Waring,600120,,P-Ledger - Separate Legal Entity,A61060,Support for Children in Care,P0432008,"DCC Business Entities (Sole Trade, Partnership, Ltd)"
INSERTED DETAIL,18,Devon County Council,22/04/2026,22088558,585.00,PSYCHOLOGY ASSOCIATES LIMITED,147932,912873418,P-Ledger - Separate Legal Entity,A61060,Support for Children in Care,P0432008,"DCC Business Entities (Sole Trade, Partnership, Ltd)"
INSERTED DETAIL,18,Devon County Council,22/04/2026,22088562,818.00,DR KERRY DAVISON,401639,,P-Ledger - Separate Legal Entity,A61060,Support for Children in Care,P0432008,"DCC Business Entities (Sole Trade, Partnership, Ltd)"
INSERTED DETAIL,18,Devon County Council,22/04/2026,22088589,705.00,THE FAMILY PLACE LIMITED,350245,,P-Ledger - Separate Legal Entity,A61060,Support for Children in Care,P0432008,"DCC Business Entities (Sole Trade, Partnership, Ltd)"
INSERTED DETAIL,18,Devon County Council,22/04/2026,22088629,"73,009.00",SPECIAL PARTNERSHIP TRUST,367681,,Inclusion & Learning,A44180,Services for Educational Estabs - Devon,R0680004,"DCC Business Entities (Sole Trade, Partnership, Ltd)"
INSERTED DETAIL,18,Devon County Council,22/04/2026,22088641,"4,561.80",W J SOUTH WEST LIMITED,308541,970783388,Capital - Highways,C02009,Works,C0652001,"DCC Business Entities (Sole Trade, Partnership, Ltd)"
INSERTED DETAIL,18,Devon County Council,22/04/2026,22088752,"1,725.00",Kathryn Rees Ltd,600345,,Children's Social Care,A16015,Staff Training Expenses - Non Payroll,R0032003,"DCC Business Entities (Sole Trade, Partnership, Ltd)"
INSERTED DETAIL,18,Devon County Council,22/04/2026,22088908,"1,000.00",SARAH WATERS,401673,,P-Ledger - Separate Legal Entity,A61060,Support for Children in Care,P0432008,"DCC Business Entities (Sole Trade, Partnership, Ltd)"
INSERTED DETAIL,18,Devon County Council,22/04/2026,22088934,"2,700.00",THE FAMILY PLACE LIMITED,350245,,P-Ledger - Separate Legal Entity,A61060,Support for Children in Care,P0432008,"DCC Business Entities (Sole Trade, Partnership, Ltd)"
INSERTED DETAIL,18,Devon County Council,22/04/2026,22088976,"3,217.50",SIMPLY GREAT MEDIA,367788,479704936,Dedicated Schools Grant,A44185,Other professional Services (Schools),R0082007,"DCC Business Entities (Sole Trade, Partnership, Ltd)"
INSERTED DETAIL,18,Devon County Council,22/04/2026,22088995,"3,217.50",SIMPLY GREAT MEDIA,367788,479704936,Dedicated Schools Grant,A44185,Other professional Services (Schools),R0082007,"DCC Business Entities (Sole Trade, Partnership, Ltd)"
INSERTED DETAIL,18,Devon County Council,22/04/2026,22089010,"20,208.26",CAMBIAN CHILDCARE LIMITED,299178,190023541,Dedicated Schools Grant,A61052,Independent Special School Fees,R0089003,"DCC Business Entities (Sole Trade, Partnership, Ltd)"
INSERTED DETAIL,18,Devon County Council,22/04/2026,22089031,"3,700.00",ESTEEM TEAM COMMUNITY INTEREST COMPANY,366509,491597739,Dedicated Schools Grant,A44185,Other professional Services (Schools),R0082007,"DCC Business Entities (Sole Trade, Partnership, Ltd)"
INSERTED DETAIL,18,Devon County Council,22/04/2026,22089049,"3,625.00",ESTEEM TEAM COMMUNITY INTEREST COMPANY,366509,491597739,Dedicated Schools Grant,A44185,Other professional Services (Schools),R0082007,"DCC Business Entities (Sole Trade, Partnership, Ltd)"
INSERTED DETAIL,18,Devon County Council,22/04/2026,22089056,"1,350.00",ESTEEM TEAM COMMUNITY INTEREST COMPANY,366509,491597739,Dedicated Schools Grant,A44185,Other professional Services (Schools),R0082007,"DCC Business Entities (Sole Trade, Partnership, Ltd)"
INSERTED DETAIL,18,Devon County Council,22/04/2026,22089143,"3,685.14",FULLSTOP FIRE & SECURITY LIMITED,175778,776842676,Other PH Services,A20015,Security / Surveillance Equipment Maintenance,R0352008,DCC CIS Suppliers
INSERTED DETAIL,18,Devon County Council,22/04/2026,22089175,625.00,SKYBOUND THERAPIES LIMITED,381174,,Dedicated Schools Grant,A44185,Other professional Services (Schools),R0082006,"DCC Business Entities (Sole Trade, Partnership, Ltd)"
INSERTED DETAIL,18,Devon County Council,22/04/2026,22089207,"3,026.90",DR K SYRED,327070,,"Chief Exec, Legal & Democratic services",A44038,Fees,R0506002,"DCC Business Entities (Sole Trade, Partnership, Ltd)"
INSERTED DETAIL,18,Devon County Council,22/04/2026,22089336,720.00,Joanna North Adoption Limited,302598,784224028,P-Ledger - Separate Legal Entity,A61060,Support for Children in Care,P0432008,"DCC Business Entities (Sole Trade, Partnership, Ltd)"
INSERTED DETAIL,18,Devon County Council,22/04/2026,22089347,781.50,C E D A,12641,,Children's Social Care,A61200,Community based care,R0046004,"DCC Business Entities (Sole Trade, Partnership, Ltd)"
INSERTED DETAIL,18,Devon County Council,22/04/2026,22089403,"78,107.92",NHS DEVON ICB,306113,654443336,Public Health,A53005,Payments to Health Authorities,R0316034,"DCC Business Entities (Sole Trade, Partnership, Ltd)"
INSERTED DETAIL,18,Devon County Council,22/04/2026,22089420,"1,080.00",CHROMA THERAPIES LIMITED TRADING AS CHROMA,350258,,P-Ledger - Separate Legal Entity,A61060,Support for Children in Care,P0432008,"DCC Business Entities (Sole Trade, Partnership, Ltd)"
INSERTED DETAIL,18,Devon County Council,22/04/2026,22089488,"13,872.00",ACCESS INDEPENDENT,362868,158078583,"Chief Exec, Legal & Democratic services",A44038,Fees,R0291003,"DCC Business Entities (Sole Trade, Partnership, Ltd)"
INSERTED DETAIL,18,Devon County Council,22/04/2026,22089712,"4,864.08",THE OUTDOORS GROUP *57*,362971,312604642,Dedicated Schools Grant,A61052,Independent Special School Fees,R0089003,"DCC Business Entities (Sole Trade, Partnership, Ltd)"
INSERTED DETAIL,18,Devon County Council,22/04/2026,22089715,"4,864.08",THE OUTDOORS GROUP *57*,362971,312604642,Dedicated Schools Grant,A61052,Independent Special School Fees,R0089003,"DCC Business Entities (Sole Trade, Partnership, Ltd)"
INSERTED DETAIL,18,Devon County Council,22/04/2026,22089718,"4,893.69",THE OUTDOORS GROUP *57*,362971,312604642,Dedicated Schools Grant,A61052,Independent Special School Fees,R0089003,"DCC Business Entities (Sole Trade, Partnership, Ltd)"
INSERTED DETAIL,18,Devon County Council,22/04/2026,22089720,"6,683.03",THE OUTDOORS GROUP *57*,362971,312604642,Dedicated Schools Grant,A61052,Independent Special School Fees,R0089003,"DCC Business Entities (Sole Trade, Partnership, Ltd)"
INSERTED DETAIL,18,Devon County Council,22/04/2026,22089721,"6,683.58",THE OUTDOORS GROUP *57*,362971,312604642,Dedicated Schools Grant,A61052,Independent Special School Fees,R0089003,"DCC Business Entities (Sole Trade, Partnership, Ltd)"
INSERTED DETAIL,18,Devon County Council,22/04/2026,22089726,"6,486.16",THE OUTDOORS GROUP *57*,362971,312604642,Dedicated Schools Grant,A61052,Independent Special School Fees,R0089003,"DCC Business Entities (Sole Trade, Partnership, Ltd)"
INSERTED DETAIL,18,Devon County Council,22/04/2026,22089954,"1,000.00",ESTEEM TEAM COMMUNITY INTEREST COMPANY,366509,491597739,Dedicated Schools Grant,A44185,Other professional Services (Schools),R0082007,"DCC Business Entities (Sole Trade, Partnership, Ltd)"
INSERTED DETAIL,18,Devon County Council,22/04/2026,22089978,"1,399.60",N C F E,75234,297530960,"Economy, Enterprise and Skills",A44110,Exam Fees,R0539001,"DCC Business Entities (Sole Trade, Partnership, Ltd)"
INSERTED DETAIL,18,Devon County Council,22/04/2026,22089982,792.00,PSYCHOLOGY ASSOCIATES LIMITED,147932,912873418,P-Ledger - Separate Legal Entity,A61060,Support for Children in Care,P0432008,"DCC Business Entities (Sole Trade, Partnership, Ltd)"
INSERTED DETAIL,18,Devon County Council,22/04/2026,22089984,"14,680.50",PROMOTING INDEPENDENT CARE LIMITED,376159,,Children's Social Care,A11005,Agency Supply Staff,R0095009,"DCC Business Entities (Sole Trade, Partnership, Ltd)"
INSERTED DETAIL,18,Devon County Council,22/04/2026,22089989,"16,320.00",PROMOTING INDEPENDENT CARE LIMITED,376159,,Children's Social Care,A11005,Agency Supply Staff,R0095010,"DCC Business Entities (Sole Trade, Partnership, Ltd)"
INSERTED DETAIL,18,Devon County Council,22/04/2026,22090047,"1,152.00",CENTRAL AND NORTH WEST LONDON NHS FOUNDATION TRUST,311275,654970895,Public Health,A53005,Payments to Health Authorities,R0316066,"DCC Business Entities (Sole Trade, Partnership, Ltd)"
INSERTED DETAIL,18,Devon County Council,22/04/2026,22090101,"2,526.46",EAST DEVON DISTRICT COUN (S O ACCOUNT),8710,142218990,Transformation & Business Services,A23005,Rates,R0334005,"DCC Business Entities (Sole Trade, Partnership, Ltd)"
INSERTED DETAIL,18,Devon County Council,22/04/2026,22090104,"3,000.00",DR SHARON MAYER,351898,,P-Ledger - Separate Legal Entity,A61060,Support for Children in Care,P0432008,"DCC Business Entities (Sole Trade, Partnership, Ltd)"
INSERTED DETAIL,18,Devon County Council,22/04/2026,22090113,901.00,INVOLVE CARE SOLUTIONS LIMITED,402831,,Children's Social Care,A61200,Community based care,R0044007,"DCC Business Entities (Sole Trade, Partnership, Ltd)"
INSERTED DETAIL,18,Devon County Council,22/04/2026,22090466,"33,060.94",WHITE HORSE CONTRACTORS LIMITED,402378,316040056,"Capital - Planning, Transportation and Environment",C02009,Works,C0671003,DCC CIS Suppliers
INSERTED DETAIL,18,Devon County Council,22/04/2026,22090798,"6,025.00",MOUNT KELLY FOUNDATION,288947,237262412,Dedicated Schools Grant,A61052,Independent Special School Fees,R0089003,"DCC Business Entities (Sole Trade, Partnership, Ltd)"
INSERTED DETAIL,18,Devon County Council,22/04/2026,22090833,"4,000.00",R H ADVERTISING,22134,750461154,P-Ledger - Separate Legal Entity,A44005,Publicity/Advertising,P0419001,"DCC Business Entities (Sole Trade, Partnership, Ltd)"
INSERTED DETAIL,18,Devon County Council,22/04/2026,22091013,600.00,LEONE ELLIS THERAPEUTIC SERVICES,398323,,Children's Social Care,A61060,Support for Children in Care,R0106002,"DCC Business Entities (Sole Trade, Partnership, Ltd)"
INSERTED DETAIL,18,Devon County Council,22/04/2026,22091024,"2,330.24",TEAM CHALLENGE APPS LIMITED,399119,253231143,Communities,A44038,Fees,R0536008,"DCC Business Entities (Sole Trade, Partnership, Ltd)"
INSERTED DETAIL,18,Devon County Council,22/04/2026,22091040,"-21,854.00",WAYTHROUGH,394680,413208832,Public Health,A57115,Payments to Private Contractors,R0316047,"DCC Business Entities (Sole Trade, Partnership, Ltd)"
INSERTED DETAIL,18,Devon County Council,22/04/2026,22091179,683.78,KENT COUNTY COUNCIL,83992,204269191,Children's Social Care,A21005,Electricity,R0095006,"DCC Business Entities (Sole Trade, Partnership, Ltd)"
INSERTED DETAIL,18,Devon County Council,22/04/2026,22091387,"102,790.26",KENT COUNTY COUNCIL,83992,204269191,Highways & Infrastructure Development,A21005,Electricity,R0567003,"DCC Business Entities (Sole Trade, Partnership, Ltd)"
INSERTED DETAIL,18,Devon County Council,22/04/2026,22091432,686.17,KENT COUNTY COUNCIL,83992,204269191,"Economy, Enterprise and Skills",A21005,Electricity,R0540006,"DCC Business Entities (Sole Trade, Partnership, Ltd)"
INSERTED DETAIL,18,Devon County Council,22/04/2026,22091489,"3,112.50",JOCKEY CLUB RACECOURSES LIMITED,134545,629971981,2024/25 Children's Social Care,A22010,Hire of Rooms,R0037002,"DCC Business Entities (Sole Trade, Partnership, Ltd)"
INSERTED DETAIL,18,Devon County Council,22/04/2026,22091591,"177,226.97",MODERN SCHOOLS (EXETER) LIMITED,176325,838739084,Transformation & Business Services,A47505,PFI Charges,R0360004,"DCC Business Entities (Sole Trade, Partnership, Ltd)"
INSERTED DETAIL,18,Devon County Council,22/04/2026,22091602,"24,061.72",COVY LIMITED/ TRADING AS GARAGE SERVICES,390598,429102322,"Transport Operations, Environment and Waste",A30010,Vehicles Repairs,R0584003,"DCC Business Entities (Sole Trade, Partnership, Ltd)"
INSERTED DETAIL,18,Devon County Council,22/04/2026,22091689,"5,485.91",ACORN CARE & EDUCATION LIMITED,333557,902188441,Dedicated Schools Grant,A61052,Independent Special School Fees,R0089003,"DCC Business Entities (Sole Trade, Partnership, Ltd)"
INSERTED DETAIL,18,Devon County Council,22/04/2026,22091963,"42,671.84",TILBURY DOUGLAS LIMITED,403367,381766759,"Capital - Planning, Transportation and Environment",C02009,Works,C0654001,"DCC Business Entities (Sole Trade, Partnership, Ltd)"
INSERTED DETAIL,18,Devon County Council,22/04/2026,22091999,"4,510.95",CORVER LIMITED,370288,744698681,Children's Social Care,A20010,"Property Repairs, Maintenance & Alterations (Reactive)",R0095004,DCC CIS Suppliers
INSERTED DETAIL,18,Devon County Council,22/04/2026,22092067,750.00,SIAN DAVIS CARE OF 39 ESSEX CHAMBERS,389527,765974176,"Chief Exec, Legal & Democratic services",A44968,Legal & Conveyancing Charges,R0274001,"DCC Business Entities (Sole Trade, Partnership, Ltd)"
INSERTED DETAIL,18,Devon County Council,22/04/2026,22092273,"4,350.00",C E D A,12641,,Children's Social Care,A61200,Community based care,R0044004,"DCC Business Entities (Sole Trade, Partnership, Ltd)"
INSERTED DETAIL,18,Devon County Council,22/04/2026,22092513,"-8,063.32",BREAKTHROUGH TRANSFORMATION TRUST,248117,480468080,Dedicated Schools Grant,A61052,Independent Special School Fees,R0089003,"DCC Business Entities (Sole Trade, Partnership, Ltd)"
INSERTED DETAIL,18,Devon County Council,22/04/2026,22092522,"81,265.34",BREAKTHROUGH TRANSFORMATION TRUST,248117,480468080,Dedicated Schools Grant,A61052,Independent Special School Fees,R0089003,"DCC Business Entities (Sole Trade, Partnership, Ltd)"
INSERTED DETAIL,18,Devon County Council,22/04/2026,22092574,"1,100.00",LONDON BUILDING CONTROL LIMITED,318551,895840176,Capital - Schools Maintenance & Improvements,C02011,External Professional Fees,C0658001,"DCC Business Entities (Sole Trade, Partnership, Ltd)"
INSERTED DETAIL,18,Devon County Council,22/04/2026,22092575,"1,500.00",LONDON BUILDING CONTROL LIMITED,318551,895840176,Capital - Schools Maintenance & Improvements,C02011,External Professional Fees,C0658001,"DCC Business Entities (Sole Trade, Partnership, Ltd)"
INSERTED DETAIL,18,Devon County Council,22/04/2026,22092681,980.00,Geo Consulting Engineering Ltd,603916,111138567,Capital - Children & Schools Expansions,C02011,External Professional Fees,C0657001,"DCC Business Entities (Sole Trade, Partnership, Ltd)"
INSERTED DETAIL,18,Devon County Council,22/04/2026,22092744,"6,372.47",ACORN CARE & EDUCATION LIMITED,333557,902188441,Dedicated Schools Grant,A61052,Independent Special School Fees,R0089003,"DCC Business Entities (Sole Trade, Partnership, Ltd)"
INSERTED DETAIL,18,Devon County Council,22/04/2026,22092750,"6,372.47",ACORN CARE & EDUCATION LIMITED,333557,902188441,Dedicated Schools Grant,A61052,Independent Special School Fees,R0089003,"DCC Business Entities (Sole Trade, Partnership, Ltd)"
INSERTED DETAIL,18,Devon County Council,22/04/2026,22092753,"6,372.50",ACORN CARE & EDUCATION LIMITED,333557,902188441,Dedicated Schools Grant,A61052,Independent Special School Fees,R0089003,"DCC Business Entities (Sole Trade, Partnership, Ltd)"
INSERTED DETAIL,18,Devon County Council,22/04/2026,22092756,"1,442.56",ACORN CARE & EDUCATION LIMITED,333557,902188441,Dedicated Schools Grant,A61052,Independent Special School Fees,R0089003,"DCC Business Entities (Sole Trade, Partnership, Ltd)"
INSERTED DETAIL,18,Devon County Council,22/04/2026,22092764,"30,112.50",ACORN CARE & EDUCATION LIMITED,333557,902188441,Dedicated Schools Grant,A61052,Independent Special School Fees,R0089003,"DCC Business Entities (Sole Trade, Partnership, Ltd)"
INSERTED DETAIL,18,Devon County Council,23/04/2026,22084269,"28,549.75",MACPLANT CONSTRUCTION LIMITED,5182,367126447,"Capital - Planning, Transportation and Environment",C02009,Works,C0671003,DCC CIS Suppliers
INSERTED DETAIL,18,Devon County Council,23/04/2026,22086572,"1,162.20",HELENXP LIMITED,404409,,Children's Social Care,A44065,Consultancy Services,R0129001,"DCC Business Entities (Sole Trade, Partnership, Ltd)"
INSERTED DETAIL,18,Devon County Council,23/04/2026,22087706,"4,920.00",DAVID HORN COMMUNICATIONS LIMITED,20796,419087538,Other PH Services,A40920,Equipment,R0548001,"DCC Business Entities (Sole Trade, Partnership, Ltd)"
INSERTED DETAIL,18,Devon County Council,23/04/2026,22088048,"4,700.84",ARCADIS CONSULTING UK LIMITED,315903,762995771,"Transport Operations, Environment and Waste",A44065,Consultancy Services,R0579007,"DCC Business Entities (Sole Trade, Partnership, Ltd)"
INSERTED DETAIL,18,Devon County Council,23/04/2026,22090657,"1,421.37",WESSEX TREE SURGEONS LIMITED,18324,382780231,Highways & Infrastructure Development,A49005,Other Hired & Contracting Services,R0553005,"DCC Business Entities (Sole Trade, Partnership, Ltd)"
INSERTED DETAIL,18,Devon County Council,23/04/2026,22092734,"1,000.00",Ben Cox,604508,490171008,"Chief Exec, Legal & Democratic services",A44968,Legal & Conveyancing Charges,R0276001,"DCC Business Entities (Sole Trade, Partnership, Ltd)"
INSERTED DETAIL,18,Devon County Council,23/04/2026,22092772,"6,675.83",ACORN CARE & EDUCATION LIMITED,333557,902188441,Dedicated Schools Grant,A61052,Independent Special School Fees,R0089003,"DCC Business Entities (Sole Trade, Partnership, Ltd)"
INSERTED DETAIL,18,Devon County Council,23/04/2026,22092775,"5,492.87",ACORN CARE & EDUCATION LIMITED,333557,902188441,Dedicated Schools Grant,A61052,Independent Special School Fees,R0089003,"DCC Business Entities (Sole Trade, Partnership, Ltd)"
INSERTED DETAIL,18,Devon County Council,23/04/2026,22092778,"30,112.50",ACORN CARE & EDUCATION LIMITED,333557,902188441,Dedicated Schools Grant,A61052,Independent Special School Fees,R0089003,"DCC Business Entities (Sole Trade, Partnership, Ltd)"
INSERTED DETAIL,18,Devon County Council,23/04/2026,22092780,"6,186.87",ACORN CARE & EDUCATION LIMITED,333557,902188441,Dedicated Schools Grant,A61052,Independent Special School Fees,R0089003,"DCC Business Entities (Sole Trade, Partnership, Ltd)"
INSERTED DETAIL,18,Devon County Council,23/04/2026,22092791,"5,231.25",ACORN CARE & EDUCATION LIMITED,333557,902188441,Dedicated Schools Grant,A61052,Independent Special School Fees,R0089003,"DCC Business Entities (Sole Trade, Partnership, Ltd)"
INSERTED DETAIL,18,Devon County Council,23/04/2026,22092794,"30,112.50",ACORN CARE & EDUCATION LIMITED,333557,902188441,Dedicated Schools Grant,A61052,Independent Special School Fees,R0089003,"DCC Business Entities (Sole Trade, Partnership, Ltd)"
INSERTED DETAIL,18,Devon County Council,23/04/2026,22092806,"6,186.87",ACORN CARE & EDUCATION LIMITED,333557,902188441,Dedicated Schools Grant,A61052,Independent Special School Fees,R0089003,"DCC Business Entities (Sole Trade, Partnership, Ltd)"
INSERTED DETAIL,18,Devon County Council,23/04/2026,22093122,"1,575.00",P C C DEVON & CORNWALL,8298,631322482,Mental Health,A49105,Other Supplies & Services,R0256001,"DCC Business Entities (Sole Trade, Partnership, Ltd)"
INSERTED DETAIL,18,Devon County Council,23/04/2026,150415360,"1,778.26",M Group Highways Limited,375383,927200546,Capital - Highways,C02051,Term Maintenance Contract,C0671006,"DCC Business Entities (Sole Trade, Partnership, Ltd)"
INSERTED DETAIL,18,Devon County Council,23/04/2026,150415362,"-4,474.84",M Group Highways Limited,375383,927200546,Highways & Infrastructure Development,A46100,Main / Term Contractor,R0560006,"DCC Business Entities (Sole Trade, Partnership, Ltd)"
INSERTED DETAIL,18,Devon County Council,23/04/2026,150415374,"-49,475.29",M Group Highways Limited,375383,927200546,Highways & Infrastructure Development,A46100,Main / Term Contractor,R0560006,"DCC Business Entities (Sole Trade, Partnership, Ltd)"
INSERTED DETAIL,18,Devon County Council,23/04/2026,150415380,810.36,M Group Highways Limited,375383,927200546,Capital - Highways,C02051,Term Maintenance Contract,C0671006,"DCC Business Entities (Sole Trade, Partnership, Ltd)"
INSERTED DETAIL,18,Devon County Council,23/04/2026,150415382,"2,872.15",M Group Highways Limited,375383,927200546,Highways & Infrastructure Development,A46100,Main / Term Contractor,R0554001,"DCC Business Entities (Sole Trade, Partnership, Ltd)"
INSERTED DETAIL,18,Devon County Council,23/04/2026,150415387,"10,000.00",M Group Highways Limited,375383,927200546,Highways & Infrastructure Development,A46100,Main / Term Contractor,R0554001,"DCC Business Entities (Sole Trade, Partnership, Ltd)"
INSERTED DETAIL,18,Devon County Council,23/04/2026,150416432,"-1,100.00",M Group Highways Limited,375383,927200546,Capital - Highways,C02051,Term Maintenance Contract,C0671005,"DCC Business Entities (Sole Trade, Partnership, Ltd)"
INSERTED DETAIL,18,Devon County Council,23/04/2026,150416434,-663.97,M Group Highways Limited,375383,927200546,Capital - Highways,C02051,Term Maintenance Contract,C0671005,"DCC Business Entities (Sole Trade, Partnership, Ltd)"
INSERTED DETAIL,18,Devon County Council,23/04/2026,150416437,"-2,831.84",M Group Highways Limited,375383,927200546,Highways & Infrastructure Development,A46100,Main / Term Contractor,R0556012,"DCC Business Entities (Sole Trade, Partnership, Ltd)"
INSERTED DETAIL,18,Devon County Council,23/04/2026,150417856,"8,283.40",M Group Highways Limited,375383,927200546,Capital - Highways,C02051,Term Maintenance Contract,C0652001,"DCC Business Entities (Sole Trade, Partnership, Ltd)"
INSERTED DETAIL,18,Devon County Council,23/04/2026,150417865,"-5,478.79",M Group Highways Limited,375383,927200546,Highways & Infrastructure Development,A46100,Main / Term Contractor,R0554004,"DCC Business Entities (Sole Trade, Partnership, Ltd)"
INSERTED DETAIL,18,Devon County Council,23/04/2026,150417870,"-1,856.54",M Group Highways Limited,375383,927200546,Highways & Infrastructure Development,A46100,Main / Term Contractor,R0560004,"DCC Business Entities (Sole Trade, Partnership, Ltd)"
INSERTED DETAIL,18,Devon County Council,23/04/2026,150424185,"6,861.11",M Group Highways Limited,375383,927200546,Highways & Infrastructure Development,A46100,Main / Term Contractor,R0553004,"DCC Business Entities (Sole Trade, Partnership, Ltd)"
INSERTED DETAIL,18,Devon County Council,23/04/2026,150424186,"1,867.55",M Group Highways Limited,375383,927200546,Highways & Infrastructure Development,A46100,Main / Term Contractor,R0553004,"DCC Business Entities (Sole Trade, Partnership, Ltd)"
INSERTED DETAIL,18,Devon County Council,23/04/2026,150424189,"1,228.26",M Group Highways Limited,375383,927200546,Highways & Infrastructure Development,A46100,Main / Term Contractor,R0556034,"DCC Business Entities (Sole Trade, Partnership, Ltd)"
INSERTED DETAIL,18,Devon County Council,23/04/2026,150424194,"3,220.94",M Group Highways Limited,375383,927200546,Highways & Infrastructure Development,A46100,Main / Term Contractor,R0553004,"DCC Business Entities (Sole Trade, Partnership, Ltd)"
INSERTED DETAIL,18,Devon County Council,23/04/2026,150424197,"-1,424.62",M Group Highways Limited,375383,927200546,Highways & Infrastructure Development,A46100,Main / Term Contractor,R0553006,"DCC Business Entities (Sole Trade, Partnership, Ltd)"
INSERTED DETAIL,18,Devon County Council,23/04/2026,150424198,"-7,520.25",M Group Highways Limited,375383,927200546,Highways & Infrastructure Development,A46100,Main / Term Contractor,R0553006,"DCC Business Entities (Sole Trade, Partnership, Ltd)"
INSERTED DETAIL,18,Devon County Council,23/04/2026,150424204,"-6,603.63",M Group Highways Limited,375383,927200546,Capital - Highways,C02051,Term Maintenance Contract,C0671006,"DCC Business Entities (Sole Trade, Partnership, Ltd)"
INSERTED DETAIL,18,Devon County Council,23/04/2026,150425035,-517.61,M Group Highways Limited,375383,927200546,Capital - Highways,C02051,Term Maintenance Contract,C0671005,"DCC Business Entities (Sole Trade, Partnership, Ltd)"
INSERTED DETAIL,18,Devon County Council,23/04/2026,150425036,"-30,000.00",M Group Highways Limited,375383,927200546,Capital - Highways,C02051,Term Maintenance Contract,C0671005,"DCC Business Entities (Sole Trade, Partnership, Ltd)"
INSERTED DETAIL,18,Devon County Council,23/04/2026,150425037,"-2,123.57",M Group Highways Limited,375383,927200546,Highways & Infrastructure Development,A46100,Main / Term Contractor,R0554004,"DCC Business Entities (Sole Trade, Partnership, Ltd)"
INSERTED DETAIL,18,Devon County Council,23/04/2026,150425042,"-1,327.95",M Group Highways Limited,375383,927200546,Capital - Highways,C02051,Term Maintenance Contract,C0671005,"DCC Business Entities (Sole Trade, Partnership, Ltd)"
INSERTED DETAIL,18,Devon County Council,23/04/2026,150425045,"-10,122.97",M Group Highways Limited,375383,927200546,Capital - Highways,C02051,Term Maintenance Contract,C0671005,"DCC Business Entities (Sole Trade, Partnership, Ltd)"
INSERTED DETAIL,18,Devon County Council,23/04/2026,150425047,"-10,529.16",M Group Highways Limited,375383,927200546,Highways & Infrastructure Development,A46100,Main / Term Contractor,R0553004,"DCC Business Entities (Sole Trade, Partnership, Ltd)"
INSERTED DETAIL,18,Devon County Council,23/04/2026,150425049,"-21,795.72",M Group Highways Limited,375383,927200546,Highways & Infrastructure Development,A46100,Main / Term Contractor,R0553004,"DCC Business Entities (Sole Trade, Partnership, Ltd)"
INSERTED DETAIL,18,Devon County Council,23/04/2026,150425051,"-8,760.66",M Group Highways Limited,375383,927200546,Highways & Infrastructure Development,A46100,Main / Term Contractor,R0553006,"DCC Business Entities (Sole Trade, Partnership, Ltd)"
INSERTED DETAIL,18,Devon County Council,23/04/2026,150425054,"-4,078.54",M Group Highways Limited,375383,927200546,Highways & Infrastructure Development,A46100,Main / Term Contractor,R0553006,"DCC Business Entities (Sole Trade, Partnership, Ltd)"
INSERTED DETAIL,18,Devon County Council,23/04/2026,150425058,-965.26,M Group Highways Limited,375383,927200546,Highways & Infrastructure Development,A46100,Main / Term Contractor,R0562002,"DCC Business Entities (Sole Trade, Partnership, Ltd)"
INSERTED DETAIL,18,Devon County Council,23/04/2026,150425064,"52,969.01",M Group Highways Limited,375383,927200546,Highways & Infrastructure Development,A46100,Main / Term Contractor,R0554004,"DCC Business Entities (Sole Trade, Partnership, Ltd)"
INSERTED DETAIL,18,Devon County Council,23/04/2026,150425068,"102,106.01",M Group Highways Limited,375383,927200546,Capital - Highways,C02051,Term Maintenance Contract,C0671005,"DCC Business Entities (Sole Trade, Partnership, Ltd)"
INSERTED DETAIL,18,Devon County Council,23/04/2026,150425070,"13,162.05",M Group Highways Limited,375383,927200546,Highways & Infrastructure Development,A46100,Main / Term Contractor,R0554004,"DCC Business Entities (Sole Trade, Partnership, Ltd)"
INSERTED DETAIL,18,Devon County Council,23/04/2026,150425074,"1,013.05",M Group Highways Limited,375383,927200546,Highways & Infrastructure Development,A46100,Main / Term Contractor,R0553006,"DCC Business Entities (Sole Trade, Partnership, Ltd)"
INSERTED DETAIL,18,Devon County Council,23/04/2026,150425075,"1,966.61",M Group Highways Limited,375383,927200546,Capital - Highways,C02051,Term Maintenance Contract,C0671005,"DCC Business Entities (Sole Trade, Partnership, Ltd)"
INSERTED DETAIL,18,Devon County Council,23/04/2026,150425079,"81,128.41",M Group Highways Limited,375383,927200546,Highways & Infrastructure Development,A46100,Main / Term Contractor,R0553004,"DCC Business Entities (Sole Trade, Partnership, Ltd)"
INSERTED DETAIL,18,Devon County Council,23/04/2026,150425082,"3,049.06",M Group Highways Limited,375383,927200546,Highways & Infrastructure Development,A46100,Main / Term Contractor,R0554003,"DCC Business Entities (Sole Trade, Partnership, Ltd)"
INSERTED DETAIL,18,Devon County Council,23/04/2026,150425087,"4,398.46",M Group Highways Limited,375383,927200546,Highways & Infrastructure Development,A46100,Main / Term Contractor,R0554001,"DCC Business Entities (Sole Trade, Partnership, Ltd)"
INSERTED DETAIL,18,Devon County Council,24/04/2026,22082810,993.75,BLAZE CONCEPTS LIMITED,361469,214035065,Finance & Public Value,A45045,IT Software Maintenance,R0202001,"DCC Business Entities (Sole Trade, Partnership, Ltd)"
INSERTED DETAIL,18,Devon County Council,24/04/2026,22087517,"2,821.00",DIALOGUE CONSULTANTS LIMITED,305861,178637852,P-Ledger - Separate Legal Entity,A44175,Training/Workshops - Non Staff,P0426002,"DCC Business Entities (Sole Trade, Partnership, Ltd)"
INSERTED DETAIL,18,Devon County Council,24/04/2026,22087612,"3,500.00",Dominic Vitzthum trading as Create,603409,415297688,Children's Social Care,A44038,Fees,R0054008,"DCC Business Entities (Sole Trade, Partnership, Ltd)"
INSERTED DETAIL,18,Devon County Council,24/04/2026,22087713,"5,704.23",TUSKER DIRECT LIMITED,397548,244155576,People and Culture,A49105,Other Supplies & Services,R0502001,"DCC Business Entities (Sole Trade, Partnership, Ltd)"
INSERTED DETAIL,18,Devon County Council,24/04/2026,22088415,"2,560.40",ON TRACK EDUCATION (BURSARY PMTS),286081,478730844,Dedicated Schools Grant,A61052,Independent Special School Fees,R0089003,"DCC Business Entities (Sole Trade, Partnership, Ltd)"
INSERTED DETAIL,18,Devon County Council,24/04/2026,22088525,"7,361.16",CLIFTON CHILDRENS SOCIETY,384678,,P-Ledger - Separate Legal Entity,A47010,Subscriptions,P0432001,"DCC Business Entities (Sole Trade, Partnership, Ltd)"
INSERTED DETAIL,18,Devon County Council,24/04/2026,22088712,"4,235.56",ON TRACK EDUCATION (BURSARY PMTS),286081,478730844,Dedicated Schools Grant,A61052,Independent Special School Fees,R0089003,"DCC Business Entities (Sole Trade, Partnership, Ltd)"
INSERTED DETAIL,18,Devon County Council,24/04/2026,22088864,"21,725.00",SOUTH WEST COUNCILS,261183,131462795,"Chief Exec, Legal & Democratic services",A47010,Subscriptions,R0282001,"DCC Business Entities (Sole Trade, Partnership, Ltd)"
INSERTED DETAIL,18,Devon County Council,24/04/2026,22088917,"1,027.57",JOURNEO PASSENGER SYSTEMS LIMITED,293178,676700026,"Capital - Planning, Transportation and Environment",C02009,Works,C0671011,"DCC Business Entities (Sole Trade, Partnership, Ltd)"
INSERTED DETAIL,18,Devon County Council,24/04/2026,22089053,"3,888.00",CO ADVENTURERS LIMITED,369278,394138084,Dedicated Schools Grant,A44185,Other professional Services (Schools),R0082007,"DCC Business Entities (Sole Trade, Partnership, Ltd)"
INSERTED DETAIL,18,Devon County Council,24/04/2026,22089079,606.80,MID-CORNWALL MUSIC THERAPY,401642,,P-Ledger - Separate Legal Entity,A61060,Support for Children in Care,P0432008,"DCC Business Entities (Sole Trade, Partnership, Ltd)"
INSERTED DETAIL,18,Devon County Council,24/04/2026,22089089,500.00,PAULA PEARSON,401477,,P-Ledger - Separate Legal Entity,A61060,Support for Children in Care,P0432008,"DCC Business Entities (Sole Trade, Partnership, Ltd)"
INSERTED DETAIL,18,Devon County Council,24/04/2026,22089233,526.90,DOUGLAS ADAM DR,400750,,"Chief Exec, Legal & Democratic services",A44038,Fees,R0506002,"DCC Business Entities (Sole Trade, Partnership, Ltd)"
INSERTED DETAIL,18,Devon County Council,24/04/2026,22089238,"1,440.00",LIVE TO LEARN EDUCATION LIMITED,380514,444356785,Dedicated Schools Grant,A44185,Other professional Services (Schools),R0082007,"DCC Business Entities (Sole Trade, Partnership, Ltd)"
INSERTED DETAIL,18,Devon County Council,24/04/2026,22090049,"9,627.75",VF Consultants Limited,600473,488742435,Below the line,A44065,Consultancy Services,R0511057,"DCC Business Entities (Sole Trade, Partnership, Ltd)"
INSERTED DETAIL,18,Devon County Council,24/04/2026,22090332,"5,249.14",SPAGHETTI BRIDGE LIMITED,377380,478673138,Dedicated Schools Grant,A61052,Independent Special School Fees,R0089003,"DCC Business Entities (Sole Trade, Partnership, Ltd)"
INSERTED DETAIL,18,Devon County Council,24/04/2026,22090383,"-1,574.48",SPAGHETTI BRIDGE LIMITED,377380,478673138,Dedicated Schools Grant,A61052,Independent Special School Fees,R0089003,"DCC Business Entities (Sole Trade, Partnership, Ltd)"
INSERTED DETAIL,18,Devon County Council,24/04/2026,22090512,"1,205.00",THE OUTDOORS GROUP *57*,362971,312604642,Dedicated Schools Grant,A44185,Other professional Services (Schools),R0082007,"DCC Business Entities (Sole Trade, Partnership, Ltd)"
INSERTED DETAIL,18,Devon County Council,24/04/2026,22090612,"2,119.74",Berry Therapy Limited,603708,,Dedicated Schools Grant,A44185,Other professional Services (Schools),R0082006,"DCC Business Entities (Sole Trade, Partnership, Ltd)"
INSERTED DETAIL,18,Devon County Council,24/04/2026,22090879,"3,834.65",SPAGHETTI BRIDGE LIMITED,377380,478673138,Dedicated Schools Grant,A61052,Independent Special School Fees,R0089003,"DCC Business Entities (Sole Trade, Partnership, Ltd)"
INSERTED DETAIL,18,Devon County Council,24/04/2026,22090888,"5,249.14",SPAGHETTI BRIDGE LIMITED,377380,478673138,Dedicated Schools Grant,A61052,Independent Special School Fees,R0089003,"DCC Business Entities (Sole Trade, Partnership, Ltd)"
INSERTED DETAIL,18,Devon County Council,24/04/2026,22090894,"4,970.84",SPAGHETTI BRIDGE LIMITED,377380,478673138,Dedicated Schools Grant,A61052,Independent Special School Fees,R0089003,"DCC Business Entities (Sole Trade, Partnership, Ltd)"
INSERTED DETAIL,18,Devon County Council,24/04/2026,22091919,"21,662.84",DEVON TARMASTERS (SOUTH WEST) LIMITED,283040,941186817,"Capital - Planning, Transportation and Environment",C02009,Works,C0671011,"DCC Business Entities (Sole Trade, Partnership, Ltd)"
INSERTED DETAIL,18,Devon County Council,24/04/2026,22092634,"5,657.50",ACORN CARE & EDUCATION LIMITED,333557,902188441,Dedicated Schools Grant,A53012,Payments to Independent Units,R0089003,"DCC Business Entities (Sole Trade, Partnership, Ltd)"
INSERTED DETAIL,18,Devon County Council,24/04/2026,22092637,"5,657.50",ACORN CARE & EDUCATION LIMITED,333557,902188441,Dedicated Schools Grant,A53012,Payments to Independent Units,R0089003,"DCC Business Entities (Sole Trade, Partnership, Ltd)"
INSERTED DETAIL,18,Devon County Council,24/04/2026,22092732,"102,888.00",TORBAY & SOUTH DEVON NHS,290092,654941219,"Chief Exec, Legal & Democratic services",A44086,Mortuary Facilities,R0506002,"DCC Business Entities (Sole Trade, Partnership, Ltd)"
INSERTED DETAIL,18,Devon County Council,24/04/2026,22092737,"-2,612.00",TORBAY & SOUTH DEVON NHS,290092,654941219,"Chief Exec, Legal & Democratic services",A44086,Mortuary Facilities,R0506002,"DCC Business Entities (Sole Trade, Partnership, Ltd)"
INSERTED DETAIL,18,Devon County Council,24/04/2026,22093118,"7,794.12",CHRISTIE FARMS,390726,441289941,"Capital - Planning, Transportation and Environment",C06001,Capital Grants paid to other third parties (Not WGA/VCSE),C0649001,"DCC Business Entities (Sole Trade, Partnership, Ltd)"
INSERTED DETAIL,18,Devon County Council,24/04/2026,22093161,"17,442.00",BLUE SCREEN IT TRADING AS BIT GROUP,228948,855461116,"Economy, Enterprise and Skills",A44038,Fees,R0546004,"DCC Business Entities (Sole Trade, Partnership, Ltd)"
INSERTED DETAIL,18,Devon County Council,24/04/2026,22093165,"7,160.40",BLUE SCREEN IT TRADING AS BIT GROUP,228948,855461116,"Economy, Enterprise and Skills",A44038,Fees,R0546004,"DCC Business Entities (Sole Trade, Partnership, Ltd)"
INSERTED DETAIL,18,Devon County Council,24/04/2026,22093166,"1,713.60",BLUE SCREEN IT TRADING AS BIT GROUP,228948,855461116,"Economy, Enterprise and Skills",A44038,Fees,R0546004,"DCC Business Entities (Sole Trade, Partnership, Ltd)"
INSERTED DETAIL,18,Devon County Council,24/04/2026,22093167,"4,590.00",BLUE SCREEN IT TRADING AS BIT GROUP,228948,855461116,"Economy, Enterprise and Skills",A44038,Fees,R0546004,"DCC Business Entities (Sole Trade, Partnership, Ltd)"
INSERTED DETAIL,18,Devon County Council,24/04/2026,22093171,"14,504.40",BLUE SCREEN IT TRADING AS BIT GROUP,228948,855461116,"Economy, Enterprise and Skills",A44038,Fees,R0546004,"DCC Business Entities (Sole Trade, Partnership, Ltd)"
INSERTED DETAIL,18,Devon County Council,24/04/2026,22093176,"9,441.00",PLYMOUTH HOSPITALS NHS TRUST,27710,654936600,"Chief Exec, Legal & Democratic services",A44086,Mortuary Facilities,R0506002,"DCC Business Entities (Sole Trade, Partnership, Ltd)"
INSERTED DETAIL,18,Devon County Council,24/04/2026,22093266,"4,269.60",MOUNT KELLY FOUNDATION,288947,237262412,Dedicated Schools Grant,A61052,Independent Special School Fees,R0089003,"DCC Business Entities (Sole Trade, Partnership, Ltd)"
INSERTED DETAIL,18,Devon County Council,24/04/2026,22093285,"255,622.70",THE LIBRA SCHOOL,136211,478671242,Dedicated Schools Grant,A61052,Independent Special School Fees,R0089003,"DCC Business Entities (Sole Trade, Partnership, Ltd)"
INSERTED DETAIL,18,Devon County Council,27/04/2026,22086085,"2,231.62",DEVON PARTNERSHIP NHS TRUST,92211,654400557,P-Ledger - Separate Legal Entity,A54000,Better Care Fund Expense,P0395011,"DCC Business Entities (Sole Trade, Partnership, Ltd)"
INSERTED DETAIL,18,Devon County Council,27/04/2026,22087829,"7,000.00",AXE VALLEY MINI TRAVEL LIMITED,8510,,"Transport Operations, Environment and Waste",A32010,Contract Hire Scheme,R0575001,"DCC Business Entities (Sole Trade, Partnership, Ltd)"
INSERTED DETAIL,18,Devon County Council,27/04/2026,22087831,"33,000.00",COUNTRY BUS,138680,631080871,"Transport Operations, Environment and Waste",A32010,Contract Hire Scheme,R0575001,"DCC Business Entities (Sole Trade, Partnership, Ltd)"
INSERTED DETAIL,18,Devon County Council,27/04/2026,22088681,"14,652.72",SME HCI LTD T/A VIVUP (CYCLE SCHEME),397607,869578054,People and Culture,A49105,Other Supplies & Services,R0502001,"DCC Business Entities (Sole Trade, Partnership, Ltd)"
INSERTED DETAIL,18,Devon County Council,27/04/2026,22089186,"7,189.00",DEVON PATHWAYS LTD,383486,392542678,Dedicated Schools Grant,A44185,Other professional Services (Schools),R0082007,"DCC Business Entities (Sole Trade, Partnership, Ltd)"
INSERTED DETAIL,18,Devon County Council,27/04/2026,22089202,"1,495.00",DEVON PATHWAYS LTD,383486,392542678,Dedicated Schools Grant,A44185,Other professional Services (Schools),R0082007,"DCC Business Entities (Sole Trade, Partnership, Ltd)"
INSERTED DETAIL,18,Devon County Council,27/04/2026,22089205,"2,392.00",DEVON PATHWAYS LTD,383486,392542678,Dedicated Schools Grant,A44185,Other professional Services (Schools),R0082007,"DCC Business Entities (Sole Trade, Partnership, Ltd)"
INSERTED DETAIL,18,Devon County Council,27/04/2026,22089222,"2,966.40",THE HUSBANDRY SCHOOL,304475,333694095,Dedicated Schools Grant,A44185,Other professional Services (Schools),R0082007,"DCC Business Entities (Sole Trade, Partnership, Ltd)"
INSERTED DETAIL,18,Devon County Council,27/04/2026,22089481,"6,500.00",JEREMY BENN ASSOCIATES LIMITED,321667,665300941,"Capital - Planning, Transportation and Environment",C02011,External Professional Fees,C0656001,"DCC Business Entities (Sole Trade, Partnership, Ltd)"
INSERTED DETAIL,18,Devon County Council,27/04/2026,22089652,"16,591.00",JEREMY BENN ASSOCIATES LIMITED,321667,665300941,"Transport Operations, Environment and Waste",A44065,Consultancy Services,R0579007,"DCC Business Entities (Sole Trade, Partnership, Ltd)"
INSERTED DETAIL,18,Devon County Council,27/04/2026,22089667,"4,150.00",SIGNIS (TRI.X) LIMITED,327738,194750968,P-Ledger - Separate Legal Entity,A45045,IT Software Maintenance,P0432001,"DCC Business Entities (Sole Trade, Partnership, Ltd)"
INSERTED DETAIL,18,Devon County Council,27/04/2026,22089752,"3,887.00",DEVON PATHWAYS LTD,383486,392542678,Dedicated Schools Grant,A44185,Other professional Services (Schools),R0082007,"DCC Business Entities (Sole Trade, Partnership, Ltd)"
INSERTED DETAIL,18,Devon County Council,27/04/2026,22089753,651.00,"EBB AND FLOW, PSYCHOLOGY & EMDR",380036,,P-Ledger - Separate Legal Entity,A61060,Support for Children in Care,P0432008,"DCC Business Entities (Sole Trade, Partnership, Ltd)"
INSERTED DETAIL,18,Devon County Council,27/04/2026,22089819,637.50,Warm Hearts Child Therapy - Jemima Brett,601952,,P-Ledger - Separate Legal Entity,A61060,Support for Children in Care,P0432008,"DCC Business Entities (Sole Trade, Partnership, Ltd)"
INSERTED DETAIL,18,Devon County Council,27/04/2026,22089855,975.00,Warm Hearts Child Therapy - Jemima Brett,601952,,P-Ledger - Separate Legal Entity,A61060,Support for Children in Care,P0432008,"DCC Business Entities (Sole Trade, Partnership, Ltd)"
INSERTED DETAIL,18,Devon County Council,27/04/2026,22089873,"1,080.00",EARTH UNCOVERED,390314,,P-Ledger - Separate Legal Entity,A61060,Support for Children in Care,P0432008,"DCC Business Entities (Sole Trade, Partnership, Ltd)"
INSERTED DETAIL,18,Devon County Council,27/04/2026,22089899,"4,200.00",SPARKS LEARNING LIMITED,394786,,Dedicated Schools Grant,A44185,Other professional Services (Schools),R0082007,"DCC Business Entities (Sole Trade, Partnership, Ltd)"
INSERTED DETAIL,18,Devon County Council,27/04/2026,22089905,"6,909.75",STEPHENSONS SOLICITORS,394642,294832719,"Chief Exec, Legal & Democratic services",A44968,Legal & Conveyancing Charges,R0276001,"DCC Business Entities (Sole Trade, Partnership, Ltd)"
INSERTED DETAIL,18,Devon County Council,27/04/2026,22089906,612.00,STEPHENSONS SOLICITORS,394642,294832719,"Chief Exec, Legal & Democratic services",A44968,Legal & Conveyancing Charges,R0276001,"DCC Business Entities (Sole Trade, Partnership, Ltd)"
INSERTED DETAIL,18,Devon County Council,27/04/2026,22090037,903.60,J E C HIGHWAY CONSULTANTS LIMITED,359658,283515690,Capital - Highways,C02011,External Professional Fees,C0652001,"DCC Business Entities (Sole Trade, Partnership, Ltd)"
INSERTED DETAIL,18,Devon County Council,27/04/2026,22090686,"1,754.49",BROOK YOUNG PEOPLE,310178,125462429,Public Health,A53005,Payments to Health Authorities,R0316066,"DCC Business Entities (Sole Trade, Partnership, Ltd)"
INSERTED DETAIL,18,Devon County Council,27/04/2026,22090899,"4,402.75",SPAGHETTI BRIDGE LIMITED,377380,478673138,Dedicated Schools Grant,A61052,Independent Special School Fees,R0089003,"DCC Business Entities (Sole Trade, Partnership, Ltd)"
INSERTED DETAIL,18,Devon County Council,27/04/2026,22092277,"1,050.00",LEEP TALENT LIMITED,601804,469035473,"Economy, Enterprise and Skills",A44038,Fees,R0546004,"DCC Business Entities (Sole Trade, Partnership, Ltd)"
INSERTED DETAIL,18,Devon County Council,27/04/2026,22092283,"3,150.00",LEEP TALENT LIMITED,601804,469035473,"Economy, Enterprise and Skills",A44038,Fees,R0546004,"DCC Business Entities (Sole Trade, Partnership, Ltd)"
INSERTED DETAIL,18,Devon County Council,27/04/2026,22092354,828.75,SOUTH HAMS DISTRICT COUNCIL,8255,142204125,"Chief Exec, Legal & Democratic services",A23005,Rates,R0278001,"DCC Business Entities (Sole Trade, Partnership, Ltd)"
INSERTED DETAIL,18,Devon County Council,27/04/2026,22092635,"1,327.21",KENT COUNTY COUNCIL,83992,204269191,Operations,A21005,Electricity,R0269001,"DCC Business Entities (Sole Trade, Partnership, Ltd)"
INSERTED DETAIL,18,Devon County Council,27/04/2026,22093142,"4,113.44",NORTH DEVON COUNCIL,8252,144711092,"Transport Operations, Environment and Waste",A46100,Main / Term Contractor,R0596002,"DCC Business Entities (Sole Trade, Partnership, Ltd)"
INSERTED DETAIL,18,Devon County Council,27/04/2026,22093290,"3,586.60",J Heard & Sons,604401,143413304,"Capital - Planning, Transportation and Environment",C06001,Capital Grants paid to other third parties (Not WGA/VCSE),C0649001,"DCC Business Entities (Sole Trade, Partnership, Ltd)"
INSERTED DETAIL,18,Devon County Council,27/04/2026,22093292,"7,024.00",THE WAVE PROJECT,335705,,"Capital - Planning, Transportation and Environment",C06003,Capital Grants Paid - to VCSE Organisations,C0649001,"DCC Business Entities (Sole Trade, Partnership, Ltd)"
INSERTED DETAIL,18,Devon County Council,27/04/2026,22093309,"10,600.00",Zoe Allin,604378,,"Capital - Planning, Transportation and Environment",C06001,Capital Grants paid to other third parties (Not WGA/VCSE),C0649001,"DCC Business Entities (Sole Trade, Partnership, Ltd)"
INSERTED DETAIL,18,Devon County Council,27/04/2026,22093325,"166,591.42",ENVIRONMENT AGENCY,184941,662490134,Below the line,A81000,Levies,R0524050,"DCC Business Entities (Sole Trade, Partnership, Ltd)"
INSERTED DETAIL,18,Devon County Council,28/04/2026,22087291,"1,200.00",EXETER PAEDIATRIC I C S LIMITED,373429,,P-Ledger - Separate Legal Entity,A61060,Support for Children in Care,P0432008,"DCC Business Entities (Sole Trade, Partnership, Ltd)"
INSERTED DETAIL,18,Devon County Council,28/04/2026,22087440,552.50,PSYCHOLOGY ASSOCIATES LIMITED,147932,912873418,P-Ledger - Separate Legal Entity,A61060,Support for Children in Care,P0432008,"DCC Business Entities (Sole Trade, Partnership, Ltd)"
INSERTED DETAIL,18,Devon County Council,28/04/2026,22087960,924.82,YOUTH ARTS AND HEALTH TRUST,340754,,P-Ledger - Separate Legal Entity,A61060,Support for Children in Care,P0432008,"DCC Business Entities (Sole Trade, Partnership, Ltd)"
INSERTED DETAIL,18,Devon County Council,28/04/2026,22088000,558.25,"EBB AND FLOW, PSYCHOLOGY & EMDR",380036,,P-Ledger - Separate Legal Entity,A61060,Support for Children in Care,P0432008,"DCC Business Entities (Sole Trade, Partnership, Ltd)"
INSERTED DETAIL,18,Devon County Council,28/04/2026,22088560,"14,191.95",SOUTH WEST COMPOSTING LIMITED,376077,129952481,"Transport Operations, Environment and Waste",A46100,Main / Term Contractor,R0597004,"DCC Business Entities (Sole Trade, Partnership, Ltd)"
INSERTED DETAIL,18,Devon County Council,28/04/2026,22088612,"23,441.58",KENNFORD TARMACADAM LIMITED,24534,976391178,"Capital - Planning, Transportation and Environment",C02009,Works,C0671003,DCC CIS Suppliers
INSERTED DETAIL,18,Devon County Council,28/04/2026,22089183,540.00,Joanna North Adoption Limited,302598,784224028,P-Ledger - Separate Legal Entity,A61060,Support for Children in Care,P0432008,"DCC Business Entities (Sole Trade, Partnership, Ltd)"
INSERTED DETAIL,18,Devon County Council,28/04/2026,22089316,528.00,PSYCHOLOGY ASSOCIATES LIMITED,147932,912873418,P-Ledger - Separate Legal Entity,A61060,Support for Children in Care,P0432008,"DCC Business Entities (Sole Trade, Partnership, Ltd)"
INSERTED DETAIL,18,Devon County Council,28/04/2026,22089845,"3,242.98",NATIONAL GRID ELECTRICITY DISTRI,388767,664361920,Transformation & Business Services,A44038,Fees,R0333004,"DCC Business Entities (Sole Trade, Partnership, Ltd)"
INSERTED DETAIL,18,Devon County Council,28/04/2026,22089937,"409,588.24",MACPLANT CONSTRUCTION LIMITED,5182,367126447,Capital - Highways,C02009,Works,C0671004,DCC CIS Suppliers
INSERTED DETAIL,18,Devon County Council,28/04/2026,22090013,528.00,PSYCHOLOGY ASSOCIATES LIMITED,147932,912873418,Children's Social Care,A61060,Support for Children in Care,R0106002,"DCC Business Entities (Sole Trade, Partnership, Ltd)"
INSERTED DETAIL,18,Devon County Council,28/04/2026,22090075,660.00,PSYCHOLOGY ASSOCIATES LIMITED,147932,912873418,Children's Social Care,A61060,Support for Children in Care,R0106002,"DCC Business Entities (Sole Trade, Partnership, Ltd)"
INSERTED DETAIL,18,Devon County Council,28/04/2026,22090437,710.00,PSYCHOLOGY ASSOCIATES LIMITED,147932,912873418,Children's Social Care,A61060,Support for Children in Care,R0106002,"DCC Business Entities (Sole Trade, Partnership, Ltd)"
INSERTED DETAIL,18,Devon County Council,28/04/2026,22090468,639.00,PSYCHOLOGY ASSOCIATES LIMITED,147932,912873418,P-Ledger - Separate Legal Entity,A61060,Support for Children in Care,P0432008,"DCC Business Entities (Sole Trade, Partnership, Ltd)"
INSERTED DETAIL,18,Devon County Council,28/04/2026,22090701,"1,210.00",PSYCHOLOGY ASSOCIATES LIMITED,147932,912873418,Children's Social Care,A61060,Support for Children in Care,R0106002,"DCC Business Entities (Sole Trade, Partnership, Ltd)"
INSERTED DETAIL,18,Devon County Council,28/04/2026,22092059,"4,520.00",WEST DEVON BOROUGH COUNCIL,8280,144823273,Finance & Public Value,A52005,Payments to Other Local Authorities,R0471001,"DCC Business Entities (Sole Trade, Partnership, Ltd)"
INSERTED DETAIL,18,Devon County Council,28/04/2026,22093150,"2,304.70",SEVERN TRENT GREEN POWER,322030,876098474,"Transport Operations, Environment and Waste",A46100,Main / Term Contractor,R0598001,"DCC Business Entities (Sole Trade, Partnership, Ltd)"
INSERTED DETAIL,18,Devon County Council,28/04/2026,22093323,"16,037.50",Peopletoo Ltd,600414,983160509,Inclusion & Learning,A44065,Consultancy Services,R0680004,"DCC Business Entities (Sole Trade, Partnership, Ltd)"
INSERTED DETAIL,18,Devon County Council,28/04/2026,22093705,"15,900.00",BARRATT DAVID WILSON (EXETER) LIMITED,111513,633481836,Suspense Control Account,B29020,VAT Incomings (Output Tax),R0502050,"DCC Business Entities (Sole Trade, Partnership, Ltd)"
INSERTED DETAIL,18,Devon County Council,28/04/2026,22093706,"12,428.00",Analytical Services International Ltd,307650,363423802,"Chief Exec, Legal & Democratic services",A44038,Fees,R0506002,"DCC Business Entities (Sole Trade, Partnership, Ltd)"
INSERTED DETAIL,18,Devon County Council,28/04/2026,150431511,"22,006.05",M Group Highways Limited,375383,927200546,Highways & Infrastructure Development,A46100,Main / Term Contractor,R0554004,"DCC Business Entities (Sole Trade, Partnership, Ltd)"
INSERTED DETAIL,18,Devon County Council,28/04/2026,150431512,"41,221.16",M Group Highways Limited,375383,927200546,Highways & Infrastructure Development,A46100,Main / Term Contractor,R0554004,"DCC Business Entities (Sole Trade, Partnership, Ltd)"
INSERTED DETAIL,18,Devon County Council,28/04/2026,150431514,"35,331.92",M Group Highways Limited,375383,927200546,Capital - Highways,C02051,Term Maintenance Contract,C0671005,"DCC Business Entities (Sole Trade, Partnership, Ltd)"
INSERTED DETAIL,18,Devon County Council,28/04/2026,150431520,"2,681.40",M Group Highways Limited,375383,927200546,Capital - Highways,C02051,Term Maintenance Contract,C0671007,"DCC Business Entities (Sole Trade, Partnership, Ltd)"
INSERTED DETAIL,18,Devon County Council,28/04/2026,150431525,"-19,630.32",M Group Highways Limited,375383,927200546,Capital - Highways,C02051,Term Maintenance Contract,C0671006,"DCC Business Entities (Sole Trade, Partnership, Ltd)"
INSERTED DETAIL,18,Devon County Council,28/04/2026,150431526,"-30,000.00",M Group Highways Limited,375383,927200546,Highways & Infrastructure Development,A46100,Main / Term Contractor,R0554001,"DCC Business Entities (Sole Trade, Partnership, Ltd)"
INSERTED DETAIL,18,Devon County Council,28/04/2026,150431527,"-1,604.49",M Group Highways Limited,375383,927200546,Capital - Highways,C02051,Term Maintenance Contract,C0652001,"DCC Business Entities (Sole Trade, Partnership, Ltd)"
INSERTED DETAIL,18,Devon County Council,28/04/2026,150431532,"-1,200.00",M Group Highways Limited,375383,927200546,Capital - Highways,C02051,Term Maintenance Contract,C0671006,"DCC Business Entities (Sole Trade, Partnership, Ltd)"
INSERTED DETAIL,18,Devon County Council,28/04/2026,150431693,"1,914.28",M Group Highways Limited,375383,927200546,Capital - Highways,C02051,Term Maintenance Contract,C0671007,"DCC Business Entities (Sole Trade, Partnership, Ltd)"
INSERTED DETAIL,18,Devon County Council,28/04/2026,150431694,"7,357.55",M Group Highways Limited,375383,927200546,Capital - Highways,C02051,Term Maintenance Contract,C0671007,"DCC Business Entities (Sole Trade, Partnership, Ltd)"
INSERTED DETAIL,18,Devon County Council,28/04/2026,150431695,"3,746.78",M Group Highways Limited,375383,927200546,Capital - Highways,C02051,Term Maintenance Contract,C0671007,"DCC Business Entities (Sole Trade, Partnership, Ltd)"
INSERTED DETAIL,18,Devon County Council,28/04/2026,150431706,-830.57,M Group Highways Limited,375383,927200546,Capital - Highways,C02051,Term Maintenance Contract,C0671006,"DCC Business Entities (Sole Trade, Partnership, Ltd)"
INSERTED DETAIL,18,Devon County Council,28/04/2026,150431715,-992.46,M Group Highways Limited,375383,927200546,Capital - Highways,C02051,Term Maintenance Contract,C0671006,"DCC Business Entities (Sole Trade, Partnership, Ltd)"
INSERTED DETAIL,18,Devon County Council,28/04/2026,150431719,"-1,317.15",M Group Highways Limited,375383,927200546,Capital - Highways,C02051,Term Maintenance Contract,C0671006,"DCC Business Entities (Sole Trade, Partnership, Ltd)"
INSERTED DETAIL,18,Devon County Council,28/04/2026,150432260,"-3,775.47",M Group Highways Limited,375383,927200546,Capital - Highways,C02051,Term Maintenance Contract,C0671006,"DCC Business Entities (Sole Trade, Partnership, Ltd)"
INSERTED DETAIL,18,Devon County Council,28/04/2026,150433024,"-2,618.00",M Group Highways Limited,375383,927200546,Capital - Highways,C02051,Term Maintenance Contract,C0652001,"DCC Business Entities (Sole Trade, Partnership, Ltd)"
INSERTED DETAIL,18,Devon County Council,28/04/2026,150433025,"-1,499.42",M Group Highways Limited,375383,927200546,Capital - Highways,C02051,Term Maintenance Contract,C0652001,"DCC Business Entities (Sole Trade, Partnership, Ltd)"
INSERTED DETAIL,18,Devon County Council,28/04/2026,150433027,-556.89,M Group Highways Limited,375383,927200546,Capital - Highways,C02051,Term Maintenance Contract,C0671006,"DCC Business Entities (Sole Trade, Partnership, Ltd)"
INSERTED DETAIL,18,Devon County Council,28/04/2026,150433029,-504.21,M Group Highways Limited,375383,927200546,Capital - Highways,C02051,Term Maintenance Contract,C0671006,"DCC Business Entities (Sole Trade, Partnership, Ltd)"
INSERTED DETAIL,18,Devon County Council,28/04/2026,150433031,"-5,708.49",M Group Highways Limited,375383,927200546,Capital - Highways,C02051,Term Maintenance Contract,C0671007,"DCC Business Entities (Sole Trade, Partnership, Ltd)"
INSERTED DETAIL,18,Devon County Council,28/04/2026,150433034,"-1,517.06",M Group Highways Limited,375383,927200546,Capital - Highways,C02051,Term Maintenance Contract,C0652001,"DCC Business Entities (Sole Trade, Partnership, Ltd)"
INSERTED DETAIL,18,Devon County Council,28/04/2026,150433036,"-4,827.53",M Group Highways Limited,375383,927200546,Capital - Highways,C02051,Term Maintenance Contract,C0671006,"DCC Business Entities (Sole Trade, Partnership, Ltd)"
INSERTED DETAIL,18,Devon County Council,29/04/2026,22086638,580.61,R D Johns Limited,90325,141006135,Children's Social Care,A44030,Provisions,R0015001,"DCC Business Entities (Sole Trade, Partnership, Ltd)"
INSERTED DETAIL,18,Devon County Council,29/04/2026,22087582,"7,045.20",NORSE SOUTH WEST LIMITED,279741,785421021,Capital other - Digital Technology & Business Services,C02011,External Professional Fees,C0647001,"DCC Business Entities (Sole Trade, Partnership, Ltd)"
INSERTED DETAIL,18,Devon County Council,29/04/2026,22088033,956.00,TERRAFARMER AGRICULTURE LIMITED,405152,389325554,"Economy, Enterprise and Skills",A49105,Other Supplies & Services,R0547004,"DCC Business Entities (Sole Trade, Partnership, Ltd)"
INSERTED DETAIL,18,Devon County Council,29/04/2026,22088039,930.00,TERRAFARMER AGRICULTURE LIMITED,405152,389325554,"Economy, Enterprise and Skills",A44038,Fees,R0547004,"DCC Business Entities (Sole Trade, Partnership, Ltd)"
INSERTED DETAIL,18,Devon County Council,29/04/2026,22088212,550.00,ESTEEM TEAM COMMUNITY INTEREST COMPANY,366509,491597739,Dedicated Schools Grant,A44185,Other professional Services (Schools),R0082007,"DCC Business Entities (Sole Trade, Partnership, Ltd)"
INSERTED DETAIL,18,Devon County Council,29/04/2026,22088235,690.00,EARTH UNCOVERED,390314,,P-Ledger - Separate Legal Entity,A61060,Support for Children in Care,P0432008,"DCC Business Entities (Sole Trade, Partnership, Ltd)"
INSERTED DETAIL,18,Devon County Council,29/04/2026,22088742,"3,087.50",SIMPLY GREAT MEDIA,367788,479704936,Dedicated Schools Grant,A44185,Other professional Services (Schools),R0082007,"DCC Business Entities (Sole Trade, Partnership, Ltd)"
INSERTED DETAIL,18,Devon County Council,29/04/2026,22088938,588.00,SOUTHWEST INTERVENTION SERVICES,333291,440830321,Children's Social Care,A61200,Community based care,R0044004,"DCC Business Entities (Sole Trade, Partnership, Ltd)"
INSERTED DETAIL,18,Devon County Council,29/04/2026,22089894,"2,984.00",STEPHENSONS SOLICITORS,394642,294832719,"Chief Exec, Legal & Democratic services",A44968,Legal & Conveyancing Charges,R0276001,"DCC Business Entities (Sole Trade, Partnership, Ltd)"
INSERTED DETAIL,18,Devon County Council,29/04/2026,22089933,"2,500.00",Michelle Blundy T/A Blossoming Minds,360726,,P-Ledger - Separate Legal Entity,A61060,Support for Children in Care,P0432008,"DCC Business Entities (Sole Trade, Partnership, Ltd)"
INSERTED DETAIL,18,Devon County Council,29/04/2026,22089966,"1,037.50",ANDREW LATHWELL DESIGN LTD,322675,442714561,"Transport Operations, Environment and Waste",A43010,Printing,R0640004,"DCC Business Entities (Sole Trade, Partnership, Ltd)"
INSERTED DETAIL,18,Devon County Council,29/04/2026,22089967,715.00,Michelle Blundy T/A Blossoming Minds,360726,,P-Ledger - Separate Legal Entity,A61060,Support for Children in Care,P0432008,"DCC Business Entities (Sole Trade, Partnership, Ltd)"
INSERTED DETAIL,18,Devon County Council,29/04/2026,22089991,507.33,JO FISHER & COMPANY LIMITED,360124,,Dedicated Schools Grant,A44185,Other professional Services (Schools),R0082006,"DCC Business Entities (Sole Trade, Partnership, Ltd)"
INSERTED DETAIL,18,Devon County Council,29/04/2026,22090360,"3,483.00",GCI NETWORK SOLUTIONS TA NASSTAR,380659,199872429,Transformation & Business Services,A45020,Telephones,R0353008,"DCC Business Entities (Sole Trade, Partnership, Ltd)"
INSERTED DETAIL,18,Devon County Council,29/04/2026,22090419,"4,086.55",WESTCOUNTRY MAINTENANCE SERVICES LIMITED,229952,915005854,Capital - Adult Care Operations,C02009,Works,C0645001,DCC CIS Suppliers
INSERTED DETAIL,18,Devon County Council,29/04/2026,22090441,819.00,EAST DEVON DISTRICT COUNCIL (GEN ACCOUNT),96091,142218990,Operations,A52010,"Grants to voluntary, community and social enterprise organisations",R0480083,"DCC Business Entities (Sole Trade, Partnership, Ltd)"
INSERTED DETAIL,18,Devon County Council,29/04/2026,22090647,"1,430.00",LEX LEISURE LIMITED,61902,268089267,Communities,A22010,Hire of Rooms,R0536015,"DCC Business Entities (Sole Trade, Partnership, Ltd)"
INSERTED DETAIL,18,Devon County Council,29/04/2026,22090908,597.81,A PRACTICAL APPROACH TO SPEECH,400195,,Dedicated Schools Grant,A44180,Services for Educational Estabs - Devon,R0082006,"DCC Business Entities (Sole Trade, Partnership, Ltd)"
INSERTED DETAIL,18,Devon County Council,29/04/2026,22091205,"1,952.50",SAM WYSOKI CARE OF WALNUT HOUSE,386626,438365277,"Chief Exec, Legal & Democratic services",A44968,Legal & Conveyancing Charges,R0276001,"DCC Business Entities (Sole Trade, Partnership, Ltd)"
INSERTED DETAIL,18,Devon County Council,29/04/2026,22091304,"7,786.00",PROMOTING INDEPENDENT CARE LIMITED,376159,,Children's Social Care,A11005,Agency Supply Staff,R0095006,"DCC Business Entities (Sole Trade, Partnership, Ltd)"
INSERTED DETAIL,18,Devon County Council,29/04/2026,22092828,"8,925.78",SEVERN TRENT GREEN POWER,322030,876098474,"Transport Operations, Environment and Waste",A46100,Main / Term Contractor,R0598001,"DCC Business Entities (Sole Trade, Partnership, Ltd)"
INSERTED DETAIL,18,Devon County Council,29/04/2026,22093305,"15,883.20",Castle Lea Ground Ltd,604461,,"Capital - Planning, Transportation and Environment",C06001,Capital Grants paid to other third parties (Not WGA/VCSE),C0656001,"DCC Business Entities (Sole Trade, Partnership, Ltd)"
INSERTED DETAIL,18,Devon County Council,29/04/2026,22093308,"4,681.76",RW Gilbert,604442,185529530,"Capital - Planning, Transportation and Environment",C06001,Capital Grants paid to other third parties (Not WGA/VCSE),C0656001,"DCC Business Entities (Sole Trade, Partnership, Ltd)"
INSERTED DETAIL,18,Devon County Council,29/04/2026,22093461,"149,693.45",RUSKIN MILL TRUST LIMITED,308973,,Dedicated Schools Grant,A61052,Independent Special School Fees,R0089001,"DCC Business Entities (Sole Trade, Partnership, Ltd)"
INSERTED DETAIL,18,Devon County Council,29/04/2026,22093462,"80,305.99",RUSKIN MILL TRUST LIMITED,308973,,Dedicated Schools Grant,A61052,Independent Special School Fees,R0089001,"DCC Business Entities (Sole Trade, Partnership, Ltd)"
INSERTED DETAIL,18,Devon County Council,29/04/2026,22093466,"18,394.63",RUSKIN MILL TRUST LIMITED,308973,,Dedicated Schools Grant,A61052,Independent Special School Fees,R0089001,"DCC Business Entities (Sole Trade, Partnership, Ltd)"
INSERTED DETAIL,18,Devon County Council,29/04/2026,22093558,720.00,Phoenix Training and Consultancy Ltd,600177,515889648,P-Ledger - Separate Legal Entity,A44038,Fees,P0425001,"DCC Business Entities (Sole Trade, Partnership, Ltd)"
INSERTED DETAIL,18,Devon County Council,29/04/2026,22093650,675.00,YAN LEE LIMITED,394523,356404991,"Transport Operations, Environment and Waste",A22010,Hire of Rooms,R0645001,"DCC Business Entities (Sole Trade, Partnership, Ltd)"
INSERTED DETAIL,18,Devon County Council,29/04/2026,22093708,"7,500.00",HARTWOOD TIMBERWORKS LIMITED,300438,997066170,Capital - Highways,C02009,Works,C0652001,"DCC Business Entities (Sole Trade, Partnership, Ltd)"
INSERTED DETAIL,18,Devon County Council,29/04/2026,22093780,"10,000.00",Royal Mail (DVLA Vehicle Taxation Renewals),377298,172670502,TRAMS Suspense,A30016,Vehicle Tax (Fleet only),R0549018,"DCC Business Entities (Sole Trade, Partnership, Ltd)"
INSERTED DETAIL,18,Devon County Council,29/04/2026,22093814,833.00,BRITISH RED CROSS (PAISLEY),143054,706926227,Highways & Infrastructure Development,A16015,Staff Training Expenses - Non Payroll,R0558001,"DCC Business Entities (Sole Trade, Partnership, Ltd)"
INSERTED DETAIL,18,Devon County Council,29/04/2026,22093816,"11,287.95",EAT THAT FROG COMMUNITY INTEREST COMPANY,313920,310725148,"Economy, Enterprise and Skills",A52010,"Grants to voluntary, community and social enterprise organisations",R0547002,"DCC Business Entities (Sole Trade, Partnership, Ltd)"
INSERTED DETAIL,18,Devon County Council,29/04/2026,22093943,"2,410.20",TUBERS ACADEMY LIMITED,348033,300702466,Dedicated Schools Grant,A44185,Other professional Services (Schools),R0082007,"DCC Business Entities (Sole Trade, Partnership, Ltd)"
INSERTED DETAIL,18,Devon County Council,29/04/2026,22094031,"11,648.70",THE APRICOT CENTRE CIC,341760,227454701,"Economy, Enterprise and Skills",A44038,Fees,R0546004,"DCC Business Entities (Sole Trade, Partnership, Ltd)"
INSERTED DETAIL,18,Devon County Council,29/04/2026,22094131,"10,522.80",ASHFORDS LLP,88874,140836186,"Capital - Planning, Transportation and Environment",C02011,External Professional Fees,C0671003,"DCC Business Entities (Sole Trade, Partnership, Ltd)"
INSERTED DETAIL,18,Devon County Council,29/04/2026,150432258,"2,575.52",M Group Highways Limited,375383,927200546,Capital - Highways,C02051,Term Maintenance Contract,C0671007,"DCC Business Entities (Sole Trade, Partnership, Ltd)"
INSERTED DETAIL,18,Devon County Council,29/04/2026,150432259,"-2,305.95",M Group Highways Limited,375383,927200546,Capital - Highways,C02051,Term Maintenance Contract,C0671006,"DCC Business Entities (Sole Trade, Partnership, Ltd)"
INSERTED DETAIL,18,Devon County Council,29/04/2026,150434013,"16,681.54",M Group Highways Limited,375383,927200546,Capital - Highways,C02051,Term Maintenance Contract,C0652001,"DCC Business Entities (Sole Trade, Partnership, Ltd)"
INSERTED DETAIL,18,Devon County Council,29/04/2026,150434015,"10,216.90",M Group Highways Limited,375383,927200546,Capital - Highways,C02051,Term Maintenance Contract,C0652001,"DCC Business Entities (Sole Trade, Partnership, Ltd)"
INSERTED DETAIL,18,Devon County Council,29/04/2026,150434023,"26,993.61",M Group Highways Limited,375383,927200546,Capital - Highways,C02051,Term Maintenance Contract,C0652001,"DCC Business Entities (Sole Trade, Partnership, Ltd)"
INSERTED DETAIL,18,Devon County Council,29/04/2026,150434025,"2,880.91",M Group Highways Limited,375383,927200546,Capital - Highways,C02051,Term Maintenance Contract,C0671006,"DCC Business Entities (Sole Trade, Partnership, Ltd)"
INSERTED DETAIL,18,Devon County Council,29/04/2026,150434028,505.57,M Group Highways Limited,375383,927200546,Capital - Highways,C02051,Term Maintenance Contract,C0671006,"DCC Business Entities (Sole Trade, Partnership, Ltd)"
INSERTED DETAIL,18,Devon County Council,29/04/2026,150434034,"3,192.38",M Group Highways Limited,375383,927200546,Capital - Highways,C02051,Term Maintenance Contract,C0652001,"DCC Business Entities (Sole Trade, Partnership, Ltd)"
INSERTED DETAIL,18,Devon County Council,29/04/2026,150434046,"7,684.92",M Group Highways Limited,375383,927200546,Capital - Highways,C02051,Term Maintenance Contract,C0671006,"DCC Business Entities (Sole Trade, Partnership, Ltd)"
INSERTED DETAIL,18,Devon County Council,29/04/2026,150434048,"14,101.26",M Group Highways Limited,375383,927200546,Capital - Highways,C02051,Term Maintenance Contract,C0652001,"DCC Business Entities (Sole Trade, Partnership, Ltd)"
INSERTED DETAIL,18,Devon County Council,29/04/2026,150434050,771.60,M Group Highways Limited,375383,927200546,Capital - Highways,C02051,Term Maintenance Contract,C0671006,"DCC Business Entities (Sole Trade, Partnership, Ltd)"
INSERTED DETAIL,18,Devon County Council,29/04/2026,150434051,"2,484.56",M Group Highways Limited,375383,927200546,Capital - Highways,C02051,Term Maintenance Contract,C0671006,"DCC Business Entities (Sole Trade, Partnership, Ltd)"
INSERTED DETAIL,18,Devon County Council,29/04/2026,150434053,"-2,000.00",M Group Highways Limited,375383,927200546,Capital - Highways,C02051,Term Maintenance Contract,C0671005,"DCC Business Entities (Sole Trade, Partnership, Ltd)"
INSERTED DETAIL,18,Devon County Council,29/04/2026,150434055,"-15,565.92",M Group Highways Limited,375383,927200546,Capital - Highways,C02051,Term Maintenance Contract,C0671005,"DCC Business Entities (Sole Trade, Partnership, Ltd)"
INSERTED DETAIL,18,Devon County Council,29/04/2026,150434056,"-2,000.00",M Group Highways Limited,375383,927200546,Capital - Highways,C02051,Term Maintenance Contract,C0652001,"DCC Business Entities (Sole Trade, Partnership, Ltd)"
INSERTED DETAIL,18,Devon County Council,29/04/2026,150434059,"-3,500.00",M Group Highways Limited,375383,927200546,Capital - Highways,C02051,Term Maintenance Contract,C0652001,"DCC Business Entities (Sole Trade, Partnership, Ltd)"
INSERTED DETAIL,18,Devon County Council,29/04/2026,150434062,"-2,000.00",M Group Highways Limited,375383,927200546,Capital - Highways,C02051,Term Maintenance Contract,C0671005,"DCC Business Entities (Sole Trade, Partnership, Ltd)"
INSERTED DETAIL,18,Devon County Council,30/04/2026,22081431,"27,727.94",LOWEN SPECIALIST EDUCATIONAL SERVICES,358910,478868803,Dedicated Schools Grant,A61052,Independent Special School Fees,R0089003,"DCC Business Entities (Sole Trade, Partnership, Ltd)"
INSERTED DETAIL,18,Devon County Council,30/04/2026,22088353,900.00,EXETER PAEDIATRIC I C S LIMITED,373429,,P-Ledger - Separate Legal Entity,A61060,Support for Children in Care,P0432008,"DCC Business Entities (Sole Trade, Partnership, Ltd)"
INSERTED DETAIL,18,Devon County Council,30/04/2026,22088411,"11,825.00",LEARNING POOL LIMITED,225243,882389379,"Economy, Enterprise and Skills",A44327,Education Resources,R0542001,"DCC Business Entities (Sole Trade, Partnership, Ltd)"
INSERTED DETAIL,18,Devon County Council,30/04/2026,22088438,"1,360.00",EXETER PAEDIATRIC I C S LIMITED,373429,,P-Ledger - Separate Legal Entity,A61120,Adoptions Allowances,P0432008,"DCC Business Entities (Sole Trade, Partnership, Ltd)"
INSERTED DETAIL,18,Devon County Council,30/04/2026,22088477,570.00,GRAPEVINE CONNECTS,405508,,P-Ledger - Separate Legal Entity,A61060,Support for Children in Care,P0432008,"DCC Business Entities (Sole Trade, Partnership, Ltd)"
INSERTED DETAIL,18,Devon County Council,30/04/2026,22088567,"1,087.50",THE FAMILY PLACE LIMITED,350245,,P-Ledger - Separate Legal Entity,A61060,Support for Children in Care,P0432008,"DCC Business Entities (Sole Trade, Partnership, Ltd)"
INSERTED DETAIL,18,Devon County Council,30/04/2026,22088735,"2,168.00",SALCOMBE TOWN COUNCIL,7867,456711777,Highways & Infrastructure Development,A93520,Parking Income,R0556031,"DCC Business Entities (Sole Trade, Partnership, Ltd)"
INSERTED DETAIL,18,Devon County Council,30/04/2026,22088962,"2,280.00",THE FAMILY PLACE LIMITED,350245,,P-Ledger - Separate Legal Entity,A61060,Support for Children in Care,P0432008,"DCC Business Entities (Sole Trade, Partnership, Ltd)"
INSERTED DETAIL,18,Devon County Council,30/04/2026,22089082,700.00,PAULA PEARSON,401477,,P-Ledger - Separate Legal Entity,A61060,Support for Children in Care,P0432008,"DCC Business Entities (Sole Trade, Partnership, Ltd)"
INSERTED DETAIL,18,Devon County Council,30/04/2026,22089244,"2,168.25",SOUTHWEST INTERVENTION SERVICES,333291,440830321,Children's Social Care,A61200,Community based care,R0044004,"DCC Business Entities (Sole Trade, Partnership, Ltd)"
INSERTED DETAIL,18,Devon County Council,30/04/2026,22089871,880.00,CATHERINE GIFFORD,389811,,Children's Social Care,A61060,Support for Children in Care,R0106002,"DCC Business Entities (Sole Trade, Partnership, Ltd)"
INSERTED DETAIL,18,Devon County Council,30/04/2026,22089883,"1,080.00",CATHERINE GIFFORD,389811,,Children's Social Care,A61060,Support for Children in Care,R0106002,"DCC Business Entities (Sole Trade, Partnership, Ltd)"
INSERTED DETAIL,18,Devon County Council,30/04/2026,22090111,540.00,SOUTH MOLTON TOWN COUNCIL,4560,144441781,Public Health Nursing,A22010,Hire of Rooms,R0019003,"DCC Business Entities (Sole Trade, Partnership, Ltd)"
INSERTED DETAIL,18,Devon County Council,30/04/2026,22090483,"1,430.50",Bridget Rees,604415,,P-Ledger - Separate Legal Entity,A61060,Support for Children in Care,P0432008,"DCC Business Entities (Sole Trade, Partnership, Ltd)"
INSERTED DETAIL,18,Devon County Council,30/04/2026,22090965,"1,000.00",BIG WAVE MEDIA LIMITED,272649,913048547,"Economy, Enterprise and Skills",A44005,Publicity/Advertising,R0547001,"DCC Business Entities (Sole Trade, Partnership, Ltd)"
INSERTED DETAIL,18,Devon County Council,30/04/2026,22091277,"2,179.07",OCEAN HEALTHCARE,371633,776836374,Operations,A11005,Agency Supply Staff,R0269001,"DCC Business Entities (Sole Trade, Partnership, Ltd)"
INSERTED DETAIL,18,Devon County Council,30/04/2026,22092795,"3,200.00",Carey Valley Woodlands & Estate Management,108523,936633014,Highways & Infrastructure Development,A49005,Other Hired & Contracting Services,R0557020,DCC CIS Suppliers
INSERTED DETAIL,18,Devon County Council,30/04/2026,22093157,"2,070.60",BLUE SCREEN IT TRADING AS BIT GROUP,228948,855461116,"Economy, Enterprise and Skills",A44038,Fees,R0546004,"DCC Business Entities (Sole Trade, Partnership, Ltd)"
INSERTED DETAIL,18,Devon County Council,30/04/2026,22093174,"9,169.80",BLUE SCREEN IT TRADING AS BIT GROUP,228948,855461116,"Economy, Enterprise and Skills",A44038,Fees,R0546004,"DCC Business Entities (Sole Trade, Partnership, Ltd)"
INSERTED DETAIL,18,Devon County Council,30/04/2026,22093451,825.00,UX2 LIMITED,388014,235329022,Dedicated Schools Grant,A44180,Services for Educational Estabs - Devon,R0010004,"DCC Business Entities (Sole Trade, Partnership, Ltd)"
INSERTED DETAIL,18,Devon County Council,30/04/2026,22093584,"2,990.00",Dr Liz Rees,604648,,P-Ledger - Separate Legal Entity,A61060,Support for Children in Care,P0432008,"DCC Business Entities (Sole Trade, Partnership, Ltd)"
INSERTED DETAIL,18,Devon County Council,30/04/2026,22093798,"1,397.50",BROWNE JACOBSON LLP,190677,116396270,"Chief Exec, Legal & Democratic services",A44968,Legal & Conveyancing Charges,R0288001,"DCC Business Entities (Sole Trade, Partnership, Ltd)"
INSERTED DETAIL,18,Devon County Council,30/04/2026,22094125,"28,392.00",WEST DEVON BOROUGH COUNCIL,8280,144823273,Communities,A52005,Payments to Other Local Authorities,R0528004,"DCC Business Entities (Sole Trade, Partnership, Ltd)"
INSERTED DETAIL,18,Devon County Council,30/04/2026,22094138,"45,360.00",SOUTH HAMS DISTRICT COUNCIL,8255,142204125,Communities,A52005,Payments to Other Local Authorities,R0528004,"DCC Business Entities (Sole Trade, Partnership, Ltd)"
INSERTED DETAIL,18,Devon County Council,30/04/2026,22094152,"127,225.93",TORRIDGE DISTRICT COUNCIL,4707,144666062,Communities,A52005,Payments to Other Local Authorities,R0528004,"DCC Business Entities (Sole Trade, Partnership, Ltd)"
INSERTED DETAIL,18,Devon County Council,30/04/2026,22094536,677.08,HAMPSHIRE COUNTY COUNCIL,4149,189406822,"Chief Exec, Legal & Democratic services",A44038,Fees,R0506001,"DCC Business Entities (Sole Trade, Partnership, Ltd)"
INSERTED DETAIL,18,Devon County Council,30/04/2026,150434010,"22,495.29",M Group Highways Limited,375383,927200546,Capital - Highways,C02051,Term Maintenance Contract,C0652001,"DCC Business Entities (Sole Trade, Partnership, Ltd)"
INSERTED DETAIL,18,Devon County Council,02/04/2026,22073154,660.00,ANNA FINDLAY MYOT,400102,,Dedicated Schools Grant,A61052,Independent Special School Fees,R0089003,"DCC Business Entities (Sole Trade, Partnership, Ltd)"
INSERTED DETAIL,18,Devon County Council,02/04/2026,22077671,"1,108.71",NORSE SOUTH WEST LIMITED,279741,785421021,Transformation & Business Services,A46100,Main / Term Contractor,R0334004,"DCC Business Entities (Sole Trade, Partnership, Ltd)"
INSERTED DETAIL,18,Devon County Council,02/04/2026,22079325,"2,208.00",F W A G SOUTH WEST,316031,127629304,"Transport Operations, Environment and Waste",A44038,Fees,R0644001,"DCC Business Entities (Sole Trade, Partnership, Ltd)"
INSERTED DETAIL,18,Devon County Council,02/04/2026,22079454,551.40,ELEMENTS THERAPY,403495,,P-Ledger - Separate Legal Entity,A61060,Support for Children in Care,P0432008,"DCC Business Entities (Sole Trade, Partnership, Ltd)"
INSERTED DETAIL,18,Devon County Council,02/04/2026,22080041,"1,100.00",ROOTS AND BLOOMS,398675,,Children's Social Care,A61060,Support for Children in Care,R0106002,"DCC Business Entities (Sole Trade, Partnership, Ltd)"
INSERTED DETAIL,18,Devon County Council,02/04/2026,22080500,"2,475.00",FAMILY COMPASS,348346,392295664,Children's Social Care,A61060,Support for Children in Care,R0106002,"DCC Business Entities (Sole Trade, Partnership, Ltd)"
INSERTED DETAIL,18,Devon County Council,02/04/2026,22081130,"4,041.20",RICHARD GREEN ECOLOGY LIMITED,272615,113421075,Capital - Highways,C02011,External Professional Fees,C0652001,"DCC Business Entities (Sole Trade, Partnership, Ltd)"
INSERTED DETAIL,18,Devon County Council,02/04/2026,22081253,816.00,FAMILY COMPASS,348346,392295664,P-Ledger - Separate Legal Entity,A61060,Support for Children in Care,P0432008,"DCC Business Entities (Sole Trade, Partnership, Ltd)"
INSERTED DETAIL,18,Devon County Council,02/04/2026,22081457,"44,764.93",SWARCO UK & IRELAND LIMITED,13690,568335022,"Capital - Planning, Transportation and Environment",C02009,Works,C0654001,DCC CIS Suppliers
INSERTED DETAIL,18,Devon County Council,02/04/2026,22081458,"20,361.60",SWARCO UK & IRELAND LIMITED,13690,568335022,Capital - Highways,C02009,Works,C0671005,DCC CIS Suppliers
INSERTED DETAIL,18,Devon County Council,02/04/2026,22081998,"1,235.00",HELD HEALTH LIMITED,392625,,P-Ledger - Separate Legal Entity,A61060,Support for Children in Care,P0432008,"DCC Business Entities (Sole Trade, Partnership, Ltd)"
INSERTED DETAIL,18,Devon County Council,02/04/2026,22082088,713.50,P & I PROPERTY MAINTENANCE,397907,,Children's Social Care,A20010,"Property Repairs, Maintenance & Alterations (Reactive)",R0095006,DCC CIS Suppliers
INSERTED DETAIL,18,Devon County Council,02/04/2026,22082089,755.00,HELD HEALTH LIMITED,392625,,P-Ledger - Separate Legal Entity,A61060,Support for Children in Care,P0432008,"DCC Business Entities (Sole Trade, Partnership, Ltd)"
INSERTED DETAIL,18,Devon County Council,02/04/2026,22082091,840.00,HELD HEALTH LIMITED,392625,,P-Ledger - Separate Legal Entity,A61060,Support for Children in Care,P0432008,"DCC Business Entities (Sole Trade, Partnership, Ltd)"
INSERTED DETAIL,18,Devon County Council,02/04/2026,22082375,"4,900.00",Devon Mind,603369,,People and Culture,A16015,Staff Training Expenses - Non Payroll,R0303006,"DCC Business Entities (Sole Trade, Partnership, Ltd)"
INSERTED DETAIL,18,Devon County Council,02/04/2026,22082612,"9,879.48",UNIVERSITY OF PLYMOUTH,5446,168287859,"Economy, Enterprise and Skills",A44038,Fees,R0546004,"DCC Business Entities (Sole Trade, Partnership, Ltd)"
INSERTED DETAIL,18,Devon County Council,02/04/2026,22082672,"21,248.79",SWARCO UK & IRELAND LIMITED,13690,568335022,"Capital - Planning, Transportation and Environment",C02009,Works,C0654001,DCC CIS Suppliers
INSERTED DETAIL,18,Devon County Council,02/04/2026,22082693,"2,750.00",A D E P T,244945,337055605,Highways & Infrastructure Development,A16015,Staff Training Expenses - Non Payroll,R0558001,"DCC Business Entities (Sole Trade, Partnership, Ltd)"
INSERTED DETAIL,18,Devon County Council,02/04/2026,22083025,935.39,Vickery Holman (Truro) *8085,604449,309587374,"Economy, Enterprise and Skills",A22020,Rental Property Service Charge,R0542001,"DCC Business Entities (Sole Trade, Partnership, Ltd)"
INSERTED DETAIL,18,Devon County Council,02/04/2026,22083460,"4,942.75",CHRIS DRAKE,387212,,Transformation & Business Services,A62000,Supported Accommodation - Child,R0333028,"DCC Business Entities (Sole Trade, Partnership, Ltd)"
INSERTED DETAIL,18,Devon County Council,02/04/2026,22085915,"10,307.38",WESTCOUNTRY HOUSING,264341,918221242,Children's Social Care,A58015,Other Agencies/Contractors,R0026003,"DCC Business Entities (Sole Trade, Partnership, Ltd)"
INSERTED DETAIL,18,Devon County Council,02/04/2026,22086336,"4,256.00",3t Training Services Ltd,601802,579834868,"Economy, Enterprise and Skills",A44038,Fees,R0546004,"DCC Business Entities (Sole Trade, Partnership, Ltd)"
INSERTED DETAIL,18,Devon County Council,02/04/2026,22086404,"-12,550.60",ARMADA SOCIAL WORK SERVICES LIMITED,382784,395853540,Children's Social Care,A61060,Support for Children in Care,R0070002,"DCC Business Entities (Sole Trade, Partnership, Ltd)"
INSERTED DETAIL,18,Devon County Council,02/04/2026,22087162,"77,471.00",BEVAN BRITTAN LLP,237146,840723148,Children's Social Care,A44025,Legal Expenses,R0129001,"DCC Business Entities (Sole Trade, Partnership, Ltd)"
INSERTED DETAIL,18,Devon County Council,02/04/2026,22087171,"2,650.00",IMPROVEMENT & DEVELOPMENT AGENCY,388613,318342219,"Performance, Partnership & Policy",A62105,Miscellaneous expenditure,R0700007,"DCC Business Entities (Sole Trade, Partnership, Ltd)"
INSERTED DETAIL,18,Devon County Council,02/04/2026,22087234,"2,483.60",ASHFORDS CLIENT ACCOUNT (NOT LLP),330606,844502439,"Capital - Planning, Transportation and Environment",C01010,Acquisitions - Purchase Cost - Legal Fees,C0671003,"DCC Business Entities (Sole Trade, Partnership, Ltd)"
INSERTED DETAIL,18,Devon County Council,02/04/2026,22087241,700.00,CRAWFORD & COMPANY ADJUSTERS UK LIMITED,328674,447217351,"Chief Exec, Legal & Democratic services",A44165,Compensation Claims payments,R0283001,"DCC Business Entities (Sole Trade, Partnership, Ltd)"
INSERTED DETAIL,18,Devon County Council,02/04/2026,22087261,"1,125.00",NeuroConnect CIC,382604,,P-Ledger - Separate Legal Entity,A61060,Support for Children in Care,P0432008,"DCC Business Entities (Sole Trade, Partnership, Ltd)"
INSERTED DETAIL,18,Devon County Council,02/04/2026,22087273,"3,688.79",KENNFORD TARMACADAM LIMITED,24534,976391178,Capital - Highways,C02009,Works,C0652001,DCC CIS Suppliers
INSERTED DETAIL,18,Devon County Council,02/04/2026,22087318,"51,972.75",MILLBROOK HEALTHCARE LIMITED,117031,675991080,P-Ledger - Separate Legal Entity,A61054,Equipment (Care),P0391002,"DCC Business Entities (Sole Trade, Partnership, Ltd)"
INSERTED DETAIL,18,Devon County Council,02/04/2026,22087338,"57,169.64",MILLBROOK HEALTHCARE LIMITED,117031,675991080,P-Ledger - Separate Legal Entity,A61054,Equipment (Care),P0391002,"DCC Business Entities (Sole Trade, Partnership, Ltd)"
INSERTED DETAIL,18,Devon County Council,02/04/2026,22087342,"14,168.00",WILLMOTT DIXON CONSTRUCTION LIMITED,367917,197737796,Capital - Children & Schools Expansions,C02009,Works,C0657001,DCC CIS Suppliers
INSERTED DETAIL,18,Devon County Council,02/04/2026,22087554,"9,726.51",NORSE SOUTH WEST LIMITED,279741,785421021,Transformation & Business Services,A46100,Main / Term Contractor,R0334006,"DCC Business Entities (Sole Trade, Partnership, Ltd)"
INSERTED DETAIL,18,Devon County Council,02/04/2026,22087633,600.00,BUDLEIGH SALTERTON CRICKET CLUB,604423,403678692,"Chief Exec, Legal & Democratic services",A22010,Hire of Rooms,R0282001,"DCC Business Entities (Sole Trade, Partnership, Ltd)"
INSERTED DETAIL,18,Devon County Council,07/04/2026,22069592,836.89,NORSE SOUTH WEST LIMITED,279741,785421021,Capital other - Digital Technology & Business Services,C02011,External Professional Fees,C0647001,"DCC Business Entities (Sole Trade, Partnership, Ltd)"
INSERTED DETAIL,18,Devon County Council,07/04/2026,22081686,"1,550.00",LEX LEISURE LIMITED,61902,268089267,Inclusion & Learning,A22010,Hire of Rooms,R0101001,"DCC Business Entities (Sole Trade, Partnership, Ltd)"
INSERTED DETAIL,18,Devon County Council,07/04/2026,22081735,"2,500.00",NURTURE IN NATURE CHILDREN AND FAMILIES CIC,384801,,Dedicated Schools Grant,A44185,Other professional Services (Schools),R0082007,"DCC Business Entities (Sole Trade, Partnership, Ltd)"
INSERTED DETAIL,18,Devon County Council,07/04/2026,22082102,"1,648.00",NEUROBOX LIMITED,372919,273181702,Operations,A16015,Staff Training Expenses - Non Payroll,R0464007,"DCC Business Entities (Sole Trade, Partnership, Ltd)"
INSERTED DETAIL,18,Devon County Council,07/04/2026,22082104,"5,000.00",MADE WELL COMMUNITY INTEREST COMPANY,289051,,Children's Social Care,A52010,"Grants to voluntary, community and social enterprise organisations",R0007006,"DCC Business Entities (Sole Trade, Partnership, Ltd)"
INSERTED DETAIL,18,Devon County Council,07/04/2026,22082120,"2,916.00",JEREMY BENN ASSOCIATES LIMITED,321667,665300941,"Capital - Planning, Transportation and Environment",C02011,External Professional Fees,C0671012,"DCC Business Entities (Sole Trade, Partnership, Ltd)"
INSERTED DETAIL,18,Devon County Council,07/04/2026,22082123,"12,894.77",JEREMY BENN ASSOCIATES LIMITED,321667,665300941,"Transport Operations, Environment and Waste",A44038,Fees,R0614001,"DCC Business Entities (Sole Trade, Partnership, Ltd)"
INSERTED DETAIL,18,Devon County Council,07/04/2026,22082230,"83,333.33",DEVON COMMUNITY FOUNDATION,191796,,Public Health,A57115,Payments to Private Contractors,R0316084,"DCC Business Entities (Sole Trade, Partnership, Ltd)"
INSERTED DETAIL,18,Devon County Council,07/04/2026,22082249,"3,611.20",SALCOMBE TOWN COUNCIL,7867,456711777,Highways & Infrastructure Development,A93520,Parking Income,R0556031,"DCC Business Entities (Sole Trade, Partnership, Ltd)"
INSERTED DETAIL,18,Devon County Council,07/04/2026,22082250,"3,320.15",TEIGNMOUTH TOWN COUNCIL,10934,322862215,Highways & Infrastructure Development,A93520,Parking Income,R0556033,"DCC Business Entities (Sole Trade, Partnership, Ltd)"
INSERTED DETAIL,18,Devon County Council,07/04/2026,22082306,"9,438.02",COLENA LIMITED TRADING AS HELIGUY,405349,875093202,Capital - Highways,C04010,IT Hardware,C0652001,"DCC Business Entities (Sole Trade, Partnership, Ltd)"
INSERTED DETAIL,18,Devon County Council,07/04/2026,22082316,"2,280.60",PROSPERO RECRUITMENT LIMITED,352539,486704947,Dedicated Schools Grant,A44185,Other professional Services (Schools),R0082007,"DCC Business Entities (Sole Trade, Partnership, Ltd)"
INSERTED DETAIL,18,Devon County Council,07/04/2026,22082318,"2,544.45",SWARCO UK & IRELAND LIMITED,13690,568335022,Capital - Highways,C02009,Works,C0671005,DCC CIS Suppliers
INSERTED DETAIL,18,Devon County Council,07/04/2026,22082452,"1,920.00",PROGRESSION SERVICES LIMITED,390181,439882639,Dedicated Schools Grant,A44180,Services for Educational Estabs - Devon,R0010004,"DCC Business Entities (Sole Trade, Partnership, Ltd)"
INSERTED DETAIL,18,Devon County Council,07/04/2026,22082493,"11,255.25",APPROPRIATE ADULT SERVICE LIMITED,348287,243580216,Commissioning,A44038,Fees,R0484003,"DCC Business Entities (Sole Trade, Partnership, Ltd)"
INSERTED DETAIL,18,Devon County Council,07/04/2026,22082500,804.00,SPECTRUM SENSORY THERAPIES LTD,406310,,Dedicated Schools Grant,A44185,Other professional Services (Schools),R0082006,"DCC Business Entities (Sole Trade, Partnership, Ltd)"
INSERTED DETAIL,18,Devon County Council,07/04/2026,22082506,744.88,TORRIDGE GATES LIMITED,293636,981319504,Highways & Infrastructure Development,A40070,Stock Materials,R0557019,"DCC Business Entities (Sole Trade, Partnership, Ltd)"
INSERTED DETAIL,18,Devon County Council,07/04/2026,22082535,"1,693.80",YOUNG DEVON (IVYBRIDGE),120708,,Children's Social Care,A62000,Supported Accommodation - Child,R0026003,"DCC Business Entities (Sole Trade, Partnership, Ltd)"
INSERTED DETAIL,18,Devon County Council,07/04/2026,22082540,"3,008.46",VALLEY MOBILITY SERVICES LIMITED,87203,728762990,P-Ledger - Separate Legal Entity,A61054,Equipment (Care),P0391002,"DCC Business Entities (Sole Trade, Partnership, Ltd)"
INSERTED DETAIL,18,Devon County Council,07/04/2026,22082555,"25,000.00",TORBAY & SOUTH DEVON NHS,290092,654941219,Commissioning,A62110,Payments to Charities & Vol Providers,R0217030,"DCC Business Entities (Sole Trade, Partnership, Ltd)"
INSERTED DETAIL,18,Devon County Council,07/04/2026,22082590,900.00,HUGH CORNFORD CARE OF COLLETON CHAMBERS,402489,150808914,"Chief Exec, Legal & Democratic services",A44968,Legal & Conveyancing Charges,R0276001,"DCC Business Entities (Sole Trade, Partnership, Ltd)"
INSERTED DETAIL,18,Devon County Council,07/04/2026,22082598,"3,426.23",NORTH DEVON TYRES LIMITED,100826,800423877,"Transport Operations, Environment and Waste",A30010,Vehicles Repairs,R0584003,"DCC Business Entities (Sole Trade, Partnership, Ltd)"
INSERTED DETAIL,18,Devon County Council,07/04/2026,22082628,"6,166.80",S C C,161520,313651680,"Chief Exec, Legal & Democratic services",A45005,IT Hardware,R0291001,"DCC Business Entities (Sole Trade, Partnership, Ltd)"
INSERTED DETAIL,18,Devon County Council,07/04/2026,22082680,"2,612.00",JUDITH FINDLAY,400802,,Children's Social Care,A61060,Support for Children in Care,R0106002,"DCC Business Entities (Sole Trade, Partnership, Ltd)"
INSERTED DETAIL,18,Devon County Council,07/04/2026,22082890,"1,000.00",BRIGHTER FUTURES SOUTH WEST,357699,,P-Ledger - Separate Legal Entity,A61060,Support for Children in Care,P0432008,"DCC Business Entities (Sole Trade, Partnership, Ltd)"
INSERTED DETAIL,18,Devon County Council,07/04/2026,22083006,"7,291.50",AYRE CONTRACTORS & PLANT HIRE,209433,996310885,Capital - Highways,C02009,Works,C0652001,DCC CIS Suppliers
INSERTED DETAIL,18,Devon County Council,07/04/2026,22083011,"1,670.80",AYRE CONTRACTORS & PLANT HIRE,209433,996310885,Capital - Highways,C02009,Works,C0652001,DCC CIS Suppliers
INSERTED DETAIL,18,Devon County Council,07/04/2026,22083074,"1,562.50",Geo Arch,603117,,"Transport Operations, Environment and Waste",A49005,Other Hired & Contracting Services,R0610001,"DCC Business Entities (Sole Trade, Partnership, Ltd)"
INSERTED DETAIL,18,Devon County Council,07/04/2026,22083157,550.00,Barry Websdell,603736,,Communities,A44038,Fees,R0536008,"DCC Business Entities (Sole Trade, Partnership, Ltd)"
INSERTED DETAIL,18,Devon County Council,07/04/2026,22083213,550.00,Nick Sims,603737,,Communities,A44038,Fees,R0536008,"DCC Business Entities (Sole Trade, Partnership, Ltd)"
INSERTED DETAIL,18,Devon County Council,07/04/2026,22083560,"560,983.09",TORBAY COUNCIL FINANCE,6411,142208211,Dedicated Schools Grant,A53030,OLA Recoupment Expenditure (3rd),R0111010,"DCC Business Entities (Sole Trade, Partnership, Ltd)"
INSERTED DETAIL,18,Devon County Council,07/04/2026,22083860,807.28,Kate Boot,603678,,Operations,A57133,Enabling,R0227021,"DCC Business Entities (Sole Trade, Partnership, Ltd)"
INSERTED DETAIL,18,Devon County Council,07/04/2026,22084683,"5,209.50",RYDON SIGNS LIMITED,18741,456277718,"Capital - Planning, Transportation and Environment",C02009,Works,C0671011,DCC CIS Suppliers
INSERTED DETAIL,18,Devon County Council,07/04/2026,22084797,510.00,OUT OF THE BOX PLAY & C A T,365496,,P-Ledger - Separate Legal Entity,A61060,Support for Children in Care,P0432008,"DCC Business Entities (Sole Trade, Partnership, Ltd)"
INSERTED DETAIL,18,Devon County Council,07/04/2026,22084798,"1,110.00",OUT OF THE BOX PLAY & C A T,365496,,P-Ledger - Separate Legal Entity,A61060,Support for Children in Care,P0432008,"DCC Business Entities (Sole Trade, Partnership, Ltd)"
INSERTED DETAIL,18,Devon County Council,07/04/2026,22084807,960.00,OUT OF THE BOX PLAY & C A T,365496,,P-Ledger - Separate Legal Entity,A61060,Support for Children in Care,P0432008,"DCC Business Entities (Sole Trade, Partnership, Ltd)"
INSERTED DETAIL,18,Devon County Council,07/04/2026,22084809,"1,350.00",OUT OF THE BOX PLAY & C A T,365496,,P-Ledger - Separate Legal Entity,A61060,Support for Children in Care,P0432008,"DCC Business Entities (Sole Trade, Partnership, Ltd)"
INSERTED DETAIL,18,Devon County Council,07/04/2026,22084838,"66,612.00",LIVEWELL SOUTH WEST COMMUNITY INTEREST COMPANY,337747,120536356,P-Ledger - Separate Legal Entity,A62100,Joint Arrangements with OLAs and Health,P0415001,"DCC Business Entities (Sole Trade, Partnership, Ltd)"
INSERTED DETAIL,18,Devon County Council,07/04/2026,22084839,"235,847.59",LIVEWELL SOUTH WEST COMMUNITY INTEREST COMPANY,337747,120536356,P-Ledger - Separate Legal Entity,A62100,Joint Arrangements with OLAs and Health,P0415006,"DCC Business Entities (Sole Trade, Partnership, Ltd)"
INSERTED DETAIL,18,Devon County Council,07/04/2026,22084842,"112,446.00",LIVEWELL SOUTH WEST COMMUNITY INTEREST COMPANY,337747,120536356,P-Ledger - Separate Legal Entity,A54000,Better Care Fund Expense,P0415011,"DCC Business Entities (Sole Trade, Partnership, Ltd)"
INSERTED DETAIL,18,Devon County Council,07/04/2026,22084873,790.00,Jennifer Roder Ltd,344982,,Dedicated Schools Grant,A53012,Payments to Independent Units,R0089003,"DCC Business Entities (Sole Trade, Partnership, Ltd)"
INSERTED DETAIL,18,Devon County Council,07/04/2026,22084900,"1,979.00",TOPP TREE CARE LTD,389748,434623407,Highways & Infrastructure Development,A49005,Other Hired & Contracting Services,R0553005,"DCC Business Entities (Sole Trade, Partnership, Ltd)"
INSERTED DETAIL,18,Devon County Council,07/04/2026,22085772,"2,376.00",TUTE EDUCATION LIMITED,307284,902188441,Dedicated Schools Grant,A44185,Other professional Services (Schools),R0082007,"DCC Business Entities (Sole Trade, Partnership, Ltd)"
INSERTED DETAIL,18,Devon County Council,07/04/2026,22085987,"306,481.58",ACORN CARE & EDUCATION LIMITED,333557,902188441,Dedicated Schools Grant,A61052,Independent Special School Fees,R0089003,"DCC Business Entities (Sole Trade, Partnership, Ltd)"
INSERTED DETAIL,18,Devon County Council,07/04/2026,22086071,"29,155.00",EAST DEVON DISTRICT COUN (S O ACCOUNT),8710,142218990,Highways & Infrastructure Development,A23005,Rates,R0556028,"DCC Business Entities (Sole Trade, Partnership, Ltd)"
INSERTED DETAIL,18,Devon County Council,07/04/2026,22086073,"4,641.00",EAST DEVON DISTRICT COUN (S O ACCOUNT),8710,142218990,Transformation & Business Services,A23005,Rates,R0333028,"DCC Business Entities (Sole Trade, Partnership, Ltd)"
INSERTED DETAIL,18,Devon County Council,07/04/2026,22086081,"1,391.60",EAST DEVON DISTRICT COUN (S O ACCOUNT),8710,142218990,Transformation & Business Services,A23005,Rates,R0333026,"DCC Business Entities (Sole Trade, Partnership, Ltd)"
INSERTED DETAIL,18,Devon County Council,07/04/2026,22086229,"3,168.00",TUTE EDUCATION LIMITED,307284,902188441,Dedicated Schools Grant,A44185,Other professional Services (Schools),R0082007,"DCC Business Entities (Sole Trade, Partnership, Ltd)"
INSERTED DETAIL,18,Devon County Council,07/04/2026,22087146,"2,600.00",UX2 LIMITED,388014,235329022,Dedicated Schools Grant,A44185,Other professional Services (Schools),R0082007,"DCC Business Entities (Sole Trade, Partnership, Ltd)"
INSERTED DETAIL,18,Devon County Council,07/04/2026,22087163,"7,926.77",ECO SUSTAINABLE SOLUTIONS LIMITED,404318,673902910,"Transport Operations, Environment and Waste",A46100,Main / Term Contractor,R0600001,"DCC Business Entities (Sole Trade, Partnership, Ltd)"
INSERTED DETAIL,18,Devon County Council,07/04/2026,22087187,"1,216.32",PROSPERO RECRUITMENT LIMITED,352539,486704947,Dedicated Schools Grant,A44185,Other professional Services (Schools),R0082007,"DCC Business Entities (Sole Trade, Partnership, Ltd)"
INSERTED DETAIL,18,Devon County Council,07/04/2026,22087277,"1,904.63",ULTIM8 CONSTRUCTION LIMITED,276694,998206374,Capital - Highways,C02009,Works,C0671004,"DCC Business Entities (Sole Trade, Partnership, Ltd)"
INSERTED DETAIL,18,Devon County Council,07/04/2026,22087284,"55,000.00",ULTIM8 CONSTRUCTION LIMITED,276694,998206374,Capital - Highways,C02009,Works,C0652001,"DCC Business Entities (Sole Trade, Partnership, Ltd)"
INSERTED DETAIL,18,Devon County Council,07/04/2026,22087334,"4,784.00",KENNFORD TARMACADAM LIMITED,24534,976391178,Highways & Infrastructure Development,A49005,Other Hired & Contracting Services,R0552006,DCC CIS Suppliers
INSERTED DETAIL,18,Devon County Council,07/04/2026,22087337,"10,437.24",Dr SAMUEL LAWTON,600709,,Operations,A44038,Fees,R0222002,"DCC Business Entities (Sole Trade, Partnership, Ltd)"
INSERTED DETAIL,18,Devon County Council,07/04/2026,22087412,750.00,CLAIRE APPLEBY,356126,845131444,"Chief Exec, Legal & Democratic services",A44968,Legal & Conveyancing Charges,R0276001,"DCC Business Entities (Sole Trade, Partnership, Ltd)"
INSERTED DETAIL,18,Devon County Council,07/04/2026,22087478,"4,095.90",QUALITY MARKING SERVICES LIMITED,86608,777323994,Highways & Infrastructure Development,A49005,Other Hired & Contracting Services,R0556027,DCC CIS Suppliers
INSERTED DETAIL,18,Devon County Council,07/04/2026,22087629,"6,070.00",North Devon College (Exeter and North Devon Colleges Group),603346,125451632,Dedicated Schools Grant,A44185,Other professional Services (Schools),R0082007,"DCC Business Entities (Sole Trade, Partnership, Ltd)"
INSERTED DETAIL,18,Devon County Council,07/04/2026,22087677,"54,361.51",KENNFORD TARMACADAM LIMITED,24534,976391178,"Capital - Planning, Transportation and Environment",C02009,Works,C0671003,DCC CIS Suppliers
INSERTED DETAIL,18,Devon County Council,07/04/2026,22087729,"8,456.01",E & J W GLENDINNING LIMITED,62732,668406312,Capital - Highways,C02009,Works,C0671006,DCC CIS Suppliers
INSERTED DETAIL,18,Devon County Council,07/04/2026,22087757,"33,724.39",E & J W GLENDINNING LIMITED,62732,668406312,Capital - Highways,C02009,Works,C0671006,DCC CIS Suppliers
INSERTED DETAIL,18,Devon County Council,07/04/2026,22087781,"3,969.00",SOUTHWEST INTERVENTION SERVICES,333291,440830321,Dedicated Schools Grant,A44185,Other professional Services (Schools),R0082007,"DCC Business Entities (Sole Trade, Partnership, Ltd)"
INSERTED DETAIL,18,Devon County Council,07/04/2026,22087929,"19,181.00",Royal Deaf Education Trust,8245,478920838,Dedicated Schools Grant,A53012,Payments to Independent Units,R0089003,"DCC Business Entities (Sole Trade, Partnership, Ltd)"
INSERTED DETAIL,18,Devon County Council,07/04/2026,22087933,"151,167.18",KENT COUNTY COUNCIL,83992,204269191,Highways & Infrastructure Development,A21005,Electricity,R0567003,"DCC Business Entities (Sole Trade, Partnership, Ltd)"
INSERTED DETAIL,18,Devon County Council,07/04/2026,22087941,800.00,BREAKTHROUGH TRANSFORMATION TRUST,248117,480468080,Dedicated Schools Grant,A53040,Contributions to Educational Estabs (3rd,R0140001,"DCC Business Entities (Sole Trade, Partnership, Ltd)"
INSERTED DETAIL,18,Devon County Council,07/04/2026,22087973,"2,470.00",EXETER PAEDIATRIC I C S LIMITED,373429,,P-Ledger - Separate Legal Entity,A61060,Support for Children in Care,P0432008,"DCC Business Entities (Sole Trade, Partnership, Ltd)"
INSERTED DETAIL,18,Devon County Council,07/04/2026,22087993,"2,500.00",EXETER PAEDIATRIC I C S LIMITED,373429,,P-Ledger - Separate Legal Entity,A61060,Support for Children in Care,P0432008,"DCC Business Entities (Sole Trade, Partnership, Ltd)"
INSERTED DETAIL,18,Devon County Council,07/04/2026,22088064,710.96,GLOBAL MEDIA GROUP SERVICES LIMITED,235805,649417019,"Economy, Enterprise and Skills",A44005,Publicity/Advertising,R0539003,"DCC Business Entities (Sole Trade, Partnership, Ltd)"
INSERTED DETAIL,18,Devon County Council,07/04/2026,22088067,"3,024.00",Michael Dark Limited,604500,526919322,Capital - Highways,C02009,Works,C0671008,"DCC Business Entities (Sole Trade, Partnership, Ltd)"
INSERTED DETAIL,18,Devon County Council,07/04/2026,22088153,"12,465.50",TWIL CIVILS SOUTH WEST (Taylor Woodrow Infrastructure Ltd.),396590,321931874,Capital - Highways,C02009,Works,C0652001,DCC CIS Suppliers
INSERTED DETAIL,18,Devon County Council,07/04/2026,22088185,"5,400.00",DENE TERRY TRADING AS SPACE ADAPT LEARN GROW,404230,,Dedicated Schools Grant,A44185,Other professional Services (Schools),R0082007,"DCC Business Entities (Sole Trade, Partnership, Ltd)"
INSERTED DETAIL,18,Devon County Council,07/04/2026,22088232,"4,926.35",KENNFORD TARMACADAM LIMITED,24534,976391178,Capital - Highways,C02009,Works,C0671006,DCC CIS Suppliers
INSERTED DETAIL,18,Devon County Council,07/04/2026,22088539,"2,499.00",EXETER PAEDIATRIC I C S LIMITED,373429,,P-Ledger - Separate Legal Entity,A61060,Support for Children in Care,P0432008,"DCC Business Entities (Sole Trade, Partnership, Ltd)"
INSERTED DETAIL,18,Devon County Council,08/04/2026,22082515,843.00,NeuroConnect CIC,382604,,P-Ledger - Separate Legal Entity,A61060,Support for Children in Care,P0432008,"DCC Business Entities (Sole Trade, Partnership, Ltd)"
INSERTED DETAIL,18,Devon County Council,08/04/2026,22082608,"2,100.00",WAVE MULTI ACADEMY TRUST,356576,163418709,Dedicated Schools Grant,A44180,Services for Educational Estabs - Devon,R0010013,"DCC Business Entities (Sole Trade, Partnership, Ltd)"
INSERTED DETAIL,18,Devon County Council,08/04/2026,22082667,"30,269.79",TEIGNMOUTH MARITIME SERVICES LIMITED,255526,492196462,Capital - Highways,C02009,Works,C0671004,"DCC Business Entities (Sole Trade, Partnership, Ltd)"
INSERTED DETAIL,18,Devon County Council,08/04/2026,22082692,840.00,THE EDUCATION COMPANY LIMITED,80154,573768493,Inclusion & Learning,A45045,IT Software Maintenance,R0020006,"DCC Business Entities (Sole Trade, Partnership, Ltd)"
INSERTED DETAIL,18,Devon County Council,08/04/2026,22082704,"1,000.00",SOUTHWEST ESTATE MAINTENANCE LIMITED,401880,506499273,Capital - Highways,C02009,Works,C0652001,DCC CIS Suppliers
INSERTED DETAIL,18,Devon County Council,08/04/2026,22082742,"2,280.60",PROSPERO RECRUITMENT LIMITED,352539,486704947,Dedicated Schools Grant,A44185,Other professional Services (Schools),R0082007,"DCC Business Entities (Sole Trade, Partnership, Ltd)"
INSERTED DETAIL,18,Devon County Council,08/04/2026,22082748,"2,280.60",PROSPERO RECRUITMENT LIMITED,352539,486704947,Dedicated Schools Grant,A44185,Other professional Services (Schools),R0082007,"DCC Business Entities (Sole Trade, Partnership, Ltd)"
INSERTED DETAIL,18,Devon County Council,08/04/2026,22082755,"2,280.60",PROSPERO RECRUITMENT LIMITED,352539,486704947,Dedicated Schools Grant,A44185,Other professional Services (Schools),R0082007,"DCC Business Entities (Sole Trade, Partnership, Ltd)"
INSERTED DETAIL,18,Devon County Council,08/04/2026,22082761,760.20,PROSPERO RECRUITMENT LIMITED,352539,486704947,Dedicated Schools Grant,A44185,Other professional Services (Schools),R0082007,"DCC Business Entities (Sole Trade, Partnership, Ltd)"
INSERTED DETAIL,18,Devon County Council,08/04/2026,22082766,"2,396.20",PROSPERO RECRUITMENT LIMITED,352539,486704947,Dedicated Schools Grant,A44185,Other professional Services (Schools),R0082007,"DCC Business Entities (Sole Trade, Partnership, Ltd)"
INSERTED DETAIL,18,Devon County Council,08/04/2026,22082768,760.20,PROSPERO RECRUITMENT LIMITED,352539,486704947,Dedicated Schools Grant,A44185,Other professional Services (Schools),R0082007,"DCC Business Entities (Sole Trade, Partnership, Ltd)"
INSERTED DETAIL,18,Devon County Council,08/04/2026,22082772,"2,831.26",PROSPERO RECRUITMENT LIMITED,352539,486704947,Dedicated Schools Grant,A44185,Other professional Services (Schools),R0082007,"DCC Business Entities (Sole Trade, Partnership, Ltd)"
INSERTED DETAIL,18,Devon County Council,08/04/2026,22082774,"1,317.68",PROSPERO RECRUITMENT LIMITED,352539,486704947,Dedicated Schools Grant,A44185,Other professional Services (Schools),R0082007,"DCC Business Entities (Sole Trade, Partnership, Ltd)"
INSERTED DETAIL,18,Devon County Council,08/04/2026,22082777,760.20,PROSPERO RECRUITMENT LIMITED,352539,486704947,Dedicated Schools Grant,A44185,Other professional Services (Schools),R0082007,"DCC Business Entities (Sole Trade, Partnership, Ltd)"
INSERTED DETAIL,18,Devon County Council,08/04/2026,22082778,"2,077.88",PROSPERO RECRUITMENT LIMITED,352539,486704947,Dedicated Schools Grant,A44185,Other professional Services (Schools),R0082007,"DCC Business Entities (Sole Trade, Partnership, Ltd)"
INSERTED DETAIL,18,Devon County Council,08/04/2026,22082780,"2,280.60",PROSPERO RECRUITMENT LIMITED,352539,486704947,Dedicated Schools Grant,A44185,Other professional Services (Schools),R0082007,"DCC Business Entities (Sole Trade, Partnership, Ltd)"
INSERTED DETAIL,18,Devon County Council,08/04/2026,22082785,"1,520.40",PROSPERO RECRUITMENT LIMITED,352539,486704947,Dedicated Schools Grant,A44185,Other professional Services (Schools),R0082007,"DCC Business Entities (Sole Trade, Partnership, Ltd)"
INSERTED DETAIL,18,Devon County Council,08/04/2026,22082789,"2,310.60",PROSPERO RECRUITMENT LIMITED,352539,486704947,Dedicated Schools Grant,A44185,Other professional Services (Schools),R0082007,"DCC Business Entities (Sole Trade, Partnership, Ltd)"
INSERTED DETAIL,18,Devon County Council,08/04/2026,22082793,"2,280.60",PROSPERO RECRUITMENT LIMITED,352539,486704947,Dedicated Schools Grant,A44185,Other professional Services (Schools),R0082007,"DCC Business Entities (Sole Trade, Partnership, Ltd)"
INSERTED DETAIL,18,Devon County Council,08/04/2026,22082801,"1,520.40",PROSPERO RECRUITMENT LIMITED,352539,486704947,Dedicated Schools Grant,A44185,Other professional Services (Schools),R0082007,"DCC Business Entities (Sole Trade, Partnership, Ltd)"
INSERTED DETAIL,18,Devon County Council,08/04/2026,22082806,"2,280.60",PROSPERO RECRUITMENT LIMITED,352539,486704947,Dedicated Schools Grant,A44185,Other professional Services (Schools),R0082007,"DCC Business Entities (Sole Trade, Partnership, Ltd)"
INSERTED DETAIL,18,Devon County Council,08/04/2026,22082827,608.16,PROSPERO RECRUITMENT LIMITED,352539,486704947,Dedicated Schools Grant,A44185,Other professional Services (Schools),R0082007,"DCC Business Entities (Sole Trade, Partnership, Ltd)"
INSERTED DETAIL,18,Devon County Council,08/04/2026,22082837,912.24,PROSPERO RECRUITMENT LIMITED,352539,486704947,Dedicated Schools Grant,A44185,Other professional Services (Schools),R0082007,"DCC Business Entities (Sole Trade, Partnership, Ltd)"
INSERTED DETAIL,18,Devon County Council,08/04/2026,22083016,"2,787.40",PROSPERO RECRUITMENT LIMITED,352539,486704947,Dedicated Schools Grant,A44180,Services for Educational Estabs - Devon,R0010004,"DCC Business Entities (Sole Trade, Partnership, Ltd)"
INSERTED DETAIL,18,Devon County Council,08/04/2026,22083019,"1,520.40",PROSPERO RECRUITMENT LIMITED,352539,486704947,Dedicated Schools Grant,A44180,Services for Educational Estabs - Devon,R0010004,"DCC Business Entities (Sole Trade, Partnership, Ltd)"
INSERTED DETAIL,18,Devon County Council,08/04/2026,22083022,"1,773.30",PROSPERO RECRUITMENT LIMITED,352539,486704947,Dedicated Schools Grant,A44180,Services for Educational Estabs - Devon,R0010004,"DCC Business Entities (Sole Trade, Partnership, Ltd)"
INSERTED DETAIL,18,Devon County Council,08/04/2026,22083084,"4,255.39",BREAKTHROUGH TRANSFORMATION TRUST,248117,480468080,Dedicated Schools Grant,A44185,Other professional Services (Schools),R0082007,"DCC Business Entities (Sole Trade, Partnership, Ltd)"
INSERTED DETAIL,18,Devon County Council,08/04/2026,22083091,"2,960.78",BREAKTHROUGH TRANSFORMATION TRUST,248117,480468080,Dedicated Schools Grant,A44185,Other professional Services (Schools),R0082007,"DCC Business Entities (Sole Trade, Partnership, Ltd)"
INSERTED DETAIL,18,Devon County Council,08/04/2026,22083112,"1,000.00",National Landscape Association,83283,338382090,"Transport Operations, Environment and Waste",A47010,Subscriptions,R0639008,"DCC Business Entities (Sole Trade, Partnership, Ltd)"
INSERTED DETAIL,18,Devon County Council,08/04/2026,22083274,"5,885.12",QUALITY MARKING SERVICES LIMITED,86608,777323994,Capital - Highways,C02009,Works,C0671005,DCC CIS Suppliers
INSERTED DETAIL,18,Devon County Council,08/04/2026,22083275,600.00,EXETER HINDU CULTURAL CENTRE,389320,,Communities,A52010,"Grants to voluntary, community and social enterprise organisations",R0530001,"DCC Business Entities (Sole Trade, Partnership, Ltd)"
INSERTED DETAIL,18,Devon County Council,08/04/2026,22083617,"2,531.15",DODDS SOLICITORS LLP,394172,729928286,"Chief Exec, Legal & Democratic services",A44968,Legal & Conveyancing Charges,R0276001,"DCC Business Entities (Sole Trade, Partnership, Ltd)"
INSERTED DETAIL,18,Devon County Council,08/04/2026,22084245,"1,346.18",Elmtree Learning Partnership Ltd,601452,494225084,Dedicated Schools Grant,A44185,Other professional Services (Schools),R0082007,"DCC Business Entities (Sole Trade, Partnership, Ltd)"
INSERTED DETAIL,18,Devon County Council,08/04/2026,22084896,"1,520.00",SIRONA THERAPEUTIC HORSEMANSHIP,285933,,Dedicated Schools Grant,A44185,Other professional Services (Schools),R0082006,"DCC Business Entities (Sole Trade, Partnership, Ltd)"
INSERTED DETAIL,18,Devon County Council,08/04/2026,22084929,810.00,SIRONA THERAPEUTIC HORSEMANSHIP,285933,,Dedicated Schools Grant,A44180,Services for Educational Estabs - Devon,R0010004,"DCC Business Entities (Sole Trade, Partnership, Ltd)"
INSERTED DETAIL,18,Devon County Council,08/04/2026,22085507,"10,710.00",PROMOTING INDEPENDENT CARE LIMITED,376159,,Children's Social Care,A11005,Agency Supply Staff,R0095010,"DCC Business Entities (Sole Trade, Partnership, Ltd)"
INSERTED DETAIL,18,Devon County Council,08/04/2026,22085658,"1,152.69",EAST DEVON DISTRICT COUN (S O ACCOUNT),8710,142218990,Transformation & Business Services,A23005,Rates,R0333026,"DCC Business Entities (Sole Trade, Partnership, Ltd)"
INSERTED DETAIL,18,Devon County Council,08/04/2026,22085765,"1,520.40",PROSPERO RECRUITMENT LIMITED,352539,486704947,Dedicated Schools Grant,A44185,Other professional Services (Schools),R0082007,"DCC Business Entities (Sole Trade, Partnership, Ltd)"
INSERTED DETAIL,18,Devon County Council,08/04/2026,22085774,"3,040.80",PROSPERO RECRUITMENT LIMITED,352539,486704947,Dedicated Schools Grant,A44180,Services for Educational Estabs - Devon,R0010004,"DCC Business Entities (Sole Trade, Partnership, Ltd)"
INSERTED DETAIL,18,Devon County Council,08/04/2026,22085777,"3,040.80",PROSPERO RECRUITMENT LIMITED,352539,486704947,Dedicated Schools Grant,A44180,Services for Educational Estabs - Devon,R0010004,"DCC Business Entities (Sole Trade, Partnership, Ltd)"
INSERTED DETAIL,18,Devon County Council,08/04/2026,22086018,"8,232.00",3t Training Services Ltd,601802,579834868,"Economy, Enterprise and Skills",A44038,Fees,R0546004,"DCC Business Entities (Sole Trade, Partnership, Ltd)"
INSERTED DETAIL,18,Devon County Council,08/04/2026,22086298,"1,216.32",PROSPERO RECRUITMENT LIMITED,352539,486704947,Dedicated Schools Grant,A44185,Other professional Services (Schools),R0082007,"DCC Business Entities (Sole Trade, Partnership, Ltd)"
INSERTED DETAIL,18,Devon County Council,08/04/2026,22087274,"85,928.63",KENNFORD TARMACADAM LIMITED,24534,976391178,Capital - Highways,C02009,Works,C0671008,DCC CIS Suppliers
INSERTED DETAIL,18,Devon County Council,08/04/2026,22087435,"1,470.00",Rebecca Dowell Tuition,602086,,Dedicated Schools Grant,A44185,Other professional Services (Schools),R0082002,"DCC Business Entities (Sole Trade, Partnership, Ltd)"
INSERTED DETAIL,18,Devon County Council,08/04/2026,22087926,"575,000.00",STAGECOACH DEVON LIMITED,21413,435757819,"Transport Operations, Environment and Waste",A32010,Contract Hire Scheme,R0575001,"DCC Business Entities (Sole Trade, Partnership, Ltd)"
INSERTED DETAIL,18,Devon County Council,08/04/2026,22088190,"21,327.00",TORBAY COUNCIL FINANCE,6411,142208211,Capital - Highways,C02009,Works,C0652001,"DCC Business Entities (Sole Trade, Partnership, Ltd)"
INSERTED DETAIL,18,Devon County Council,08/04/2026,22088242,793.33,Bedsonline.biz Ltd t/a MattressNextDay,604164,691403146,Inclusion & Learning,A25005,Fixtures & Fittings,R0102001,"DCC Business Entities (Sole Trade, Partnership, Ltd)"
INSERTED DETAIL,18,Devon County Council,08/04/2026,22088354,"10,260.16",JEREMY BENN ASSOCIATES LIMITED,321667,665300941,"Transport Operations, Environment and Waste",A44065,Consultancy Services,R0579007,"DCC Business Entities (Sole Trade, Partnership, Ltd)"
INSERTED DETAIL,18,Devon County Council,08/04/2026,22088365,"3,446.34",ARMADA SOCIAL WORK SERVICES LIMITED,382784,395853540,"Chief Exec, Legal & Democratic services",A44038,Fees,R0276001,"DCC Business Entities (Sole Trade, Partnership, Ltd)"
INSERTED DETAIL,18,Devon County Council,08/04/2026,22088624,"1,022.96",NORSE SOUTH WEST LIMITED,279741,785421021,Operations,A49208,Transaction fees: Other costs,R0238001,"DCC Business Entities (Sole Trade, Partnership, Ltd)"
INSERTED DETAIL,18,Devon County Council,08/04/2026,22088651,"37,000.53",KENNFORD TARMACADAM LIMITED,24534,976391178,Capital - Highways,C02009,Works,C0652001,DCC CIS Suppliers
INSERTED DETAIL,18,Devon County Council,08/04/2026,22088657,"1,786.25",Enhance EHC Ltd,604125,750870917,Inclusion & Learning,A44065,Consultancy Services,R0680004,"DCC Business Entities (Sole Trade, Partnership, Ltd)"
INSERTED DETAIL,18,Devon County Council,08/04/2026,22088664,"5,570.58",ACORN CARE & EDUCATION LIMITED,333557,902188441,Dedicated Schools Grant,A61052,Independent Special School Fees,R0089003,"DCC Business Entities (Sole Trade, Partnership, Ltd)"
INSERTED DETAIL,18,Devon County Council,08/04/2026,22088665,"5,408.33",ACORN CARE & EDUCATION LIMITED,333557,902188441,Dedicated Schools Grant,A61052,Independent Special School Fees,R0089003,"DCC Business Entities (Sole Trade, Partnership, Ltd)"
INSERTED DETAIL,18,Devon County Council,08/04/2026,22088674,"5,408.33",ACORN CARE & EDUCATION LIMITED,333557,902188441,Dedicated Schools Grant,A61052,Independent Special School Fees,R0089003,"DCC Business Entities (Sole Trade, Partnership, Ltd)"
INSERTED DETAIL,18,Devon County Council,08/04/2026,22088682,"6,349.04",ACORN CARE & EDUCATION LIMITED,333557,902188441,Dedicated Schools Grant,A61052,Independent Special School Fees,R0089003,"DCC Business Entities (Sole Trade, Partnership, Ltd)"
INSERTED DETAIL,18,Devon County Council,08/04/2026,22088687,"5,570.58",ACORN CARE & EDUCATION LIMITED,333557,902188441,Dedicated Schools Grant,A61052,Independent Special School Fees,R0089003,"DCC Business Entities (Sole Trade, Partnership, Ltd)"
INSERTED DETAIL,18,Devon County Council,08/04/2026,22088688,"6,349.04",ACORN CARE & EDUCATION LIMITED,333557,902188441,Dedicated Schools Grant,A61052,Independent Special School Fees,R0089003,"DCC Business Entities (Sole Trade, Partnership, Ltd)"
INSERTED DETAIL,18,Devon County Council,08/04/2026,22088703,"5,570.58",ACORN CARE & EDUCATION LIMITED,333557,902188441,Dedicated Schools Grant,A61052,Independent Special School Fees,R0089003,"DCC Business Entities (Sole Trade, Partnership, Ltd)"
INSERTED DETAIL,18,Devon County Council,08/04/2026,22088704,"33,282.45",KENNFORD TARMACADAM LIMITED,24534,976391178,Capital - Highways,C02009,Works,C0652001,DCC CIS Suppliers
INSERTED DETAIL,18,Devon County Council,08/04/2026,22088705,"5,816.88",ACORN CARE & EDUCATION LIMITED,333557,902188441,Dedicated Schools Grant,A61052,Independent Special School Fees,R0089003,"DCC Business Entities (Sole Trade, Partnership, Ltd)"
INSERTED DETAIL,18,Devon County Council,08/04/2026,22088726,"2,099.20",KENNFORD TARMACADAM LIMITED,24534,976391178,Capital - Highways,C02009,Works,C0652001,DCC CIS Suppliers
INSERTED DETAIL,18,Devon County Council,08/04/2026,22088729,"2,099.20",KENNFORD TARMACADAM LIMITED,24534,976391178,Capital - Highways,C02009,Works,C0652001,DCC CIS Suppliers
INSERTED DETAIL,18,Devon County Council,08/04/2026,22088951,"2,877.05",KENNFORD TARMACADAM LIMITED,24534,976391178,Capital - Highways,C02009,Works,C0671006,DCC CIS Suppliers
INSERTED DETAIL,18,Devon County Council,08/04/2026,22089068,"2,813.80",KENNFORD TARMACADAM LIMITED,24534,976391178,Capital - Highways,C02009,Works,C0671006,DCC CIS Suppliers
INSERTED DETAIL,18,Devon County Council,09/04/2026,22080205,"10,000.00",FRANCOTYP POSTALIA LIMITED (TELESET),90476,566261823,Transformation & Business Services,A45015,Postages,R0333026,"DCC Business Entities (Sole Trade, Partnership, Ltd)"
INSERTED DETAIL,18,Devon County Council,09/04/2026,22081648,560.00,Wildhearts Services CIC,602264,,Children's Social Care,A61120,Adoptions Allowances,R0106002,"DCC Business Entities (Sole Trade, Partnership, Ltd)"
INSERTED DETAIL,18,Devon County Council,09/04/2026,22081727,900.00,EXETER PAEDIATRIC I C S LIMITED,373429,,P-Ledger - Separate Legal Entity,A61060,Support for Children in Care,P0432008,"DCC Business Entities (Sole Trade, Partnership, Ltd)"
INSERTED DETAIL,18,Devon County Council,09/04/2026,22081996,"2,430.00",HELD HEALTH LIMITED,392625,,P-Ledger - Separate Legal Entity,A61060,Support for Children in Care,P0432008,"DCC Business Entities (Sole Trade, Partnership, Ltd)"
INSERTED DETAIL,18,Devon County Council,09/04/2026,22082365,520.00,PSYCHOLOGY ASSOCIATES LIMITED,147932,912873418,P-Ledger - Separate Legal Entity,A61060,Support for Children in Care,P0432008,"DCC Business Entities (Sole Trade, Partnership, Ltd)"
INSERTED DETAIL,18,Devon County Council,09/04/2026,22082773,792.00,SOUTHWEST ESTATE MAINTENANCE LIMITED,401880,506499273,Highways & Infrastructure Development,A49005,Other Hired & Contracting Services,R0557017,DCC CIS Suppliers
INSERTED DETAIL,18,Devon County Council,09/04/2026,22082894,800.00,BRIGHTER FUTURES SOUTH WEST,357699,,P-Ledger - Separate Legal Entity,A61060,Support for Children in Care,P0432008,"DCC Business Entities (Sole Trade, Partnership, Ltd)"
INSERTED DETAIL,18,Devon County Council,09/04/2026,22082960,"3,840.00",PROGRESSION SERVICES LIMITED,390181,439882639,Dedicated Schools Grant,A44180,Services for Educational Estabs - Devon,R0010004,"DCC Business Entities (Sole Trade, Partnership, Ltd)"
INSERTED DETAIL,18,Devon County Council,09/04/2026,22083238,583.83,WGP MAINTENANCE LIMITED,397367,948500609,Transformation & Business Services,A20010,"Property Repairs, Maintenance & Alterations (Reactive)",R0333026,DCC CIS Suppliers
INSERTED DETAIL,18,Devon County Council,09/04/2026,22083301,"2,947.86",SECURITAS TECHNOLOGY LIMITED,399509,232244695,Children's Social Care,A20015,Security / Surveillance Equipment Maintenance,R0015001,"DCC Business Entities (Sole Trade, Partnership, Ltd)"
INSERTED DETAIL,18,Devon County Council,09/04/2026,22083311,"1,070.00",FREDERICK SHERRELL LIMITED,14402,591319333,Capital - Highways,C02011,External Professional Fees,C0652001,"DCC Business Entities (Sole Trade, Partnership, Ltd)"
INSERTED DETAIL,18,Devon County Council,09/04/2026,22083437,800.00,CHRISTOPHER GODFREY CARE OF COLLETON,396748,560758621,"Chief Exec, Legal & Democratic services",A44968,Legal & Conveyancing Charges,R0276001,"DCC Business Entities (Sole Trade, Partnership, Ltd)"
INSERTED DETAIL,18,Devon County Council,09/04/2026,22083449,"43,496.00",TORBAY & SOUTH DEVON NHS,290092,654941219,Operations,A53005,Payments to Health Authorities,R0464005,"DCC Business Entities (Sole Trade, Partnership, Ltd)"
INSERTED DETAIL,18,Devon County Council,09/04/2026,22083461,600.00,EXETER RUGBY CLUB LTD,34972,918551313,Dedicated Schools Grant,A44185,Other professional Services (Schools),R0082007,"DCC Business Entities (Sole Trade, Partnership, Ltd)"
INSERTED DETAIL,18,Devon County Council,09/04/2026,22083468,"3,780.00",EXETER RUGBY CLUB LTD,34972,918551313,Dedicated Schools Grant,A44185,Other professional Services (Schools),R0082007,"DCC Business Entities (Sole Trade, Partnership, Ltd)"
INSERTED DETAIL,18,Devon County Council,09/04/2026,22083489,"13,428.00",1 CLOUD CONSULTANTS,370669,141860131,Transformation & Business Services,A45040,IT Software,R0353008,"DCC Business Entities (Sole Trade, Partnership, Ltd)"
INSERTED DETAIL,18,Devon County Council,09/04/2026,22083492,"403,233.37",TORBAY & SOUTH DEVON NHS,290092,654941219,P-Ledger - Separate Legal Entity,A62100,Joint Arrangements with OLAs and Health,P0395002,"DCC Business Entities (Sole Trade, Partnership, Ltd)"
INSERTED DETAIL,18,Devon County Council,09/04/2026,22084090,931.00,THE WOODROFFE SCHOOL,52595,,Dedicated Schools Grant,A53035,Other Recoupment Expenditure (3rd),R0111004,"DCC Business Entities (Sole Trade, Partnership, Ltd)"
INSERTED DETAIL,18,Devon County Council,09/04/2026,22084108,"1,080.00",SWIFT CARE SERVICES LIMITED,403733,,Children's Social Care,A61200,Community based care,R0044004,"DCC Business Entities (Sole Trade, Partnership, Ltd)"
INSERTED DETAIL,18,Devon County Council,09/04/2026,22084682,"33,320.00",NORTH DEVON COUNCIL (RATES),401210,,Transformation & Business Services,A23005,Rates,R0333026,"DCC Business Entities (Sole Trade, Partnership, Ltd)"
INSERTED DETAIL,18,Devon County Council,09/04/2026,22084803,510.00,OUT OF THE BOX PLAY & C A T,365496,,P-Ledger - Separate Legal Entity,A61060,Support for Children in Care,P0432008,"DCC Business Entities (Sole Trade, Partnership, Ltd)"
INSERTED DETAIL,18,Devon County Council,09/04/2026,22084805,600.00,OUT OF THE BOX PLAY & C A T,365496,,P-Ledger - Separate Legal Entity,A61060,Support for Children in Care,P0432008,"DCC Business Entities (Sole Trade, Partnership, Ltd)"
INSERTED DETAIL,18,Devon County Council,09/04/2026,22085641,"1,177.50",JB RADFORD PLANT HIRE AND HAULAG,18952,141002147,Highways & Infrastructure Development,A49005,Other Hired & Contracting Services,R0557016,DCC CIS Suppliers
INSERTED DETAIL,18,Devon County Council,09/04/2026,22085720,718.55,AIDED DESIGN & DRAUGHTING SUPPLS,6940,585908978,Highways & Infrastructure Development,A43015,Stationery,R0570001,"DCC Business Entities (Sole Trade, Partnership, Ltd)"
INSERTED DETAIL,18,Devon County Council,09/04/2026,22086057,"1,940.40",NORTH DEVON COUNCIL (RATES),401210,,Transformation & Business Services,A23005,Rates,R0333026,"DCC Business Entities (Sole Trade, Partnership, Ltd)"
INSERTED DETAIL,18,Devon County Council,09/04/2026,22086074,"8,177.00",NORTH DEVON COUNCIL (RATES),401210,,P-Ledger - Separate Legal Entity,A23005,Rates,P0416001,"DCC Business Entities (Sole Trade, Partnership, Ltd)"
INSERTED DETAIL,18,Devon County Council,09/04/2026,22087559,"1,992.84",MARINE & CIVIL SOLUTIONS LIMITED,283395,431868383,Highways & Infrastructure Development,A89060,Direct Revenue Funding,R0555002,DCC CIS Suppliers
INSERTED DETAIL,18,Devon County Council,09/04/2026,22087593,"4,136.98",NORSE SOUTH WEST LIMITED,279741,785421021,Transformation & Business Services,A46100,Main / Term Contractor,R0334004,"DCC Business Entities (Sole Trade, Partnership, Ltd)"
INSERTED DETAIL,18,Devon County Council,09/04/2026,22087673,956.00,MARINE & CIVIL SOLUTIONS LIMITED,283395,431868383,Capital - Highways,C02009,Works,C0671004,DCC CIS Suppliers
INSERTED DETAIL,18,Devon County Council,09/04/2026,22088287,900.00,APC (PATHOLOGY) LIMITED,383447,,"Chief Exec, Legal & Democratic services",A44038,Fees,R0506002,"DCC Business Entities (Sole Trade, Partnership, Ltd)"
INSERTED DETAIL,18,Devon County Council,09/04/2026,22088290,900.00,APC (PATHOLOGY) LIMITED,383447,,"Chief Exec, Legal & Democratic services",A44038,Fees,R0506002,"DCC Business Entities (Sole Trade, Partnership, Ltd)"
INSERTED DETAIL,18,Devon County Council,09/04/2026,22088947,"5,250.00",LEEP TALENT LIMITED,601804,469035473,"Economy, Enterprise and Skills",A44038,Fees,R0546004,"DCC Business Entities (Sole Trade, Partnership, Ltd)"
INSERTED DETAIL,18,Devon County Council,09/04/2026,22089232,"5,408.37",ACORN CARE & EDUCATION LIMITED,333557,902188441,Dedicated Schools Grant,A61052,Independent Special School Fees,R0089003,"DCC Business Entities (Sole Trade, Partnership, Ltd)"
INSERTED DETAIL,18,Devon County Council,09/04/2026,22089485,"57,030.83",ICE CREATES LIMITED,121640,732833240,Public Health,A57115,Payments to Private Contractors,R0316030,"DCC Business Entities (Sole Trade, Partnership, Ltd)"
INSERTED DETAIL,18,Devon County Council,10/04/2026,22082258,640.00,RIVIERA TUITION,344475,292439870,Dedicated Schools Grant,A44185,Other professional Services (Schools),R0082007,"DCC Business Entities (Sole Trade, Partnership, Ltd)"
INSERTED DETAIL,18,Devon County Council,10/04/2026,22083545,"652,876.77",DEVON PARTNERSHIP NHS TRUST,92211,654400557,Mental Health,A87035,Int Recharge-Social Care Commissioning,R0256001,"DCC Business Entities (Sole Trade, Partnership, Ltd)"
INSERTED DETAIL,18,Devon County Council,10/04/2026,22083789,"2,475.00",BALES FARM OUTDOOR LEARNING LTD,377260,,Dedicated Schools Grant,A44185,Other professional Services (Schools),R0082007,"DCC Business Entities (Sole Trade, Partnership, Ltd)"
INSERTED DETAIL,18,Devon County Council,10/04/2026,22083793,"2,475.00",BALES FARM OUTDOOR LEARNING LTD,377260,,Dedicated Schools Grant,A44185,Other professional Services (Schools),R0082002,"DCC Business Entities (Sole Trade, Partnership, Ltd)"
INSERTED DETAIL,18,Devon County Council,10/04/2026,22083928,"1,100.00",BALES FARM OUTDOOR LEARNING LTD,377260,,Dedicated Schools Grant,A44185,Other professional Services (Schools),R0082007,"DCC Business Entities (Sole Trade, Partnership, Ltd)"
INSERTED DETAIL,18,Devon County Council,10/04/2026,22083997,520.53,NORSE SOUTH WEST LIMITED,279741,785421021,Children's Social Care,A20005,"Property Repairs, Maintenance & Alterations (programmed)",R0095008,"DCC Business Entities (Sole Trade, Partnership, Ltd)"
INSERTED DETAIL,18,Devon County Council,10/04/2026,22084059,"127,622.30",VIRIDOR ENERGY LIMITED,397386,736636511,"Transport Operations, Environment and Waste",A46100,Main / Term Contractor,R0595006,"DCC Business Entities (Sole Trade, Partnership, Ltd)"
INSERTED DETAIL,18,Devon County Council,10/04/2026,22084130,"5,225.00",CORVER LIMITED,370288,744698681,Children's Social Care,A20010,"Property Repairs, Maintenance & Alterations (Reactive)",R0095010,DCC CIS Suppliers
INSERTED DETAIL,18,Devon County Council,10/04/2026,22084134,"10,795.20",CITY COLLEGE PLYMOUTH,13507,591390916,"Economy, Enterprise and Skills",A44038,Fees,R0546004,"DCC Business Entities (Sole Trade, Partnership, Ltd)"
INSERTED DETAIL,18,Devon County Council,10/04/2026,22084154,615.00,IVYBRIDGE TOWN COUNCIL,6546,591503247,P-Ledger - Separate Legal Entity,A22005,Building Rents,P0400001,"DCC Business Entities (Sole Trade, Partnership, Ltd)"
INSERTED DETAIL,18,Devon County Council,10/04/2026,22084236,511.37,S C C,161520,313651680,Public Health,A45040,IT Software,R0316044,"DCC Business Entities (Sole Trade, Partnership, Ltd)"
INSERTED DETAIL,18,Devon County Council,10/04/2026,22084486,"15,600.00",THE OUTDOORS GROUP *69*,346911,312604642,Children's Social Care,A52010,"Grants to voluntary, community and social enterprise organisations",R0007006,"DCC Business Entities (Sole Trade, Partnership, Ltd)"
INSERTED DETAIL,18,Devon County Council,10/04/2026,22084578,821.82,THE ADVOCACY PEOPLE,257570,,Operations,A44038,Fees,R0222002,"DCC Business Entities (Sole Trade, Partnership, Ltd)"
INSERTED DETAIL,18,Devon County Council,10/04/2026,22084744,"5,415.00",FARMING&WILDLIFE ADVISORY GROUP SOUTH WEST,290044,127629304,"Transport Operations, Environment and Waste",A44038,Fees,R0645001,"DCC Business Entities (Sole Trade, Partnership, Ltd)"
INSERTED DETAIL,18,Devon County Council,10/04/2026,22084859,"12,000.00",FLOURISH LEARNING LIMITED,404638,461582485,Commissioning,A44038,Fees,R0246002,"DCC Business Entities (Sole Trade, Partnership, Ltd)"
INSERTED DETAIL,18,Devon County Council,10/04/2026,22085016,"1,827.95",SOUTH HAMS DISTRICT COUNCIL,8255,142204125,Transformation & Business Services,A22005,Building Rents,R0333026,"DCC Business Entities (Sole Trade, Partnership, Ltd)"
INSERTED DETAIL,18,Devon County Council,10/04/2026,22085063,"32,488.26",W D M LIMITED (BRISTOL),4601,433825942,Capital - Highways,C02011,External Professional Fees,C0652001,"DCC Business Entities (Sole Trade, Partnership, Ltd)"
INSERTED DETAIL,18,Devon County Council,10/04/2026,22085676,818.52,NORSE SOUTH WEST LIMITED,279741,785421021,Children's Social Care,A20005,"Property Repairs, Maintenance & Alterations (programmed)",R0095006,"DCC Business Entities (Sole Trade, Partnership, Ltd)"
INSERTED DETAIL,18,Devon County Council,10/04/2026,22088648,"6,216.20",KENNFORD TARMACADAM LIMITED,24534,976391178,"Capital - Planning, Transportation and Environment",C02009,Works,C0671003,DCC CIS Suppliers
INSERTED DETAIL,18,Devon County Council,10/04/2026,22089194,598.00,DEVON PATHWAYS LTD,383486,392542678,Dedicated Schools Grant,A44185,Other professional Services (Schools),R0082007,"DCC Business Entities (Sole Trade, Partnership, Ltd)"
INSERTED DETAIL,18,Devon County Council,10/04/2026,22089372,"8,096.41",INDEED IRELAND OPERATIONS LIMITED,369112,,People and Culture,A44005,Publicity/Advertising,R0472002,DCC International
INSERTED DETAIL,18,Devon County Council,10/04/2026,22089491,"5,194.16",PETE'S DRAGONS,335403,,Public Health,A62105,Miscellaneous expenditure,R0316043,"DCC Business Entities (Sole Trade, Partnership, Ltd)"
INSERTED DETAIL,18,Devon County Council,13/04/2026,22084221,"22,792.46",PRIOR'S COURT SERVICES LIMITED,375137,326021250,Dedicated Schools Grant,A61052,Independent Special School Fees,R0089001,"DCC Business Entities (Sole Trade, Partnership, Ltd)"
INSERTED DETAIL,18,Devon County Council,13/04/2026,22084227,"1,680.00",DIGITAL PENINSULA NETWORK LIMITED,394926,,"Economy, Enterprise and Skills",A44038,Fees,R0546004,"DCC Business Entities (Sole Trade, Partnership, Ltd)"
INSERTED DETAIL,18,Devon County Council,13/04/2026,22084295,"70,500.00",ROYAL DEVON UNIVERSITY HEALTHCAR,21280,654938887,P-Ledger - Separate Legal Entity,A54000,Better Care Fund Expense,P0394012,"DCC Business Entities (Sole Trade, Partnership, Ltd)"
INSERTED DETAIL,18,Devon County Council,13/04/2026,22084333,"110,750.00",ROYAL DEVON UNIVERSITY HEALTHCAR,21280,654938887,P-Ledger - Separate Legal Entity,A54000,Better Care Fund Expense,P0394005,"DCC Business Entities (Sole Trade, Partnership, Ltd)"
INSERTED DETAIL,18,Devon County Council,13/04/2026,22084340,"137,250.00",ROYAL DEVON UNIVERSITY HEALTHCAR,21280,654938887,P-Ledger - Separate Legal Entity,A54000,Better Care Fund Expense,P0394007,"DCC Business Entities (Sole Trade, Partnership, Ltd)"
INSERTED DETAIL,18,Devon County Council,13/04/2026,22084365,"2,027.20",PROSPERO RECRUITMENT LIMITED,352539,486704947,Dedicated Schools Grant,A44185,Other professional Services (Schools),R0082007,"DCC Business Entities (Sole Trade, Partnership, Ltd)"
INSERTED DETAIL,18,Devon County Council,13/04/2026,22084366,"3,040.80",PROSPERO RECRUITMENT LIMITED,352539,486704947,Dedicated Schools Grant,A44185,Other professional Services (Schools),R0082007,"DCC Business Entities (Sole Trade, Partnership, Ltd)"
INSERTED DETAIL,18,Devon County Council,13/04/2026,22084372,"3,040.80",PROSPERO RECRUITMENT LIMITED,352539,486704947,Dedicated Schools Grant,A44185,Other professional Services (Schools),R0082007,"DCC Business Entities (Sole Trade, Partnership, Ltd)"
INSERTED DETAIL,18,Devon County Council,13/04/2026,22084376,"1,216.32",PROSPERO RECRUITMENT LIMITED,352539,486704947,Dedicated Schools Grant,A44185,Other professional Services (Schools),R0082007,"DCC Business Entities (Sole Trade, Partnership, Ltd)"
INSERTED DETAIL,18,Devon County Council,13/04/2026,22084389,"1,596.42",PROSPERO RECRUITMENT LIMITED,352539,486704947,Dedicated Schools Grant,A44185,Other professional Services (Schools),R0082007,"DCC Business Entities (Sole Trade, Partnership, Ltd)"
INSERTED DETAIL,18,Devon County Council,13/04/2026,22084391,"2,306.88",PROSPERO RECRUITMENT LIMITED,352539,486704947,Dedicated Schools Grant,A44185,Other professional Services (Schools),R0082007,"DCC Business Entities (Sole Trade, Partnership, Ltd)"
INSERTED DETAIL,18,Devon County Council,13/04/2026,22084400,"1,520.94",PROSPERO RECRUITMENT LIMITED,352539,486704947,Dedicated Schools Grant,A44185,Other professional Services (Schools),R0082007,"DCC Business Entities (Sole Trade, Partnership, Ltd)"
INSERTED DETAIL,18,Devon County Council,13/04/2026,22084469,"3,040.80",PROSPERO RECRUITMENT LIMITED,352539,486704947,Dedicated Schools Grant,A44185,Other professional Services (Schools),R0082007,"DCC Business Entities (Sole Trade, Partnership, Ltd)"
INSERTED DETAIL,18,Devon County Council,13/04/2026,22084471,"2,027.20",PROSPERO RECRUITMENT LIMITED,352539,486704947,Dedicated Schools Grant,A44185,Other professional Services (Schools),R0082007,"DCC Business Entities (Sole Trade, Partnership, Ltd)"
INSERTED DETAIL,18,Devon County Council,13/04/2026,22084475,"3,040.80",PROSPERO RECRUITMENT LIMITED,352539,486704947,Dedicated Schools Grant,A44185,Other professional Services (Schools),R0082007,"DCC Business Entities (Sole Trade, Partnership, Ltd)"
INSERTED DETAIL,18,Devon County Council,13/04/2026,22084476,"1,216.32",PROSPERO RECRUITMENT LIMITED,352539,486704947,Dedicated Schools Grant,A44185,Other professional Services (Schools),R0082007,"DCC Business Entities (Sole Trade, Partnership, Ltd)"
INSERTED DETAIL,18,Devon County Council,13/04/2026,22084481,760.20,PROSPERO RECRUITMENT LIMITED,352539,486704947,Dedicated Schools Grant,A44185,Other professional Services (Schools),R0082007,"DCC Business Entities (Sole Trade, Partnership, Ltd)"
INSERTED DETAIL,18,Devon County Council,13/04/2026,22084482,"3,040.80",PROSPERO RECRUITMENT LIMITED,352539,486704947,Dedicated Schools Grant,A44185,Other professional Services (Schools),R0082007,"DCC Business Entities (Sole Trade, Partnership, Ltd)"
INSERTED DETAIL,18,Devon County Council,13/04/2026,22084487,"1,645.70",PROSPERO RECRUITMENT LIMITED,352539,486704947,Dedicated Schools Grant,A44185,Other professional Services (Schools),R0082007,"DCC Business Entities (Sole Trade, Partnership, Ltd)"
INSERTED DETAIL,18,Devon County Council,13/04/2026,22084488,"3,040.80",PROSPERO RECRUITMENT LIMITED,352539,486704947,Dedicated Schools Grant,A44185,Other professional Services (Schools),R0082007,"DCC Business Entities (Sole Trade, Partnership, Ltd)"
INSERTED DETAIL,18,Devon County Council,13/04/2026,22084492,"1,013.60",PROSPERO RECRUITMENT LIMITED,352539,486704947,Dedicated Schools Grant,A44185,Other professional Services (Schools),R0082007,"DCC Business Entities (Sole Trade, Partnership, Ltd)"
INSERTED DETAIL,18,Devon County Council,13/04/2026,22084504,"3,040.80",PROSPERO RECRUITMENT LIMITED,352539,486704947,Dedicated Schools Grant,A44185,Other professional Services (Schools),R0082007,"DCC Business Entities (Sole Trade, Partnership, Ltd)"
INSERTED DETAIL,18,Devon County Council,13/04/2026,22084517,"2,534.00",PROSPERO RECRUITMENT LIMITED,352539,486704947,Dedicated Schools Grant,A44185,Other professional Services (Schools),R0082007,"DCC Business Entities (Sole Trade, Partnership, Ltd)"
INSERTED DETAIL,18,Devon County Council,13/04/2026,22084520,"3,040.80",PROSPERO RECRUITMENT LIMITED,352539,486704947,Dedicated Schools Grant,A44185,Other professional Services (Schools),R0082007,"DCC Business Entities (Sole Trade, Partnership, Ltd)"
INSERTED DETAIL,18,Devon County Council,13/04/2026,22084521,"1,111.35",THE ADVOCACY PEOPLE,257570,,Operations,A44038,Fees,R0222002,"DCC Business Entities (Sole Trade, Partnership, Ltd)"
INSERTED DETAIL,18,Devon County Council,13/04/2026,22084528,"163,500.00",ROYAL DEVON UNIVERSITY HEALTHCAR,21280,654938887,P-Ledger - Separate Legal Entity,A54000,Better Care Fund Expense,P0394006,"DCC Business Entities (Sole Trade, Partnership, Ltd)"
INSERTED DETAIL,18,Devon County Council,13/04/2026,22084543,"25,000.00",ROYAL DEVON UNIVERSITY HEALTHCAR,21280,654938887,P-Ledger - Separate Legal Entity,A54000,Better Care Fund Expense,P0394001,"DCC Business Entities (Sole Trade, Partnership, Ltd)"
INSERTED DETAIL,18,Devon County Council,13/04/2026,22084549,"1,867.20",CITY COLLEGE PLYMOUTH,13507,591390916,"Economy, Enterprise and Skills",A44038,Fees,R0546004,"DCC Business Entities (Sole Trade, Partnership, Ltd)"
INSERTED DETAIL,18,Devon County Council,13/04/2026,22084561,"39,341.93",ASPRIS CHILDRENS SERVICES,269558,411348137,Dedicated Schools Grant,A61052,Independent Special School Fees,R0089003,"DCC Business Entities (Sole Trade, Partnership, Ltd)"
INSERTED DETAIL,18,Devon County Council,13/04/2026,22084585,"3,400.00",THE EDUCATION COMPANY LIMITED,80154,573768493,Inclusion & Learning,A45045,IT Software Maintenance,R0020006,"DCC Business Entities (Sole Trade, Partnership, Ltd)"
INSERTED DETAIL,18,Devon County Council,13/04/2026,22084592,"3,500.00",THE EDUCATION COMPANY LIMITED,80154,573768493,Inclusion & Learning,A45045,IT Software Maintenance,R0020006,"DCC Business Entities (Sole Trade, Partnership, Ltd)"
INSERTED DETAIL,18,Devon County Council,13/04/2026,22084633,639.60,JACOBS UK LIMITED,212571,624298920,"Capital - Planning, Transportation and Environment",C02009,Works,C0655001,"DCC Business Entities (Sole Trade, Partnership, Ltd)"
INSERTED DETAIL,18,Devon County Council,13/04/2026,22084645,"1,505.33",UNIVERSITY OF EXETER-FINANCE OFF,4630,142047795,"Transport Operations, Environment and Waste",A44038,Fees,R0615001,"DCC Business Entities (Sole Trade, Partnership, Ltd)"
INSERTED DETAIL,18,Devon County Council,13/04/2026,22084649,"8,901.00",THE WOODROFFE SCHOOL,52595,,Dedicated Schools Grant,A53035,Other Recoupment Expenditure (3rd),R0111004,"DCC Business Entities (Sole Trade, Partnership, Ltd)"
INSERTED DETAIL,18,Devon County Council,13/04/2026,22084671,"1,481.00",FREDERICK SHERRELL LIMITED,14402,591319333,Highways & Infrastructure Development,A46100,Main / Term Contractor,R0554003,"DCC Business Entities (Sole Trade, Partnership, Ltd)"
INSERTED DETAIL,18,Devon County Council,13/04/2026,22084776,810.88,PROSPERO RECRUITMENT LIMITED,352539,486704947,Dedicated Schools Grant,A44180,Services for Educational Estabs - Devon,R0010004,"DCC Business Entities (Sole Trade, Partnership, Ltd)"
INSERTED DETAIL,18,Devon County Council,13/04/2026,22084777,"2,736.72",PROSPERO RECRUITMENT LIMITED,352539,486704947,Dedicated Schools Grant,A44180,Services for Educational Estabs - Devon,R0010004,"DCC Business Entities (Sole Trade, Partnership, Ltd)"
INSERTED DETAIL,18,Devon County Council,13/04/2026,22084778,"3,038.80",PROSPERO RECRUITMENT LIMITED,352539,486704947,Dedicated Schools Grant,A44180,Services for Educational Estabs - Devon,R0010004,"DCC Business Entities (Sole Trade, Partnership, Ltd)"
INSERTED DETAIL,18,Devon County Council,13/04/2026,22084784,576.35,WSP UK LIMITED,85394,905054942,Capital - Highways,C02011,External Professional Fees,C0671004,"DCC Business Entities (Sole Trade, Partnership, Ltd)"
INSERTED DETAIL,18,Devon County Council,13/04/2026,22084786,540.54,WSP UK LIMITED,85394,905054942,Capital - Highways,C02011,External Professional Fees,C0671004,"DCC Business Entities (Sole Trade, Partnership, Ltd)"
INSERTED DETAIL,18,Devon County Council,13/04/2026,22084788,"1,076.48",WSP UK LIMITED,85394,905054942,Capital - Highways,C02011,External Professional Fees,C0671004,"DCC Business Entities (Sole Trade, Partnership, Ltd)"
INSERTED DETAIL,18,Devon County Council,13/04/2026,22084790,"3,040.80",PROSPERO RECRUITMENT LIMITED,352539,486704947,Dedicated Schools Grant,A44185,Other professional Services (Schools),R0082007,"DCC Business Entities (Sole Trade, Partnership, Ltd)"
INSERTED DETAIL,18,Devon County Council,13/04/2026,22084813,967.52,NEXT STEPS EDUCATION LIMITED,389810,440621822,Dedicated Schools Grant,A44180,Services for Educational Estabs - Devon,R0010004,"DCC Business Entities (Sole Trade, Partnership, Ltd)"
INSERTED DETAIL,18,Devon County Council,13/04/2026,22084814,659.94,FAMILY PLANNING LIMITED,404463,462876750,Children's Social Care,A44327,Education Resources,R0040002,"DCC Business Entities (Sole Trade, Partnership, Ltd)"
INSERTED DETAIL,18,Devon County Council,13/04/2026,22084829,"1,451.27",NEXT STEPS EDUCATION LIMITED,389810,440621822,Dedicated Schools Grant,A44180,Services for Educational Estabs - Devon,R0010003,"DCC Business Entities (Sole Trade, Partnership, Ltd)"
INSERTED DETAIL,18,Devon County Council,13/04/2026,22084840,"1,824.48",PROSPERO RECRUITMENT LIMITED,352539,486704947,Dedicated Schools Grant,A44185,Other professional Services (Schools),R0082007,"DCC Business Entities (Sole Trade, Partnership, Ltd)"
INSERTED DETAIL,18,Devon County Council,13/04/2026,22084841,"9,744.00",DIGITAL PENINSULA NETWORK LIMITED,394926,,"Economy, Enterprise and Skills",A44038,Fees,R0546004,"DCC Business Entities (Sole Trade, Partnership, Ltd)"
INSERTED DETAIL,18,Devon County Council,13/04/2026,22084867,911.46,FIRST TUNNELS LIMITED,179955,634087734,"Economy, Enterprise and Skills",A40920,Equipment,R0547004,"DCC Business Entities (Sole Trade, Partnership, Ltd)"
INSERTED DETAIL,18,Devon County Council,13/04/2026,22084954,550.00,Nick Sims,603737,,Communities,A44038,Fees,R0536008,"DCC Business Entities (Sole Trade, Partnership, Ltd)"
INSERTED DETAIL,18,Devon County Council,13/04/2026,22084955,550.00,Barry Websdell,603736,,Communities,A44038,Fees,R0536008,"DCC Business Entities (Sole Trade, Partnership, Ltd)"
INSERTED DETAIL,18,Devon County Council,13/04/2026,22084959,"1,125.00",WESTPOINT CENTRE (DEVON) LIMITED,6392,585601525,Children's Social Care,A46020,Hospitality,R0116011,"DCC Business Entities (Sole Trade, Partnership, Ltd)"
INSERTED DETAIL,18,Devon County Council,13/04/2026,22085014,"5,067.30",WSP UK LIMITED,85394,905054942,"Capital - Planning, Transportation and Environment",C02011,External Professional Fees,C0671003,"DCC Business Entities (Sole Trade, Partnership, Ltd)"
INSERTED DETAIL,18,Devon County Council,13/04/2026,22085023,"6,699.73",WSP UK LIMITED,85394,905054942,Capital - Highways,C02011,External Professional Fees,C0671004,"DCC Business Entities (Sole Trade, Partnership, Ltd)"
INSERTED DETAIL,18,Devon County Council,13/04/2026,22085037,"1,541.74",WSP UK LIMITED,85394,905054942,Planning,A44038,Fees,R0577002,"DCC Business Entities (Sole Trade, Partnership, Ltd)"
INSERTED DETAIL,18,Devon County Council,13/04/2026,22085044,"13,923.19",WSP UK LIMITED,85394,905054942,Capital - Highways,C02011,External Professional Fees,C0671004,"DCC Business Entities (Sole Trade, Partnership, Ltd)"
INSERTED DETAIL,18,Devon County Council,13/04/2026,22085055,"8,239.72",WSP UK LIMITED,85394,905054942,Highways & Infrastructure Development,A44038,Fees,R0571003,"DCC Business Entities (Sole Trade, Partnership, Ltd)"
INSERTED DETAIL,18,Devon County Council,13/04/2026,22085056,"12,723.86",WSP UK LIMITED,85394,905054942,"Capital - Planning, Transportation and Environment",C02011,External Professional Fees,C0671003,"DCC Business Entities (Sole Trade, Partnership, Ltd)"
INSERTED DETAIL,18,Devon County Council,13/04/2026,22085068,615.78,WSP UK LIMITED,85394,905054942,Highways & Infrastructure Development,A16015,Staff Training Expenses - Non Payroll,R0558001,"DCC Business Entities (Sole Trade, Partnership, Ltd)"
INSERTED DETAIL,18,Devon County Council,13/04/2026,22085073,988.27,WSP UK LIMITED,85394,905054942,Planning,A44038,Fees,R0577002,"DCC Business Entities (Sole Trade, Partnership, Ltd)"
INSERTED DETAIL,18,Devon County Council,13/04/2026,22085160,"6,401.83",WSP UK LIMITED,85394,905054942,Capital - Highways,C02011,External Professional Fees,C0671004,"DCC Business Entities (Sole Trade, Partnership, Ltd)"
INSERTED DETAIL,18,Devon County Council,13/04/2026,22085187,800.00,Sam Green KBG,604068,493792928,"Chief Exec, Legal & Democratic services",A44968,Legal & Conveyancing Charges,R0274001,"DCC Business Entities (Sole Trade, Partnership, Ltd)"
INSERTED DETAIL,18,Devon County Council,13/04/2026,22085190,"1,542.59",WSP UK LIMITED,85394,905054942,Capital - Highways,C02011,External Professional Fees,C0671004,"DCC Business Entities (Sole Trade, Partnership, Ltd)"
INSERTED DETAIL,18,Devon County Council,13/04/2026,22085195,691.59,WSP UK LIMITED,85394,905054942,"Capital - Planning, Transportation and Environment",C02011,External Professional Fees,C0671003,"DCC Business Entities (Sole Trade, Partnership, Ltd)"
INSERTED DETAIL,18,Devon County Council,13/04/2026,22085209,"3,457.50",WSP UK LIMITED,85394,905054942,Capital - Highways,C02011,External Professional Fees,C0671004,"DCC Business Entities (Sole Trade, Partnership, Ltd)"
INSERTED DETAIL,18,Devon County Council,13/04/2026,22085276,"6,899.88",WSP UK LIMITED,85394,905054942,Capital - Highways,C02011,External Professional Fees,C0671005,"DCC Business Entities (Sole Trade, Partnership, Ltd)"
INSERTED DETAIL,18,Devon County Council,13/04/2026,22085279,"5,469.80",WSP UK LIMITED,85394,905054942,"Capital - Planning, Transportation and Environment",C02011,External Professional Fees,C0671011,"DCC Business Entities (Sole Trade, Partnership, Ltd)"
INSERTED DETAIL,18,Devon County Council,13/04/2026,22085510,"4,507.67",WSP UK LIMITED,85394,905054942,"Capital - Planning, Transportation and Environment",C02011,External Professional Fees,C0671003,"DCC Business Entities (Sole Trade, Partnership, Ltd)"
INSERTED DETAIL,18,Devon County Council,13/04/2026,22085558,607.95,WSP UK LIMITED,85394,905054942,Capital - Highways,C02011,External Professional Fees,C0652001,"DCC Business Entities (Sole Trade, Partnership, Ltd)"
INSERTED DETAIL,18,Devon County Council,13/04/2026,22085562,824.88,WSP UK LIMITED,85394,905054942,P-Ledger - Separate Legal Entity,A44038,Fees,P0423003,"DCC Business Entities (Sole Trade, Partnership, Ltd)"
INSERTED DETAIL,18,Devon County Council,13/04/2026,22085564,"4,792.49",WSP UK LIMITED,85394,905054942,Highways & Infrastructure Development,A44038,Fees,R0570001,"DCC Business Entities (Sole Trade, Partnership, Ltd)"
INSERTED DETAIL,18,Devon County Council,13/04/2026,22085568,"2,518.61",WSP UK LIMITED,85394,905054942,P-Ledger - Separate Legal Entity,A44038,Fees,P0420001,"DCC Business Entities (Sole Trade, Partnership, Ltd)"
INSERTED DETAIL,18,Devon County Council,13/04/2026,22085572,"2,153.12",WSP UK LIMITED,85394,905054942,Capital - Highways,C02011,External Professional Fees,C0671004,"DCC Business Entities (Sole Trade, Partnership, Ltd)"
INSERTED DETAIL,18,Devon County Council,13/04/2026,22085581,"1,114.40",WSP UK LIMITED,85394,905054942,Highways & Infrastructure Development,A44038,Fees,R0572001,"DCC Business Entities (Sole Trade, Partnership, Ltd)"
INSERTED DETAIL,18,Devon County Council,13/04/2026,22085627,"6,247.21",FLOWBIRD SMART CITY UK,222453,821077453,Highways & Infrastructure Development,A44038,Fees,R0556016,"DCC Business Entities (Sole Trade, Partnership, Ltd)"
INSERTED DETAIL,18,Devon County Council,13/04/2026,22085825,"429,043.07",VRANCH HOUSE SCHOOL,52422,,Dedicated Schools Grant,A61052,Independent Special School Fees,R0089003,"DCC Business Entities (Sole Trade, Partnership, Ltd)"
INSERTED DETAIL,18,Devon County Council,13/04/2026,22086493,"33,115.00",ROYAL DEVON UNIVERSITY HEALTHCAR,21280,654938887,P-Ledger - Separate Legal Entity,A54000,Better Care Fund Expense,P0396004,"DCC Business Entities (Sole Trade, Partnership, Ltd)"
INSERTED DETAIL,18,Devon County Council,13/04/2026,22088565,"1,450.00",MATTHEW MORTIMER,397187,439058085,Other PH Services,A44968,Legal & Conveyancing Charges,R0548001,"DCC Business Entities (Sole Trade, Partnership, Ltd)"
INSERTED DETAIL,18,Devon County Council,13/04/2026,22088697,"5,864.66",EXETER CATHEDRAL SCHOOL,34278,479574820,Dedicated Schools Grant,A61052,Independent Special School Fees,R0089003,"DCC Business Entities (Sole Trade, Partnership, Ltd)"
INSERTED DETAIL,18,Devon County Council,13/04/2026,22088747,"9,940.45",BRIDGE CIVIL ENGINEERING LIMITED,79315,717667210,Capital - Highways,C02009,Works,C0671005,DCC CIS Suppliers
INSERTED DETAIL,18,Devon County Council,13/04/2026,22088988,"6,582.40",KENNFORD TARMACADAM LIMITED,24534,976391178,Capital - Highways,C02009,Works,C0671006,DCC CIS Suppliers
INSERTED DETAIL,18,Devon County Council,13/04/2026,22089026,"19,619.78",CAMBIAN CHILDCARE LIMITED,299178,190023541,Dedicated Schools Grant,A61052,Independent Special School Fees,R0089003,"DCC Business Entities (Sole Trade, Partnership, Ltd)"
INSERTED DETAIL,18,Devon County Council,13/04/2026,22089253,"19,567.13",CAMBIAN CHILDCARE LIMITED,299178,190023541,Dedicated Schools Grant,A61052,Independent Special School Fees,R0089003,"DCC Business Entities (Sole Trade, Partnership, Ltd)"
INSERTED DETAIL,18,Devon County Council,13/04/2026,22089307,560.00,SENSORY BALANCE LIMITED,405405,,P-Ledger - Separate Legal Entity,A61060,Support for Children in Care,P0432008,"DCC Business Entities (Sole Trade, Partnership, Ltd)"
INSERTED DETAIL,18,Devon County Council,13/04/2026,22089487,"41,689.83",BRITISH TELECOM (BILL PAYMNTS),4558,245719348,"Capital - Planning, Transportation and Environment",C02009,Works,C0671009,"DCC Business Entities (Sole Trade, Partnership, Ltd)"
INSERTED DETAIL,18,Devon County Council,13/04/2026,22089567,"26,574.00",NORTHERN DEVON HEALTHCARE TRUST,258329,654933903,Public Health,A53005,Payments to Health Authorities,R0316049,"DCC Business Entities (Sole Trade, Partnership, Ltd)"
INSERTED DETAIL,18,Devon County Council,13/04/2026,22089616,833.00,FUELCARD SERVICES LIMITED,326358,447765312,"Transport Operations, Environment and Waste",A30015,Vehicle Fuel,R0584003,"DCC Business Entities (Sole Trade, Partnership, Ltd)"
INSERTED DETAIL,18,Devon County Council,13/04/2026,22089948,"2,886.40",KENNFORD TARMACADAM LIMITED,24534,976391178,Capital - Highways,C02009,Works,C0652001,DCC CIS Suppliers
INSERTED DETAIL,18,Devon County Council,13/04/2026,22089986,650.00,Prepared Media Ltd,604548,154588774,Children's Social Care,A17005,Staff Recruitment Advertising,R0015004,"DCC Business Entities (Sole Trade, Partnership, Ltd)"
INSERTED DETAIL,18,Devon County Council,13/04/2026,22090145,"2,378.29",BRAVO BENEFITS LIMITED,398207,998570251,People and Culture,A49105,Other Supplies & Services,R0502001,"DCC Business Entities (Sole Trade, Partnership, Ltd)"
INSERTED DETAIL,18,Devon County Council,13/04/2026,22090363,"-1,019.97",P H S GROUP LIMITED,86901,542951438,Children's Social Care,A27015,Refuse Collection,R0015001,"DCC Business Entities (Sole Trade, Partnership, Ltd)"
INSERTED DETAIL,18,Devon County Council,13/04/2026,150410298,"3,842.48",M Group Highways Limited,375383,927200546,Capital - Highways,C02051,Term Maintenance Contract,C0671007,"DCC Business Entities (Sole Trade, Partnership, Ltd)"
INSERTED DETAIL,18,Devon County Council,14/04/2026,22075282,783.86,Stonehaven (Healthcare) Ltd/Cross Park House,602163,,Operations,A57145,Residential Care - Short Stay,R0234001,"DCC Business Entities (Sole Trade, Partnership, Ltd)"
INSERTED DETAIL,18,Devon County Council,14/04/2026,22084018,"4,626.29",WINDSOR CLINICAL & HOME CARE SERVICES VICES GR,404943,,Operations,A57160,Nursing Care Short Term,R0234001,"DCC Business Entities (Sole Trade, Partnership, Ltd)"
INSERTED DETAIL,18,Devon County Council,14/04/2026,22084369,"1,950.00",DWS CONSULTANCY LIMITED,401968,489248632,Children's Social Care,A11013,Interim Management (External Agency),R0129001,"DCC Business Entities (Sole Trade, Partnership, Ltd)"
INSERTED DETAIL,18,Devon County Council,14/04/2026,22085512,"5,663.62",PROMOTING INDEPENDENT CARE LIMITED,376159,,Children's Social Care,A11005,Agency Supply Staff,R0095011,"DCC Business Entities (Sole Trade, Partnership, Ltd)"
INSERTED DETAIL,18,Devon County Council,14/04/2026,22086293,559.80,BLEEP 360 CARE LIMITED,360406,355167685,Children's Social Care,A61200,Community based care,R0044004,"DCC Business Entities (Sole Trade, Partnership, Ltd)"
INSERTED DETAIL,18,Devon County Council,14/04/2026,22087303,616.00,SIR JOHN HUNT COMMUNITY SPORTS,54697,144675845,Planning,A44038,Fees,R0617001,"DCC Business Entities (Sole Trade, Partnership, Ltd)"
INSERTED DETAIL,18,Devon County Council,14/04/2026,22087684,"6,335.00",HIGHGATE HILL HOUSE SCHOOL LIMITED,346763,509395958,Dedicated Schools Grant,A61052,Independent Special School Fees,R0089003,"DCC Business Entities (Sole Trade, Partnership, Ltd)"
INSERTED DETAIL,18,Devon County Council,14/04/2026,22088030,"1,055.01",GCI NETWORK SOLUTIONS TA NASSTAR,380659,199872429,Transformation & Business Services,A45020,Telephones,R0353008,"DCC Business Entities (Sole Trade, Partnership, Ltd)"
INSERTED DETAIL,18,Devon County Council,14/04/2026,22088213,"496,214.96",ALUN GRIFFITHS (CONTRACTORS) LTD,342391,494268745,Capital - Highways,C02009,Works,C0671008,DCC CIS Suppliers
INSERTED DETAIL,18,Devon County Council,14/04/2026,22089388,"2,362.50",PERMANENT FUTURES LIMITED,385155,790331045,Commissioning,A11005,Agency Supply Staff,R0466001,"DCC Business Entities (Sole Trade, Partnership, Ltd)"
INSERTED DETAIL,18,Devon County Council,14/04/2026,22089398,"2,362.50",PERMANENT FUTURES LIMITED,385155,790331045,Commissioning,A11005,Agency Supply Staff,R0466001,"DCC Business Entities (Sole Trade, Partnership, Ltd)"
INSERTED DETAIL,18,Devon County Council,14/04/2026,22089402,"2,025.00",PERMANENT FUTURES LIMITED,385155,790331045,Commissioning,A11005,Agency Supply Staff,R0466001,"DCC Business Entities (Sole Trade, Partnership, Ltd)"
INSERTED DETAIL,18,Devon County Council,14/04/2026,22089473,541.98,OCEAN HEALTHCARE,371633,776836374,Operations,A11005,Agency Supply Staff,R0268001,"DCC Business Entities (Sole Trade, Partnership, Ltd)"
INSERTED DETAIL,18,Devon County Council,14/04/2026,22089476,"1,860.39",SOUTH MOLTON KIDDYWINKS NEIGHBOU,376365,,Children's Social Care,A61200,Community based care,R0044004,"DCC Business Entities (Sole Trade, Partnership, Ltd)"
INSERTED DETAIL,18,Devon County Council,14/04/2026,22089557,"4,925.25",REAL LIFE PSYCHOLOGY COMMUNITY INTEREST COMPANY,361509,,Public Health,A57115,Payments to Private Contractors,R0316047,"DCC Business Entities (Sole Trade, Partnership, Ltd)"
INSERTED DETAIL,18,Devon County Council,14/04/2026,22089805,"1,441.04",FIRST CARE AMBULANCE LIMITED,98315,238628481,"Chief Exec, Legal & Democratic services",A49005,Other Hired & Contracting Services,R0506002,"DCC Business Entities (Sole Trade, Partnership, Ltd)"
INSERTED DETAIL,18,Devon County Council,14/04/2026,22089849,"5,408.33",ACORN CARE & EDUCATION LIMITED,333557,902188441,Dedicated Schools Grant,A61052,Independent Special School Fees,R0089003,"DCC Business Entities (Sole Trade, Partnership, Ltd)"
INSERTED DETAIL,18,Devon County Council,14/04/2026,22089915,756.00,OCEAN HEALTHCARE (TRADING AS TAHER LIMITED),346692,776836374,Children's Social Care,A61200,Community based care,R0044004,"DCC Business Entities (Sole Trade, Partnership, Ltd)"
INSERTED DETAIL,18,Devon County Council,14/04/2026,22090286,570.00,ACADEMY21 LIMITED,337165,112432760,Dedicated Schools Grant,A44185,Other professional Services (Schools),R0082007,"DCC Business Entities (Sole Trade, Partnership, Ltd)"
INSERTED DETAIL,18,Devon County Council,14/04/2026,22090313,"711,369.71",M Group Highways Limited,375383,927200546,Capital - Highways,C02009,Works,C0671008,"DCC Business Entities (Sole Trade, Partnership, Ltd)"
INSERTED DETAIL,18,Devon County Council,14/04/2026,22090319,"1,483.20",TUBERS ACADEMY LIMITED,348033,300702466,Dedicated Schools Grant,A44185,Other professional Services (Schools),R0082007,"DCC Business Entities (Sole Trade, Partnership, Ltd)"
INSERTED DETAIL,18,Devon County Council,14/04/2026,22090389,"1,360.00",PLYMOUTH HOSPITALS NHS TRUST,27710,654936600,Public Health,A53005,Payments to Health Authorities,R0316054,"DCC Business Entities (Sole Trade, Partnership, Ltd)"
INSERTED DETAIL,18,Devon County Council,14/04/2026,22090415,750.00,NEXT STEPS TRAINING COMMUNITY INTEREST COMPANY,392107,444102632,Highways & Infrastructure Development,A44038,Fees,R0551001,"DCC Business Entities (Sole Trade, Partnership, Ltd)"
INSERTED DETAIL,18,Devon County Council,14/04/2026,22090595,"-94,115.75",TOTNES INDEPENDENT SCHOOL,320930,481548763,Dedicated Schools Grant,A61052,Independent Special School Fees,R0089003,"DCC Business Entities (Sole Trade, Partnership, Ltd)"
INSERTED DETAIL,18,Devon County Council,14/04/2026,22090598,680.00,CRAIG'S REMOVALS,358545,,Operations,A44088,Body Removals,R0228026,"DCC Business Entities (Sole Trade, Partnership, Ltd)"
INSERTED DETAIL,18,Devon County Council,15/04/2026,22065743,835.83,TEIGNBRIDGE DISTRICT COUNCIL,4872,142214023,Transformation & Business Services,A23005,Rates,R0333026,"DCC Business Entities (Sole Trade, Partnership, Ltd)"
INSERTED DETAIL,18,Devon County Council,15/04/2026,22065812,"1,700.00",SMART DRAINAGE LIMITED,379131,313306841,Capital - SEND Schools,C02009,Works,C0660001,DCC CIS Suppliers
INSERTED DETAIL,18,Devon County Council,15/04/2026,22083528,"1,396.32",EXETER COMMUNITY CENTRE TRUST LIMITED,278710,,P-Ledger - Separate Legal Entity,A22005,Building Rents,P0416001,"DCC Business Entities (Sole Trade, Partnership, Ltd)"
INSERTED DETAIL,18,Devon County Council,15/04/2026,22083994,"1,134.78",NORSE SOUTH WEST LIMITED,279741,785421021,Operations,A49208,Transaction fees: Other costs,R0239001,"DCC Business Entities (Sole Trade, Partnership, Ltd)"
INSERTED DETAIL,18,Devon County Council,15/04/2026,22084398,"1,078.05",PROSPERO RECRUITMENT LIMITED,352539,486704947,Dedicated Schools Grant,A44185,Other professional Services (Schools),R0082007,"DCC Business Entities (Sole Trade, Partnership, Ltd)"
INSERTED DETAIL,18,Devon County Council,15/04/2026,22084412,"14,699.11",G M CONTRACTORS DEVON LIMITED,294305,875936367,Capital - Highways,C02009,Works,C0652001,DCC CIS Suppliers
INSERTED DETAIL,18,Devon County Council,15/04/2026,22084413,"38,220.00",G M CONTRACTORS DEVON LIMITED,294305,875936367,Capital - Highways,C02009,Works,C0652001,DCC CIS Suppliers
INSERTED DETAIL,18,Devon County Council,15/04/2026,22084423,"1,058.40",PROSPERO RECRUITMENT LIMITED,352539,486704947,Dedicated Schools Grant,A44180,Services for Educational Estabs - Devon,R0010004,"DCC Business Entities (Sole Trade, Partnership, Ltd)"
INSERTED DETAIL,18,Devon County Council,15/04/2026,22084433,"1,451.27",NEXT STEPS EDUCATION LIMITED,389810,440621822,Dedicated Schools Grant,A44180,Services for Educational Estabs - Devon,R0010004,"DCC Business Entities (Sole Trade, Partnership, Ltd)"
INSERTED DETAIL,18,Devon County Council,15/04/2026,22084434,"1,368.36",PROSPERO RECRUITMENT LIMITED,352539,486704947,Dedicated Schools Grant,A44180,Services for Educational Estabs - Devon,R0010004,"DCC Business Entities (Sole Trade, Partnership, Ltd)"
INSERTED DETAIL,18,Devon County Council,15/04/2026,22084901,725.65,NEXT STEPS EDUCATION LIMITED,389810,440621822,Dedicated Schools Grant,A44180,Services for Educational Estabs - Devon,R0010004,"DCC Business Entities (Sole Trade, Partnership, Ltd)"
INSERTED DETAIL,18,Devon County Council,15/04/2026,22084989,"1,365.00",SOUTH HAMS DISTRICT COUNCIL,8255,142204125,"Transport Operations, Environment and Waste",A46100,Main / Term Contractor,R0596002,"DCC Business Entities (Sole Trade, Partnership, Ltd)"
INSERTED DETAIL,18,Devon County Council,15/04/2026,22085058,"5,665.00",G M CONTRACTORS DEVON LIMITED,294305,875936367,Capital - Highways,C02009,Works,C0652001,DCC CIS Suppliers
INSERTED DETAIL,18,Devon County Council,15/04/2026,22085406,"1,652.00",HIKMAT DEVON COMMUNITY INTEREST COMPANY,190181,,Communities,A44038,Fees,R0530006,"DCC Business Entities (Sole Trade, Partnership, Ltd)"
INSERTED DETAIL,18,Devon County Council,15/04/2026,22085445,500.00,LEONE ELLIS THERAPEUTIC SERVICES,398323,,Children's Social Care,A61060,Support for Children in Care,R0106002,"DCC Business Entities (Sole Trade, Partnership, Ltd)"
INSERTED DETAIL,18,Devon County Council,15/04/2026,22085592,"42,900.00",POLES APART AP LIMITED,382940,415121054,Dedicated Schools Grant,A44185,Other professional Services (Schools),R0082007,"DCC Business Entities (Sole Trade, Partnership, Ltd)"
INSERTED DETAIL,18,Devon County Council,15/04/2026,22086220,"2,280.60",PROSPERO RECRUITMENT LIMITED,352539,486704947,Dedicated Schools Grant,A44185,Other professional Services (Schools),R0082007,"DCC Business Entities (Sole Trade, Partnership, Ltd)"
INSERTED DETAIL,18,Devon County Council,15/04/2026,22086691,"28,010.29",HOLCIM UK LIMITED,21683,533260571,Capital - Highways,C02009,Works,C0671007,"DCC Business Entities (Sole Trade, Partnership, Ltd)"
INSERTED DETAIL,18,Devon County Council,15/04/2026,22086916,"10,113.00",PROMOTING INDEPENDENT CARE LIMITED,376159,,Children's Social Care,A11005,Agency Supply Staff,R0095006,"DCC Business Entities (Sole Trade, Partnership, Ltd)"
INSERTED DETAIL,18,Devon County Council,15/04/2026,22086938,629.00,PROMOTING INDEPENDENT CARE LIMITED,376159,,Children's Social Care,A11005,Agency Supply Staff,R0095004,"DCC Business Entities (Sole Trade, Partnership, Ltd)"
INSERTED DETAIL,18,Devon County Council,15/04/2026,22087031,"3,751.50",PROMOTING INDEPENDENT CARE LIMITED,376159,,Children's Social Care,A11005,Agency Supply Staff,R0095011,"DCC Business Entities (Sole Trade, Partnership, Ltd)"
INSERTED DETAIL,18,Devon County Council,15/04/2026,22087206,"4,340.00",CLARITY COMMUNITY INTEREST COMPANY,327422,,"Transport Operations, Environment and Waste",A44038,Fees,R0645001,"DCC Business Entities (Sole Trade, Partnership, Ltd)"
INSERTED DETAIL,18,Devon County Council,15/04/2026,22087305,831.67,LEXIA EDUCATION SERVICES LIMITED,376344,376218677,Dedicated Schools Grant,A44185,Other professional Services (Schools),R0082007,"DCC Business Entities (Sole Trade, Partnership, Ltd)"
INSERTED DETAIL,18,Devon County Council,15/04/2026,22087368,"2,157.17",LEXIA EDUCATION SERVICES LIMITED,376344,376218677,Dedicated Schools Grant,A44185,Other professional Services (Schools),R0082007,"DCC Business Entities (Sole Trade, Partnership, Ltd)"
INSERTED DETAIL,18,Devon County Council,15/04/2026,22087370,"2,483.27",LEXIA EDUCATION SERVICES LIMITED,376344,376218677,Dedicated Schools Grant,A44185,Other professional Services (Schools),R0082007,"DCC Business Entities (Sole Trade, Partnership, Ltd)"
INSERTED DETAIL,18,Devon County Council,15/04/2026,22087372,"1,299.50",LEXIA EDUCATION SERVICES LIMITED,376344,376218677,Dedicated Schools Grant,A53035,Other Recoupment Expenditure (3rd),R0111002,"DCC Business Entities (Sole Trade, Partnership, Ltd)"
INSERTED DETAIL,18,Devon County Council,15/04/2026,22088013,"1,800.00",BELSTONE FARM & GARDEN SERVICES,18586,,Highways & Infrastructure Development,A49005,Other Hired & Contracting Services,R0552006,DCC CIS Suppliers
INSERTED DETAIL,18,Devon County Council,15/04/2026,22088148,"2,204.23",SGI Composites,323911,788465856,Capital - Highways,C02009,Works,C0652001,"DCC Business Entities (Sole Trade, Partnership, Ltd)"
INSERTED DETAIL,18,Devon County Council,15/04/2026,22088201,"521,124.45",MILLBROOK HEALTHCARE LIMITED,117031,675991080,P-Ledger - Separate Legal Entity,A61054,Equipment (Care),P0391002,"DCC Business Entities (Sole Trade, Partnership, Ltd)"
INSERTED DETAIL,18,Devon County Council,15/04/2026,22088492,"1,273.53",LEXIA EDUCATION SERVICES LIMITED,376344,376218677,Dedicated Schools Grant,A44185,Other professional Services (Schools),R0082007,"DCC Business Entities (Sole Trade, Partnership, Ltd)"
INSERTED DETAIL,18,Devon County Council,15/04/2026,22088985,"3,041.67",TEIGNBRIDGE DISTRICT COUNCIL,4872,142214023,Transformation & Business Services,A46100,Main / Term Contractor,R0333004,"DCC Business Entities (Sole Trade, Partnership, Ltd)"
INSERTED DETAIL,18,Devon County Council,15/04/2026,22089312,"1,559.42",LEXIA EDUCATION SERVICES LIMITED,376344,376218677,Dedicated Schools Grant,A44180,Services for Educational Estabs - Devon,R0010004,"DCC Business Entities (Sole Trade, Partnership, Ltd)"
INSERTED DETAIL,18,Devon County Council,15/04/2026,22089319,"1,247.53",LEXIA EDUCATION SERVICES LIMITED,376344,376218677,Dedicated Schools Grant,A44185,Other professional Services (Schools),R0082007,"DCC Business Entities (Sole Trade, Partnership, Ltd)"
INSERTED DETAIL,18,Devon County Council,15/04/2026,22090291,"2,563.64",ACADEMY21 LIMITED,337165,112432760,Dedicated Schools Grant,A44185,Other professional Services (Schools),R0082007,"DCC Business Entities (Sole Trade, Partnership, Ltd)"
INSERTED DETAIL,18,Devon County Council,15/04/2026,22090294,640.91,ACADEMY21 LIMITED,337165,112432760,Dedicated Schools Grant,A44185,Other professional Services (Schools),R0082007,"DCC Business Entities (Sole Trade, Partnership, Ltd)"
INSERTED DETAIL,18,Devon County Council,15/04/2026,22090638,"12,374.76",ASPIRE SOCIAL WORK SERVICES LIMITED,329159,261463708,Children's Social Care,A61200,Community based care,R0044004,"DCC Business Entities (Sole Trade, Partnership, Ltd)"
INSERTED DETAIL,18,Devon County Council,15/04/2026,22090797,"61,557.00",PLYMOUTH HOSPITALS NHS TRUST,27710,654936600,Public Health,A57115,Payments to Private Contractors,R0316024,"DCC Business Entities (Sole Trade, Partnership, Ltd)"
INSERTED DETAIL,18,Devon County Council,15/04/2026,22090805,"2,175.41",WSP UK LIMITED,85394,905054942,"Capital - Planning, Transportation and Environment",C02011,External Professional Fees,C0671003,"DCC Business Entities (Sole Trade, Partnership, Ltd)"
INSERTED DETAIL,18,Devon County Council,15/04/2026,22090806,506.80,PROSPERO RECRUITMENT LIMITED,352539,486704947,Dedicated Schools Grant,A44185,Other professional Services (Schools),R0082007,"DCC Business Entities (Sole Trade, Partnership, Ltd)"
INSERTED DETAIL,18,Devon County Council,15/04/2026,22090834,"3,040.80",PROSPERO RECRUITMENT LIMITED,352539,486704947,Dedicated Schools Grant,A44185,Other professional Services (Schools),R0082007,"DCC Business Entities (Sole Trade, Partnership, Ltd)"
INSERTED DETAIL,18,Devon County Council,15/04/2026,22090844,"5,193.00",KENNFORD TARMACADAM LIMITED,24534,976391178,Capital - Highways,C02009,Works,C0671006,DCC CIS Suppliers
INSERTED DETAIL,18,Devon County Council,17/04/2026,22083094,"1,533.16",S C C,161520,313651680,Operations,A45040,IT Software,R0479071,"DCC Business Entities (Sole Trade, Partnership, Ltd)"
INSERTED DETAIL,18,Devon County Council,17/04/2026,22084536,"7,935.20",CITY COLLEGE PLYMOUTH,13507,591390916,"Economy, Enterprise and Skills",A44038,Fees,R0546004,"DCC Business Entities (Sole Trade, Partnership, Ltd)"
INSERTED DETAIL,18,Devon County Council,17/04/2026,22084614,"13,600.00",OLIVER JACKSON,401445,410844914,"Chief Exec, Legal & Democratic services",A44968,Legal & Conveyancing Charges,R0274001,"DCC Business Entities (Sole Trade, Partnership, Ltd)"
INSERTED DETAIL,18,Devon County Council,17/04/2026,22085009,"1,750.00",Justelle Marketing and Media Ltd,604034,451652888,"Economy, Enterprise and Skills",A44038,Fees,R0547001,"DCC Business Entities (Sole Trade, Partnership, Ltd)"
INSERTED DETAIL,18,Devon County Council,17/04/2026,22085213,"6,740.00",G P M COUNTRYSIDE SERVICES LIMITED,360051,992035314,Capital - Highways,C02009,Works,C0652001,DCC CIS Suppliers
INSERTED DETAIL,18,Devon County Council,17/04/2026,22085527,"67,015.16",TRANSFORMING FUTURES TRUST,181267,,Dedicated Schools Grant,A61052,Independent Special School Fees,R0089003,"DCC Business Entities (Sole Trade, Partnership, Ltd)"
INSERTED DETAIL,18,Devon County Council,17/04/2026,22085540,"6,188.00",WAVE MULTI ACADEMY TRUST,356576,163418709,Dedicated Schools Grant,A44180,Services for Educational Estabs - Devon,R0010013,"DCC Business Entities (Sole Trade, Partnership, Ltd)"
INSERTED DETAIL,18,Devon County Council,17/04/2026,22085601,"1,800.00",David Trickett T/A Countryside & Garden,21818,409946757,Capital - Highways,C02009,Works,C0652001,DCC CIS Suppliers
INSERTED DETAIL,18,Devon County Council,17/04/2026,22085683,"4,878.00",S C C,161520,313651680,Transformation & Business Services,A45040,IT Software,R0353008,"DCC Business Entities (Sole Trade, Partnership, Ltd)"
INSERTED DETAIL,18,Devon County Council,17/04/2026,22085684,"1,090.00",COSMIC (HONITON),103322,684759473,"Economy, Enterprise and Skills",A46050,Conference Expenses,R0547001,"DCC Business Entities (Sole Trade, Partnership, Ltd)"
INSERTED DETAIL,18,Devon County Council,17/04/2026,22085711,"1,200.00",SARAH BADGER,357059,,P-Ledger - Separate Legal Entity,A61060,Support for Children in Care,P0432008,"DCC Business Entities (Sole Trade, Partnership, Ltd)"
INSERTED DETAIL,18,Devon County Council,17/04/2026,22085732,"1,745.00",EAD ECOLOGY,336229,812537837,Capital - Highways,C02009,Works,C0671008,"DCC Business Entities (Sole Trade, Partnership, Ltd)"
INSERTED DETAIL,18,Devon County Council,17/04/2026,22085831,"18,894.00",FREDERICK SHERRELL LIMITED,14402,591319333,"Capital - Planning, Transportation and Environment",C02009,Works,C0671003,"DCC Business Entities (Sole Trade, Partnership, Ltd)"
INSERTED DETAIL,18,Devon County Council,17/04/2026,22085842,"73,956.00",NORTH DEVON +,15728,926727693,P-Ledger - Separate Legal Entity,A47005,"Grants, Contributions & Donations",P0401001,"DCC Business Entities (Sole Trade, Partnership, Ltd)"
INSERTED DETAIL,18,Devon County Council,17/04/2026,22085932,"2,975.94",VRANCH HOUSE SCHOOL,52422,,Dedicated Schools Grant,A61052,Independent Special School Fees,R0089003,"DCC Business Entities (Sole Trade, Partnership, Ltd)"
INSERTED DETAIL,18,Devon County Council,17/04/2026,22085939,"1,177.50",ACCESS TO COMMUNICATION,368058,,Dedicated Schools Grant,A44185,Other professional Services (Schools),R0082006,"DCC Business Entities (Sole Trade, Partnership, Ltd)"
INSERTED DETAIL,18,Devon County Council,17/04/2026,22085948,"6,094.82",Enerveo Limited,14967,382894546,Capital - Highways,C02009,Works,C0671005,DCC CIS Suppliers
INSERTED DETAIL,18,Devon County Council,17/04/2026,22085953,"1,588.32",NORSE SOUTH WEST LIMITED,279741,785421021,Transformation & Business Services,A20005,"Property Repairs, Maintenance & Alterations (programmed)",R0333026,"DCC Business Entities (Sole Trade, Partnership, Ltd)"
INSERTED DETAIL,18,Devon County Council,17/04/2026,22085961,540.00,NORSE SOUTH WEST LIMITED,279741,785421021,Transformation & Business Services,A20015,Security / Surveillance Equipment Maintenance,R0333026,"DCC Business Entities (Sole Trade, Partnership, Ltd)"
INSERTED DETAIL,18,Devon County Council,17/04/2026,22085962,658.80,LEX LEISURE LIMITED,61902,268089267,Communities,A22010,Hire of Rooms,R0536007,"DCC Business Entities (Sole Trade, Partnership, Ltd)"
INSERTED DETAIL,18,Devon County Council,17/04/2026,22085964,"1,004.95",NORSE SOUTH WEST LIMITED,279741,785421021,Transformation & Business Services,A20005,"Property Repairs, Maintenance & Alterations (programmed)",R0333026,"DCC Business Entities (Sole Trade, Partnership, Ltd)"
INSERTED DETAIL,18,Devon County Council,17/04/2026,22085968,"3,000.00","HERITAGE, ARTS AND PEOPLE COMMUNITY INTEREST COMPANY",359459,,"Transport Operations, Environment and Waste",A57115,Payments to Private Contractors,R0643001,"DCC Business Entities (Sole Trade, Partnership, Ltd)"
INSERTED DETAIL,18,Devon County Council,17/04/2026,22085980,650.00,MICHELLE CORLEY,395107,,Inclusion & Learning,A12510,Other Employee Expenses,R0061001,"DCC Business Entities (Sole Trade, Partnership, Ltd)"
INSERTED DETAIL,18,Devon County Council,17/04/2026,22086040,644.00,AMICUS PSYCHOLOGY LIMITED,400956,,P-Ledger - Separate Legal Entity,A61060,Support for Children in Care,P0432008,"DCC Business Entities (Sole Trade, Partnership, Ltd)"
INSERTED DETAIL,18,Devon County Council,17/04/2026,22086332,"9,382.88",FOCUS TRAINING SOUTH WEST LIMITED,334251,158953365,"Economy, Enterprise and Skills",A44038,Fees,R0546004,"DCC Business Entities (Sole Trade, Partnership, Ltd)"
INSERTED DETAIL,18,Devon County Council,17/04/2026,22086341,"34,583.33",PLYMOUTH OCTOPUS PROJECT,344713,,Communities,A44038,Fees,R0536010,"DCC Business Entities (Sole Trade, Partnership, Ltd)"
INSERTED DETAIL,18,Devon County Council,17/04/2026,22086644,"1,215.90",EXETER RUGBY CLUB LTD,34972,918551313,Dedicated Schools Grant,A44185,Other professional Services (Schools),R0082007,"DCC Business Entities (Sole Trade, Partnership, Ltd)"
INSERTED DETAIL,18,Devon County Council,17/04/2026,22086646,"1,493.24",EXETER RUGBY CLUB LTD,34972,918551313,Dedicated Schools Grant,A44185,Other professional Services (Schools),R0082007,"DCC Business Entities (Sole Trade, Partnership, Ltd)"
INSERTED DETAIL,18,Devon County Council,17/04/2026,22086647,"1,800.00",EXETER RUGBY CLUB LTD,34972,918551313,Dedicated Schools Grant,A44185,Other professional Services (Schools),R0082007,"DCC Business Entities (Sole Trade, Partnership, Ltd)"
INSERTED DETAIL,18,Devon County Council,17/04/2026,22086650,"1,800.00",EXETER RUGBY CLUB LTD,34972,918551313,Dedicated Schools Grant,A44185,Other professional Services (Schools),R0082007,"DCC Business Entities (Sole Trade, Partnership, Ltd)"
INSERTED DETAIL,18,Devon County Council,17/04/2026,22087170,"12,144.00",Active Living Fitness Ltd,604303,,Communities,A44038,Fees,R0536015,"DCC Business Entities (Sole Trade, Partnership, Ltd)"
INSERTED DETAIL,18,Devon County Council,17/04/2026,22087250,"5,995.24",UNIVERSITY OF PLYMOUTH ENTERPRIS,314993,168287859,"Economy, Enterprise and Skills",A44038,Fees,R0546004,"DCC Business Entities (Sole Trade, Partnership, Ltd)"
INSERTED DETAIL,18,Devon County Council,17/04/2026,22087656,"1,627.86",SUNBELT RENTALS LIMITED,4006,209568737,Highways & Infrastructure Development,A49026,Equipment Maintenance,R0570001,"DCC Business Entities (Sole Trade, Partnership, Ltd)"
INSERTED DETAIL,18,Devon County Council,17/04/2026,22087760,786.00,ROYAL BERKSHIRE NHS FOUNDATION TRUST,309844,654938593,Public Health,A53005,Payments to Health Authorities,R0316066,"DCC Business Entities (Sole Trade, Partnership, Ltd)"
INSERTED DETAIL,18,Devon County Council,17/04/2026,22087808,"961,900.16",NETWORK RAIL,195364,798650956,"Capital - Planning, Transportation and Environment",C02009,Works,C0671003,"DCC Business Entities (Sole Trade, Partnership, Ltd)"
INSERTED DETAIL,18,Devon County Council,17/04/2026,22088945,504.00,BLUE SKIES CATERING,387609,,Inclusion & Learning,A41905,Catering,R0102001,"DCC Business Entities (Sole Trade, Partnership, Ltd)"
INSERTED DETAIL,18,Devon County Council,17/04/2026,22089021,"1,803.80",Orion-Digital Diagnostics Ltd,382219,,"Chief Exec, Legal & Democratic services",A44038,Fees,R0506002,"DCC Business Entities (Sole Trade, Partnership, Ltd)"
INSERTED DETAIL,18,Devon County Council,17/04/2026,22089027,510.00,THE COLOUR WORKS INTERNATIONAL LIMITED,394321,825444822,People and Culture,A16015,Staff Training Expenses - Non Payroll,R0303002,"DCC Business Entities (Sole Trade, Partnership, Ltd)"
INSERTED DETAIL,18,Devon County Council,17/04/2026,22089045,"2,580.70",Orion-Digital Diagnostics Ltd,382219,,"Chief Exec, Legal & Democratic services",A44038,Fees,R0506002,"DCC Business Entities (Sole Trade, Partnership, Ltd)"
INSERTED DETAIL,18,Devon County Council,17/04/2026,22089480,"1,350.00",Value Optimised Retrofit Limited,600697,376502194,"Capital - Planning, Transportation and Environment",C02011,External Professional Fees,C0649001,"DCC Business Entities (Sole Trade, Partnership, Ltd)"
INSERTED DETAIL,18,Devon County Council,17/04/2026,22090379,"1,103.00",BROWNE JACOBSON LLP,190677,116396270,Dedicated Schools Grant,A44968,Legal & Conveyancing Charges,R0088004,"DCC Business Entities (Sole Trade, Partnership, Ltd)"
INSERTED DETAIL,18,Devon County Council,17/04/2026,22090661,"-13,050.00",C E D A,12641,,Children's Social Care,A61200,Community based care,R0044004,"DCC Business Entities (Sole Trade, Partnership, Ltd)"
INSERTED DETAIL,18,Devon County Council,17/04/2026,22090777,"81,854.08",M H R INTERNATIONAL UK LIMITED,348264,705850636,People and Culture,A45045,IT Software Maintenance,R0473002,"DCC Business Entities (Sole Trade, Partnership, Ltd)"
INSERTED DETAIL,18,Devon County Council,17/04/2026,22090863,"1,850.00",EDGE TRAINING & CONSULTANCY LIMITED,256085,925948874,People and Culture,A44038,Fees,R0303007,"DCC Business Entities (Sole Trade, Partnership, Ltd)"
INSERTED DETAIL,18,Devon County Council,17/04/2026,22090996,"24,188.33",CAMBIAN CHILDCARE LIMITED,299178,190023541,Dedicated Schools Grant,A61052,Independent Special School Fees,R0089003,"DCC Business Entities (Sole Trade, Partnership, Ltd)"
INSERTED DETAIL,18,Devon County Council,17/04/2026,22091008,"19,913.33",CAMBIAN CHILDCARE LIMITED,299178,190023541,Dedicated Schools Grant,A61052,Independent Special School Fees,R0089003,"DCC Business Entities (Sole Trade, Partnership, Ltd)"
INSERTED DETAIL,18,Devon County Council,17/04/2026,22091009,"20,208.26",CAMBIAN CHILDCARE LIMITED,299178,190023541,Dedicated Schools Grant,A61052,Independent Special School Fees,R0089003,"DCC Business Entities (Sole Trade, Partnership, Ltd)"
INSERTED DETAIL,18,Devon County Council,17/04/2026,22091073,"17,650.00",THE WOODEN BRIDGE COMPANY,326946,106167633,Capital - Highways,C02009,Works,C0652001,"DCC Business Entities (Sole Trade, Partnership, Ltd)"
INSERTED DETAIL,18,Devon County Council,17/04/2026,22091268,"1,546.00",INVOLVE CARE SOLUTIONS LIMITED,402831,,Children's Social Care,A61200,Community based care,R0044004,"DCC Business Entities (Sole Trade, Partnership, Ltd)"
INSERTED DETAIL,18,Devon County Council,17/04/2026,22091306,866.40,SOURCE FOR BUSINESS,344710,236873674,Transformation & Business Services,A24005,Water Services,R0333028,"DCC Business Entities (Sole Trade, Partnership, Ltd)"
INSERTED DETAIL,18,Devon County Council,20/04/2026,22069432,933.60,BE YOUR BEST MENTORING LIMITED,385179,426486966,Dedicated Schools Grant,A44185,Other professional Services (Schools),R0082007,"DCC Business Entities (Sole Trade, Partnership, Ltd)"
INSERTED DETAIL,18,Devon County Council,20/04/2026,22085399,961.44,NORSE SOUTH WEST LIMITED,279741,785421021,Transformation & Business Services,A20030,Service Term Contracts,R0333026,"DCC Business Entities (Sole Trade, Partnership, Ltd)"
INSERTED DETAIL,18,Devon County Council,20/04/2026,22085536,"2,800.00",COUNTY GROUNDS MAINTENANCE LIMITED,258238,874318602,Children's Social Care,A20010,"Property Repairs, Maintenance & Alterations (Reactive)",R0095011,"DCC Business Entities (Sole Trade, Partnership, Ltd)"
INSERTED DETAIL,18,Devon County Council,20/04/2026,22085546,"1,650.00",COUNTY GROUNDS MAINTENANCE LIMITED,258238,874318602,Children's Social Care,A20010,"Property Repairs, Maintenance & Alterations (Reactive)",R0095005,"DCC Business Entities (Sole Trade, Partnership, Ltd)"
INSERTED DETAIL,18,Devon County Council,20/04/2026,22085949,"392,909.89",HOLCIM UK LIMITED,21683,533260571,Capital - Highways,C02009,Works,C0652001,"DCC Business Entities (Sole Trade, Partnership, Ltd)"
INSERTED DETAIL,18,Devon County Council,20/04/2026,22086305,"4,997.22",DEVON PARTNERSHIP NHS TRUST,92211,654400557,P-Ledger - Separate Legal Entity,A54000,Better Care Fund Expense,P0395011,"DCC Business Entities (Sole Trade, Partnership, Ltd)"
INSERTED DETAIL,18,Devon County Council,20/04/2026,22086313,810.00,JAMES GOUDIE,402492,243973932,Below the line,A44968,Legal & Conveyancing Charges,R0511057,"DCC Business Entities (Sole Trade, Partnership, Ltd)"
INSERTED DETAIL,18,Devon County Council,20/04/2026,22086340,"1,306.00",ALUMNIS MULTI ACADEMY TRUST,356025,,Capital - Children & Schools Expansions,C02009,Works,C0657001,"DCC Business Entities (Sole Trade, Partnership, Ltd)"
INSERTED DETAIL,18,Devon County Council,20/04/2026,22086479,"1,064.28",PROSPERO RECRUITMENT LIMITED,352539,486704947,Dedicated Schools Grant,A44185,Other professional Services (Schools),R0082007,"DCC Business Entities (Sole Trade, Partnership, Ltd)"
INSERTED DETAIL,18,Devon County Council,20/04/2026,22086485,"2,280.60",PROSPERO RECRUITMENT LIMITED,352539,486704947,Dedicated Schools Grant,A44180,Services for Educational Estabs - Devon,R0010004,"DCC Business Entities (Sole Trade, Partnership, Ltd)"
INSERTED DETAIL,18,Devon County Council,20/04/2026,22086491,"2,280.60",PROSPERO RECRUITMENT LIMITED,352539,486704947,Dedicated Schools Grant,A44185,Other professional Services (Schools),R0082007,"DCC Business Entities (Sole Trade, Partnership, Ltd)"
INSERTED DETAIL,18,Devon County Council,20/04/2026,22086535,897.00,SPECTRUM SENSORY THERAPIES LTD,406310,,Dedicated Schools Grant,A44185,Other professional Services (Schools),R0082006,"DCC Business Entities (Sole Trade, Partnership, Ltd)"
INSERTED DETAIL,18,Devon County Council,20/04/2026,22086549,"6,647.50",CIPFA BUSINESS LIMITED,350079,627390725,Finance & Public Value,A47010,Subscriptions,R0209001,"DCC Business Entities (Sole Trade, Partnership, Ltd)"
INSERTED DETAIL,18,Devon County Council,20/04/2026,22086566,"1,125.84",SUPPORT'ED LIMITED,352913,373393085,Dedicated Schools Grant,A44180,Services for Educational Estabs - Devon,R0010004,"DCC Business Entities (Sole Trade, Partnership, Ltd)"
INSERTED DETAIL,18,Devon County Council,20/04/2026,22086587,706.40,SUPPORT'ED LIMITED,352913,373393085,Dedicated Schools Grant,A44185,Other professional Services (Schools),R0082007,"DCC Business Entities (Sole Trade, Partnership, Ltd)"
INSERTED DETAIL,18,Devon County Council,20/04/2026,22086622,602.27,THE ADVOCACY PEOPLE,257570,,Operations,A44038,Fees,R0222002,"DCC Business Entities (Sole Trade, Partnership, Ltd)"
INSERTED DETAIL,18,Devon County Council,20/04/2026,22086660,535.50,TTH GROUP LIMITED,405600,455430500,Children's Social Care,A44110,Exam Fees,R0076006,"DCC Business Entities (Sole Trade, Partnership, Ltd)"
INSERTED DETAIL,18,Devon County Council,20/04/2026,22086690,"80,417.39",HOLCIM UK LIMITED,21683,533260571,Capital - Highways,C02009,Works,C0652001,"DCC Business Entities (Sole Trade, Partnership, Ltd)"
INSERTED DETAIL,18,Devon County Council,20/04/2026,22086773,588.83,NORSE SOUTH WEST LIMITED,279741,785421021,Capital - Highways,C02011,External Professional Fees,C0671004,"DCC Business Entities (Sole Trade, Partnership, Ltd)"
INSERTED DETAIL,18,Devon County Council,20/04/2026,22086775,594.00,NORSE SOUTH WEST LIMITED,279741,785421021,Transformation & Business Services,A44038,Fees,R0334004,"DCC Business Entities (Sole Trade, Partnership, Ltd)"
INSERTED DETAIL,18,Devon County Council,20/04/2026,22086821,"3,272.50",NORSE SOUTH WEST LIMITED,279741,785421021,Transformation & Business Services,A46100,Main / Term Contractor,R0334006,"DCC Business Entities (Sole Trade, Partnership, Ltd)"
INSERTED DETAIL,18,Devon County Council,20/04/2026,22086825,"7,669.54",KEYS PCE LIMITED,363936,927104637,Dedicated Schools Grant,A61052,Independent Special School Fees,R0089003,"DCC Business Entities (Sole Trade, Partnership, Ltd)"
INSERTED DETAIL,18,Devon County Council,20/04/2026,22086843,"9,237.10",Enerveo Limited,14967,382894546,Capital - Highways,C02009,Works,C0671005,DCC CIS Suppliers
INSERTED DETAIL,18,Devon County Council,20/04/2026,22086907,720.00,Lilcott Farm CiC,600980,,Dedicated Schools Grant,A44185,Other professional Services (Schools),R0082006,"DCC Business Entities (Sole Trade, Partnership, Ltd)"
INSERTED DETAIL,18,Devon County Council,20/04/2026,22086917,720.00,Lilcott Farm CiC,600980,,Dedicated Schools Grant,A44185,Other professional Services (Schools),R0082006,"DCC Business Entities (Sole Trade, Partnership, Ltd)"
INSERTED DETAIL,18,Devon County Council,20/04/2026,22086918,"2,212.84",UNIVERSITY OF EXETER-FINANCE OFF,4630,142047795,Planning,A44038,Fees,R0577002,"DCC Business Entities (Sole Trade, Partnership, Ltd)"
INSERTED DETAIL,18,Devon County Council,20/04/2026,22086931,"2,280.60",PROSPERO RECRUITMENT LIMITED,352539,486704947,Dedicated Schools Grant,A44185,Other professional Services (Schools),R0082007,"DCC Business Entities (Sole Trade, Partnership, Ltd)"
INSERTED DETAIL,18,Devon County Council,20/04/2026,22086935,"1,520.40",PROSPERO RECRUITMENT LIMITED,352539,486704947,Dedicated Schools Grant,A44185,Other professional Services (Schools),R0082007,"DCC Business Entities (Sole Trade, Partnership, Ltd)"
INSERTED DETAIL,18,Devon County Council,20/04/2026,22086937,"2,349.81",W J SOUTH WEST LIMITED,308541,970783388,Capital - Highways,C02009,Works,C0652001,"DCC Business Entities (Sole Trade, Partnership, Ltd)"
INSERTED DETAIL,18,Devon County Council,20/04/2026,22087037,"2,280.60",PROSPERO RECRUITMENT LIMITED,352539,486704947,Dedicated Schools Grant,A44185,Other professional Services (Schools),R0082007,"DCC Business Entities (Sole Trade, Partnership, Ltd)"
INSERTED DETAIL,18,Devon County Council,20/04/2026,22087041,"1,520.40",PROSPERO RECRUITMENT LIMITED,352539,486704947,Dedicated Schools Grant,A44185,Other professional Services (Schools),R0082007,"DCC Business Entities (Sole Trade, Partnership, Ltd)"
INSERTED DETAIL,18,Devon County Council,20/04/2026,22087046,"1,368.36",PROSPERO RECRUITMENT LIMITED,352539,486704947,Dedicated Schools Grant,A44185,Other professional Services (Schools),R0082007,"DCC Business Entities (Sole Trade, Partnership, Ltd)"
INSERTED DETAIL,18,Devon County Council,20/04/2026,22087050,"2,280.60",PROSPERO RECRUITMENT LIMITED,352539,486704947,Dedicated Schools Grant,A44185,Other professional Services (Schools),R0082007,"DCC Business Entities (Sole Trade, Partnership, Ltd)"
INSERTED DETAIL,18,Devon County Council,20/04/2026,22087053,"1,076.27",PROSPERO RECRUITMENT LIMITED,352539,486704947,Dedicated Schools Grant,A44185,Other professional Services (Schools),R0082007,"DCC Business Entities (Sole Trade, Partnership, Ltd)"
INSERTED DETAIL,18,Devon County Council,20/04/2026,22087055,912.24,PROSPERO RECRUITMENT LIMITED,352539,486704947,Dedicated Schools Grant,A44185,Other professional Services (Schools),R0082007,"DCC Business Entities (Sole Trade, Partnership, Ltd)"
INSERTED DETAIL,18,Devon County Council,20/04/2026,22087063,"2,280.60",PROSPERO RECRUITMENT LIMITED,352539,486704947,Dedicated Schools Grant,A44185,Other professional Services (Schools),R0082007,"DCC Business Entities (Sole Trade, Partnership, Ltd)"
INSERTED DETAIL,18,Devon County Council,20/04/2026,22087085,760.20,PROSPERO RECRUITMENT LIMITED,352539,486704947,Dedicated Schools Grant,A44185,Other professional Services (Schools),R0082007,"DCC Business Entities (Sole Trade, Partnership, Ltd)"
INSERTED DETAIL,18,Devon County Council,20/04/2026,22087086,"1,520.40",PROSPERO RECRUITMENT LIMITED,352539,486704947,Dedicated Schools Grant,A44185,Other professional Services (Schools),R0082007,"DCC Business Entities (Sole Trade, Partnership, Ltd)"
INSERTED DETAIL,18,Devon County Council,20/04/2026,22087090,912.24,PROSPERO RECRUITMENT LIMITED,352539,486704947,Dedicated Schools Grant,A44185,Other professional Services (Schools),R0082007,"DCC Business Entities (Sole Trade, Partnership, Ltd)"
INSERTED DETAIL,18,Devon County Council,20/04/2026,22087126,927.15,SUPPORT'ED LIMITED,352913,373393085,Dedicated Schools Grant,A44180,Services for Educational Estabs - Devon,R0010004,"DCC Business Entities (Sole Trade, Partnership, Ltd)"
INSERTED DETAIL,18,Devon County Council,20/04/2026,22087276,650.00,KINGSPAN WATER & ENERGY SERVICE,371630,412512403,"Economy, Enterprise and Skills",A40920,Equipment,R0547004,"DCC Business Entities (Sole Trade, Partnership, Ltd)"
INSERTED DETAIL,18,Devon County Council,20/04/2026,22087317,"5,540.00",DEVON TREE SERVICES LIMITED,4838,164412427,Capital - Highways,C02009,Works,C0671008,"DCC Business Entities (Sole Trade, Partnership, Ltd)"
INSERTED DETAIL,18,Devon County Council,20/04/2026,22087326,"1,238.60",W J SOUTH WEST LIMITED,308541,970783388,Capital - Highways,C02009,Works,C0652001,"DCC Business Entities (Sole Trade, Partnership, Ltd)"
INSERTED DETAIL,18,Devon County Council,20/04/2026,22087340,"1,846.24",NORSE SOUTH WEST LIMITED,279741,785421021,Transformation & Business Services,A46100,Main / Term Contractor,R0334005,"DCC Business Entities (Sole Trade, Partnership, Ltd)"
INSERTED DETAIL,18,Devon County Council,20/04/2026,22087346,840.00,YTKO LIMITED,346985,242694942,"Economy, Enterprise and Skills",A44038,Fees,R0546004,"DCC Business Entities (Sole Trade, Partnership, Ltd)"
INSERTED DETAIL,18,Devon County Council,20/04/2026,22087365,"3,393.53",NORSE SOUTH WEST LIMITED,279741,785421021,Transformation & Business Services,A46100,Main / Term Contractor,R0334005,"DCC Business Entities (Sole Trade, Partnership, Ltd)"
INSERTED DETAIL,18,Devon County Council,20/04/2026,22087373,820.00,EARTH UNCOVERED,390314,,P-Ledger - Separate Legal Entity,A61060,Support for Children in Care,P0432008,"DCC Business Entities (Sole Trade, Partnership, Ltd)"
INSERTED DETAIL,18,Devon County Council,20/04/2026,22087395,"5,200.00",A C ARCHAEOLOGY,246862,543537736,"Transport Operations, Environment and Waste",A57115,Payments to Private Contractors,R0610001,"DCC Business Entities (Sole Trade, Partnership, Ltd)"
INSERTED DETAIL,18,Devon County Council,20/04/2026,22087406,"1,809.00",DAN WOOLLACOTT FENCING,358106,278397149,Highways & Infrastructure Development,A49005,Other Hired & Contracting Services,R0552002,DCC CIS Suppliers
INSERTED DETAIL,18,Devon County Council,20/04/2026,22087409,"27,049.81",Enerveo Limited,14967,382894546,Capital - Highways,C02009,Works,C0652001,DCC CIS Suppliers
INSERTED DETAIL,18,Devon County Council,20/04/2026,22087411,"3,000.00",My Communication Box Limited,604157,,Dedicated Schools Grant,A44185,Other professional Services (Schools),R0082006,"DCC Business Entities (Sole Trade, Partnership, Ltd)"
INSERTED DETAIL,18,Devon County Council,20/04/2026,22087439,"103,843.48",Aureos Energy Ltd,603925,472695552,Capital other - Digital Technology & Business Services,C02009,Works,C0651001,DCC CIS Suppliers
INSERTED DETAIL,18,Devon County Council,20/04/2026,22087509,610.00,DAN WOOLLACOTT FENCING,358106,278397149,Highways & Infrastructure Development,A49005,Other Hired & Contracting Services,R0552002,DCC CIS Suppliers
INSERTED DETAIL,18,Devon County Council,20/04/2026,22087542,986.83,NORSE SOUTH WEST LIMITED,279741,785421021,Inclusion & Learning,A46100,Main / Term Contractor,R0052001,"DCC Business Entities (Sole Trade, Partnership, Ltd)"
INSERTED DETAIL,18,Devon County Council,20/04/2026,22087564,"1,262.17",NORSE SOUTH WEST LIMITED,279741,785421021,Capital other - Digital Technology & Business Services,C02011,External Professional Fees,C0651001,"DCC Business Entities (Sole Trade, Partnership, Ltd)"
INSERTED DETAIL,18,Devon County Council,20/04/2026,22087579,"2,436.50",NORSE SOUTH WEST LIMITED,279741,785421021,Capital other - Digital Technology & Business Services,C02011,External Professional Fees,C0651001,"DCC Business Entities (Sole Trade, Partnership, Ltd)"
INSERTED DETAIL,18,Devon County Council,20/04/2026,22087580,657.90,NORSE SOUTH WEST LIMITED,279741,785421021,Transformation & Business Services,A46100,Main / Term Contractor,R0334005,"DCC Business Entities (Sole Trade, Partnership, Ltd)"
INSERTED DETAIL,18,Devon County Council,20/04/2026,22087597,"2,035.75",NORSE SOUTH WEST LIMITED,279741,785421021,Capital other - Digital Technology & Business Services,C02011,External Professional Fees,C0651001,"DCC Business Entities (Sole Trade, Partnership, Ltd)"
INSERTED DETAIL,18,Devon County Council,20/04/2026,22087600,"1,115.78",NORSE SOUTH WEST LIMITED,279741,785421021,Capital other - Digital Technology & Business Services,C02011,External Professional Fees,C0647001,"DCC Business Entities (Sole Trade, Partnership, Ltd)"
INSERTED DETAIL,18,Devon County Council,20/04/2026,22087623,"7,555.30",FOREAL,382988,452723204,Dedicated Schools Grant,A44185,Other professional Services (Schools),R0082002,"DCC Business Entities (Sole Trade, Partnership, Ltd)"
INSERTED DETAIL,18,Devon County Council,20/04/2026,22087669,"3,832.00",S C C,161520,313651680,Transformation & Business Services,A45015,Postages,R0505006,"DCC Business Entities (Sole Trade, Partnership, Ltd)"
INSERTED DETAIL,18,Devon County Council,20/04/2026,22087811,892.25,David Trickett T/A Countryside & Garden,21818,409946757,Highways & Infrastructure Development,A49005,Other Hired & Contracting Services,R0552006,DCC CIS Suppliers
INSERTED DETAIL,18,Devon County Council,20/04/2026,22088226,"2,350.00",OLAS ART,320132,,Children's Social Care,A44038,Fees,R0015001,"DCC Business Entities (Sole Trade, Partnership, Ltd)"
INSERTED DETAIL,18,Devon County Council,20/04/2026,22088388,"10,626.00",THE EDUCATION COMPANY LIMITED,80154,573768493,Transformation & Business Services,A45040,IT Software,R0353008,"DCC Business Entities (Sole Trade, Partnership, Ltd)"
INSERTED DETAIL,18,Devon County Council,20/04/2026,22088509,"8,000.00",STEP ONE CHARITY,384200,787421303,Mental Health,A52010,"Grants to voluntary, community and social enterprise organisations",R0256001,"DCC Business Entities (Sole Trade, Partnership, Ltd)"
INSERTED DETAIL,18,Devon County Council,20/04/2026,22089203,900.00,Joanna North Adoption Limited,302598,784224028,P-Ledger - Separate Legal Entity,A61060,Support for Children in Care,P0432008,"DCC Business Entities (Sole Trade, Partnership, Ltd)"
INSERTED DETAIL,18,Devon County Council,20/04/2026,22089497,"6,683.03",THE OUTDOORS GROUP *57*,362971,312604642,Dedicated Schools Grant,A61052,Independent Special School Fees,R0089003,"DCC Business Entities (Sole Trade, Partnership, Ltd)"
INSERTED DETAIL,18,Devon County Council,20/04/2026,22089498,"4,864.08",THE OUTDOORS GROUP *57*,362971,312604642,Dedicated Schools Grant,A61052,Independent Special School Fees,R0089003,"DCC Business Entities (Sole Trade, Partnership, Ltd)"
INSERTED DETAIL,18,Devon County Council,20/04/2026,22089504,"6,827.06",THE OUTDOORS GROUP *57*,362971,312604642,Dedicated Schools Grant,A61052,Independent Special School Fees,R0089003,"DCC Business Entities (Sole Trade, Partnership, Ltd)"
INSERTED DETAIL,18,Devon County Council,20/04/2026,22089508,"4,864.08",THE OUTDOORS GROUP *57*,362971,312604642,Dedicated Schools Grant,A61052,Independent Special School Fees,R0089003,"DCC Business Entities (Sole Trade, Partnership, Ltd)"
INSERTED DETAIL,18,Devon County Council,20/04/2026,22089520,"5,939.06",THE OUTDOORS GROUP *57*,362971,312604642,Dedicated Schools Grant,A61052,Independent Special School Fees,R0089003,"DCC Business Entities (Sole Trade, Partnership, Ltd)"
INSERTED DETAIL,18,Devon County Council,20/04/2026,22089521,"4,864.08",THE OUTDOORS GROUP *57*,362971,312604642,Dedicated Schools Grant,A61052,Independent Special School Fees,R0089003,"DCC Business Entities (Sole Trade, Partnership, Ltd)"
INSERTED DETAIL,18,Devon County Council,20/04/2026,22089524,"4,864.17",THE OUTDOORS GROUP *57*,362971,312604642,Dedicated Schools Grant,A61052,Independent Special School Fees,R0089003,"DCC Business Entities (Sole Trade, Partnership, Ltd)"
INSERTED DETAIL,18,Devon County Council,20/04/2026,22089527,"6,683.58",THE OUTDOORS GROUP *57*,362971,312604642,Dedicated Schools Grant,A61052,Independent Special School Fees,R0089003,"DCC Business Entities (Sole Trade, Partnership, Ltd)"
INSERTED DETAIL,18,Devon County Council,20/04/2026,22089550,"10,541.54",THE OUTDOORS GROUP *57*,362971,312604642,Dedicated Schools Grant,A61052,Independent Special School Fees,R0089003,"DCC Business Entities (Sole Trade, Partnership, Ltd)"
INSERTED DETAIL,18,Devon County Council,20/04/2026,22089551,"6,945.97",THE OUTDOORS GROUP *57*,362971,312604642,Dedicated Schools Grant,A61052,Independent Special School Fees,R0089003,"DCC Business Entities (Sole Trade, Partnership, Ltd)"
INSERTED DETAIL,18,Devon County Council,20/04/2026,22089552,"10,543.54",THE OUTDOORS GROUP *57*,362971,312604642,Dedicated Schools Grant,A61052,Independent Special School Fees,R0089003,"DCC Business Entities (Sole Trade, Partnership, Ltd)"
INSERTED DETAIL,18,Devon County Council,20/04/2026,22089553,"9,777.34",THE OUTDOORS GROUP *57*,362971,312604642,Dedicated Schools Grant,A61052,Independent Special School Fees,R0089003,"DCC Business Entities (Sole Trade, Partnership, Ltd)"
INSERTED DETAIL,18,Devon County Council,20/04/2026,22089588,"4,864.08",THE OUTDOORS GROUP *57*,362971,312604642,Dedicated Schools Grant,A61052,Independent Special School Fees,R0089003,"DCC Business Entities (Sole Trade, Partnership, Ltd)"
INSERTED DETAIL,18,Devon County Council,20/04/2026,22089598,"4,864.08",THE OUTDOORS GROUP *57*,362971,312604642,Dedicated Schools Grant,A61052,Independent Special School Fees,R0089003,"DCC Business Entities (Sole Trade, Partnership, Ltd)"
INSERTED DETAIL,18,Devon County Council,20/04/2026,22089601,"4,864.08",THE OUTDOORS GROUP *57*,362971,312604642,Dedicated Schools Grant,A61052,Independent Special School Fees,R0089003,"DCC Business Entities (Sole Trade, Partnership, Ltd)"
INSERTED DETAIL,18,Devon County Council,20/04/2026,22089911,609.18,CANSFORD LABORATORIES LIMITED,321040,104878015,"Chief Exec, Legal & Democratic services",A44038,Fees,R0276001,"DCC Business Entities (Sole Trade, Partnership, Ltd)"
INSERTED DETAIL,18,Devon County Council,20/04/2026,22089975,"6,594.14",THE OUTDOORS GROUP *57*,362971,312604642,Dedicated Schools Grant,A61052,Independent Special School Fees,R0089003,"DCC Business Entities (Sole Trade, Partnership, Ltd)"
INSERTED DETAIL,18,Devon County Council,20/04/2026,22090362,"2,100.00",YTKO LIMITED,346985,242694942,"Economy, Enterprise and Skills",A44038,Fees,R0546004,"DCC Business Entities (Sole Trade, Partnership, Ltd)"
INSERTED DETAIL,18,Devon County Council,20/04/2026,22090386,"1,700.00",ST SIDWELLS CENTRE,65554,,Communities,A52010,"Grants to voluntary, community and social enterprise organisations",R0530012,"DCC Business Entities (Sole Trade, Partnership, Ltd)"
INSERTED DETAIL,18,Devon County Council,20/04/2026,22090504,"6,750.00",ST SIDWELLS CENTRE,65554,,Communities,A52010,"Grants to voluntary, community and social enterprise organisations",R0530012,"DCC Business Entities (Sole Trade, Partnership, Ltd)"
INSERTED DETAIL,18,Devon County Council,20/04/2026,22090659,"18,172.02",EXETER CITY COUNCIL (FINANCE),4272,142335594,"Transport Operations, Environment and Waste",A46100,Main / Term Contractor,R0595002,"DCC Business Entities (Sole Trade, Partnership, Ltd)"
INSERTED DETAIL,18,Devon County Council,20/04/2026,22090688,"1,196.01",FIRST CARE AMBULANCE LIMITED,98315,238628481,"Chief Exec, Legal & Democratic services",A49005,Other Hired & Contracting Services,R0506002,"DCC Business Entities (Sole Trade, Partnership, Ltd)"
INSERTED DETAIL,18,Devon County Council,20/04/2026,22090691,"3,158.98",FIRST CARE AMBULANCE LIMITED,98315,238628481,"Chief Exec, Legal & Democratic services",A49005,Other Hired & Contracting Services,R0506002,"DCC Business Entities (Sole Trade, Partnership, Ltd)"
INSERTED DETAIL,18,Devon County Council,20/04/2026,22090829,"1,814.63",FIRST CARE AMBULANCE LIMITED,98315,238628481,"Chief Exec, Legal & Democratic services",A49005,Other Hired & Contracting Services,R0506002,"DCC Business Entities (Sole Trade, Partnership, Ltd)"
INSERTED DETAIL,18,Devon County Council,20/04/2026,22090832,"1,814.64",FIRST CARE AMBULANCE LIMITED,98315,238628481,"Chief Exec, Legal & Democratic services",A49005,Other Hired & Contracting Services,R0506002,"DCC Business Entities (Sole Trade, Partnership, Ltd)"
INSERTED DETAIL,18,Devon County Council,20/04/2026,22090992,"7,622.68",ACORN CARE & EDUCATION LIMITED,333557,902188441,Dedicated Schools Grant,A61052,Independent Special School Fees,R0089003,"DCC Business Entities (Sole Trade, Partnership, Ltd)"
INSERTED DETAIL,18,Devon County Council,20/04/2026,22091062,718.88,STAGECOACH DEVON LIMITED,21413,435757819,Transformation & Business Services,A57125,Bus Services,R0334004,"DCC Business Entities (Sole Trade, Partnership, Ltd)"
INSERTED DETAIL,18,Devon County Council,20/04/2026,22091066,729.00,STAGECOACH DEVON LIMITED,21413,435757819,Transformation & Business Services,A57125,Bus Services,R0334004,"DCC Business Entities (Sole Trade, Partnership, Ltd)"
INSERTED DETAIL,18,Devon County Council,20/04/2026,22091477,"37,974.49",QUBE CONSTRUCT LIMITED,402750,931188818,Capital - Children & Schools Expansions,C02009,Works,C0657001,DCC CIS Suppliers
INSERTED DETAIL,18,Devon County Council,20/04/2026,22091646,"6,206.26",ACORN CARE & EDUCATION LIMITED,333557,902188441,Dedicated Schools Grant,A61052,Independent Special School Fees,R0089003,"DCC Business Entities (Sole Trade, Partnership, Ltd)"
INSERTED DETAIL,18,Devon County Council,20/04/2026,22091647,"24,102.00",ACORN CARE & EDUCATION LIMITED,333557,902188441,Dedicated Schools Grant,A61052,Independent Special School Fees,R0089003,"DCC Business Entities (Sole Trade, Partnership, Ltd)"
INSERTED DETAIL,18,Devon County Council,20/04/2026,22091652,742.42,ACORN CARE & EDUCATION LIMITED,333557,902188441,Dedicated Schools Grant,A61052,Independent Special School Fees,R0089003,"DCC Business Entities (Sole Trade, Partnership, Ltd)"
INSERTED DETAIL,18,Devon County Council,20/04/2026,22091654,"5,408.33",ACORN CARE & EDUCATION LIMITED,333557,902188441,Dedicated Schools Grant,A61052,Independent Special School Fees,R0089003,"DCC Business Entities (Sole Trade, Partnership, Ltd)"
INSERTED DETAIL,18,Devon County Council,20/04/2026,22091662,"5,816.88",ACORN CARE & EDUCATION LIMITED,333557,902188441,Dedicated Schools Grant,A61052,Independent Special School Fees,R0089003,"DCC Business Entities (Sole Trade, Partnership, Ltd)"
INSERTED DETAIL,18,Devon County Council,20/04/2026,22091663,"5,570.58",ACORN CARE & EDUCATION LIMITED,333557,902188441,Dedicated Schools Grant,A61052,Independent Special School Fees,R0089003,"DCC Business Entities (Sole Trade, Partnership, Ltd)"
INSERTED DETAIL,18,Devon County Council,20/04/2026,22091664,"6,979.73",ACORN CARE & EDUCATION LIMITED,333557,902188441,Dedicated Schools Grant,A61052,Independent Special School Fees,R0089003,"DCC Business Entities (Sole Trade, Partnership, Ltd)"
INSERTED DETAIL,18,Devon County Council,20/04/2026,22091668,"6,376.94",ACORN CARE & EDUCATION LIMITED,333557,902188441,Dedicated Schools Grant,A61052,Independent Special School Fees,R0089003,"DCC Business Entities (Sole Trade, Partnership, Ltd)"
INSERTED DETAIL,18,Devon County Council,20/04/2026,22091680,"2,281.19",ACORN CARE & EDUCATION LIMITED,333557,902188441,Dedicated Schools Grant,A61052,Independent Special School Fees,R0089003,"DCC Business Entities (Sole Trade, Partnership, Ltd)"
INSERTED DETAIL,18,Devon County Council,20/04/2026,22091682,"5,793.80",ACORN CARE & EDUCATION LIMITED,333557,902188441,Dedicated Schools Grant,A61052,Independent Special School Fees,R0089003,"DCC Business Entities (Sole Trade, Partnership, Ltd)"
INSERTED DETAIL,18,Devon County Council,20/04/2026,22091683,"5,408.33",ACORN CARE & EDUCATION LIMITED,333557,902188441,Dedicated Schools Grant,A61052,Independent Special School Fees,R0089003,"DCC Business Entities (Sole Trade, Partnership, Ltd)"
INSERTED DETAIL,18,Devon County Council,20/04/2026,22091691,"6,206.26",ACORN CARE & EDUCATION LIMITED,333557,902188441,Dedicated Schools Grant,A61052,Independent Special School Fees,R0089003,"DCC Business Entities (Sole Trade, Partnership, Ltd)"
INSERTED DETAIL,18,Devon County Council,20/04/2026,22091743,"8,275.00",TOPP TREE CARE LTD,389748,434623407,Highways & Infrastructure Development,A49005,Other Hired & Contracting Services,R0553005,"DCC Business Entities (Sole Trade, Partnership, Ltd)"
INSERTED DETAIL,18,Devon County Council,21/04/2026,22085748,779.00,SAFE SPACE TAUNTON,398184,,Children's Social Care,A61060,Support for Children in Care,R0106002,"DCC Business Entities (Sole Trade, Partnership, Ltd)"
INSERTED DETAIL,18,Devon County Council,21/04/2026,22086885,667.50,APPLE LOFT PLAY THERAPY,357758,,P-Ledger - Separate Legal Entity,A61060,Support for Children in Care,P0432008,"DCC Business Entities (Sole Trade, Partnership, Ltd)"
INSERTED DETAIL,18,Devon County Council,21/04/2026,22086890,650.00,ALICE KENT,401636,,P-Ledger - Separate Legal Entity,A61060,Support for Children in Care,P0432008,"DCC Business Entities (Sole Trade, Partnership, Ltd)"
INSERTED DETAIL,18,Devon County Council,21/04/2026,22087396,"4,535.25",NEXT STEPS EDUCATION LIMITED,389810,440621822,Dedicated Schools Grant,A44185,Other professional Services (Schools),R0082007,"DCC Business Entities (Sole Trade, Partnership, Ltd)"
INSERTED DETAIL,18,Devon County Council,21/04/2026,22087400,"1,950.00",DWS CONSULTANCY LIMITED,401968,489248632,Children's Social Care,A11013,Interim Management (External Agency),R0129001,"DCC Business Entities (Sole Trade, Partnership, Ltd)"
INSERTED DETAIL,18,Devon County Council,21/04/2026,22087425,"446,281.49",SUEZ RECYCLING & RECOVERY UK LIMITED,208690,444085847,"Transport Operations, Environment and Waste",A46100,Main / Term Contractor,R0595009,"DCC Business Entities (Sole Trade, Partnership, Ltd)"
INSERTED DETAIL,18,Devon County Council,21/04/2026,22088151,"5,521.84",PHOENIX LEARNING & CARE LIMITED,100780,480641981,Operations,A57140,Residential Care - Long Stay,R0227063,"DCC Business Entities (Sole Trade, Partnership, Ltd)"
INSERTED DETAIL,18,Devon County Council,21/04/2026,22089747,"3,688.12",LATCHAM DIRECT,298309,942185912,Finance & Public Value,A43015,Stationery,R0493001,"DCC Business Entities (Sole Trade, Partnership, Ltd)"
INSERTED DETAIL,18,Devon County Council,21/04/2026,22089958,630.00,OCEAN HEALTHCARE (TRADING AS TAHER LIMITED),346692,776836374,Children's Social Care,A61200,Community based care,R0044004,"DCC Business Entities (Sole Trade, Partnership, Ltd)"
INSERTED DETAIL,18,Devon County Council,21/04/2026,22090117,"365,190.00",EXETER CITY COUNCIL (FINANCE),4272,142335594,"Transport Operations, Environment and Waste",A46100,Main / Term Contractor,R0593001,"DCC Business Entities (Sole Trade, Partnership, Ltd)"
INSERTED DETAIL,18,Devon County Council,21/04/2026,22090293,563.77,NORSE SOUTH WEST LIMITED,279741,785421021,"Economy, Enterprise and Skills",A27010,Contract Cleaning,R0539001,"DCC Business Entities (Sole Trade, Partnership, Ltd)"
INSERTED DETAIL,18,Devon County Council,21/04/2026,22090575,755.63,KENT COUNTY COUNCIL,83992,204269191,"Economy, Enterprise and Skills",A21010,Gas,R0539001,"DCC Business Entities (Sole Trade, Partnership, Ltd)"
INSERTED DETAIL,18,Devon County Council,21/04/2026,22090578,"2,704.96",KENT COUNTY COUNCIL,83992,204269191,Transformation & Business Services,A21010,Gas,R0333026,"DCC Business Entities (Sole Trade, Partnership, Ltd)"
INSERTED DETAIL,18,Devon County Council,21/04/2026,22090581,715.56,KENT COUNTY COUNCIL,83992,204269191,Operations,A21010,Gas,R0238001,"DCC Business Entities (Sole Trade, Partnership, Ltd)"
INSERTED DETAIL,18,Devon County Council,21/04/2026,22091880,"20,397.50",Devon County Council,600862,142208113,IFCA,A44065,Consultancy Services,M0382001,IFCA Suppliers
INSERTED DETAIL,18,Devon County Council,21/04/2026,22091902,"6,850.00",Landmarc - Environmental Engineering,603782,489651880,Highways & Infrastructure Development,A46100,Main / Term Contractor,R0560011,DCC CIS Suppliers
INSERTED DETAIL,18,Devon County Council,21/04/2026,22091912,"8,258.00",PROMOTING INDEPENDENT CARE LIMITED,376159,,Children's Social Care,A11005,Agency Supply Staff,R0095009,"DCC Business Entities (Sole Trade, Partnership, Ltd)"
INSERTED DETAIL,18,Devon County Council,21/04/2026,22091914,"4,207.40",PROMOTING INDEPENDENT CARE LIMITED,376159,,Children's Social Care,A11005,Agency Supply Staff,R0095011,"DCC Business Entities (Sole Trade, Partnership, Ltd)"
INSERTED DETAIL,18,Devon County Council,21/04/2026,22091928,"16,043.50",KENNFORD TARMACADAM LIMITED,24534,976391178,Capital - Highways,C02009,Works,C0652001,DCC CIS Suppliers
INSERTED DETAIL,18,Devon County Council,21/04/2026,22091933,"1,141.01",KENNFORD TARMACADAM LIMITED,24534,976391178,Capital - Highways,C02009,Works,C0652001,DCC CIS Suppliers
INSERTED DETAIL,18,Devon County Council,21/04/2026,22091975,"32,439.46",ARQUE LIMITED,200370,844830418,Capital - Schools Maintenance & Improvements,C02009,Works,C0658001,DCC CIS Suppliers
INSERTED DETAIL,18,Devon County Council,21/04/2026,22092162,"4,493.50",KENNFORD TARMACADAM LIMITED,24534,976391178,Capital - Highways,C02009,Works,C0652001,DCC CIS Suppliers
INSERTED DETAIL,18,Devon County Council,22/04/2026,22078687,"1,816.55",KENT COUNTY COUNCIL,83992,204269191,Operations,A21005,Electricity,R0268001,"DCC Business Entities (Sole Trade, Partnership, Ltd)"
INSERTED DETAIL,18,Devon County Council,22/04/2026,22083519,"10,236.50",RESOURCE FUTURES LIMITED,203252,879559738,"Transport Operations, Environment and Waste",A46100,Main / Term Contractor,R0606006,"DCC Business Entities (Sole Trade, Partnership, Ltd)"
INSERTED DETAIL,18,Devon County Council,22/04/2026,22084747,"1,666.63",RESOURCE FUTURES LIMITED,203252,879559738,"Transport Operations, Environment and Waste",A44038,Fees,R0611003,"DCC Business Entities (Sole Trade, Partnership, Ltd)"
INSERTED DETAIL,18,Devon County Council,22/04/2026,22086389,635.00,TOR ZAKARIA@HOLDING LITTLE ACORN,398462,,P-Ledger - Separate Legal Entity,A61060,Support for Children in Care,P0432008,"DCC Business Entities (Sole Trade, Partnership, Ltd)"
INSERTED DETAIL,18,Devon County Council,22/04/2026,22086875,"2,161.50",ALICE KENT,401636,,P-Ledger - Separate Legal Entity,A61060,Support for Children in Care,P0432008,"DCC Business Entities (Sole Trade, Partnership, Ltd)"
INSERTED DETAIL,18,Devon County Council,22/04/2026,22086878,"1,557.63",YOUTH ARTS AND HEALTH TRUST,340754,,P-Ledger - Separate Legal Entity,A61060,Support for Children in Care,P0432008,"DCC Business Entities (Sole Trade, Partnership, Ltd)"
INSERTED DETAIL,18,Devon County Council,22/04/2026,22086912,"1,250.00",YOUTH ARTS AND HEALTH TRUST,340754,,P-Ledger - Separate Legal Entity,A16015,Staff Training Expenses - Non Payroll,P0432002,"DCC Business Entities (Sole Trade, Partnership, Ltd)"
INSERTED DETAIL,18,Devon County Council,22/04/2026,22087100,600.00,INTERCOM TRUST,23237,,People and Culture,A44038,Fees,R0303007,"DCC Business Entities (Sole Trade, Partnership, Ltd)"
INSERTED DETAIL,18,Devon County Council,22/04/2026,22087189,"13,750.00",GETECH LIMITED,79952,876329190,Transformation & Business Services,A45008,IT Hardware Maintenance,R0476002,"DCC Business Entities (Sole Trade, Partnership, Ltd)"
INSERTED DETAIL,18,Devon County Council,22/04/2026,22087232,734.40,AYRE CONTRACTORS & PLANT HIRE,209433,996310885,Capital - Highways,C02009,Works,C0652001,DCC CIS Suppliers
INSERTED DETAIL,18,Devon County Council,22/04/2026,22087239,900.00,LEONE ELLIS THERAPEUTIC SERVICES,398323,,Children's Social Care,A61060,Support for Children in Care,R0106002,"DCC Business Entities (Sole Trade, Partnership, Ltd)"
INSERTED DETAIL,18,Devon County Council,22/04/2026,22087287,"44,404.00",G M CONTRACTORS DEVON LIMITED,294305,875936367,Capital - Highways,C02009,Works,C0652001,DCC CIS Suppliers
INSERTED DETAIL,18,Devon County Council,22/04/2026,22087363,"11,116.44",W J SOUTH WEST LIMITED,308541,970783388,Capital - Highways,C02009,Works,C0652001,"DCC Business Entities (Sole Trade, Partnership, Ltd)"
INSERTED DETAIL,18,Devon County Council,22/04/2026,22087426,"5,000.00",DYS SPACE LIMITED,341799,253749579,Public Health,A57115,Payments to Private Contractors,R0316084,"DCC Business Entities (Sole Trade, Partnership, Ltd)"
INSERTED DETAIL,18,Devon County Council,22/04/2026,22087427,767.50,Cellcom Ltd (T/A: DJI Hasselblad UK),604228,339815862,"Transport Operations, Environment and Waste",A40920,Equipment,R0614001,"DCC Business Entities (Sole Trade, Partnership, Ltd)"
INSERTED DETAIL,18,Devon County Council,22/04/2026,22087447,"4,917.00",Enerveo Limited,14967,382894546,Capital - Highways,C02009,Works,C0671005,DCC CIS Suppliers
INSERTED DETAIL,18,Devon County Council,22/04/2026,22087457,"10,062.00",PENINSULA TRAINING/DVL&CONSLT SV,293406,823253451,"Economy, Enterprise and Skills",A44175,Training/Workshops - Non Staff,R0539003,"DCC Business Entities (Sole Trade, Partnership, Ltd)"
INSERTED DETAIL,18,Devon County Council,22/04/2026,22087501,797.18,DAISY PRE-SCHOOL,40313,,Transformation & Business Services,A62000,Supported Accommodation - Child,R0333026,"DCC Business Entities (Sole Trade, Partnership, Ltd)"
INSERTED DETAIL,18,Devon County Council,22/04/2026,22087523,"1,018.48",BE YOUR BEST MENTORING LIMITED,385179,426486966,Dedicated Schools Grant,A44185,Other professional Services (Schools),R0082007,"DCC Business Entities (Sole Trade, Partnership, Ltd)"
INSERTED DETAIL,18,Devon County Council,22/04/2026,22087528,679.00,BE YOUR BEST MENTORING LIMITED,385179,426486966,Dedicated Schools Grant,A44185,Other professional Services (Schools),R0082007,"DCC Business Entities (Sole Trade, Partnership, Ltd)"
INSERTED DETAIL,18,Devon County Council,22/04/2026,22087565,"2,500.00",CRAGGATAK CONSULTING,374825,,"Transport Operations, Environment and Waste",A44038,Fees,R0640006,"DCC Business Entities (Sole Trade, Partnership, Ltd)"
INSERTED DETAIL,18,Devon County Council,22/04/2026,22087631,900.00,TRUE2YOU THERAPY LIMITED,378966,,P-Ledger - Separate Legal Entity,A61060,Support for Children in Care,P0432008,"DCC Business Entities (Sole Trade, Partnership, Ltd)"
INSERTED DETAIL,18,Devon County Council,22/04/2026,22087641,"2,000.00",BENCHMARK (EXETER) LIMITED,81481,631397831,Capital - Highways,C02009,Works,C0652001,"DCC Business Entities (Sole Trade, Partnership, Ltd)"
INSERTED DETAIL,18,Devon County Council,22/04/2026,22087646,"2,750.00",IMPROVEMENT & DEVELOPMENT AGENCY,388613,318342219,"Performance, Partnership & Policy",A62105,Miscellaneous expenditure,R0700007,"DCC Business Entities (Sole Trade, Partnership, Ltd)"
INSERTED DETAIL,18,Devon County Council,22/04/2026,22087695,"3,666.53",BE YOUR BEST MENTORING LIMITED,385179,426486966,Dedicated Schools Grant,A44185,Other professional Services (Schools),R0082007,"DCC Business Entities (Sole Trade, Partnership, Ltd)"
INSERTED DETAIL,18,Devon County Council,22/04/2026,22087698,"1,400.40",BE YOUR BEST MENTORING LIMITED,385179,426486966,Dedicated Schools Grant,A44185,Other professional Services (Schools),R0082007,"DCC Business Entities (Sole Trade, Partnership, Ltd)"
INSERTED DETAIL,18,Devon County Council,22/04/2026,22087699,933.60,BE YOUR BEST MENTORING LIMITED,385179,426486966,Dedicated Schools Grant,A44185,Other professional Services (Schools),R0082007,"DCC Business Entities (Sole Trade, Partnership, Ltd)"
INSERTED DETAIL,18,Devon County Council,22/04/2026,22087748,790.00,SAGE OCCUPATIONAL THERAPY SERVICE LIMITED,404779,,Dedicated Schools Grant,A44185,Other professional Services (Schools),R0082002,"DCC Business Entities (Sole Trade, Partnership, Ltd)"
INSERTED DETAIL,18,Devon County Council,22/04/2026,22087750,"1,639.33",ADELIE PSYCHOLOGY LIMITED,404597,,P-Ledger - Separate Legal Entity,A61060,Support for Children in Care,P0432008,"DCC Business Entities (Sole Trade, Partnership, Ltd)"
INSERTED DETAIL,18,Devon County Council,22/04/2026,22087759,"2,745.00",FARMING&WILDLIFE ADVISORY GROUP SOUTH WEST,290044,127629304,"Transport Operations, Environment and Waste",A44038,Fees,R0645001,"DCC Business Entities (Sole Trade, Partnership, Ltd)"
INSERTED DETAIL,18,Devon County Council,22/04/2026,22087954,740.00,TRUE2YOU THERAPY LIMITED,378966,,P-Ledger - Separate Legal Entity,A61060,Support for Children in Care,P0432008,"DCC Business Entities (Sole Trade, Partnership, Ltd)"
INSERTED DETAIL,18,Devon County Council,22/04/2026,22087967,"5,761.97",LANDSCAPE CONSTRUCTION & DESIGN,169024,888518266,Highways & Infrastructure Development,A49005,Other Hired & Contracting Services,R0557006,DCC CIS Suppliers
INSERTED DETAIL,18,Devon County Council,22/04/2026,22087974,575.00,Michelle Blundy T/A Blossoming Minds,360726,,P-Ledger - Separate Legal Entity,A61060,Support for Children in Care,P0432008,"DCC Business Entities (Sole Trade, Partnership, Ltd)"
INSERTED DETAIL,18,Devon County Council,22/04/2026,22087978,"3,500.00",LANDSCAPE CONSTRUCTION & DESIGN,169024,888518266,Capital - Highways,C02009,Works,C0652001,DCC CIS Suppliers
INSERTED DETAIL,18,Devon County Council,22/04/2026,22088026,"1,158.61",Enerveo Limited,14967,382894546,Highways & Infrastructure Development,A44130,Street Lighting,R0567007,DCC CIS Suppliers
INSERTED DETAIL,18,Devon County Council,22/04/2026,22088034,"66,490.00",LIVEWELL SOUTH WEST COMMUNITY INTEREST COMPANY,337747,120536356,P-Ledger - Separate Legal Entity,A62100,Joint Arrangements with OLAs and Health,P0415001,"DCC Business Entities (Sole Trade, Partnership, Ltd)"
INSERTED DETAIL,18,Devon County Council,22/04/2026,22088083,"1,071.00",PSYCHOLOGY ASSOCIATES LIMITED,147932,912873418,P-Ledger - Separate Legal Entity,A61060,Support for Children in Care,P0432008,"DCC Business Entities (Sole Trade, Partnership, Ltd)"
INSERTED DETAIL,18,Devon County Council,22/04/2026,22088105,720.00,RAGDOLL TRAINING & THERAPY SERVICES LIMITED,387191,369849817,P-Ledger - Separate Legal Entity,A61060,Support for Children in Care,P0432008,"DCC Business Entities (Sole Trade, Partnership, Ltd)"
INSERTED DETAIL,18,Devon County Council,22/04/2026,22088136,"45,980.50",Enerveo Limited,14967,382894546,Capital - Highways,C02009,Works,C0652001,DCC CIS Suppliers
INSERTED DETAIL,18,Devon County Council,22/04/2026,22088140,"6,794.98",Enerveo Limited,14967,382894546,Capital - Highways,C02009,Works,C0671005,DCC CIS Suppliers
INSERTED DETAIL,18,Devon County Council,22/04/2026,22088141,"5,489.41",Enerveo Limited,14967,382894546,Capital - Highways,C02009,Works,C0671005,DCC CIS Suppliers
INSERTED DETAIL,18,Devon County Council,22/04/2026,22088163,"2,002.69",EXETER RUGBY CLUB LTD,34972,918551313,Dedicated Schools Grant,A44185,Other professional Services (Schools),R0082007,"DCC Business Entities (Sole Trade, Partnership, Ltd)"
INSERTED DETAIL,18,Devon County Council,22/04/2026,22088187,840.00,LISA FRASER-PICKARD,403917,,P-Ledger - Separate Legal Entity,A61060,Support for Children in Care,P0432008,"DCC Business Entities (Sole Trade, Partnership, Ltd)"
INSERTED DETAIL,18,Devon County Council,22/04/2026,22088211,"1,094.15",AMBITIOUS PR LIMITED,376669,166062415,Finance & Public Value,A44065,Consultancy Services,R0202001,"DCC Business Entities (Sole Trade, Partnership, Ltd)"
INSERTED DETAIL,18,Devon County Council,22/04/2026,22088215,"134,970.50",SOFTCAT LIMITED,263777,491848503,Public Health,A57115,Payments to Private Contractors,R0316084,"DCC Business Entities (Sole Trade, Partnership, Ltd)"
INSERTED DETAIL,18,Devon County Council,22/04/2026,22088216,"4,247.30",MARCH ON STRESS LIMITED,395130,871822119,People and Culture,A16015,Staff Training Expenses - Non Payroll,R0303003,"DCC Business Entities (Sole Trade, Partnership, Ltd)"
INSERTED DETAIL,18,Devon County Council,22/04/2026,22088225,"37,406.84",APIRA LIMITED,399669,697470776,Public Health Nursing,A44065,Consultancy Services,R0019010,"DCC Business Entities (Sole Trade, Partnership, Ltd)"
INSERTED DETAIL,18,Devon County Council,22/04/2026,22088238,"3,348.00",I C Woollacott,5089,429074152,Highways & Infrastructure Development,A49005,Other Hired & Contracting Services,R0552006,DCC CIS Suppliers
INSERTED DETAIL,18,Devon County Council,22/04/2026,22088245,"2,728.00",CORROSION PREVENTION LIMITED,280284,908918490,Highways & Infrastructure Development,A49005,Other Hired & Contracting Services,R0555002,"DCC Business Entities (Sole Trade, Partnership, Ltd)"
INSERTED DETAIL,18,Devon County Council,22/04/2026,22088304,"2,966.40",TUBERS ACADEMY LIMITED,348033,300702466,Dedicated Schools Grant,A44185,Other professional Services (Schools),R0082007,"DCC Business Entities (Sole Trade, Partnership, Ltd)"
INSERTED DETAIL,18,Devon County Council,22/04/2026,22088309,500.00,Grace Church Exeter,604276,,Communities,A52010,"Grants to voluntary, community and social enterprise organisations",R0530012,"DCC Business Entities (Sole Trade, Partnership, Ltd)"
INSERTED DETAIL,18,Devon County Council,22/04/2026,22088318,"2,080.00",PARENTS AND CHILDREN TOGETHER,117180,235376458,P-Ledger - Separate Legal Entity,A61060,Support for Children in Care,P0432008,"DCC Business Entities (Sole Trade, Partnership, Ltd)"
INSERTED DETAIL,18,Devon County Council,22/04/2026,22088320,"2,966.40",TUBERS ACADEMY LIMITED,348033,300702466,Dedicated Schools Grant,A44185,Other professional Services (Schools),R0082007,"DCC Business Entities (Sole Trade, Partnership, Ltd)"
INSERTED DETAIL,18,Devon County Council,22/04/2026,22088333,"2,966.40",TUBERS ACADEMY LIMITED,348033,300702466,Dedicated Schools Grant,A44185,Other professional Services (Schools),R0082007,"DCC Business Entities (Sole Trade, Partnership, Ltd)"
INSERTED DETAIL,18,Devon County Council,22/04/2026,22088334,"1,197.00",PSYCHOLOGY ASSOCIATES LIMITED,147932,912873418,P-Ledger - Separate Legal Entity,A61060,Support for Children in Care,P0432008,"DCC Business Entities (Sole Trade, Partnership, Ltd)"
INSERTED DETAIL,18,Devon County Council,22/04/2026,22088339,"1,227.50",Premier Water Solutions (10) Ltd,603413,307965870,Capital - Highways,C02011,External Professional Fees,C0671008,"DCC Business Entities (Sole Trade, Partnership, Ltd)"
INSERTED DETAIL,18,Devon County Council,22/04/2026,22088357,"101,273.02",Enerveo Limited,14967,382894546,Capital - Highways,C02009,Works,C0671005,DCC CIS Suppliers
INSERTED DETAIL,18,Devon County Council,22/04/2026,22088473,"1,650.00",SUBSTRATA LIMITED,266243,166233708,"Transport Operations, Environment and Waste",A57115,Payments to Private Contractors,R0643001,"DCC Business Entities (Sole Trade, Partnership, Ltd)"
INSERTED DETAIL,18,Devon County Council,22/04/2026,22088481,504.00,SOUTHWEST INTERVENTION SERVICES,333291,440830321,Children's Social Care,A61200,Community based care,R0044004,"DCC Business Entities (Sole Trade, Partnership, Ltd)"
INSERTED DETAIL,18,Devon County Council,22/04/2026,22088487,"1,090.00",Helen Waring,600120,,P-Ledger - Separate Legal Entity,A61060,Support for Children in Care,P0432008,"DCC Business Entities (Sole Trade, Partnership, Ltd)"
INSERTED DETAIL,18,Devon County Council,22/04/2026,22088502,528.00,FAMILY ADVICE SUPPORT TEAM,315005,320154260,Children's Social Care,A61200,Community based care,R0046004,"DCC Business Entities (Sole Trade, Partnership, Ltd)"
INSERTED DETAIL,18,Devon County Council,22/04/2026,22088506,"3,249.00",ORION MEDICAL SUPPLIES LIMITED,355162,142018357,Public Health,A57040,Waste Contractors Payments,R0316047,"DCC Business Entities (Sole Trade, Partnership, Ltd)"
INSERTED DETAIL,18,Devon County Council,22/04/2026,22088507,"2,600.00",THE HOPE FARM PROJECT LIMITED,373268,495114678,Dedicated Schools Grant,A44185,Other professional Services (Schools),R0082007,"DCC Business Entities (Sole Trade, Partnership, Ltd)"
INSERTED DETAIL,18,Devon County Council,22/04/2026,22088570,574.00,DR KERRY DAVISON,401639,,P-Ledger - Separate Legal Entity,A61060,Support for Children in Care,P0432008,"DCC Business Entities (Sole Trade, Partnership, Ltd)"
INSERTED DETAIL,18,Devon County Council,22/04/2026,22088575,"36,334.10",G M CONTRACTORS DEVON LIMITED,294305,875936367,Capital - Highways,C02009,Works,C0652001,DCC CIS Suppliers
INSERTED DETAIL,18,Devon County Council,22/04/2026,22088607,"1,623.98",South West Lakes Trust,602786,750484921,Highways & Infrastructure Development,A22005,Building Rents,R0557010,"DCC Business Entities (Sole Trade, Partnership, Ltd)"
INSERTED DETAIL,18,Devon County Council,22/04/2026,22088623,"1,450.00",NORTH DEVON +,15728,926727693,"Economy, Enterprise and Skills",A44005,Publicity/Advertising,R0547001,"DCC Business Entities (Sole Trade, Partnership, Ltd)"
INSERTED DETAIL,18,Devon County Council,22/04/2026,22088659,"22,733.33",PHOENIX LEARNING AND CARE LIMITED,88421,480641981,Dedicated Schools Grant,A61052,Independent Special School Fees,R0089003,"DCC Business Entities (Sole Trade, Partnership, Ltd)"
INSERTED DETAIL,18,Devon County Council,22/04/2026,22088702,"5,000.00",Mpd Executive Consultants Ltd,600791,,"Chief Exec, Legal & Democratic services",A44038,Fees,R0282001,"DCC Business Entities (Sole Trade, Partnership, Ltd)"
INSERTED DETAIL,18,Devon County Council,22/04/2026,22088750,"3,217.50",SIMPLY GREAT MEDIA,367788,479704936,Dedicated Schools Grant,A44185,Other professional Services (Schools),R0082007,"DCC Business Entities (Sole Trade, Partnership, Ltd)"
INSERTED DETAIL,18,Devon County Council,22/04/2026,22088753,"3,087.50",SIMPLY GREAT MEDIA,367788,479704936,Dedicated Schools Grant,A44185,Other professional Services (Schools),R0082007,"DCC Business Entities (Sole Trade, Partnership, Ltd)"
INSERTED DETAIL,18,Devon County Council,22/04/2026,22088860,756.00,PSYCHOLOGY ASSOCIATES LIMITED,147932,912873418,P-Ledger - Separate Legal Entity,A61060,Support for Children in Care,P0432008,"DCC Business Entities (Sole Trade, Partnership, Ltd)"
INSERTED DETAIL,18,Devon County Council,22/04/2026,22088920,925.00,SANTE OCCUPATIONAL THERAPY,387969,,P-Ledger - Separate Legal Entity,A61060,Support for Children in Care,P0432008,"DCC Business Entities (Sole Trade, Partnership, Ltd)"
INSERTED DETAIL,18,Devon County Council,22/04/2026,22088926,"3,217.50",SIMPLY GREAT MEDIA,367788,479704936,Dedicated Schools Grant,A44185,Other professional Services (Schools),R0082007,"DCC Business Entities (Sole Trade, Partnership, Ltd)"
INSERTED DETAIL,18,Devon County Council,22/04/2026,22088959,525.00,THE FAMILY PLACE LIMITED,350245,,P-Ledger - Separate Legal Entity,A61060,Support for Children in Care,P0432008,"DCC Business Entities (Sole Trade, Partnership, Ltd)"
INSERTED DETAIL,18,Devon County Council,22/04/2026,22088970,"2,227.50",SIMPLY GREAT MEDIA,367788,479704936,Dedicated Schools Grant,A44185,Other professional Services (Schools),R0082007,"DCC Business Entities (Sole Trade, Partnership, Ltd)"
INSERTED DETAIL,18,Devon County Council,22/04/2026,22088973,"1,965.00",THE FAMILY PLACE LIMITED,350245,,P-Ledger - Separate Legal Entity,A61060,Support for Children in Care,P0432008,"DCC Business Entities (Sole Trade, Partnership, Ltd)"
INSERTED DETAIL,18,Devon County Council,22/04/2026,22088994,"3,617.50",SIMPLY GREAT MEDIA,367788,479704936,Dedicated Schools Grant,A44185,Other professional Services (Schools),R0082007,"DCC Business Entities (Sole Trade, Partnership, Ltd)"
INSERTED DETAIL,18,Devon County Council,22/04/2026,22089000,"3,217.50",SIMPLY GREAT MEDIA,367788,479704936,Dedicated Schools Grant,A44185,Other professional Services (Schools),R0082007,"DCC Business Entities (Sole Trade, Partnership, Ltd)"
INSERTED DETAIL,18,Devon County Council,22/04/2026,22089016,"3,217.50",SIMPLY GREAT MEDIA,367788,479704936,Dedicated Schools Grant,A44185,Other professional Services (Schools),R0082007,"DCC Business Entities (Sole Trade, Partnership, Ltd)"
INSERTED DETAIL,18,Devon County Council,22/04/2026,22089025,"1,586.59",CHIPSIDE LIMITED,280928,812080569,Highways & Infrastructure Development,A44038,Fees,R0556001,"DCC Business Entities (Sole Trade, Partnership, Ltd)"
INSERTED DETAIL,18,Devon County Council,22/04/2026,22089077,"2,500.00",ESTEEM TEAM COMMUNITY INTEREST COMPANY,366509,491597739,Dedicated Schools Grant,A44185,Other professional Services (Schools),R0082007,"DCC Business Entities (Sole Trade, Partnership, Ltd)"
INSERTED DETAIL,18,Devon County Council,22/04/2026,22089078,"2,275.00",ESTEEM TEAM COMMUNITY INTEREST COMPANY,366509,491597739,Dedicated Schools Grant,A44185,Other professional Services (Schools),R0082007,"DCC Business Entities (Sole Trade, Partnership, Ltd)"
INSERTED DETAIL,18,Devon County Council,22/04/2026,22089085,"1,890.00",Devon Maintenance Plus Ltd,601663,711816651,Capital - Highways,C02009,Works,C0671004,"DCC Business Entities (Sole Trade, Partnership, Ltd)"
INSERTED DETAIL,18,Devon County Council,22/04/2026,22089147,"3,996.83",FULLSTOP FIRE & SECURITY LIMITED,175778,776842676,Other PH Services,A20015,Security / Surveillance Equipment Maintenance,R0352008,DCC CIS Suppliers
INSERTED DETAIL,18,Devon County Council,22/04/2026,22089197,625.00,ORION PROJECTS LIMITED,173530,501244013,"Transport Operations, Environment and Waste",A46100,Main / Term Contractor,R0601001,"DCC Business Entities (Sole Trade, Partnership, Ltd)"
INSERTED DETAIL,18,Devon County Council,22/04/2026,22089225,"1,245.00",ESTEEM TEAM COMMUNITY INTEREST COMPANY,366509,491597739,Dedicated Schools Grant,A44180,Services for Educational Estabs - Devon,R0010004,"DCC Business Entities (Sole Trade, Partnership, Ltd)"
INSERTED DETAIL,18,Devon County Council,22/04/2026,22089236,"3,750.00",ESTEEM TEAM COMMUNITY INTEREST COMPANY,366509,491597739,Dedicated Schools Grant,A44185,Other professional Services (Schools),R0082007,"DCC Business Entities (Sole Trade, Partnership, Ltd)"
INSERTED DETAIL,18,Devon County Council,22/04/2026,22089239,"150,874.57",WAYTHROUGH,394680,413208832,Public Health,A57115,Payments to Private Contractors,R0316047,"DCC Business Entities (Sole Trade, Partnership, Ltd)"
INSERTED DETAIL,18,Devon County Council,22/04/2026,22089240,"1,008.00",SOUTHWEST INTERVENTION SERVICES,333291,440830321,Children's Social Care,A61200,Community based care,R0044004,"DCC Business Entities (Sole Trade, Partnership, Ltd)"
INSERTED DETAIL,18,Devon County Council,22/04/2026,22089254,"1,836.92",WORLD OF COUNTRY LIFE LIMITED,69974,934007938,Dedicated Schools Grant,A47005,"Grants, Contributions & Donations",R0055001,"DCC Business Entities (Sole Trade, Partnership, Ltd)"
INSERTED DETAIL,18,Devon County Council,22/04/2026,22089260,719.66,J L A TOTAL CARE LIMITED (RBINVS),209612,566894869,Children's Social Care,A40920,Equipment,R0015001,"DCC Business Entities (Sole Trade, Partnership, Ltd)"
INSERTED DETAIL,18,Devon County Council,22/04/2026,22089275,"1,340.00",C E D A,12641,,Children's Social Care,A61200,Community based care,R0044004,"DCC Business Entities (Sole Trade, Partnership, Ltd)"
INSERTED DETAIL,18,Devon County Council,22/04/2026,22089337,550.00,NEWSQUEST MEDIA GROUP LIMITED,388353,667830108,"Economy, Enterprise and Skills",A44005,Publicity/Advertising,R0544004,"DCC Business Entities (Sole Trade, Partnership, Ltd)"
INSERTED DETAIL,18,Devon County Council,22/04/2026,22089580,"1,553.05",W J SOUTH WEST LIMITED,308541,970783388,Capital - Highways,C02009,Works,C0671005,"DCC Business Entities (Sole Trade, Partnership, Ltd)"
INSERTED DETAIL,18,Devon County Council,22/04/2026,22089628,750.00,SAM CASTLEHOUSE,371724,342940112,"Chief Exec, Legal & Democratic services",A44968,Legal & Conveyancing Charges,R0276001,"DCC Business Entities (Sole Trade, Partnership, Ltd)"
INSERTED DETAIL,18,Devon County Council,22/04/2026,22089687,"1,200.00",HORWOOD COOMBE INSPIRE LIMITED,315946,481864066,Children's Social Care,A61200,Community based care,R0044004,"DCC Business Entities (Sole Trade, Partnership, Ltd)"
INSERTED DETAIL,18,Devon County Council,22/04/2026,22089892,"1,040.00",PSYCHOLOGY ASSOCIATES LIMITED,147932,912873418,P-Ledger - Separate Legal Entity,A61060,Support for Children in Care,P0432008,"DCC Business Entities (Sole Trade, Partnership, Ltd)"
INSERTED DETAIL,18,Devon County Council,22/04/2026,22089952,"3,875.00",ESTEEM TEAM COMMUNITY INTEREST COMPANY,366509,491597739,Dedicated Schools Grant,A44185,Other professional Services (Schools),R0082007,"DCC Business Entities (Sole Trade, Partnership, Ltd)"
INSERTED DETAIL,18,Devon County Council,22/04/2026,22089981,"6,203.00",PROMOTING INDEPENDENT CARE LIMITED,376159,,Children's Social Care,A11005,Agency Supply Staff,R0095006,"DCC Business Entities (Sole Trade, Partnership, Ltd)"
INSERTED DETAIL,18,Devon County Council,22/04/2026,22089990,"1,096.50",PROMOTING INDEPENDENT CARE LIMITED,376159,,Children's Social Care,A11005,Agency Supply Staff,R0095004,"DCC Business Entities (Sole Trade, Partnership, Ltd)"
INSERTED DETAIL,18,Devon County Council,22/04/2026,22090036,660.00,PSYCHOLOGY ASSOCIATES LIMITED,147932,912873418,P-Ledger - Separate Legal Entity,A61060,Support for Children in Care,P0432008,"DCC Business Entities (Sole Trade, Partnership, Ltd)"
INSERTED DETAIL,18,Devon County Council,22/04/2026,22090218,800.00,FPCR ENVIRONMENT & DESIGN LIMITED,366998,983185485,Capital - Highways,C02009,Works,C0671008,"DCC Business Entities (Sole Trade, Partnership, Ltd)"
INSERTED DETAIL,18,Devon County Council,22/04/2026,22090357,"1,625.00",JAMES GOUDIE KC,392400,243973932,Commissioning,A44968,Legal & Conveyancing Charges,R0467001,"DCC Business Entities (Sole Trade, Partnership, Ltd)"
INSERTED DETAIL,18,Devon County Council,22/04/2026,22090390,"24,617.73",BOURNEMOUTH CHURCHES HOUSING ASSOCIATION,339639,880995173,Commissioning,A44140,Accommodation/Housing,R0218001,"DCC Business Entities (Sole Trade, Partnership, Ltd)"
INSERTED DETAIL,18,Devon County Council,22/04/2026,22090425,"1,200.00",Dave Basker Independent Social Worker,603774,,Children's Social Care,A44038,Fees,R0116011,"DCC Business Entities (Sole Trade, Partnership, Ltd)"
INSERTED DETAIL,18,Devon County Council,22/04/2026,22090443,"3,434.20",G M CONTRACTORS DEVON LIMITED,294305,875936367,Highways & Infrastructure Development,A49005,Other Hired & Contracting Services,R0552006,DCC CIS Suppliers
INSERTED DETAIL,18,Devon County Council,22/04/2026,22090484,"24,705.98",AFIT COMMERCIAL LIMITED,384623,206655022,Capital - Schools Maintenance & Improvements,C02009,Works,C0658001,DCC CIS Suppliers
INSERTED DETAIL,18,Devon County Council,22/04/2026,22090648,533.00,A & T SERVICES LIMITED,404480,557473118,"Transport Operations, Environment and Waste",A46100,Main / Term Contractor,R0601001,"DCC Business Entities (Sole Trade, Partnership, Ltd)"
INSERTED DETAIL,18,Devon County Council,22/04/2026,22090720,720.00,TOGETHER - CHILD AND FAMILY PSYCHOLOGY SERVICES LIMITED,358413,463790955,P-Ledger - Separate Legal Entity,A61060,Support for Children in Care,P0432008,"DCC Business Entities (Sole Trade, Partnership, Ltd)"
INSERTED DETAIL,18,Devon County Council,22/04/2026,22090871,"6,334.20",JAS CARS LIMITED,114237,730168358,"Transport Operations, Environment and Waste",A30010,Vehicles Repairs,R0584003,"DCC Business Entities (Sole Trade, Partnership, Ltd)"
INSERTED DETAIL,18,Devon County Council,22/04/2026,22090927,"4,434.50",HIGHGATE HILL HOUSE SCHOOL LIMITED,346763,509395958,Dedicated Schools Grant,A61052,Independent Special School Fees,R0089003,"DCC Business Entities (Sole Trade, Partnership, Ltd)"
INSERTED DETAIL,18,Devon County Council,22/04/2026,22090933,"5,104.82",HIGHGATE HILL HOUSE SCHOOL LIMITED,346763,509395958,Dedicated Schools Grant,A61052,Independent Special School Fees,R0089003,"DCC Business Entities (Sole Trade, Partnership, Ltd)"
INSERTED DETAIL,18,Devon County Council,22/04/2026,22091027,"-6,052.08",WAYTHROUGH,394680,413208832,Public Health,A57115,Payments to Private Contractors,R0316047,"DCC Business Entities (Sole Trade, Partnership, Ltd)"
INSERTED DETAIL,18,Devon County Council,22/04/2026,22091144,833.52,CHIPSIDE LIMITED,280928,812080569,Highways & Infrastructure Development,A49005,Other Hired & Contracting Services,R0556024,"DCC Business Entities (Sole Trade, Partnership, Ltd)"
INSERTED DETAIL,18,Devon County Council,22/04/2026,22091151,"1,765.38",KENT COUNTY COUNCIL,83992,204269191,Highways & Infrastructure Development,A21005,Electricity,R0567003,"DCC Business Entities (Sole Trade, Partnership, Ltd)"
INSERTED DETAIL,18,Devon County Council,22/04/2026,22091154,"7,585.60",PETERS BOOKSELLING SERVICES,21150,559124236,Inclusion & Learning,A49045,Books and Publications,R0121001,"DCC Business Entities (Sole Trade, Partnership, Ltd)"
INSERTED DETAIL,18,Devon County Council,22/04/2026,22091169,691.59,KENT COUNTY COUNCIL,83992,204269191,Transformation & Business Services,A21005,Electricity,R0333028,"DCC Business Entities (Sole Trade, Partnership, Ltd)"
INSERTED DETAIL,18,Devon County Council,22/04/2026,22091208,"3,093.45",KENT COUNTY COUNCIL,83992,204269191,Transformation & Business Services,A21005,Electricity,R0333026,"DCC Business Entities (Sole Trade, Partnership, Ltd)"
INSERTED DETAIL,18,Devon County Council,22/04/2026,22091210,"1,415.54",KENT COUNTY COUNCIL,83992,204269191,Transformation & Business Services,A21005,Electricity,R0333026,"DCC Business Entities (Sole Trade, Partnership, Ltd)"
INSERTED DETAIL,18,Devon County Council,22/04/2026,22091296,"16,757.83",WAYTHROUGH,394680,413208832,Public Health,A57115,Payments to Private Contractors,R0316047,"DCC Business Entities (Sole Trade, Partnership, Ltd)"
INSERTED DETAIL,18,Devon County Council,22/04/2026,22091379,904.44,KENT COUNTY COUNCIL,83992,204269191,Transformation & Business Services,A21005,Electricity,R0333028,"DCC Business Entities (Sole Trade, Partnership, Ltd)"
INSERTED DETAIL,18,Devon County Council,22/04/2026,22091383,716.37,KENT COUNTY COUNCIL,83992,204269191,Inclusion & Learning,A21005,Electricity,R0102001,"DCC Business Entities (Sole Trade, Partnership, Ltd)"
INSERTED DETAIL,18,Devon County Council,22/04/2026,22091384,"1,901.01",KENT COUNTY COUNCIL,83992,204269191,Highways & Infrastructure Development,A21005,Electricity,R0557033,"DCC Business Entities (Sole Trade, Partnership, Ltd)"
INSERTED DETAIL,18,Devon County Council,22/04/2026,22091389,738.43,KENT COUNTY COUNCIL,83992,204269191,Children's Social Care,A21005,Electricity,R0095008,"DCC Business Entities (Sole Trade, Partnership, Ltd)"
INSERTED DETAIL,18,Devon County Council,22/04/2026,22091398,"14,622.42",KENT COUNTY COUNCIL,83992,204269191,Transformation & Business Services,A21005,Electricity,R0333026,"DCC Business Entities (Sole Trade, Partnership, Ltd)"
INSERTED DETAIL,18,Devon County Council,22/04/2026,22091400,609.66,KENT COUNTY COUNCIL,83992,204269191,Transformation & Business Services,A21005,Electricity,R0333026,"DCC Business Entities (Sole Trade, Partnership, Ltd)"
INSERTED DETAIL,18,Devon County Council,22/04/2026,22091402,656.83,KENT COUNTY COUNCIL,83992,204269191,Operations,A21005,Electricity,R0253002,"DCC Business Entities (Sole Trade, Partnership, Ltd)"
INSERTED DETAIL,18,Devon County Council,22/04/2026,22091414,543.53,KENT COUNTY COUNCIL,83992,204269191,"Transport Operations, Environment and Waste",A21005,Electricity,R0601001,"DCC Business Entities (Sole Trade, Partnership, Ltd)"
INSERTED DETAIL,18,Devon County Council,22/04/2026,22091428,650.22,KENT COUNTY COUNCIL,83992,204269191,"Transport Operations, Environment and Waste",A21005,Electricity,R0601001,"DCC Business Entities (Sole Trade, Partnership, Ltd)"
INSERTED DETAIL,18,Devon County Council,22/04/2026,22091430,"4,078.22",KENT COUNTY COUNCIL,83992,204269191,Children's Social Care,A21005,Electricity,R0015001,"DCC Business Entities (Sole Trade, Partnership, Ltd)"
INSERTED DETAIL,18,Devon County Council,22/04/2026,22091492,"4,150.00",JOCKEY CLUB RACECOURSES LIMITED,134545,629971981,2024/25 Children's Social Care,A22010,Hire of Rooms,R0037002,"DCC Business Entities (Sole Trade, Partnership, Ltd)"
INSERTED DETAIL,18,Devon County Council,22/04/2026,22091692,"19,614.00",PHOENIX LEARNING AND CARE LIMITED,88421,480641981,Dedicated Schools Grant,A61052,Independent Special School Fees,R0089003,"DCC Business Entities (Sole Trade, Partnership, Ltd)"
INSERTED DETAIL,18,Devon County Council,22/04/2026,22091855,"44,638.49",Aureos Energy Ltd,603925,472695552,"Economy, Enterprise and Skills",A49005,Other Hired & Contracting Services,R0540002,DCC CIS Suppliers
INSERTED DETAIL,18,Devon County Council,22/04/2026,22091995,"2,161.50",STAGS,4337,141429000,Capital - Highways,C02011,External Professional Fees,C0671008,"DCC Business Entities (Sole Trade, Partnership, Ltd)"
INSERTED DETAIL,18,Devon County Council,22/04/2026,22092023,640.00,Enerveo Limited,14967,382894546,Capital - Highways,C02009,Works,C0671008,DCC CIS Suppliers
INSERTED DETAIL,18,Devon County Council,22/04/2026,22092108,"115,837.72",MODERN SCHOOLS (EXETER) LIMITED,176325,838739084,Transformation & Business Services,A47505,PFI Charges,R0360008,"DCC Business Entities (Sole Trade, Partnership, Ltd)"
INSERTED DETAIL,18,Devon County Council,22/04/2026,22092192,"5,039.33",WAYTHROUGH,394680,413208832,Public Health,A57115,Payments to Private Contractors,R0316047,"DCC Business Entities (Sole Trade, Partnership, Ltd)"
INSERTED DETAIL,18,Devon County Council,22/04/2026,22092515,"62,623.40",BREAKTHROUGH TRANSFORMATION TRUST,248117,480468080,Dedicated Schools Grant,A61052,Independent Special School Fees,R0089003,"DCC Business Entities (Sole Trade, Partnership, Ltd)"
INSERTED DETAIL,18,Devon County Council,22/04/2026,22092518,"-8,203.13",BREAKTHROUGH TRANSFORMATION TRUST,248117,480468080,Dedicated Schools Grant,A61052,Independent Special School Fees,R0089003,"DCC Business Entities (Sole Trade, Partnership, Ltd)"
INSERTED DETAIL,18,Devon County Council,22/04/2026,22092749,"6,372.47",ACORN CARE & EDUCATION LIMITED,333557,902188441,Dedicated Schools Grant,A61052,Independent Special School Fees,R0089003,"DCC Business Entities (Sole Trade, Partnership, Ltd)"
INSERTED DETAIL,18,Devon County Council,22/04/2026,22092752,"2,519.69",ACORN CARE & EDUCATION LIMITED,333557,902188441,Dedicated Schools Grant,A61052,Independent Special School Fees,R0089003,"DCC Business Entities (Sole Trade, Partnership, Ltd)"
INSERTED DETAIL,18,Devon County Council,22/04/2026,22092758,"5,409.58",ACORN CARE & EDUCATION LIMITED,333557,902188441,Dedicated Schools Grant,A61052,Independent Special School Fees,R0089003,"DCC Business Entities (Sole Trade, Partnership, Ltd)"
INSERTED DETAIL,18,Devon County Council,22/04/2026,22092762,"5,409.62",ACORN CARE & EDUCATION LIMITED,333557,902188441,Dedicated Schools Grant,A61052,Independent Special School Fees,R0089003,"DCC Business Entities (Sole Trade, Partnership, Ltd)"
INSERTED DETAIL,18,Devon County Council,22/04/2026,22093652,"26,208.00",United Response,603534,,"Economy, Enterprise and Skills",A44038,Fees,R0539003,"DCC Business Entities (Sole Trade, Partnership, Ltd)"
INSERTED DETAIL,18,Devon County Council,23/04/2026,22074032,"2,205.00",WESTPOINT CENTRE (DEVON) LIMITED,6392,585601525,Inclusion & Learning,A22010,Hire of Rooms,R0017003,"DCC Business Entities (Sole Trade, Partnership, Ltd)"
INSERTED DETAIL,18,Devon County Council,23/04/2026,22090724,"192,327.54",KENNFORD TARMACADAM LIMITED,24534,976391178,Capital - Highways,C02009,Works,C0652001,DCC CIS Suppliers
INSERTED DETAIL,18,Devon County Council,23/04/2026,22091836,"104,736.48",Landmarc - Environmental Engineering,603782,489651880,Capital - Highways,C02009,Works,C0652001,DCC CIS Suppliers
INSERTED DETAIL,18,Devon County Council,23/04/2026,22091927,600.00,PERSON CENTRED SOFTWARE LIMITED,340281,162981976,Operations,A61054,Equipment (Care),R0239001,"DCC Business Entities (Sole Trade, Partnership, Ltd)"
INSERTED DETAIL,18,Devon County Council,23/04/2026,22091983,"29,323.16",SOURCE FOR BUSINESS,344710,236873674,"Transport Operations, Environment and Waste",A49005,Other Hired & Contracting Services,R0601001,"DCC Business Entities (Sole Trade, Partnership, Ltd)"
INSERTED DETAIL,18,Devon County Council,23/04/2026,22092411,750.00,D W F LAW LLP CLIENT ACCOUNT,359937,258955939,"Chief Exec, Legal & Democratic services",A44165,Compensation Claims payments,R0283001,"DCC Business Entities (Sole Trade, Partnership, Ltd)"
INSERTED DETAIL,18,Devon County Council,23/04/2026,22092774,"4,708.13",ACORN CARE & EDUCATION LIMITED,333557,902188441,Dedicated Schools Grant,A61052,Independent Special School Fees,R0089003,"DCC Business Entities (Sole Trade, Partnership, Ltd)"
INSERTED DETAIL,18,Devon County Council,23/04/2026,22092783,"5,492.87",ACORN CARE & EDUCATION LIMITED,333557,902188441,Dedicated Schools Grant,A61052,Independent Special School Fees,R0089003,"DCC Business Entities (Sole Trade, Partnership, Ltd)"
INSERTED DETAIL,18,Devon County Council,23/04/2026,22092785,"6,481.25",ACORN CARE & EDUCATION LIMITED,333557,902188441,Dedicated Schools Grant,A61052,Independent Special School Fees,R0089003,"DCC Business Entities (Sole Trade, Partnership, Ltd)"
INSERTED DETAIL,18,Devon County Council,23/04/2026,22092787,"5,492.83",ACORN CARE & EDUCATION LIMITED,333557,902188441,Dedicated Schools Grant,A61052,Independent Special School Fees,R0089003,"DCC Business Entities (Sole Trade, Partnership, Ltd)"
INSERTED DETAIL,18,Devon County Council,23/04/2026,22092792,"5,231.25",ACORN CARE & EDUCATION LIMITED,333557,902188441,Dedicated Schools Grant,A61052,Independent Special School Fees,R0089003,"DCC Business Entities (Sole Trade, Partnership, Ltd)"
INSERTED DETAIL,18,Devon County Council,23/04/2026,22092854,"4,680.00",SOUND COMMUNITIES COMMUNITY INTEREST COMPANY,340925,,Dedicated Schools Grant,A44185,Other professional Services (Schools),R0082002,"DCC Business Entities (Sole Trade, Partnership, Ltd)"
INSERTED DETAIL,18,Devon County Council,23/04/2026,22092879,"1,447.00",Shoots Training Limited,401745,298151963,"Economy, Enterprise and Skills",A44038,Fees,R0546004,"DCC Business Entities (Sole Trade, Partnership, Ltd)"
INSERTED DETAIL,18,Devon County Council,23/04/2026,22092985,"12,308.77",M3 GLOBAL FLOOD TECHNOLOGIES LIMITED,372565,304632533,"Transport Operations, Environment and Waste",A49005,Other Hired & Contracting Services,R0579007,DCC CIS Suppliers
INSERTED DETAIL,18,Devon County Council,23/04/2026,22093052,600.00,TILLEY INFLATABLE DESIGN AND ENGINEERING LIMITED,604644,800386947,IFCA,A30010,Vehicles Repairs,M0388001,IFCA Suppliers
INSERTED DETAIL,18,Devon County Council,23/04/2026,150415369,"-15,653.21",M Group Highways Limited,375383,927200546,Capital - Highways,C02051,Term Maintenance Contract,C0652001,"DCC Business Entities (Sole Trade, Partnership, Ltd)"
INSERTED DETAIL,18,Devon County Council,23/04/2026,150415372,"-8,387.31",M Group Highways Limited,375383,927200546,Highways & Infrastructure Development,A46100,Main / Term Contractor,R0560003,"DCC Business Entities (Sole Trade, Partnership, Ltd)"
INSERTED DETAIL,18,Devon County Council,23/04/2026,150415373,"-6,639.75",M Group Highways Limited,375383,927200546,Highways & Infrastructure Development,A46100,Main / Term Contractor,R0560004,"DCC Business Entities (Sole Trade, Partnership, Ltd)"
INSERTED DETAIL,18,Devon County Council,23/04/2026,150415378,"2,061.46",M Group Highways Limited,375383,927200546,Highways & Infrastructure Development,A46100,Main / Term Contractor,R0560011,"DCC Business Entities (Sole Trade, Partnership, Ltd)"
INSERTED DETAIL,18,Devon County Council,23/04/2026,150415381,"1,634.10",M Group Highways Limited,375383,927200546,Capital - Highways,C02051,Term Maintenance Contract,C0652001,"DCC Business Entities (Sole Trade, Partnership, Ltd)"
INSERTED DETAIL,18,Devon County Council,23/04/2026,150416430,"-1,100.00",M Group Highways Limited,375383,927200546,Capital - Highways,C02051,Term Maintenance Contract,C0671005,"DCC Business Entities (Sole Trade, Partnership, Ltd)"
INSERTED DETAIL,18,Devon County Council,23/04/2026,150416433,"-1,100.00",M Group Highways Limited,375383,927200546,Capital - Highways,C02051,Term Maintenance Contract,C0671005,"DCC Business Entities (Sole Trade, Partnership, Ltd)"
INSERTED DETAIL,18,Devon County Council,23/04/2026,150416436,"-5,855.03",M Group Highways Limited,375383,927200546,Highways & Infrastructure Development,A46100,Main / Term Contractor,R0552003,"DCC Business Entities (Sole Trade, Partnership, Ltd)"
INSERTED DETAIL,18,Devon County Council,23/04/2026,150416594,"-1,100.00",M Group Highways Limited,375383,927200546,Capital - Highways,C02051,Term Maintenance Contract,C0671005,"DCC Business Entities (Sole Trade, Partnership, Ltd)"
INSERTED DETAIL,18,Devon County Council,23/04/2026,150417858,"6,436.16",M Group Highways Limited,375383,927200546,Capital - Highways,C02051,Term Maintenance Contract,C0671007,"DCC Business Entities (Sole Trade, Partnership, Ltd)"
INSERTED DETAIL,18,Devon County Council,23/04/2026,150417859,"50,962.51",M Group Highways Limited,375383,927200546,Capital - Highways,C02051,Term Maintenance Contract,C0652001,"DCC Business Entities (Sole Trade, Partnership, Ltd)"
INSERTED DETAIL,18,Devon County Council,23/04/2026,150417861,"10,297.57",M Group Highways Limited,375383,927200546,Highways & Infrastructure Development,A46100,Main / Term Contractor,R0560011,"DCC Business Entities (Sole Trade, Partnership, Ltd)"
INSERTED DETAIL,18,Devon County Council,23/04/2026,150417866,-620.26,M Group Highways Limited,375383,927200546,Highways & Infrastructure Development,A46100,Main / Term Contractor,R0554001,"DCC Business Entities (Sole Trade, Partnership, Ltd)"
INSERTED DETAIL,18,Devon County Council,23/04/2026,150417872,"-3,528.93",M Group Highways Limited,375383,927200546,Highways & Infrastructure Development,A46100,Main / Term Contractor,R0554004,"DCC Business Entities (Sole Trade, Partnership, Ltd)"
INSERTED DETAIL,18,Devon County Council,23/04/2026,150417886,"3,148.87",M Group Highways Limited,375383,927200546,Capital - Highways,C02051,Term Maintenance Contract,C0671007,"DCC Business Entities (Sole Trade, Partnership, Ltd)"
INSERTED DETAIL,18,Devon County Council,23/04/2026,150417888,-770.30,M Group Highways Limited,375383,927200546,Highways & Infrastructure Development,A46100,Main / Term Contractor,R0554004,"DCC Business Entities (Sole Trade, Partnership, Ltd)"
INSERTED DETAIL,18,Devon County Council,23/04/2026,150424190,"3,675.45",M Group Highways Limited,375383,927200546,Capital - Highways,C02051,Term Maintenance Contract,C0671005,"DCC Business Entities (Sole Trade, Partnership, Ltd)"
INSERTED DETAIL,18,Devon County Council,23/04/2026,150424193,"23,950.15",M Group Highways Limited,375383,927200546,Highways & Infrastructure Development,A46100,Main / Term Contractor,R0553005,"DCC Business Entities (Sole Trade, Partnership, Ltd)"
INSERTED DETAIL,18,Devon County Council,23/04/2026,150424195,"3,324.67",M Group Highways Limited,375383,927200546,Highways & Infrastructure Development,A46100,Main / Term Contractor,R0553004,"DCC Business Entities (Sole Trade, Partnership, Ltd)"
INSERTED DETAIL,18,Devon County Council,23/04/2026,150425032,"-115,000.00",M Group Highways Limited,375383,927200546,Highways & Infrastructure Development,A46100,Main / Term Contractor,R0554004,"DCC Business Entities (Sole Trade, Partnership, Ltd)"
INSERTED DETAIL,18,Devon County Council,23/04/2026,150425043,"-2,522.94",M Group Highways Limited,375383,927200546,Capital - Highways,C02051,Term Maintenance Contract,C0671005,"DCC Business Entities (Sole Trade, Partnership, Ltd)"
INSERTED DETAIL,18,Devon County Council,23/04/2026,150425046,"-27,866.07",M Group Highways Limited,375383,927200546,Highways & Infrastructure Development,A46100,Main / Term Contractor,R0553004,"DCC Business Entities (Sole Trade, Partnership, Ltd)"
INSERTED DETAIL,18,Devon County Council,23/04/2026,150425048,"-38,196.39",M Group Highways Limited,375383,927200546,Highways & Infrastructure Development,A46100,Main / Term Contractor,R0553004,"DCC Business Entities (Sole Trade, Partnership, Ltd)"
INSERTED DETAIL,18,Devon County Council,23/04/2026,150425052,"-3,176.08",M Group Highways Limited,375383,927200546,Highways & Infrastructure Development,A46100,Main / Term Contractor,R0553004,"DCC Business Entities (Sole Trade, Partnership, Ltd)"
INSERTED DETAIL,18,Devon County Council,23/04/2026,150425057,"-18,500.00",M Group Highways Limited,375383,927200546,Highways & Infrastructure Development,A46100,Main / Term Contractor,R0553004,"DCC Business Entities (Sole Trade, Partnership, Ltd)"
INSERTED DETAIL,18,Devon County Council,23/04/2026,150425063,"49,396.43",M Group Highways Limited,375383,927200546,Highways & Infrastructure Development,A46100,Main / Term Contractor,R0554004,"DCC Business Entities (Sole Trade, Partnership, Ltd)"
INSERTED DETAIL,18,Devon County Council,23/04/2026,150425065,"99,788.55",M Group Highways Limited,375383,927200546,Capital - Highways,C02051,Term Maintenance Contract,C0671005,"DCC Business Entities (Sole Trade, Partnership, Ltd)"
INSERTED DETAIL,18,Devon County Council,23/04/2026,150425066,"265,241.29",M Group Highways Limited,375383,927200546,Capital - Highways,C02051,Term Maintenance Contract,C0671005,"DCC Business Entities (Sole Trade, Partnership, Ltd)"
INSERTED DETAIL,18,Devon County Council,23/04/2026,150425069,"38,662.81",M Group Highways Limited,375383,927200546,Highways & Infrastructure Development,A46100,Main / Term Contractor,R0554004,"DCC Business Entities (Sole Trade, Partnership, Ltd)"
INSERTED DETAIL,18,Devon County Council,23/04/2026,150425077,"6,603.50",M Group Highways Limited,375383,927200546,Highways & Infrastructure Development,A46100,Main / Term Contractor,R0553006,"DCC Business Entities (Sole Trade, Partnership, Ltd)"
INSERTED DETAIL,18,Devon County Council,24/04/2026,22082808,"5,278.75",BLAZE CONCEPTS LIMITED,361469,214035065,Finance & Public Value,A45045,IT Software Maintenance,R0202001,"DCC Business Entities (Sole Trade, Partnership, Ltd)"
INSERTED DETAIL,18,Devon County Council,24/04/2026,22085259,"142,027.00",COLEBROOK (SOUTHWEST) LIMITED,62358,,Commissioning,A20030,Service Term Contracts,R0218002,"DCC Business Entities (Sole Trade, Partnership, Ltd)"
INSERTED DETAIL,18,Devon County Council,24/04/2026,22088119,"1,773.80",PROSPERO RECRUITMENT LIMITED,352539,486704947,Dedicated Schools Grant,A44185,Other professional Services (Schools),R0082007,"DCC Business Entities (Sole Trade, Partnership, Ltd)"
INSERTED DETAIL,18,Devon County Council,24/04/2026,22088191,"2,200.00",TAMESIDE METROPOLITAN BOROUGH,52365,149193544,Other PH Services,A47010,Subscriptions,R0548001,"DCC Business Entities (Sole Trade, Partnership, Ltd)"
INSERTED DETAIL,18,Devon County Council,24/04/2026,22088297,538.00,INSPIRE INTERVENTIONS LIMITED,359039,,Children's Social Care,A61200,Community based care,R0046004,"DCC Business Entities (Sole Trade, Partnership, Ltd)"
INSERTED DETAIL,18,Devon County Council,24/04/2026,22088359,842.50,MUSICABILITY COMMUNITY INTEREST COMPANY,400884,,P-Ledger - Separate Legal Entity,A61060,Support for Children in Care,P0432008,"DCC Business Entities (Sole Trade, Partnership, Ltd)"
INSERTED DETAIL,18,Devon County Council,24/04/2026,22088706,"10,392.43",ON TRACK EDUCATION (BURSARY PMTS),286081,478730844,Dedicated Schools Grant,A61052,Independent Special School Fees,R0089003,"DCC Business Entities (Sole Trade, Partnership, Ltd)"
INSERTED DETAIL,18,Devon County Council,24/04/2026,22088716,"2,650.00",PILLAR SOFTWARE LIMITED,119644,618444827,Highways & Infrastructure Development,A45045,IT Software Maintenance,R0570001,"DCC Business Entities (Sole Trade, Partnership, Ltd)"
INSERTED DETAIL,18,Devon County Council,24/04/2026,22088725,800.00,FUN-TASIA,254725,,Children's Social Care,A22030,Hire of Property,R0015001,"DCC Business Entities (Sole Trade, Partnership, Ltd)"
INSERTED DETAIL,18,Devon County Council,24/04/2026,22088845,"6,000.00",JEREMY BENN ASSOCIATES LIMITED,321667,665300941,"Capital - Planning, Transportation and Environment",C02009,Works,C0656001,"DCC Business Entities (Sole Trade, Partnership, Ltd)"
INSERTED DETAIL,18,Devon County Council,24/04/2026,22088853,820.00,JULIA HARRIS,401135,,Communities,A44038,Fees,R0536008,"DCC Business Entities (Sole Trade, Partnership, Ltd)"
INSERTED DETAIL,18,Devon County Council,24/04/2026,22089033,"8,113.56",JEREMY BENN ASSOCIATES LIMITED,321667,665300941,"Transport Operations, Environment and Waste",A44038,Fees,R0614001,"DCC Business Entities (Sole Trade, Partnership, Ltd)"
INSERTED DETAIL,18,Devon County Council,24/04/2026,22089034,"3,348.00",CO ADVENTURERS LIMITED,369278,394138084,Dedicated Schools Grant,A44185,Other professional Services (Schools),R0082007,"DCC Business Entities (Sole Trade, Partnership, Ltd)"
INSERTED DETAIL,18,Devon County Council,24/04/2026,22089037,"1,296.00",CO ADVENTURERS LIMITED,369278,394138084,Dedicated Schools Grant,A44185,Other professional Services (Schools),R0082007,"DCC Business Entities (Sole Trade, Partnership, Ltd)"
INSERTED DETAIL,18,Devon County Council,24/04/2026,22089070,900.00,MID-CORNWALL MUSIC THERAPY,401642,,P-Ledger - Separate Legal Entity,A61060,Support for Children in Care,P0432008,"DCC Business Entities (Sole Trade, Partnership, Ltd)"
INSERTED DETAIL,18,Devon County Council,24/04/2026,22089075,874.17,MID-CORNWALL MUSIC THERAPY,401642,,P-Ledger - Separate Legal Entity,A61060,Support for Children in Care,P0432008,"DCC Business Entities (Sole Trade, Partnership, Ltd)"
INSERTED DETAIL,18,Devon County Council,24/04/2026,22089243,"13,888.89",BAY CARE GROUP,262868,,Commissioning,A44038,Fees,R0217030,"DCC Business Entities (Sole Trade, Partnership, Ltd)"
INSERTED DETAIL,18,Devon County Council,24/04/2026,22089245,"1,506.00",LIVE TO LEARN EDUCATION LIMITED,380514,444356785,Dedicated Schools Grant,A44185,Other professional Services (Schools),R0082007,"DCC Business Entities (Sole Trade, Partnership, Ltd)"
INSERTED DETAIL,18,Devon County Council,24/04/2026,22089251,"1,503.00",LIVE TO LEARN EDUCATION LIMITED,380514,444356785,Dedicated Schools Grant,A44185,Other professional Services (Schools),R0082007,"DCC Business Entities (Sole Trade, Partnership, Ltd)"
INSERTED DETAIL,18,Devon County Council,24/04/2026,22089267,"1,332.00",LIVE TO LEARN EDUCATION LIMITED,380514,444356785,Dedicated Schools Grant,A44185,Other professional Services (Schools),R0082007,"DCC Business Entities (Sole Trade, Partnership, Ltd)"
INSERTED DETAIL,18,Devon County Council,24/04/2026,22089684,700.00,MAN WITH A VAN SERVICES,316053,,Mental Health,A20010,"Property Repairs, Maintenance & Alterations (Reactive)",R0256002,"DCC Business Entities (Sole Trade, Partnership, Ltd)"
INSERTED DETAIL,18,Devon County Council,24/04/2026,22089971,"28,842.00",NHS DEVON ICB,306113,654443336,Operations,A57145,Residential Care - Short Stay,R0234001,"DCC Business Entities (Sole Trade, Partnership, Ltd)"
INSERTED DETAIL,18,Devon County Council,24/04/2026,22090514,780.00,THE OUTDOORS GROUP *57*,362971,312604642,Dedicated Schools Grant,A44185,Other professional Services (Schools),R0082007,"DCC Business Entities (Sole Trade, Partnership, Ltd)"
INSERTED DETAIL,18,Devon County Council,24/04/2026,22090711,-734.35,NORTH DEVON COUNCIL,8252,144711092,"Chief Exec, Legal & Democratic services",A49115,Council elections,R0279001,"DCC Business Entities (Sole Trade, Partnership, Ltd)"
INSERTED DETAIL,18,Devon County Council,24/04/2026,22090885,"4,686.79",SPAGHETTI BRIDGE LIMITED,377380,478673138,Dedicated Schools Grant,A61052,Independent Special School Fees,R0089003,"DCC Business Entities (Sole Trade, Partnership, Ltd)"
INSERTED DETAIL,18,Devon County Council,24/04/2026,22091072,"84,987.00",INCLUSIVE MEDIA SOLUTIONS LIMITED,349079,172336809,Operations,A49075,Licences - General,R0219002,"DCC Business Entities (Sole Trade, Partnership, Ltd)"
INSERTED DETAIL,18,Devon County Council,24/04/2026,22091288,"1,440.00",COBWEBS (SOUTH WEST),107086,861158131,Operations,A62105,Miscellaneous expenditure,R0480072,"DCC Business Entities (Sole Trade, Partnership, Ltd)"
INSERTED DETAIL,18,Devon County Council,24/04/2026,22091520,"206,660.00",TOTAL MOBILE LIMITED,357559,815044947,Public Health Nursing,A45040,IT Software,R0019003,"DCC Business Entities (Sole Trade, Partnership, Ltd)"
INSERTED DETAIL,18,Devon County Council,24/04/2026,22092235,"2,785.87",SOURCE FOR BUSINESS,344710,236873674,"Transport Operations, Environment and Waste",A49005,Other Hired & Contracting Services,R0601001,"DCC Business Entities (Sole Trade, Partnership, Ltd)"
INSERTED DETAIL,18,Devon County Council,24/04/2026,22092695,750.00,STAGS,4337,141429000,Capital - Highways,C02011,External Professional Fees,C0652001,"DCC Business Entities (Sole Trade, Partnership, Ltd)"
INSERTED DETAIL,18,Devon County Council,24/04/2026,22092818,"4,533.74",BSI ASSURANCE UK LIMITED,267460,243457071,Highways & Infrastructure Development,A45040,IT Software,R0570001,"DCC Business Entities (Sole Trade, Partnership, Ltd)"
INSERTED DETAIL,18,Devon County Council,24/04/2026,22092868,"59,543.67",C G Fry & Son Ltd,603484,283444196,Capital other - Digital Technology & Business Services,C02009,Works,C0647001,"DCC Business Entities (Sole Trade, Partnership, Ltd)"
INSERTED DETAIL,18,Devon County Council,24/04/2026,22092935,"1,750.00",SATARA DIAGNOSTICS,400734,,"Chief Exec, Legal & Democratic services",A44038,Fees,R0506002,"DCC Business Entities (Sole Trade, Partnership, Ltd)"
INSERTED DETAIL,18,Devon County Council,24/04/2026,22092936,"1,000.00",SATARA DIAGNOSTICS,400734,,"Chief Exec, Legal & Democratic services",A44038,Fees,R0506002,"DCC Business Entities (Sole Trade, Partnership, Ltd)"
INSERTED DETAIL,18,Devon County Council,24/04/2026,22092937,"1,776.90",SATARA DIAGNOSTICS,400734,,"Chief Exec, Legal & Democratic services",A44038,Fees,R0506002,"DCC Business Entities (Sole Trade, Partnership, Ltd)"
INSERTED DETAIL,18,Devon County Council,24/04/2026,22092943,"1,500.00",SATARA DIAGNOSTICS,400734,,"Chief Exec, Legal & Democratic services",A44038,Fees,R0506002,"DCC Business Entities (Sole Trade, Partnership, Ltd)"
INSERTED DETAIL,18,Devon County Council,24/04/2026,22093034,"32,000.00",Care Leavers Temporary Accommodation Imprest Account,604685,,Suspense Control Account,A79006,Imprest Suspense,R0502053,"DCC Business Entities (Sole Trade, Partnership, Ltd)"
INSERTED DETAIL,18,Devon County Council,24/04/2026,22093078,"163,889.83",EAST DEVON DISTRICT COUNCIL (GEN ACCOUNT),96091,142218990,Communities,A52005,Payments to Other Local Authorities,R0532002,"DCC Business Entities (Sole Trade, Partnership, Ltd)"
INSERTED DETAIL,18,Devon County Council,24/04/2026,22093083,"152,492.50",EXETER CITY COUNCIL (FINANCE),4272,142335594,Communities,A52005,Payments to Other Local Authorities,R0532002,"DCC Business Entities (Sole Trade, Partnership, Ltd)"
INSERTED DETAIL,18,Devon County Council,24/04/2026,22093104,"4,301.54",MARK EDWARDS,383729,130774776,"Capital - Planning, Transportation and Environment",C06001,Capital Grants paid to other third parties (Not WGA/VCSE),C0656001,"DCC Business Entities (Sole Trade, Partnership, Ltd)"
INSERTED DETAIL,18,Devon County Council,24/04/2026,22093105,"8,097.09",NATIONAL TRUST,103074,239503167,"Capital - Planning, Transportation and Environment",C06003,Capital Grants Paid - to VCSE Organisations,C0649001,"DCC Business Entities (Sole Trade, Partnership, Ltd)"
INSERTED DETAIL,18,Devon County Council,24/04/2026,22093110,"63,545.17",WEST DEVON BOROUGH COUNCIL,8280,144823273,Communities,A52005,Payments to Other Local Authorities,R0532002,"DCC Business Entities (Sole Trade, Partnership, Ltd)"
INSERTED DETAIL,18,Devon County Council,24/04/2026,22093111,"10,343.15",DEVON ARCHAEOLOGICAL SOCIETY,400066,,"Capital - Planning, Transportation and Environment",C06003,Capital Grants Paid - to VCSE Organisations,C0656001,"DCC Business Entities (Sole Trade, Partnership, Ltd)"
INSERTED DETAIL,18,Devon County Council,24/04/2026,22093130,"2,680.00",AECOM LIMITED,345038,611853162,"Capital - Planning, Transportation and Environment",C02011,External Professional Fees,C0671012,"DCC Business Entities (Sole Trade, Partnership, Ltd)"
INSERTED DETAIL,18,Devon County Council,24/04/2026,22093159,"1,479.00",BLUE SCREEN IT TRADING AS BIT GROUP,228948,855461116,"Economy, Enterprise and Skills",A44038,Fees,R0546004,"DCC Business Entities (Sole Trade, Partnership, Ltd)"
INSERTED DETAIL,18,Devon County Council,24/04/2026,22093267,"11,647.52",MOUNT KELLY FOUNDATION,288947,237262412,Dedicated Schools Grant,A61052,Independent Special School Fees,R0089003,"DCC Business Entities (Sole Trade, Partnership, Ltd)"
INSERTED DETAIL,18,Devon County Council,24/04/2026,22093268,"2,666.66",MOUNT KELLY FOUNDATION,288947,237262412,Dedicated Schools Grant,A61052,Independent Special School Fees,R0089003,"DCC Business Entities (Sole Trade, Partnership, Ltd)"
INSERTED DETAIL,18,Devon County Council,27/04/2026,22079862,"3,920.00",DAN WOOLLACOTT FENCING,358106,278397149,Highways & Infrastructure Development,A49005,Other Hired & Contracting Services,R0552002,DCC CIS Suppliers
INSERTED DETAIL,18,Devon County Council,27/04/2026,22086948,510.05,THE ADVOCACY PEOPLE,257570,,Operations,A44038,Fees,R0222002,"DCC Business Entities (Sole Trade, Partnership, Ltd)"
INSERTED DETAIL,18,Devon County Council,27/04/2026,22087764,598.05,S C C,161520,313651680,Transformation & Business Services,A45005,IT Hardware,R0339001,"DCC Business Entities (Sole Trade, Partnership, Ltd)"
INSERTED DETAIL,18,Devon County Council,27/04/2026,22087975,582.50,Michelle Blundy T/A Blossoming Minds,360726,,P-Ledger - Separate Legal Entity,A61060,Support for Children in Care,P0432008,"DCC Business Entities (Sole Trade, Partnership, Ltd)"
INSERTED DETAIL,18,Devon County Council,27/04/2026,22088444,"1,047.54",MCCONNELLS (MIDLANDS) LIMITED,271811,126055983,Highways & Infrastructure Development,A44005,Publicity/Advertising,R0566003,"DCC Business Entities (Sole Trade, Partnership, Ltd)"
INSERTED DETAIL,18,Devon County Council,27/04/2026,22088672,"1,840.80",SME HCI LTD T/A VIVUP (CYCLE SCHEME),397607,869578054,People and Culture,A49105,Other Supplies & Services,R0502001,"DCC Business Entities (Sole Trade, Partnership, Ltd)"
INSERTED DETAIL,18,Devon County Council,27/04/2026,22089061,"6,362.84",W J SOUTH WEST LIMITED,308541,970783388,Capital - Highways,C02009,Works,C0652001,"DCC Business Entities (Sole Trade, Partnership, Ltd)"
INSERTED DETAIL,18,Devon County Council,27/04/2026,22089171,600.00,BRIGHTER FUTURES SOUTH WEST,357699,,P-Ledger - Separate Legal Entity,A61060,Support for Children in Care,P0432008,"DCC Business Entities (Sole Trade, Partnership, Ltd)"
INSERTED DETAIL,18,Devon County Council,27/04/2026,22089191,"1,196.00",DEVON PATHWAYS LTD,383486,392542678,Dedicated Schools Grant,A44185,Other professional Services (Schools),R0082007,"DCC Business Entities (Sole Trade, Partnership, Ltd)"
INSERTED DETAIL,18,Devon County Council,27/04/2026,22089201,"1,495.00",DEVON PATHWAYS LTD,383486,392542678,Dedicated Schools Grant,A44180,Services for Educational Estabs - Devon,R0010004,"DCC Business Entities (Sole Trade, Partnership, Ltd)"
INSERTED DETAIL,18,Devon County Council,27/04/2026,22089210,"2,637.00",DEVON PATHWAYS LTD,383486,392542678,Dedicated Schools Grant,A44185,Other professional Services (Schools),R0082007,"DCC Business Entities (Sole Trade, Partnership, Ltd)"
INSERTED DETAIL,18,Devon County Council,27/04/2026,22089220,"1,196.00",DEVON PATHWAYS LTD,383486,392542678,Dedicated Schools Grant,A44185,Other professional Services (Schools),R0082007,"DCC Business Entities (Sole Trade, Partnership, Ltd)"
INSERTED DETAIL,18,Devon County Council,27/04/2026,22089643,600.00,USEFULPSYCHOLOGY,373810,,P-Ledger - Separate Legal Entity,A61060,Support for Children in Care,P0432008,"DCC Business Entities (Sole Trade, Partnership, Ltd)"
INSERTED DETAIL,18,Devon County Council,27/04/2026,22089754,"21,750.00",Safe Families,602378,,Children's Social Care,A58015,Other Agencies/Contractors,R0032003,"DCC Business Entities (Sole Trade, Partnership, Ltd)"
INSERTED DETAIL,18,Devon County Council,27/04/2026,22089859,"2,224.80",THE HUSBANDRY SCHOOL,304475,333694095,Dedicated Schools Grant,A44185,Other professional Services (Schools),R0082007,"DCC Business Entities (Sole Trade, Partnership, Ltd)"
INSERTED DETAIL,18,Devon County Council,27/04/2026,22089895,"2,400.00",SPARKS LEARNING LIMITED,394786,,Dedicated Schools Grant,A44185,Other professional Services (Schools),R0082007,"DCC Business Entities (Sole Trade, Partnership, Ltd)"
INSERTED DETAIL,18,Devon County Council,27/04/2026,22089897,"7,833.00",STEPHENSONS SOLICITORS,394642,294832719,"Chief Exec, Legal & Democratic services",A44968,Legal & Conveyancing Charges,R0276001,"DCC Business Entities (Sole Trade, Partnership, Ltd)"
INSERTED DETAIL,18,Devon County Council,27/04/2026,22089907,608.00,STEPHENSONS SOLICITORS,394642,294832719,"Chief Exec, Legal & Democratic services",A44968,Legal & Conveyancing Charges,R0276001,"DCC Business Entities (Sole Trade, Partnership, Ltd)"
INSERTED DETAIL,18,Devon County Council,27/04/2026,22090048,"1,307.29",HOLCIM UK LIMITED,21683,533260571,Highways & Infrastructure Development,A21005,Electricity,R0550007,"DCC Business Entities (Sole Trade, Partnership, Ltd)"
INSERTED DETAIL,18,Devon County Council,27/04/2026,22090882,"5,396.91",SPAGHETTI BRIDGE LIMITED,377380,478673138,Dedicated Schools Grant,A61052,Independent Special School Fees,R0089003,"DCC Business Entities (Sole Trade, Partnership, Ltd)"
INSERTED DETAIL,18,Devon County Council,27/04/2026,22092282,"1,050.00",LEEP TALENT LIMITED,601804,469035473,"Economy, Enterprise and Skills",A44038,Fees,R0546004,"DCC Business Entities (Sole Trade, Partnership, Ltd)"
INSERTED DETAIL,18,Devon County Council,27/04/2026,22092813,"3,153.75",DUCHY COLLEGE,12373,591326632,Inclusion & Learning,A53040,Contributions to Educational Estabs (3rd,R0006003,"DCC Business Entities (Sole Trade, Partnership, Ltd)"
INSERTED DETAIL,18,Devon County Council,27/04/2026,22092821,"18,212.15",SEVERN TRENT GREEN POWER,322030,876098474,"Transport Operations, Environment and Waste",A46100,Main / Term Contractor,R0598001,"DCC Business Entities (Sole Trade, Partnership, Ltd)"
INSERTED DETAIL,18,Devon County Council,27/04/2026,22093287,"5,607.00",MIDDLE CAMPSCOTT FARM,384451,585685186,"Capital - Planning, Transportation and Environment",C06001,Capital Grants paid to other third parties (Not WGA/VCSE),C0649001,"DCC Business Entities (Sole Trade, Partnership, Ltd)"
INSERTED DETAIL,18,Devon County Council,27/04/2026,22093289,"4,421.20",Sue Samuel,604382,,"Capital - Planning, Transportation and Environment",C06001,Capital Grants paid to other third parties (Not WGA/VCSE),C0649001,"DCC Business Entities (Sole Trade, Partnership, Ltd)"
INSERTED DETAIL,18,Devon County Council,27/04/2026,22093291,"9,784.65",NORTH HOLE FARM,390321,143479555,"Capital - Planning, Transportation and Environment",C06001,Capital Grants paid to other third parties (Not WGA/VCSE),C0649001,"DCC Business Entities (Sole Trade, Partnership, Ltd)"
INSERTED DETAIL,18,Devon County Council,27/04/2026,22093383,850.00,RHYS JENKINS,367140,322180836,"Chief Exec, Legal & Democratic services",A44968,Legal & Conveyancing Charges,R0276001,"DCC Business Entities (Sole Trade, Partnership, Ltd)"
INSERTED DETAIL,18,Devon County Council,27/04/2026,22093392,"1,000.00",RHYS JENKINS,367140,322180836,"Chief Exec, Legal & Democratic services",A44968,Legal & Conveyancing Charges,R0276001,"DCC Business Entities (Sole Trade, Partnership, Ltd)"
INSERTED DETAIL,18,Devon County Council,28/04/2026,22086818,"1,013.94",NORSE SOUTH WEST LIMITED,279741,785421021,Highways & Infrastructure Development,A46100,Main / Term Contractor,R0574001,"DCC Business Entities (Sole Trade, Partnership, Ltd)"
INSERTED DETAIL,18,Devon County Council,28/04/2026,22086819,"12,267.50",NORSE SOUTH WEST LIMITED,279741,785421021,Highways & Infrastructure Development,A46100,Main / Term Contractor,R0574001,"DCC Business Entities (Sole Trade, Partnership, Ltd)"
INSERTED DETAIL,18,Devon County Council,28/04/2026,22086899,"6,215.38",STANBURY RURAL SERVICES LIMITED,359092,306191623,Capital - Highways,C02009,Works,C0652001,DCC CIS Suppliers
INSERTED DETAIL,18,Devon County Council,28/04/2026,22087233,"126,555.00",METACOMPLIANCE LIMITED,358054,854066617,Transformation & Business Services,A45040,IT Software,R0353008,"DCC Business Entities (Sole Trade, Partnership, Ltd)"
INSERTED DETAIL,18,Devon County Council,28/04/2026,22088355,923.00,PSYCHOLOGY ASSOCIATES LIMITED,147932,912873418,P-Ledger - Separate Legal Entity,A61060,Support for Children in Care,P0432008,"DCC Business Entities (Sole Trade, Partnership, Ltd)"
INSERTED DETAIL,18,Devon County Council,28/04/2026,22088550,"1,100.00",JEREMY HAWKE COURIER,318862,399346830,Inclusion & Learning,A45015,Postages,R0121001,"DCC Business Entities (Sole Trade, Partnership, Ltd)"
INSERTED DETAIL,18,Devon County Council,28/04/2026,22088690,520.00,PSYCHOLOGY ASSOCIATES LIMITED,147932,912873418,P-Ledger - Separate Legal Entity,A61060,Support for Children in Care,P0432008,"DCC Business Entities (Sole Trade, Partnership, Ltd)"
INSERTED DETAIL,18,Devon County Council,28/04/2026,22089185,600.00,Joanna North Adoption Limited,302598,784224028,P-Ledger - Separate Legal Entity,A61060,Support for Children in Care,P0432008,"DCC Business Entities (Sole Trade, Partnership, Ltd)"
INSERTED DETAIL,18,Devon County Council,28/04/2026,22090026,579.50,PSYCHOLOGY ASSOCIATES LIMITED,147932,912873418,Children's Social Care,A61060,Support for Children in Care,R0106002,"DCC Business Entities (Sole Trade, Partnership, Ltd)"
INSERTED DETAIL,18,Devon County Council,28/04/2026,22090030,520.00,PSYCHOLOGY ASSOCIATES LIMITED,147932,912873418,P-Ledger - Separate Legal Entity,A61060,Support for Children in Care,P0432008,"DCC Business Entities (Sole Trade, Partnership, Ltd)"
INSERTED DETAIL,18,Devon County Council,28/04/2026,22090355,"4,300.78",GCI NETWORK SOLUTIONS TA NASSTAR,380659,199872429,Transformation & Business Services,A45020,Telephones,R0353008,"DCC Business Entities (Sole Trade, Partnership, Ltd)"
INSERTED DETAIL,18,Devon County Council,28/04/2026,22090439,710.00,PSYCHOLOGY ASSOCIATES LIMITED,147932,912873418,P-Ledger - Separate Legal Entity,A61060,Support for Children in Care,P0432008,"DCC Business Entities (Sole Trade, Partnership, Ltd)"
INSERTED DETAIL,18,Devon County Council,28/04/2026,22091142,559.80,BLEEP 360 CARE LIMITED,360406,355167685,Children's Social Care,A61200,Community based care,R0044004,"DCC Business Entities (Sole Trade, Partnership, Ltd)"
INSERTED DETAIL,18,Devon County Council,28/04/2026,22091985,924.00,SOUTHWEST INTERVENTION SERVICES,333291,440830321,Children's Social Care,A61200,Community based care,R0044004,"DCC Business Entities (Sole Trade, Partnership, Ltd)"
INSERTED DETAIL,18,Devon County Council,28/04/2026,22092185,"5,285.59",S C C,161520,313651680,Transformation & Business Services,A45008,IT Hardware Maintenance,R0353008,"DCC Business Entities (Sole Trade, Partnership, Ltd)"
INSERTED DETAIL,18,Devon County Council,28/04/2026,22092825,"2,555.10",SEVERN TRENT GREEN POWER,322030,876098474,"Transport Operations, Environment and Waste",A46100,Main / Term Contractor,R0598001,"DCC Business Entities (Sole Trade, Partnership, Ltd)"
INSERTED DETAIL,18,Devon County Council,28/04/2026,22092832,871.53,HOLCIM UK LIMITED,21683,533260571,Capital - Highways,C02009,Works,C0652001,"DCC Business Entities (Sole Trade, Partnership, Ltd)"
INSERTED DETAIL,18,Devon County Council,28/04/2026,22092888,"14,950.26",COASTAL RECYCLING SERVICES LIMITED,6160,823821047,"Transport Operations, Environment and Waste",A46100,Main / Term Contractor,R0595008,"DCC Business Entities (Sole Trade, Partnership, Ltd)"
INSERTED DETAIL,18,Devon County Council,28/04/2026,22092984,"-8,610.48",PHILLIPS WN&D,90044,927522419,P-Ledger - Separate Legal Entity,A57140,Residential Care - Long Stay,P0434003,"DCC Business Entities (Sole Trade, Partnership, Ltd)"
INSERTED DETAIL,18,Devon County Council,28/04/2026,22093048,"2,468.98",CORMAC CONTRACTING LIMITED,364276,247160514,"Capital - Planning, Transportation and Environment",C02009,Works,C0671003,"DCC Business Entities (Sole Trade, Partnership, Ltd)"
INSERTED DETAIL,18,Devon County Council,28/04/2026,22093099,"9,569.53",MERCURY CONSTRUCTION (SOUTH WEST)  LIMITED,250527,892673673,Capital - SEND Schools,C02009,Works,C0660001,DCC CIS Suppliers
INSERTED DETAIL,18,Devon County Council,28/04/2026,22093544,917.50,ACCESS TO COMMUNICATION,368058,,Dedicated Schools Grant,A44185,Other professional Services (Schools),R0082006,"DCC Business Entities (Sole Trade, Partnership, Ltd)"
INSERTED DETAIL,18,Devon County Council,28/04/2026,22093578,"1,954.93",CORMAC CONTRACTING LIMITED,364276,247160514,"Capital - Planning, Transportation and Environment",C02009,Works,C0671003,"DCC Business Entities (Sole Trade, Partnership, Ltd)"
INSERTED DETAIL,18,Devon County Council,28/04/2026,22093588,703.30,THE COLERIDGE BUSINESS,16208,,"Transport Operations, Environment and Waste",A32010,Contract Hire Scheme,R0575001,"DCC Business Entities (Sole Trade, Partnership, Ltd)"
INSERTED DETAIL,18,Devon County Council,28/04/2026,22093601,652.80,THE COLERIDGE BUSINESS,16208,,"Transport Operations, Environment and Waste",A32010,Contract Hire Scheme,R0575001,"DCC Business Entities (Sole Trade, Partnership, Ltd)"
INSERTED DETAIL,18,Devon County Council,28/04/2026,22093621,"3,274.07",CARDNET PARENTPAY,393970,,Suspense Control Account,B29020,VAT Incomings (Output Tax),R0502051,"DCC Business Entities (Sole Trade, Partnership, Ltd)"
INSERTED DETAIL,18,Devon County Council,28/04/2026,22093628,"141,647.97",TORRIDGE DISTRICT COUNCIL,4707,144666062,Below the line,B29020,VAT Incomings (Output Tax),R0515084,"DCC Business Entities (Sole Trade, Partnership, Ltd)"
INSERTED DETAIL,18,Devon County Council,28/04/2026,22093639,"2,473.50",Emily Cook,604489,840163554,Other PH Services,A44968,Legal & Conveyancing Charges,R0548001,"DCC Business Entities (Sole Trade, Partnership, Ltd)"
INSERTED DETAIL,18,Devon County Council,28/04/2026,22093665,"3,041.66",COUNTY GROUNDS MAINTENANCE LIMITED,258238,874318602,"Economy, Enterprise and Skills",A49005,Other Hired & Contracting Services,R0540002,"DCC Business Entities (Sole Trade, Partnership, Ltd)"
INSERTED DETAIL,18,Devon County Council,28/04/2026,22093677,"1,335.50",DODD E A & SON/FUNERAL DIRECTOR,245863,185725238,"Chief Exec, Legal & Democratic services",A49005,Other Hired & Contracting Services,R0506002,"DCC Business Entities (Sole Trade, Partnership, Ltd)"
INSERTED DETAIL,18,Devon County Council,28/04/2026,150431517,"1,277.86",M Group Highways Limited,375383,927200546,Highways & Infrastructure Development,A46100,Main / Term Contractor,R0554001,"DCC Business Entities (Sole Trade, Partnership, Ltd)"
INSERTED DETAIL,18,Devon County Council,28/04/2026,150431521,"1,832.09",M Group Highways Limited,375383,927200546,Capital - Highways,C02051,Term Maintenance Contract,C0652001,"DCC Business Entities (Sole Trade, Partnership, Ltd)"
INSERTED DETAIL,18,Devon County Council,28/04/2026,150431522,"11,486.06",M Group Highways Limited,375383,927200546,Capital - Highways,C02051,Term Maintenance Contract,C0671007,"DCC Business Entities (Sole Trade, Partnership, Ltd)"
INSERTED DETAIL,18,Devon County Council,28/04/2026,150431524,"-3,500.00",M Group Highways Limited,375383,927200546,Highways & Infrastructure Development,A46100,Main / Term Contractor,R0554004,"DCC Business Entities (Sole Trade, Partnership, Ltd)"
INSERTED DETAIL,18,Devon County Council,28/04/2026,150431533,"-2,148.96",M Group Highways Limited,375383,927200546,Capital - Highways,C02051,Term Maintenance Contract,C0671007,"DCC Business Entities (Sole Trade, Partnership, Ltd)"
INSERTED DETAIL,18,Devon County Council,28/04/2026,150431692,"3,705.39",M Group Highways Limited,375383,927200546,Capital - Highways,C02051,Term Maintenance Contract,C0652001,"DCC Business Entities (Sole Trade, Partnership, Ltd)"
INSERTED DETAIL,18,Devon County Council,28/04/2026,150431700,"-2,000.00",M Group Highways Limited,375383,927200546,Capital - Highways,C02051,Term Maintenance Contract,C0671006,"DCC Business Entities (Sole Trade, Partnership, Ltd)"
INSERTED DETAIL,18,Devon County Council,28/04/2026,150431701,"-11,000.00",M Group Highways Limited,375383,927200546,Capital - Highways,C02051,Term Maintenance Contract,C0671007,"DCC Business Entities (Sole Trade, Partnership, Ltd)"
INSERTED DETAIL,18,Devon County Council,28/04/2026,150431714,"-1,817.07",M Group Highways Limited,375383,927200546,Capital - Highways,C02051,Term Maintenance Contract,C0671006,"DCC Business Entities (Sole Trade, Partnership, Ltd)"
INSERTED DETAIL,18,Devon County Council,28/04/2026,150432264,"-4,220.97",M Group Highways Limited,375383,927200546,Capital - Highways,C02051,Term Maintenance Contract,C0671006,"DCC Business Entities (Sole Trade, Partnership, Ltd)"
INSERTED DETAIL,18,Devon County Council,28/04/2026,150433014,"1,582.15",M Group Highways Limited,375383,927200546,Highways & Infrastructure Development,A46100,Main / Term Contractor,R0553004,"DCC Business Entities (Sole Trade, Partnership, Ltd)"
INSERTED DETAIL,18,Devon County Council,28/04/2026,150433016,"17,712.75",M Group Highways Limited,375383,927200546,Capital - Highways,C02051,Term Maintenance Contract,C0671007,"DCC Business Entities (Sole Trade, Partnership, Ltd)"
INSERTED DETAIL,18,Devon County Council,28/04/2026,150433026,-643.67,M Group Highways Limited,375383,927200546,Capital - Highways,C02051,Term Maintenance Contract,C0652001,"DCC Business Entities (Sole Trade, Partnership, Ltd)"
INSERTED DETAIL,18,Devon County Council,28/04/2026,150433037,"-2,131.09",M Group Highways Limited,375383,927200546,Capital - Highways,C02051,Term Maintenance Contract,C0671007,"DCC Business Entities (Sole Trade, Partnership, Ltd)"
INSERTED DETAIL,18,Devon County Council,29/04/2026,22062084,"2,160.00",LIVE TO LEARN EDUCATION LIMITED,380514,444356785,Dedicated Schools Grant,A44185,Other professional Services (Schools),R0082007,"DCC Business Entities (Sole Trade, Partnership, Ltd)"
INSERTED DETAIL,18,Devon County Council,29/04/2026,22062994,"1,470.00",SOUTHWEST INTERVENTION SERVICES,333291,440830321,Children's Social Care,A61200,Community based care,R0044004,"DCC Business Entities (Sole Trade, Partnership, Ltd)"
INSERTED DETAIL,18,Devon County Council,29/04/2026,22077815,"2,430.00",LIVE TO LEARN EDUCATION LIMITED,380514,444356785,Dedicated Schools Grant,A44185,Other professional Services (Schools),R0082007,"DCC Business Entities (Sole Trade, Partnership, Ltd)"
INSERTED DETAIL,18,Devon County Council,29/04/2026,22087433,"14,775.00",TEIGN TREES & LANDSCAPES SOUTH WEST LIMITED,209228,250371238,Capital - Highways,C02009,Works,C0652001,DCC CIS Suppliers
INSERTED DETAIL,18,Devon County Council,29/04/2026,22087644,540.00,THE APRICOT CENTRE CIC,341760,227454701,P-Ledger - Separate Legal Entity,A61060,Support for Children in Care,P0432008,"DCC Business Entities (Sole Trade, Partnership, Ltd)"
INSERTED DETAIL,18,Devon County Council,29/04/2026,22088011,900.00,JB RADFORD PLANT HIRE AND HAULAG,18952,141002147,Capital - Highways,C02009,Works,C0652001,DCC CIS Suppliers
INSERTED DETAIL,18,Devon County Council,29/04/2026,22089044,"4,325.00",ESTEEM TEAM COMMUNITY INTEREST COMPANY,366509,491597739,Dedicated Schools Grant,A44185,Other professional Services (Schools),R0082007,"DCC Business Entities (Sole Trade, Partnership, Ltd)"
INSERTED DETAIL,18,Devon County Council,29/04/2026,22089249,552.00,LIVE TO LEARN EDUCATION LIMITED,380514,444356785,Dedicated Schools Grant,A44185,Other professional Services (Schools),R0082002,"DCC Business Entities (Sole Trade, Partnership, Ltd)"
INSERTED DETAIL,18,Devon County Council,29/04/2026,22089639,750.00,SAM WYSOKI CARE OF WALNUT HOUSE,386626,438365277,"Chief Exec, Legal & Democratic services",A44968,Legal & Conveyancing Charges,R0276001,"DCC Business Entities (Sole Trade, Partnership, Ltd)"
INSERTED DETAIL,18,Devon County Council,29/04/2026,22089941,"1,050.00",Michelle Blundy T/A Blossoming Minds,360726,,P-Ledger - Separate Legal Entity,A61060,Support for Children in Care,P0432008,"DCC Business Entities (Sole Trade, Partnership, Ltd)"
INSERTED DETAIL,18,Devon County Council,29/04/2026,22090448,"2,480.00",G M CONTRACTORS DEVON LIMITED,294305,875936367,Highways & Infrastructure Development,A49005,Other Hired & Contracting Services,R0557020,DCC CIS Suppliers
INSERTED DETAIL,18,Devon County Council,29/04/2026,22091307,"3,196.00",PROMOTING INDEPENDENT CARE LIMITED,376159,,Children's Social Care,A11005,Agency Supply Staff,R0095001,"DCC Business Entities (Sole Trade, Partnership, Ltd)"
INSERTED DETAIL,18,Devon County Council,29/04/2026,22092016,"82,437.32",NORSE SOUTH WEST LIMITED,279741,785421021,Transformation & Business Services,A20030,Service Term Contracts,R0333026,"DCC Business Entities (Sole Trade, Partnership, Ltd)"
INSERTED DETAIL,18,Devon County Council,29/04/2026,22092545,"1,950.00",SOUND COMMUNITIES COMMUNITY INTEREST COMPANY,340925,,Dedicated Schools Grant,A44185,Other professional Services (Schools),R0082007,"DCC Business Entities (Sole Trade, Partnership, Ltd)"
INSERTED DETAIL,18,Devon County Council,29/04/2026,22092556,"2,249.32",D W M L HOLDINGS LIMITED,345026,823821047,"Transport Operations, Environment and Waste",A46100,Main / Term Contractor,R0597005,"DCC Business Entities (Sole Trade, Partnership, Ltd)"
INSERTED DETAIL,18,Devon County Council,29/04/2026,22092839,"13,497.90",SEVERN TRENT GREEN POWER,322030,876098474,"Transport Operations, Environment and Waste",A46100,Main / Term Contractor,R0598001,"DCC Business Entities (Sole Trade, Partnership, Ltd)"
INSERTED DETAIL,18,Devon County Council,29/04/2026,22092841,"3,902.23",SEVERN TRENT GREEN POWER,322030,876098474,"Transport Operations, Environment and Waste",A46100,Main / Term Contractor,R0598001,"DCC Business Entities (Sole Trade, Partnership, Ltd)"
INSERTED DETAIL,18,Devon County Council,29/04/2026,22093084,"706,051.60",TEIGNBRIDGE DISTRICT COUNCIL,4872,142214023,"Capital - Planning, Transportation and Environment",C06002,Capital Grants Paid to WGA organisations,C0654001,"DCC Business Entities (Sole Trade, Partnership, Ltd)"
INSERTED DETAIL,18,Devon County Council,29/04/2026,22093097,800.00,BUDLEIGH SALTERTON RIDING SCHOOL,242105,909705704,Dedicated Schools Grant,A44185,Other professional Services (Schools),R0082006,"DCC Business Entities (Sole Trade, Partnership, Ltd)"
INSERTED DETAIL,18,Devon County Council,29/04/2026,22093441,"1,677.08",SOUND COMMUNITIES COMMUNITY INTEREST COMPANY,340925,,Dedicated Schools Grant,A44185,Other professional Services (Schools),R0082007,"DCC Business Entities (Sole Trade, Partnership, Ltd)"
INSERTED DETAIL,18,Devon County Council,29/04/2026,22093663,714.13,MUNICIPAL MUTUAL INSURANCE LIMITED,119710,,"Chief Exec, Legal & Democratic services",A44165,Compensation Claims payments,R0283001,"DCC Business Entities (Sole Trade, Partnership, Ltd)"
INSERTED DETAIL,18,Devon County Council,29/04/2026,22093838,662.16,AMAZON BUSINESS UK,348750,727255821,Inclusion & Learning,A45050,Learning Resources exc. IT Equipment,R0006004,"DCC Business Entities (Sole Trade, Partnership, Ltd)"
INSERTED DETAIL,18,Devon County Council,29/04/2026,22093865,731.67,GARDENS OF STYLE,276773,,Highways & Infrastructure Development,A46100,Main / Term Contractor,R0573002,"DCC Business Entities (Sole Trade, Partnership, Ltd)"
INSERTED DETAIL,18,Devon County Council,29/04/2026,22094028,"5,821.20",THE APRICOT CENTRE CIC,341760,227454701,"Economy, Enterprise and Skills",A44038,Fees,R0546004,"DCC Business Entities (Sole Trade, Partnership, Ltd)"
INSERTED DETAIL,18,Devon County Council,29/04/2026,150433017,660.35,M Group Highways Limited,375383,927200546,Capital - Highways,C02051,Term Maintenance Contract,C0671007,"DCC Business Entities (Sole Trade, Partnership, Ltd)"
INSERTED DETAIL,18,Devon County Council,29/04/2026,150433018,648.42,M Group Highways Limited,375383,927200546,Capital - Highways,C02051,Term Maintenance Contract,C0671006,"DCC Business Entities (Sole Trade, Partnership, Ltd)"
INSERTED DETAIL,18,Devon County Council,29/04/2026,150434007,"2,094.46",M Group Highways Limited,375383,927200546,Capital - Highways,C02051,Term Maintenance Contract,C0671005,"DCC Business Entities (Sole Trade, Partnership, Ltd)"
INSERTED DETAIL,18,Devon County Council,29/04/2026,150434019,605.33,M Group Highways Limited,375383,927200546,Capital - Highways,C02051,Term Maintenance Contract,C0671006,"DCC Business Entities (Sole Trade, Partnership, Ltd)"
INSERTED DETAIL,18,Devon County Council,29/04/2026,150434027,"1,693.76",M Group Highways Limited,375383,927200546,Capital - Highways,C02051,Term Maintenance Contract,C0671006,"DCC Business Entities (Sole Trade, Partnership, Ltd)"
INSERTED DETAIL,18,Devon County Council,29/04/2026,150434030,"21,542.36",M Group Highways Limited,375383,927200546,Capital - Highways,C02051,Term Maintenance Contract,C0652001,"DCC Business Entities (Sole Trade, Partnership, Ltd)"
INSERTED DETAIL,18,Devon County Council,29/04/2026,150434038,"5,510.29",M Group Highways Limited,375383,927200546,Capital - Highways,C02051,Term Maintenance Contract,C0652001,"DCC Business Entities (Sole Trade, Partnership, Ltd)"
INSERTED DETAIL,18,Devon County Council,29/04/2026,150434042,"2,507.63",M Group Highways Limited,375383,927200546,Capital - Highways,C02051,Term Maintenance Contract,C0671006,"DCC Business Entities (Sole Trade, Partnership, Ltd)"
INSERTED DETAIL,18,Devon County Council,29/04/2026,150434043,"8,360.82",M Group Highways Limited,375383,927200546,Capital - Highways,C02051,Term Maintenance Contract,C0671006,"DCC Business Entities (Sole Trade, Partnership, Ltd)"
INSERTED DETAIL,18,Devon County Council,30/04/2026,22085749,"1,125.00",Mercer Artbox,602136,,Children's Social Care,A61060,Support for Children in Care,R0106002,"DCC Business Entities (Sole Trade, Partnership, Ltd)"
INSERTED DETAIL,18,Devon County Council,30/04/2026,22085960,"1,595.00",EXETER PAEDIATRIC I C S LIMITED,373429,,P-Ledger - Separate Legal Entity,A61060,Support for Children in Care,P0432008,"DCC Business Entities (Sole Trade, Partnership, Ltd)"
INSERTED DETAIL,18,Devon County Council,30/04/2026,22087715,"1,557.00",THE APRICOT CENTRE CIC,341760,227454701,P-Ledger - Separate Legal Entity,A61060,Support for Children in Care,P0432008,"DCC Business Entities (Sole Trade, Partnership, Ltd)"
INSERTED DETAIL,18,Devon County Council,30/04/2026,22088037,735.00,PLAY THERAPY DEVON,317841,,Children's Social Care,A61060,Support for Children in Care,R0106002,"DCC Business Entities (Sole Trade, Partnership, Ltd)"
INSERTED DETAIL,18,Devon County Council,30/04/2026,22088526,950.00,GRAPEVINE CONNECTS,405508,,P-Ledger - Separate Legal Entity,A61060,Support for Children in Care,P0432008,"DCC Business Entities (Sole Trade, Partnership, Ltd)"
INSERTED DETAIL,18,Devon County Council,30/04/2026,22088543,525.00,Meghan Mysa Psychotherapy,603585,,P-Ledger - Separate Legal Entity,A61060,Support for Children in Care,P0432008,"DCC Business Entities (Sole Trade, Partnership, Ltd)"
INSERTED DETAIL,18,Devon County Council,30/04/2026,22088592,"1,275.00",THE FAMILY PLACE LIMITED,350245,,Children's Social Care,A61060,Support for Children in Care,R0106002,"DCC Business Entities (Sole Trade, Partnership, Ltd)"
INSERTED DETAIL,18,Devon County Council,30/04/2026,22088933,705.00,THE FAMILY PLACE LIMITED,350245,,P-Ledger - Separate Legal Entity,A61060,Support for Children in Care,P0432008,"DCC Business Entities (Sole Trade, Partnership, Ltd)"
INSERTED DETAIL,18,Devon County Council,30/04/2026,22089743,"1,089.00",CATHERINE FITCH,365407,,Children's Social Care,A61060,Support for Children in Care,R0106002,"DCC Business Entities (Sole Trade, Partnership, Ltd)"
INSERTED DETAIL,18,Devon County Council,30/04/2026,22089888,520.00,CATHERINE GIFFORD,389811,,P-Ledger - Separate Legal Entity,A61060,Support for Children in Care,P0432008,"DCC Business Entities (Sole Trade, Partnership, Ltd)"
INSERTED DETAIL,18,Devon County Council,30/04/2026,22090056,"1,323.94",TEAM EDUCATE LIMITED BACS,374563,336808777,Dedicated Schools Grant,A44185,Other professional Services (Schools),R0082007,"DCC Business Entities (Sole Trade, Partnership, Ltd)"
INSERTED DETAIL,18,Devon County Council,30/04/2026,22090428,"2,154.09",OAKLEYS COACHES,290927,132211963,"Transport Operations, Environment and Waste",A32010,Contract Hire Scheme,R0575001,"DCC Business Entities (Sole Trade, Partnership, Ltd)"
INSERTED DETAIL,18,Devon County Council,30/04/2026,22090487,569.30,KELTIC LIMITED,180135,754080733,Highways & Infrastructure Development,A45015,Postages,R0556001,"DCC Business Entities (Sole Trade, Partnership, Ltd)"
INSERTED DETAIL,18,Devon County Council,30/04/2026,22090496,698.00,Bridget Rees,604415,,P-Ledger - Separate Legal Entity,A61060,Support for Children in Care,P0432008,"DCC Business Entities (Sole Trade, Partnership, Ltd)"
INSERTED DETAIL,18,Devon County Council,30/04/2026,22090694,"11,757.63",GREENSLADES TOURS (EXETER) LIMITED,365861,307996855,"Transport Operations, Environment and Waste",A32010,Contract Hire Scheme,R0575001,"DCC Business Entities (Sole Trade, Partnership, Ltd)"
INSERTED DETAIL,18,Devon County Council,30/04/2026,22090926,770.50,P & I PROPERTY MAINTENANCE,397907,,Children's Social Care,A20010,"Property Repairs, Maintenance & Alterations (Reactive)",R0095009,DCC CIS Suppliers
INSERTED DETAIL,18,Devon County Council,30/04/2026,22091028,"1,409.50",JUDITH FINDLAY,400802,,P-Ledger - Separate Legal Entity,A61060,Support for Children in Care,P0432008,"DCC Business Entities (Sole Trade, Partnership, Ltd)"
INSERTED DETAIL,18,Devon County Council,30/04/2026,22091051,572.98,ASHBURTON MOTOR WORKS,388986,744816710,Inclusion & Learning,A30015,Vehicle Fuel,R0102001,"DCC Business Entities (Sole Trade, Partnership, Ltd)"
INSERTED DETAIL,18,Devon County Council,30/04/2026,22091052,"1,068.75",THE AWARD SCHEME LIMITED,94546,512513979,Children's Social Care,A47010,Subscriptions,R0015003,"DCC Business Entities (Sole Trade, Partnership, Ltd)"
INSERTED DETAIL,18,Devon County Council,30/04/2026,22093158,525.00,GRAPEVINE CONNECTS,405508,,P-Ledger - Separate Legal Entity,A61060,Support for Children in Care,P0432008,"DCC Business Entities (Sole Trade, Partnership, Ltd)"
INSERTED DETAIL,18,Devon County Council,30/04/2026,22093189,"30,009.16",EAT THAT FROG COMMUNITY INTEREST COMPANY,313920,310725148,"Economy, Enterprise and Skills",A53012,Payments to Independent Units,R0539003,"DCC Business Entities (Sole Trade, Partnership, Ltd)"
INSERTED DETAIL,18,Devon County Council,30/04/2026,22094126,"317,673.70",EAST DEVON DISTRICT COUNCIL (GEN ACCOUNT),96091,142218990,Communities,A52005,Payments to Other Local Authorities,R0528004,"DCC Business Entities (Sole Trade, Partnership, Ltd)"
INSERTED DETAIL,18,Devon County Council,30/04/2026,22094148,"4,263.00",SOUTHWEST INTERVENTION SERVICES,333291,440830321,Dedicated Schools Grant,A44185,Other professional Services (Schools),R0082007,"DCC Business Entities (Sole Trade, Partnership, Ltd)"
INSERTED DETAIL,18,Devon County Council,30/04/2026,22094158,"51,400.00",GRANT THORNTON UK LLP,248193,835586102,"Economy, Enterprise and Skills",A49090,Audit Fees - standard,R0543003,"DCC Business Entities (Sole Trade, Partnership, Ltd)"
INSERTED DETAIL,18,Devon County Council,30/04/2026,22094256,"52,500.00",TORBAY COUNCIL FINANCE,6411,142208211,P-Ledger - Separate Legal Entity,A52005,Payments to Other Local Authorities,P0705004,"DCC Business Entities (Sole Trade, Partnership, Ltd)"
INSERTED DETAIL,18,Devon County Council,30/04/2026,22094258,"267,750.00",TORBAY COUNCIL FINANCE,6411,142208211,P-Ledger - Separate Legal Entity,A52005,Payments to Other Local Authorities,P0705002,"DCC Business Entities (Sole Trade, Partnership, Ltd)"
INSERTED DETAIL,18,Devon County Council,30/04/2026,22094301,536.03,YOUTH ARTS AND HEALTH TRUST,340754,,P-Ledger - Separate Legal Entity,A61060,Support for Children in Care,P0432008,"DCC Business Entities (Sole Trade, Partnership, Ltd)"
INSERTED DETAIL,18,Devon County Council,30/04/2026,22094354,"4,575.09",Richard Smith-Bingham,604381,,"Capital - Planning, Transportation and Environment",C06001,Capital Grants paid to other third parties (Not WGA/VCSE),C0649001,"DCC Business Entities (Sole Trade, Partnership, Ltd)"
detail,18,Devon County Council,30/04/2026,22094517,"27,727.94",LOWEN SPECIALIST EDUCATIONAL SERVICES,358910,478868803,Dedicated Schools Grant,A61052,Independent Special School Fees,R0089003,"DCC Business Entities (Sole Trade, Partnership, Ltd)"
