Body,Name of Body,Date,Transaction number,Amount,Supplier name,Supplier ID,VAT reg no,Expense area,Expense code,Expense type,Costcuk,Creditor type
18,Devon County Council,01/06/2026,22093603,"1,501.12",SUPPORT'ED LIMITED,352913,373393085,Dedicated Schools Grant,A44180,Services for Educational Estabs - Devon,R0010004,"DCC Business Entities (Sole Trade, Partnership, Ltd)"
18,Devon County Council,01/06/2026,22095634,576.90,NORSE SOUTH WEST LIMITED,279741,785421021,Balance Sheet,A44038,Fees,R0208005,"DCC Business Entities (Sole Trade, Partnership, Ltd)"
18,Devon County Council,01/06/2026,22096399,760.20,PROSPERO RECRUITMENT LIMITED,352539,486704947,Dedicated Schools Grant,A44185,Other professional Services (Schools),R0082007,"DCC Business Entities (Sole Trade, Partnership, Ltd)"
18,Devon County Council,01/06/2026,22096407,"2,280.60",PROSPERO RECRUITMENT LIMITED,352539,486704947,Dedicated Schools Grant,A44180,Services for Educational Estabs - Devon,R0010003,"DCC Business Entities (Sole Trade, Partnership, Ltd)"
18,Devon County Council,01/06/2026,22096431,760.20,PROSPERO RECRUITMENT LIMITED,352539,486704947,Dedicated Schools Grant,A44180,Services for Educational Estabs - Devon,R0010004,"DCC Business Entities (Sole Trade, Partnership, Ltd)"
18,Devon County Council,01/06/2026,22096463,"5,343.38",WGP MAINTENANCE LIMITED,397367,948500609,Children's Social Care,A20010,"Property Repairs, Maintenance & Alterations (Reactive)",R0095005,DCC CIS Suppliers
18,Devon County Council,01/06/2026,22096535,525.00,WESSEX TREE SURGEONS LIMITED,18324,382780231,Highways & Infrastructure Development,A49005,Other Hired & Contracting Services,R0557002,"DCC Business Entities (Sole Trade, Partnership, Ltd)"
18,Devon County Council,01/06/2026,22096669,"1,800.00",EXETER RUGBY CLUB LTD,34972,918551313,Dedicated Schools Grant,A44185,Other professional Services (Schools),R0082007,"DCC Business Entities (Sole Trade, Partnership, Ltd)"
18,Devon County Council,01/06/2026,22096717,916.56,TEAM EDUCATE LIMITED BACS,374563,336808777,Dedicated Schools Grant,A44185,Other professional Services (Schools),R0082007,"DCC Business Entities (Sole Trade, Partnership, Ltd)"
18,Devon County Council,01/06/2026,22096718,"1,292.00",TEAM EDUCATE LIMITED BACS,374563,336808777,Dedicated Schools Grant,A44185,Other professional Services (Schools),R0082007,"DCC Business Entities (Sole Trade, Partnership, Ltd)"
18,Devon County Council,01/06/2026,22096729,779.00,SAFE SPACE TAUNTON,398184,,Children's Social Care,A61060,Support for Children in Care,R0106002,"DCC Business Entities (Sole Trade, Partnership, Ltd)"
18,Devon County Council,01/06/2026,22096735,"1,030.13",HELEN SMART,373015,,"Transport Operations, Environment and Waste",A44038,Fees,R0615001,"DCC Business Entities (Sole Trade, Partnership, Ltd)"
18,Devon County Council,01/06/2026,22096758,"1,018.42",TEAM EDUCATE LIMITED BACS,374563,336808777,Dedicated Schools Grant,A44180,Services for Educational Estabs - Devon,R0010004,"DCC Business Entities (Sole Trade, Partnership, Ltd)"
18,Devon County Council,01/06/2026,22089519,"-34,339.00",JEREMY BENN ASSOCIATES LIMITED,321667,665300941,"Capital - Planning, Transportation and Environment",C02011,External Professional Fees,C0671012,"DCC Business Entities (Sole Trade, Partnership, Ltd)"
18,Devon County Council,01/06/2026,22094426,"1,248.41",NORTH DEVON COUNCIL (AC 03953785),326313,144711092,Operations,A61045,Personal Allowance,R0228018,"DCC Business Entities (Sole Trade, Partnership, Ltd)"
18,Devon County Council,01/06/2026,22095055,850.05,NORSE SOUTH WEST LIMITED,279741,785421021,Balance Sheet,A44038,Fees,R0208005,"DCC Business Entities (Sole Trade, Partnership, Ltd)"
18,Devon County Council,01/06/2026,22096401,506.80,PROSPERO RECRUITMENT LIMITED,352539,486704947,Dedicated Schools Grant,A44185,Other professional Services (Schools),R0082007,"DCC Business Entities (Sole Trade, Partnership, Ltd)"
18,Devon County Council,01/06/2026,22096419,760.20,PROSPERO RECRUITMENT LIMITED,352539,486704947,Dedicated Schools Grant,A44185,Other professional Services (Schools),R0082007,"DCC Business Entities (Sole Trade, Partnership, Ltd)"
18,Devon County Council,01/06/2026,22096465,"4,985.20",WGP MAINTENANCE LIMITED,397367,948500609,Children's Social Care,A20010,"Property Repairs, Maintenance & Alterations (Reactive)",R0095006,DCC CIS Suppliers
18,Devon County Council,01/06/2026,22096469,"1,559.40",LEXIA EDUCATION SERVICES LIMITED,376344,376218677,Dedicated Schools Grant,A44180,Services for Educational Estabs - Devon,R0010004,"DCC Business Entities (Sole Trade, Partnership, Ltd)"
18,Devon County Council,01/06/2026,22096524,618.40,WESTCOUNTRY WOODLAND & E M LIMITED,377304,426201240,Highways & Infrastructure Development,A49005,Other Hired & Contracting Services,R0557018,DCC CIS Suppliers
18,Devon County Council,01/06/2026,22096530,"6,960.00",MULBERRY BUSH ORGANISATION LIMITED,397351,480204225,Children's Social Care,A44175,Training/Workshops - Non Staff,R0095007,"DCC Business Entities (Sole Trade, Partnership, Ltd)"
18,Devon County Council,01/06/2026,22096636,"1,499.76",CLYST CARING FRIENDS,90456,,P-Ledger - Separate Legal Entity,A47005,"Grants, Contributions & Donations",P0391008,"DCC Business Entities (Sole Trade, Partnership, Ltd)"
18,Devon County Council,01/06/2026,22096640,697.37,INSTARMAC GROUP PLC,302188,295973982,Highways & Infrastructure Development,A40070,Stock Materials,R0554004,"DCC Business Entities (Sole Trade, Partnership, Ltd)"
18,Devon County Council,01/06/2026,22096642,"1,150.50",SPECTRUM SENSORY THERAPIES LTD,406310,,Dedicated Schools Grant,A44185,Other professional Services (Schools),R0082006,"DCC Business Entities (Sole Trade, Partnership, Ltd)"
18,Devon County Council,01/06/2026,22096644,"1,096.50",SPECTRUM SENSORY THERAPIES LTD,406310,,Dedicated Schools Grant,A44185,Other professional Services (Schools),R0082006,"DCC Business Entities (Sole Trade, Partnership, Ltd)"
18,Devon County Council,01/06/2026,22089651,"3,982.00",JEREMY BENN ASSOCIATES LIMITED,321667,665300941,"Capital - Planning, Transportation and Environment",C02011,External Professional Fees,C0671012,"DCC Business Entities (Sole Trade, Partnership, Ltd)"
18,Devon County Council,01/06/2026,22090904,564.00,GLOVEMAN SUPPLIES LIMITED,86637,819291314,Operations,A40080,Health & Safety Equipment,R0264001,"DCC Business Entities (Sole Trade, Partnership, Ltd)"
18,Devon County Council,01/06/2026,22091250,"3,213.08",JEREMY BENN ASSOCIATES LIMITED,321667,665300941,"Capital - Planning, Transportation and Environment",C02009,Works,C0671012,"DCC Business Entities (Sole Trade, Partnership, Ltd)"
18,Devon County Council,01/06/2026,22094924,"2,475.00",FAMILY COMPASS,348346,392295664,Children's Social Care,A61060,Support for Children in Care,R0106002,"DCC Business Entities (Sole Trade, Partnership, Ltd)"
18,Devon County Council,01/06/2026,22094962,"1,750.00",HUGH CORNFORD CARE OF COLLETON CHAMBERS,402489,150808914,"Chief Exec, Legal & Democratic services",A44968,Legal & Conveyancing Charges,R0276001,"DCC Business Entities (Sole Trade, Partnership, Ltd)"
18,Devon County Council,01/06/2026,22095242,"2,700.59",NORSE SOUTH WEST LIMITED,279741,785421021,Balance Sheet,A44038,Fees,R0208005,"DCC Business Entities (Sole Trade, Partnership, Ltd)"
18,Devon County Council,01/06/2026,22095671,"9,375.84",JEREMY BENN ASSOCIATES LIMITED,321667,665300941,"Transport Operations, Environment and Waste",A44038,Fees,R0579007,"DCC Business Entities (Sole Trade, Partnership, Ltd)"
18,Devon County Council,01/06/2026,22096266,"4,498.26",JEREMY BENN ASSOCIATES LIMITED,321667,665300941,"Capital - Planning, Transportation and Environment",C02009,Works,C0671012,"DCC Business Entities (Sole Trade, Partnership, Ltd)"
18,Devon County Council,01/06/2026,22096395,960.00,SARAH RUSSELL,398046,,"Transport Operations, Environment and Waste",A44038,Fees,R0643001,"DCC Business Entities (Sole Trade, Partnership, Ltd)"
18,Devon County Council,01/06/2026,22096661,"1,800.00",EXETER RUGBY CLUB LTD,34972,918551313,Dedicated Schools Grant,A44185,Other professional Services (Schools),R0082007,"DCC Business Entities (Sole Trade, Partnership, Ltd)"
18,Devon County Council,01/06/2026,22096772,"1,065.75",TEAM EDUCATE LIMITED BACS,374563,336808777,Dedicated Schools Grant,A44185,Other professional Services (Schools),R0082007,"DCC Business Entities (Sole Trade, Partnership, Ltd)"
18,Devon County Council,01/06/2026,22096775,534.68,TEAM EDUCATE LIMITED BACS,374563,336808777,Dedicated Schools Grant,A44185,Other professional Services (Schools),R0082007,"DCC Business Entities (Sole Trade, Partnership, Ltd)"
18,Devon County Council,01/06/2026,22096790,"8,400.00",Liz Williams Consultancy Ltd,601082,515514903,Children's Social Care,A11013,Interim Management (External Agency),R0116004,"DCC Business Entities (Sole Trade, Partnership, Ltd)"
18,Devon County Council,01/06/2026,22096908,"5,000.00",Mpd Executive Consultants Ltd,600791,,"Chief Exec, Legal & Democratic services",A44038,Fees,R0282001,"DCC Business Entities (Sole Trade, Partnership, Ltd)"
18,Devon County Council,01/06/2026,22097027,"5,400.00",Liz Williams Consultancy Ltd,601082,515514903,Children's Social Care,A11013,Interim Management (External Agency),R0116004,"DCC Business Entities (Sole Trade, Partnership, Ltd)"
18,Devon County Council,01/06/2026,22097211,534.00,FAMILY COMPASS,348346,392295664,P-Ledger - Separate Legal Entity,A61060,Support for Children in Care,P0432008,"DCC Business Entities (Sole Trade, Partnership, Ltd)"
18,Devon County Council,01/06/2026,22097237,"6,296.68",WSP UK LIMITED,85394,905054942,"Capital - Planning, Transportation and Environment",C02011,External Professional Fees,C0671003,"DCC Business Entities (Sole Trade, Partnership, Ltd)"
18,Devon County Council,01/06/2026,22097282,"4,297.12",ON TRACK EDUCATION (BURSARY PMTS),286081,478730844,Dedicated Schools Grant,A53035,Other Recoupment Expenditure (3rd),R0111002,"DCC Business Entities (Sole Trade, Partnership, Ltd)"
18,Devon County Council,01/06/2026,22097361,806.38,WSP UK LIMITED,85394,905054942,Capital - Highways,C02011,External Professional Fees,C0671005,"DCC Business Entities (Sole Trade, Partnership, Ltd)"
18,Devon County Council,01/06/2026,22097459,972.07,Xtreme Vegetation Clearance,317338,368639347,Capital - Highways,C02009,Works,C0652001,DCC CIS Suppliers
18,Devon County Council,01/06/2026,22097993,"1,546.00",INVOLVE CARE SOLUTIONS LIMITED,402831,,Children's Social Care,A61200,Community based care,R0044004,"DCC Business Entities (Sole Trade, Partnership, Ltd)"
18,Devon County Council,01/06/2026,22098757,506.80,PROSPERO RECRUITMENT LIMITED,352539,486704947,Dedicated Schools Grant,A44185,Other professional Services (Schools),R0082007,"DCC Business Entities (Sole Trade, Partnership, Ltd)"
18,Devon County Council,01/06/2026,22099022,"12,203.41",QUALITY MARKING SERVICES LIMITED,86608,777323994,Highways & Infrastructure Development,A49005,Other Hired & Contracting Services,R0552003,DCC CIS Suppliers
18,Devon County Council,01/06/2026,22099207,"28,571.92",QUALITY MARKING SERVICES LIMITED,86608,777323994,Capital - Highways,C02009,Works,C0652001,DCC CIS Suppliers
18,Devon County Council,01/06/2026,22099423,"2,156.30",NETWORK RAIL,195364,798650956,Capital - Highways,C02011,External Professional Fees,C0671004,"DCC Business Entities (Sole Trade, Partnership, Ltd)"
18,Devon County Council,01/06/2026,22100322,625.00,SIRONA THERAPEUTIC HORSEMANSHIP,285933,,Dedicated Schools Grant,A44180,Services for Educational Estabs - Devon,R0010004,"DCC Business Entities (Sole Trade, Partnership, Ltd)"
18,Devon County Council,01/06/2026,22101339,"1,387.38",TEIGN TREES & LANDSCAPES SOUTH WEST LIMITED,209228,250371238,Highways & Infrastructure Development,A49005,Other Hired & Contracting Services,R0553005,DCC CIS Suppliers
18,Devon County Council,01/06/2026,22096654,"2,714.25",CALVERT TRUST EXMOOR,17260,629370231,Children's Social Care,A44038,Fees,R0076001,"DCC Business Entities (Sole Trade, Partnership, Ltd)"
18,Devon County Council,01/06/2026,22096663,"6,940.00",JEREMY BENN ASSOCIATES LIMITED,321667,665300941,"Capital - Planning, Transportation and Environment",C02009,Works,C0656001,"DCC Business Entities (Sole Trade, Partnership, Ltd)"
18,Devon County Council,01/06/2026,22096667,"1,800.00",EXETER RUGBY CLUB LTD,34972,918551313,Dedicated Schools Grant,A44185,Other professional Services (Schools),R0082007,"DCC Business Entities (Sole Trade, Partnership, Ltd)"
18,Devon County Council,01/06/2026,22096700,"1,700.00",SEVERNSIDE TRANSPORTATION DATA C,396817,306411248,Planning,A49005,Other Hired & Contracting Services,R0620002,"DCC Business Entities (Sole Trade, Partnership, Ltd)"
18,Devon County Council,01/06/2026,22096704,"14,909.00",JEREMY BENN ASSOCIATES LIMITED,321667,665300941,"Transport Operations, Environment and Waste",A44038,Fees,R0579007,"DCC Business Entities (Sole Trade, Partnership, Ltd)"
18,Devon County Council,01/06/2026,22096739,"4,302.79",NORSE SOUTH WEST LIMITED,279741,785421021,Transformation & Business Services,A45008,IT Hardware Maintenance,R0333026,"DCC Business Entities (Sole Trade, Partnership, Ltd)"
18,Devon County Council,01/06/2026,22096760,660.00,TEAM EDUCATE LIMITED BACS,374563,336808777,Dedicated Schools Grant,A49006,Bought in Professnl Servs-Curric,R0107001,"DCC Business Entities (Sole Trade, Partnership, Ltd)"
18,Devon County Council,01/06/2026,22096765,761.25,TEAM EDUCATE LIMITED BACS,374563,336808777,Dedicated Schools Grant,A49006,Bought in Professnl Servs-Curric,R0107001,"DCC Business Entities (Sole Trade, Partnership, Ltd)"
18,Devon County Council,01/06/2026,22096771,814.73,TEAM EDUCATE LIMITED BACS,374563,336808777,Dedicated Schools Grant,A44185,Other professional Services (Schools),R0082007,"DCC Business Entities (Sole Trade, Partnership, Ltd)"
18,Devon County Council,01/06/2026,22096812,720.00,Phoenix Training and Consultancy Ltd,600177,515889648,People and Culture,A44038,Fees,R0303008,"DCC Business Entities (Sole Trade, Partnership, Ltd)"
18,Devon County Council,01/06/2026,22096824,"494,842.52",SUEZ RECYCLING & RECOVERY UK LIMITED,208690,444085847,"Transport Operations, Environment and Waste",A46100,Main / Term Contractor,R0595009,"DCC Business Entities (Sole Trade, Partnership, Ltd)"
18,Devon County Council,01/06/2026,22096856,750.00,Phoenix Training and Consultancy Ltd,600177,515889648,P-Ledger - Separate Legal Entity,A44038,Fees,P0425001,"DCC Business Entities (Sole Trade, Partnership, Ltd)"
18,Devon County Council,01/06/2026,22097033,"2,438.30",WSP UK LIMITED,85394,905054942,Planning,A49005,Other Hired & Contracting Services,R0616001,"DCC Business Entities (Sole Trade, Partnership, Ltd)"
18,Devon County Council,01/06/2026,22096833,"1,299.60",SKYGUARD,351428,285808854,Highways & Infrastructure Development,A40080,Health & Safety Equipment,R0556001,"DCC Business Entities (Sole Trade, Partnership, Ltd)"
18,Devon County Council,01/06/2026,22096847,"35,131.00",W D M LIMITED (BRISTOL),4601,433825942,Highways & Infrastructure Development,A45045,IT Software Maintenance,R0558001,"DCC Business Entities (Sole Trade, Partnership, Ltd)"
18,Devon County Council,01/06/2026,22096922,697.37,INSTARMAC GROUP PLC,302188,295973982,Highways & Infrastructure Development,A40070,Stock Materials,R0554004,"DCC Business Entities (Sole Trade, Partnership, Ltd)"
18,Devon County Council,01/06/2026,22096923,815.96,WESTCOUNTRY WOODLAND & E M LIMITED,377304,426201240,Highways & Infrastructure Development,A49005,Other Hired & Contracting Services,R0552006,DCC CIS Suppliers
18,Devon County Council,01/06/2026,22097046,900.00,MARTIN KENNY,318186,743963602,"Chief Exec, Legal & Democratic services",A44968,Legal & Conveyancing Charges,R0276001,"DCC Business Entities (Sole Trade, Partnership, Ltd)"
18,Devon County Council,01/06/2026,22097126,"180,200.00",SOMERSET COUNCIL,4696,131254412,"Economy, Enterprise and Skills",A52005,Payments to Other Local Authorities,R0544005,"DCC Business Entities (Sole Trade, Partnership, Ltd)"
18,Devon County Council,01/06/2026,22097148,"2,040.00",ACORN ALTERNATIVE PROVISIONS LIMITED,393459,,Dedicated Schools Grant,A44185,Other professional Services (Schools),R0082007,"DCC Business Entities (Sole Trade, Partnership, Ltd)"
18,Devon County Council,01/06/2026,22097249,"1,055.60",WSP UK LIMITED,85394,905054942,Planning,A44038,Fees,R0620002,"DCC Business Entities (Sole Trade, Partnership, Ltd)"
18,Devon County Council,01/06/2026,22097314,"1,834.85",GREENHAM TRADING LIMITED (EXETER),13821,823820932,"Chief Exec, Legal & Democratic services",A42005,Clothing & Uniforms,R0317001,"DCC Business Entities (Sole Trade, Partnership, Ltd)"
18,Devon County Council,01/06/2026,22097355,"2,704.58",WSP UK LIMITED,85394,905054942,Capital - Highways,C02011,External Professional Fees,C0671004,"DCC Business Entities (Sole Trade, Partnership, Ltd)"
18,Devon County Council,01/06/2026,22097392,"2,741.76",SID VALLEY HELP,352247,,P-Ledger - Separate Legal Entity,A52010,"Grants to voluntary, community and social enterprise organisations",P0391008,"DCC Business Entities (Sole Trade, Partnership, Ltd)"
18,Devon County Council,01/06/2026,22097468,"15,487.52",WSP UK LIMITED,85394,905054942,Capital - Highways,C02011,External Professional Fees,C0671004,"DCC Business Entities (Sole Trade, Partnership, Ltd)"
18,Devon County Council,01/06/2026,22097582,892.10,WSP UK LIMITED,85394,905054942,"Capital - Planning, Transportation and Environment",C02011,External Professional Fees,C0671003,"DCC Business Entities (Sole Trade, Partnership, Ltd)"
18,Devon County Council,01/06/2026,22101664,540.00,TIVERTON COMMUNITY ARTS THEATRE,276030,,Communities,A52010,"Grants to voluntary, community and social enterprise organisations",R0534003,"DCC Business Entities (Sole Trade, Partnership, Ltd)"
18,Devon County Council,02/06/2026,22098466,902.63,OCEAN HEALTHCARE,371633,776836374,Operations,A11005,Agency Supply Staff,R0268001,"DCC Business Entities (Sole Trade, Partnership, Ltd)"
18,Devon County Council,02/06/2026,22098680,"1,950.00",MOOR TO LIFE E & W COMMUNITY INTEREST COMPANY,393010,,Dedicated Schools Grant,A44185,Other professional Services (Schools),R0082007,"DCC Business Entities (Sole Trade, Partnership, Ltd)"
18,Devon County Council,02/06/2026,22099229,850.46,OCEAN HEALTHCARE,371633,776836374,Operations,A11005,Agency Supply Staff,R0269001,"DCC Business Entities (Sole Trade, Partnership, Ltd)"
18,Devon County Council,02/06/2026,22100721,962.50,JUDI EVANS,293771,691665987,"Chief Exec, Legal & Democratic services",A44968,Legal & Conveyancing Charges,R0276001,"DCC Business Entities (Sole Trade, Partnership, Ltd)"
18,Devon County Council,02/06/2026,22100751,"2,263.84",E & J W GLENDINNING LIMITED,62732,668406312,Capital - Highways,C02009,Works,C0652001,DCC CIS Suppliers
18,Devon County Council,02/06/2026,22100884,850.00,Sarah Phillimore,293270,726113168,"Chief Exec, Legal & Democratic services",A44968,Legal & Conveyancing Charges,R0276001,"DCC Business Entities (Sole Trade, Partnership, Ltd)"
18,Devon County Council,02/06/2026,22101307,913.61,I J Cannings & Son Limited,14467,192803203,Transformation & Business Services,A20010,"Property Repairs, Maintenance & Alterations (Reactive)",R0353008,DCC CIS Suppliers
18,Devon County Council,02/06/2026,22101481,"2,263.84",E & J W GLENDINNING LIMITED,62732,668406312,Capital - Highways,C02009,Works,C0652001,DCC CIS Suppliers
18,Devon County Council,02/06/2026,22102221,650.00,JUDITH PEPPER,391748,839242905,"Chief Exec, Legal & Democratic services",A44968,Legal & Conveyancing Charges,R0276001,"DCC Business Entities (Sole Trade, Partnership, Ltd)"
18,Devon County Council,02/06/2026,22102301,500.00,PIPPINS CIO,379083,,"Chief Exec, Legal & Democratic services",A44165,Compensation Claims payments,R0283001,"DCC Business Entities (Sole Trade, Partnership, Ltd)"
18,Devon County Council,02/06/2026,22102315,685.00,PATHFIELD ACTIVITIES CLUB YTH GP,201320,,Children's Social Care,A61200,Community based care,R0046004,"DCC Business Entities (Sole Trade, Partnership, Ltd)"
18,Devon County Council,02/06/2026,22102368,"6,036.87",THE COLOUR WORKS INTERNATIONAL LIMITED,394321,825444822,People and Culture,A16015,Staff Training Expenses - Non Payroll,R0303002,"DCC Business Entities (Sole Trade, Partnership, Ltd)"
18,Devon County Council,02/06/2026,22102494,"3,683.87",Liberata UK Limited,602968,394593601,Finance & Public Value,A44038,Fees,R0214001,"DCC Business Entities (Sole Trade, Partnership, Ltd)"
18,Devon County Council,01/06/2026,22097174,"4,590.00",ACORN ALTERNATIVE PROVISIONS LIMITED,393459,,Dedicated Schools Grant,A44185,Other professional Services (Schools),R0082007,"DCC Business Entities (Sole Trade, Partnership, Ltd)"
18,Devon County Council,01/06/2026,22097178,"1,360.00",ACORN ALTERNATIVE PROVISIONS LIMITED,393459,,Dedicated Schools Grant,A44180,Services for Educational Estabs - Devon,R0010004,"DCC Business Entities (Sole Trade, Partnership, Ltd)"
18,Devon County Council,01/06/2026,22097230,"4,961.41",WSP UK LIMITED,85394,905054942,Capital - Highways,C02011,External Professional Fees,C0652001,"DCC Business Entities (Sole Trade, Partnership, Ltd)"
18,Devon County Council,01/06/2026,22097236,"6,585.08",WSP UK LIMITED,85394,905054942,Capital - Highways,C02011,External Professional Fees,C0671005,"DCC Business Entities (Sole Trade, Partnership, Ltd)"
18,Devon County Council,01/06/2026,22097284,"3,610.00",ON TRACK EDUCATION (BURSARY PMTS),286081,478730844,Dedicated Schools Grant,A53035,Other Recoupment Expenditure (3rd),R0111002,"DCC Business Entities (Sole Trade, Partnership, Ltd)"
18,Devon County Council,01/06/2026,22097287,"2,166.67",DOMINIC ACLAND,333939,,"Capital - Planning, Transportation and Environment",C02011,External Professional Fees,C0656001,"DCC Business Entities (Sole Trade, Partnership, Ltd)"
18,Devon County Council,01/06/2026,22097724,"3,540.00",POLES APART AP LIMITED,382940,415121054,Dedicated Schools Grant,A44185,Other professional Services (Schools),R0082007,"DCC Business Entities (Sole Trade, Partnership, Ltd)"
18,Devon County Council,01/06/2026,22097769,"1,512.53",JO FISHER & COMPANY LIMITED,360124,,Dedicated Schools Grant,A44185,Other professional Services (Schools),R0082006,"DCC Business Entities (Sole Trade, Partnership, Ltd)"
18,Devon County Council,01/06/2026,22098370,"1,824.90",Cheldern Nursery and Pre School Limited,601412,,Dedicated Schools Grant,A52010,"Grants to voluntary, community and social enterprise organisations",R0001011,"DCC Business Entities (Sole Trade, Partnership, Ltd)"
18,Devon County Council,01/06/2026,22098535,772.67,LEXTOX,308992,111581940,"Chief Exec, Legal & Democratic services",A44038,Fees,R0276001,"DCC Business Entities (Sole Trade, Partnership, Ltd)"
18,Devon County Council,01/06/2026,22098537,"1,163.10",ARMADA SOCIAL WORK SERVICES LIMITED,382784,395853540,"Chief Exec, Legal & Democratic services",A44038,Fees,R0276001,"DCC Business Entities (Sole Trade, Partnership, Ltd)"
18,Devon County Council,01/06/2026,22099235,"12,203.41",QUALITY MARKING SERVICES LIMITED,86608,777323994,Highways & Infrastructure Development,A49005,Other Hired & Contracting Services,R0552003,DCC CIS Suppliers
18,Devon County Council,01/06/2026,22099560,"1,061.60",MJ HOME CARE STAFFING LIMITED,403136,,Operations,A62105,Miscellaneous expenditure,R0227071,"DCC Business Entities (Sole Trade, Partnership, Ltd)"
18,Devon County Council,01/06/2026,22096427,760.20,PROSPERO RECRUITMENT LIMITED,352539,486704947,Dedicated Schools Grant,A44180,Services for Educational Estabs - Devon,R0010004,"DCC Business Entities (Sole Trade, Partnership, Ltd)"
18,Devon County Council,01/06/2026,22096462,929.50,ORION MEDICAL SUPPLIES LIMITED,355162,142018357,Public Health,A57115,Payments to Private Contractors,R0316037,"DCC Business Entities (Sole Trade, Partnership, Ltd)"
18,Devon County Council,01/06/2026,22096538,"1,455.00",TRAFFIC DATA CENTRE,352519,627331844,Planning,A49005,Other Hired & Contracting Services,R0620001,"DCC Business Entities (Sole Trade, Partnership, Ltd)"
18,Devon County Council,01/06/2026,22096646,663.00,SPECTRUM SENSORY THERAPIES LTD,406310,,Dedicated Schools Grant,A44185,Other professional Services (Schools),R0082006,"DCC Business Entities (Sole Trade, Partnership, Ltd)"
18,Devon County Council,01/06/2026,22096656,"2,714.25",CALVERT TRUST EXMOOR,17260,629370231,Children's Social Care,A44038,Fees,R0076001,"DCC Business Entities (Sole Trade, Partnership, Ltd)"
18,Devon County Council,01/06/2026,22096764,875.61,TEAM EDUCATE LIMITED BACS,374563,336808777,Dedicated Schools Grant,A49006,Bought in Professnl Servs-Curric,R0107001,"DCC Business Entities (Sole Trade, Partnership, Ltd)"
18,Devon County Council,01/06/2026,22096767,524.91,DODDS SOLICITORS LLP,394172,729928286,"Chief Exec, Legal & Democratic services",A44968,Legal & Conveyancing Charges,R0276001,"DCC Business Entities (Sole Trade, Partnership, Ltd)"
18,Devon County Council,01/06/2026,22096791,609.00,DANIEL RAMSAY,316733,,Highways & Infrastructure Development,A49005,Other Hired & Contracting Services,R0557006,DCC CIS Suppliers
18,Devon County Council,01/06/2026,22096814,"6,237.00",REALISE LEARNING AND EMPLOYMENT LIMITED,401700,364816672,"Economy, Enterprise and Skills",A44038,Fees,R0546004,"DCC Business Entities (Sole Trade, Partnership, Ltd)"
18,Devon County Council,01/06/2026,22096826,504.00,PSYCHOLOGY ASSOCIATES LIMITED,147932,912873418,P-Ledger - Separate Legal Entity,A61060,Support for Children in Care,P0432008,"DCC Business Entities (Sole Trade, Partnership, Ltd)"
18,Devon County Council,01/06/2026,22096891,"4,675.00",UX2 LIMITED,388014,235329022,Dedicated Schools Grant,A44185,Other professional Services (Schools),R0082007,"DCC Business Entities (Sole Trade, Partnership, Ltd)"
18,Devon County Council,01/06/2026,22096899,625.00,TRAFFIC DATA CENTRE,352519,627331844,Planning,A49005,Other Hired & Contracting Services,R0620001,"DCC Business Entities (Sole Trade, Partnership, Ltd)"
18,Devon County Council,01/06/2026,22097030,750.00,Derek Perry,604195,891798749,Other PH Services,A44968,Legal & Conveyancing Charges,R0548001,"DCC Business Entities (Sole Trade, Partnership, Ltd)"
18,Devon County Council,01/06/2026,22097050,527.70,Juliet Hoole,600342,,Children's Social Care,A44038,Fees,R0095007,"DCC Business Entities (Sole Trade, Partnership, Ltd)"
18,Devon County Council,01/06/2026,22097683,"1,140.00",EXETER PHOENIX,24978,409043671,"Economy, Enterprise and Skills",A22010,Hire of Rooms,R0539002,"DCC Business Entities (Sole Trade, Partnership, Ltd)"
18,Devon County Council,01/06/2026,22097877,"8,508.72",CLEANSING SERVICE GROUP LIMITED,18365,369922701,"Transport Operations, Environment and Waste",A46100,Main / Term Contractor,R0601001,"DCC Business Entities (Sole Trade, Partnership, Ltd)"
18,Devon County Council,01/06/2026,22098528,725.34,LEXTOX,308992,111581940,"Chief Exec, Legal & Democratic services",A44038,Fees,R0276001,"DCC Business Entities (Sole Trade, Partnership, Ltd)"
18,Devon County Council,01/06/2026,22099014,"12,918.37",QUALITY MARKING SERVICES LIMITED,86608,777323994,Highways & Infrastructure Development,A49005,Other Hired & Contracting Services,R0552003,DCC CIS Suppliers
18,Devon County Council,01/06/2026,22100052,"2,183.55",TIDES PSYCHOLOGY,333039,,"Chief Exec, Legal & Democratic services",A44038,Fees,R0276001,"DCC Business Entities (Sole Trade, Partnership, Ltd)"
18,Devon County Council,01/06/2026,22100782,900.00,NICHOLAS BRADLEY CARE OF DEVON CHAMBERS,337021,198466153,"Chief Exec, Legal & Democratic services",A44968,Legal & Conveyancing Charges,R0276001,"DCC Business Entities (Sole Trade, Partnership, Ltd)"
18,Devon County Council,01/06/2026,22100892,"6,792.00",GB GROUP PLC,298827,539716218,Other PH Services,A45045,IT Software Maintenance,R0548001,"DCC Business Entities (Sole Trade, Partnership, Ltd)"
18,Devon County Council,01/06/2026,22100908,"54,390.00",EXETER CITY COUNCIL (RATES&C/TAX),9724,142335594,Highways & Infrastructure Development,A23005,Rates,R0556009,"DCC Business Entities (Sole Trade, Partnership, Ltd)"
18,Devon County Council,01/06/2026,22101029,"32,277.28",QUALITY MARKING SERVICES LIMITED,86608,777323994,Capital - Highways,C02009,Works,C0652001,DCC CIS Suppliers
18,Devon County Council,01/06/2026,22101049,"2,950.00",ISWP ASSESSMENT SERVICES LIMITED,340338,251027053,Children's Social Care,A44038,Fees,R0024001,"DCC Business Entities (Sole Trade, Partnership, Ltd)"
18,Devon County Council,01/06/2026,22101278,850.00,RHYS JENKINS,367140,322180836,"Chief Exec, Legal & Democratic services",A44968,Legal & Conveyancing Charges,R0276001,"DCC Business Entities (Sole Trade, Partnership, Ltd)"
18,Devon County Council,01/06/2026,22101618,510.00,Bampton Allotment Association Ltd,605103,,Communities,A52010,"Grants to voluntary, community and social enterprise organisations",R0534003,"DCC Business Entities (Sole Trade, Partnership, Ltd)"
18,Devon County Council,02/06/2026,22091690,"6,206.32",ACORN CARE & EDUCATION LIMITED,333557,902188441,Dedicated Schools Grant,A61052,Independent Special School Fees,R0089003,"DCC Business Entities (Sole Trade, Partnership, Ltd)"
18,Devon County Council,02/06/2026,22096912,"2,093.00",DEVON PATHWAYS LTD,383486,392542678,Dedicated Schools Grant,A44185,Other professional Services (Schools),R0082007,"DCC Business Entities (Sole Trade, Partnership, Ltd)"
18,Devon County Council,02/06/2026,150470613,"41,525.49",M Group Highways Limited,375383,927200546,Capital - Highways,C02051,Term Maintenance Contract,C0671007,"DCC Business Entities (Sole Trade, Partnership, Ltd)"
18,Devon County Council,02/06/2026,150470621,"2,803.30",M Group Highways Limited,375383,927200546,Capital - Highways,C02051,Term Maintenance Contract,C0671007,"DCC Business Entities (Sole Trade, Partnership, Ltd)"
18,Devon County Council,02/06/2026,150470631,"1,440.32",M Group Highways Limited,375383,927200546,Capital - Highways,C02051,Term Maintenance Contract,C0671007,"DCC Business Entities (Sole Trade, Partnership, Ltd)"
18,Devon County Council,02/06/2026,150470633,"16,129.76",M Group Highways Limited,375383,927200546,Highways & Infrastructure Development,A46100,Main / Term Contractor,R0554004,"DCC Business Entities (Sole Trade, Partnership, Ltd)"
18,Devon County Council,02/06/2026,150470639,"98,556.55",M Group Highways Limited,375383,927200546,Capital - Highways,C02051,Term Maintenance Contract,C0671005,"DCC Business Entities (Sole Trade, Partnership, Ltd)"
18,Devon County Council,02/06/2026,150470640,"30,754.79",M Group Highways Limited,375383,927200546,Capital - Highways,C02051,Term Maintenance Contract,C0671007,"DCC Business Entities (Sole Trade, Partnership, Ltd)"
18,Devon County Council,02/06/2026,150470641,"38,083.60",M Group Highways Limited,375383,927200546,Capital - Highways,C02051,Term Maintenance Contract,C0671005,"DCC Business Entities (Sole Trade, Partnership, Ltd)"
18,Devon County Council,02/06/2026,150470651,"6,161.00",M Group Highways Limited,375383,927200546,Capital - Highways,C02051,Term Maintenance Contract,C0671005,"DCC Business Entities (Sole Trade, Partnership, Ltd)"
18,Devon County Council,02/06/2026,150470652,"21,081.90",M Group Highways Limited,375383,927200546,Capital - Highways,C02051,Term Maintenance Contract,C0652001,"DCC Business Entities (Sole Trade, Partnership, Ltd)"
18,Devon County Council,02/06/2026,150470656,"5,044.36",M Group Highways Limited,375383,927200546,Highways & Infrastructure Development,A46100,Main / Term Contractor,R0553006,"DCC Business Entities (Sole Trade, Partnership, Ltd)"
18,Devon County Council,02/06/2026,150470660,"4,290.14",M Group Highways Limited,375383,927200546,Capital - Highways,C02051,Term Maintenance Contract,C0671007,"DCC Business Entities (Sole Trade, Partnership, Ltd)"
18,Devon County Council,02/06/2026,150470661,"1,362.03",M Group Highways Limited,375383,927200546,Capital - Highways,C02051,Term Maintenance Contract,C0671007,"DCC Business Entities (Sole Trade, Partnership, Ltd)"
18,Devon County Council,02/06/2026,150470662,660.40,M Group Highways Limited,375383,927200546,Capital - Highways,C02051,Term Maintenance Contract,C0671007,"DCC Business Entities (Sole Trade, Partnership, Ltd)"
18,Devon County Council,02/06/2026,150470666,"-13,384.20",M Group Highways Limited,375383,927200546,Capital - Highways,C02051,Term Maintenance Contract,C0671005,"DCC Business Entities (Sole Trade, Partnership, Ltd)"
18,Devon County Council,02/06/2026,22097156,"1,300.00",DWS CONSULTANCY LIMITED,401968,489248632,Children's Social Care,A44065,Consultancy Services,R0129001,"DCC Business Entities (Sole Trade, Partnership, Ltd)"
18,Devon County Council,02/06/2026,22097173,841.00,DANIEL RAMSAY,316733,,Highways & Infrastructure Development,A49005,Other Hired & Contracting Services,R0557006,DCC CIS Suppliers
18,Devon County Council,02/06/2026,22097522,"19,444.45",ACORN CARE & EDUCATION LIMITED,333557,902188441,Dedicated Schools Grant,A61052,Independent Special School Fees,R0089003,"DCC Business Entities (Sole Trade, Partnership, Ltd)"
18,Devon County Council,02/06/2026,22097953,"2,615.80",S KELLY SOCIAL WORK,369280,989405760,"Chief Exec, Legal & Democratic services",A44038,Fees,R0276001,"DCC Business Entities (Sole Trade, Partnership, Ltd)"
18,Devon County Council,02/06/2026,22098014,700.00,SWIFT CARE SERVICES LIMITED,403733,,Children's Social Care,A61200,Community based care,R0044004,"DCC Business Entities (Sole Trade, Partnership, Ltd)"
18,Devon County Council,02/06/2026,22098125,"3,483.00",GCI NETWORK SOLUTIONS TA NASSTAR,380659,199872429,Transformation & Business Services,A45020,Telephones,R0353008,"DCC Business Entities (Sole Trade, Partnership, Ltd)"
18,Devon County Council,02/06/2026,22098753,559.80,BLEEP 360 CARE LIMITED,360406,355167685,Children's Social Care,A61200,Community based care,R0044004,"DCC Business Entities (Sole Trade, Partnership, Ltd)"
18,Devon County Council,02/06/2026,22100327,"1,384.50",DR N G RYLEY,396753,,"Chief Exec, Legal & Democratic services",A44038,Fees,R0506002,"DCC Business Entities (Sole Trade, Partnership, Ltd)"
18,Devon County Council,02/06/2026,22100595,"2,178.36",BERE FERRERS PARISH COUNCIL,6954,,Highways & Infrastructure Development,A49005,Other Hired & Contracting Services,R0557030,"DCC Business Entities (Sole Trade, Partnership, Ltd)"
18,Devon County Council,02/06/2026,22100753,"2,263.24",E & J W GLENDINNING LIMITED,62732,668406312,Capital - Highways,C02009,Works,C0652001,DCC CIS Suppliers
18,Devon County Council,02/06/2026,22100760,"1,930.00",NOVZES LIMITED TRADING AS BACKWORLD,384254,303427636,Communities,A44038,Fees,R0363002,"DCC Business Entities (Sole Trade, Partnership, Ltd)"
18,Devon County Council,02/06/2026,22102212,"1,315.00",JUDY SALMON,401412,,P-Ledger - Separate Legal Entity,A44175,Training/Workshops - Non Staff,P0393008,"DCC Business Entities (Sole Trade, Partnership, Ltd)"
18,Devon County Council,02/06/2026,22102272,"336,000.00",EXETER CITY COUNCIL (FINANCE),4272,142335594,Suspense Control Account,A77001,Section 106 Suspense,R0502050,"DCC Business Entities (Sole Trade, Partnership, Ltd)"
18,Devon County Council,02/06/2026,150470614,984.11,M Group Highways Limited,375383,927200546,Capital - Highways,C02051,Term Maintenance Contract,C0671007,"DCC Business Entities (Sole Trade, Partnership, Ltd)"
18,Devon County Council,02/06/2026,150470617,"2,945.97",M Group Highways Limited,375383,927200546,Capital - Highways,C02051,Term Maintenance Contract,C0671007,"DCC Business Entities (Sole Trade, Partnership, Ltd)"
18,Devon County Council,02/06/2026,150470618,"24,877.05",M Group Highways Limited,375383,927200546,Capital - Highways,C02051,Term Maintenance Contract,C0671007,"DCC Business Entities (Sole Trade, Partnership, Ltd)"
18,Devon County Council,02/06/2026,150470628,"18,737.21",M Group Highways Limited,375383,927200546,Highways & Infrastructure Development,A46100,Main / Term Contractor,R0554004,"DCC Business Entities (Sole Trade, Partnership, Ltd)"
18,Devon County Council,02/06/2026,150470634,"27,848.98",M Group Highways Limited,375383,927200546,Highways & Infrastructure Development,A46100,Main / Term Contractor,R0554004,"DCC Business Entities (Sole Trade, Partnership, Ltd)"
18,Devon County Council,02/06/2026,150470635,"22,443.17",M Group Highways Limited,375383,927200546,Highways & Infrastructure Development,A46100,Main / Term Contractor,R0554004,"DCC Business Entities (Sole Trade, Partnership, Ltd)"
18,Devon County Council,02/06/2026,150470646,"101,707.91",M Group Highways Limited,375383,927200546,Capital - Highways,C02051,Term Maintenance Contract,C0671005,"DCC Business Entities (Sole Trade, Partnership, Ltd)"
18,Devon County Council,02/06/2026,150470648,"4,188.92",M Group Highways Limited,375383,927200546,Capital - Highways,C02051,Term Maintenance Contract,C0671007,"DCC Business Entities (Sole Trade, Partnership, Ltd)"
18,Devon County Council,02/06/2026,150470654,"28,937.32",M Group Highways Limited,375383,927200546,Highways & Infrastructure Development,A46100,Main / Term Contractor,R0553006,"DCC Business Entities (Sole Trade, Partnership, Ltd)"
18,Devon County Council,02/06/2026,150470658,706.93,M Group Highways Limited,375383,927200546,Highways & Infrastructure Development,A46100,Main / Term Contractor,R0554001,"DCC Business Entities (Sole Trade, Partnership, Ltd)"
18,Devon County Council,02/06/2026,150470659,913.56,M Group Highways Limited,375383,927200546,Capital - Highways,C02051,Term Maintenance Contract,C0671007,"DCC Business Entities (Sole Trade, Partnership, Ltd)"
18,Devon County Council,02/06/2026,150470669,"-22,443.17",M Group Highways Limited,375383,927200546,Capital - Highways,C02051,Term Maintenance Contract,C0671005,"DCC Business Entities (Sole Trade, Partnership, Ltd)"
18,Devon County Council,02/06/2026,150470670,"-9,384.59",M Group Highways Limited,375383,927200546,Highways & Infrastructure Development,A46100,Main / Term Contractor,R0554004,"DCC Business Entities (Sole Trade, Partnership, Ltd)"
18,Devon County Council,03/06/2026,22090932,"1,051.80",MILLBROOK HEALTHCARE LIMITED,117031,675991080,P-Ledger - Separate Legal Entity,A61054,Equipment (Care),P0391002,"DCC Business Entities (Sole Trade, Partnership, Ltd)"
18,Devon County Council,03/06/2026,22096539,"6,706.00",KENNFORD TARMACADAM LIMITED,24534,976391178,Capital - Highways,C02009,Works,C0671006,DCC CIS Suppliers
18,Devon County Council,03/06/2026,22097203,669.49,Kate Boot,603678,,Operations,A57133,Enabling,R0227021,"DCC Business Entities (Sole Trade, Partnership, Ltd)"
18,Devon County Council,03/06/2026,22097205,"5,698.00",AYRE CONTRACTORS & PLANT HIRE,209433,996310885,Capital - Highways,C02009,Works,C0652001,DCC CIS Suppliers
18,Devon County Council,03/06/2026,22097252,"10,600.06",QUALITY MARKING SERVICES LIMITED,86608,777323994,Highways & Infrastructure Development,A49005,Other Hired & Contracting Services,R0552003,DCC CIS Suppliers
18,Devon County Council,03/06/2026,22097261,"20,511.00",EXMOUTH & DISTRICT C T G,11916,777504010,"Transport Operations, Environment and Waste",A52010,"Grants to voluntary, community and social enterprise organisations",R0581002,"DCC Business Entities (Sole Trade, Partnership, Ltd)"
18,Devon County Council,03/06/2026,22097281,"37,664.00",THE WOODROFFE SCHOOL,52595,,Dedicated Schools Grant,A53035,Other Recoupment Expenditure (3rd),R0111004,"DCC Business Entities (Sole Trade, Partnership, Ltd)"
18,Devon County Council,03/06/2026,22097306,"3,120.00",EVERGREEN SERVICES (DEVON) LIMITED,360540,245640215,Children's Social Care,A20010,"Property Repairs, Maintenance & Alterations (Reactive)",R0095001,DCC CIS Suppliers
18,Devon County Council,03/06/2026,22097332,575.00,ESSENTIAL 6 LIMITED,219393,941534529,Children's Social Care,A44175,Training/Workshops - Non Staff,R0095007,"DCC Business Entities (Sole Trade, Partnership, Ltd)"
18,Devon County Council,03/06/2026,22097513,"117,664.00",S C C,161520,313651680,Transformation & Business Services,A45005,IT Hardware,R0505006,"DCC Business Entities (Sole Trade, Partnership, Ltd)"
18,Devon County Council,03/06/2026,22097720,"41,587.14",QUALITY MARKING SERVICES LIMITED,86608,777323994,Capital - Highways,C02009,Works,C0652001,DCC CIS Suppliers
18,Devon County Council,03/06/2026,22097891,"1,920.00",The Empower School t/a Contact Success,397825,438034602,Dedicated Schools Grant,A44185,Other professional Services (Schools),R0082007,"DCC Business Entities (Sole Trade, Partnership, Ltd)"
18,Devon County Council,03/06/2026,22098009,"1,221.00",INVOLVE CARE SOLUTIONS LIMITED,402831,,Children's Social Care,A61200,Community based care,R0044007,"DCC Business Entities (Sole Trade, Partnership, Ltd)"
18,Devon County Council,03/06/2026,22098527,"5,400.00",Sally Daulton,602355,108715225,"Chief Exec, Legal & Democratic services",A44968,Legal & Conveyancing Charges,R0276001,"DCC Business Entities (Sole Trade, Partnership, Ltd)"
18,Devon County Council,03/06/2026,22099360,"2,512.50",PROMOTING INDEPENDENT CARE LIMITED,376159,,Children's Social Care,A61200,Community based care,R0044004,"DCC Business Entities (Sole Trade, Partnership, Ltd)"
18,Devon County Council,03/06/2026,22099920,"33,565.62",MILLBROOK HEALTHCARE LIMITED,117031,675991080,P-Ledger - Separate Legal Entity,A61054,Equipment (Care),P0391006,"DCC Business Entities (Sole Trade, Partnership, Ltd)"
18,Devon County Council,03/06/2026,22100305,603.64,NORSE SOUTH WEST LIMITED,279741,785421021,Inclusion & Learning,A46100,Main / Term Contractor,R0052001,"DCC Business Entities (Sole Trade, Partnership, Ltd)"
18,Devon County Council,03/06/2026,22100400,700.00,Liberty Crawford,603652,469094158,"Chief Exec, Legal & Democratic services",A44968,Legal & Conveyancing Charges,R0276001,"DCC Business Entities (Sole Trade, Partnership, Ltd)"
18,Devon County Council,03/06/2026,22100813,661.50,SOUTHWEST INTERVENTION SERVICES,333291,440830321,Children's Social Care,A61200,Community based care,R0044004,"DCC Business Entities (Sole Trade, Partnership, Ltd)"
18,Devon County Council,03/06/2026,22101354,"1,242.19",ENVIRONMENT AGENCY,184941,662490134,"Transport Operations, Environment and Waste",A44038,Fees,R0601001,"DCC Business Entities (Sole Trade, Partnership, Ltd)"
18,Devon County Council,03/06/2026,22101927,"40,080.00",Quite Laterally Ltd,604944,370 547 102,Commissioning,A45040,IT Software,R0466001,"DCC Business Entities (Sole Trade, Partnership, Ltd)"
18,Devon County Council,03/06/2026,22102273,"1,275.00",ROYAL MAIL GROUP LIMITED,5702,243170002,Transformation & Business Services,A45015,Postages,R0350001,"DCC Business Entities (Sole Trade, Partnership, Ltd)"
18,Devon County Council,03/06/2026,22102351,"1,793.40",ASHFORDS LLP,88874,140836186,"Capital - Planning, Transportation and Environment",C02011,External Professional Fees,C0671003,"DCC Business Entities (Sole Trade, Partnership, Ltd)"
18,Devon County Council,03/06/2026,22102358,"2,756.19",Gossell Ltd,600955,363935570,Below the line,A85077,Miscellaneous Interest Payable,R0515084,"DCC Business Entities (Sole Trade, Partnership, Ltd)"
18,Devon County Council,03/06/2026,22102380,"80,573.63",GALLAGHER BASSETT INTERNATIONAL LIMITED,314249,484746209,"Chief Exec, Legal & Democratic services",A44165,Compensation Claims payments,R0283001,"DCC Business Entities (Sole Trade, Partnership, Ltd)"
18,Devon County Council,03/06/2026,22102539,"25,166.89",SOUTH DEVON COLLEGE,23677,585836291,Capital - SEND Schools,C02009,Works,C0660001,"DCC Business Entities (Sole Trade, Partnership, Ltd)"
18,Devon County Council,03/06/2026,22102705,"1,000.00",NOURISH AXMINSTER,602102,,Communities,A52010,"Grants to voluntary, community and social enterprise organisations",R0535002,"DCC Business Entities (Sole Trade, Partnership, Ltd)"
18,Devon County Council,03/06/2026,22102721,"5,540.40",PLYMOUTH CAST,341721,163038231,Communities,A53040,Contributions to Educational Estabs (3rd,R0530007,"DCC Business Entities (Sole Trade, Partnership, Ltd)"
18,Devon County Council,03/06/2026,22102855,"1,230.00",EXETER CATHEDRAL SCHOOL,34278,479574820,Dedicated Schools Grant,A53012,Payments to Independent Units,R0089003,"DCC Business Entities (Sole Trade, Partnership, Ltd)"
18,Devon County Council,02/06/2026,150470673,"1,168.37",M Group Highways Limited,375383,927200546,Highways & Infrastructure Development,A46100,Main / Term Contractor,R0554004,"DCC Business Entities (Sole Trade, Partnership, Ltd)"
18,Devon County Council,03/06/2026,22090314,"12,300.00",WESTBANK COMMUNITY HEALTH & CARE,65217,277497150,P-Ledger - Separate Legal Entity,A62110,Payments to Charities & Vol Providers,P0391004,"DCC Business Entities (Sole Trade, Partnership, Ltd)"
18,Devon County Council,03/06/2026,22090453,787.17,Jennifer Roder Ltd,344982,,Dedicated Schools Grant,A44185,Other professional Services (Schools),R0082006,"DCC Business Entities (Sole Trade, Partnership, Ltd)"
18,Devon County Council,03/06/2026,22095402,"-1,838.37",MILLBROOK HEALTHCARE LIMITED,117031,675991080,P-Ledger - Separate Legal Entity,A61054,Equipment (Care),P0391002,"DCC Business Entities (Sole Trade, Partnership, Ltd)"
18,Devon County Council,03/06/2026,22097321,"1,200.00",The Empower School t/a Contact Success,397825,438034602,Dedicated Schools Grant,A44185,Other professional Services (Schools),R0082007,"DCC Business Entities (Sole Trade, Partnership, Ltd)"
18,Devon County Council,03/06/2026,22097761,"2,100.00",SPARKS LEARNING LIMITED,394786,,Dedicated Schools Grant,A44185,Other professional Services (Schools),R0082007,"DCC Business Entities (Sole Trade, Partnership, Ltd)"
18,Devon County Council,03/06/2026,22098297,706.00,CAR BODY SHOP EXETER LIMITED,313414,404443528,TRAMS Suspense,A30010,Vehicles Repairs,R0549019,"DCC Business Entities (Sole Trade, Partnership, Ltd)"
18,Devon County Council,03/06/2026,22099035,"1,384.18",NORTH DEVON COUNCIL (RATES),401210,,Children's Social Care,A57040,Waste Contractors Payments,R0095003,"DCC Business Entities (Sole Trade, Partnership, Ltd)"
18,Devon County Council,03/06/2026,22099298,"2,295.00",PLYMOUTH ACTIVE,386725,405164330,Inclusion & Learning,A47005,"Grants, Contributions & Donations",R0029011,"DCC Business Entities (Sole Trade, Partnership, Ltd)"
18,Devon County Council,03/06/2026,22099335,"5,249.14",SPAGHETTI BRIDGE LIMITED,377380,478673138,Dedicated Schools Grant,A61052,Independent Special School Fees,R0089003,"DCC Business Entities (Sole Trade, Partnership, Ltd)"
18,Devon County Council,03/06/2026,22099344,"5,249.14",SPAGHETTI BRIDGE LIMITED,377380,478673138,Dedicated Schools Grant,A61052,Independent Special School Fees,R0089003,"DCC Business Entities (Sole Trade, Partnership, Ltd)"
18,Devon County Council,03/06/2026,22099407,615.00,THE COLOUR WORKS INTERNATIONAL LIMITED,394321,825444822,"Chief Exec, Legal & Democratic services",A17005,Staff Recruitment Advertising,R0286001,"DCC Business Entities (Sole Trade, Partnership, Ltd)"
18,Devon County Council,03/06/2026,22099472,"610,178.91",MILLBROOK HEALTHCARE LIMITED,117031,675991080,P-Ledger - Separate Legal Entity,A61054,Equipment (Care),P0391002,"DCC Business Entities (Sole Trade, Partnership, Ltd)"
18,Devon County Council,04/06/2026,22097575,"2,600.00",Alice Crane,603431,,"Transport Operations, Environment and Waste",A44038,Fees,R0644001,"DCC Business Entities (Sole Trade, Partnership, Ltd)"
18,Devon County Council,04/06/2026,22097596,"3,000.00",WESTPOINT CENTRE (DEVON) LIMITED,6392,585601525,People and Culture,A22010,Hire of Rooms,R0303005,"DCC Business Entities (Sole Trade, Partnership, Ltd)"
18,Devon County Council,04/06/2026,22097733,"2,946.43",UNIVERSITY OF EXETER-FINANCE OFF,4630,142047795,"Transport Operations, Environment and Waste",A44038,Fees,R0611003,"DCC Business Entities (Sole Trade, Partnership, Ltd)"
18,Devon County Council,04/06/2026,22097735,"2,761.38",UNIVERSITY OF EXETER-FINANCE OFF,4630,142047795,"Transport Operations, Environment and Waste",A44038,Fees,R0642001,"DCC Business Entities (Sole Trade, Partnership, Ltd)"
18,Devon County Council,04/06/2026,22097991,680.00,ADVANCED ARBORICULTURE LIMITED,349564,282879645,"Capital - Planning, Transportation and Environment",C02009,Works,C0671003,"DCC Business Entities (Sole Trade, Partnership, Ltd)"
18,Devon County Council,04/06/2026,22098089,"1,000.00",SIDMOUTH TOWN COUNCIL,6916,142310324,Highways & Infrastructure Development,A44306,Public rights of way,R0557030,"DCC Business Entities (Sole Trade, Partnership, Ltd)"
18,Devon County Council,04/06/2026,22099167,"1,073.28",MARINE & CIVIL SOLUTIONS LIMITED,283395,431868383,Capital - Highways,C02009,Works,C0671004,DCC CIS Suppliers
18,Devon County Council,04/06/2026,22099293,"2,420.00",TIMOTHY LEADER,366206,989915829,Planning,A44968,Legal & Conveyancing Charges,R0620001,"DCC Business Entities (Sole Trade, Partnership, Ltd)"
18,Devon County Council,04/06/2026,22099642,631.80,OCEAN HEALTHCARE (TRADING AS TAHER LIMITED),346692,776836374,Children's Social Care,A61200,Community based care,R0046004,"DCC Business Entities (Sole Trade, Partnership, Ltd)"
18,Devon County Council,04/06/2026,22100034,549.07,R D Johns Limited,90325,141006135,Children's Social Care,A44030,Provisions,R0015001,"DCC Business Entities (Sole Trade, Partnership, Ltd)"
18,Devon County Council,04/06/2026,22100480,"1,392.00",SENSEWISE,313357,,Dedicated Schools Grant,A44185,Other professional Services (Schools),R0082006,"DCC Business Entities (Sole Trade, Partnership, Ltd)"
18,Devon County Council,04/06/2026,22101527,"5,151.00",MONICA Y ZAPATA LOPEZ,392518,,Transformation & Business Services,A62000,Supported Accommodation - Child,R0333028,"DCC Business Entities (Sole Trade, Partnership, Ltd)"
18,Devon County Council,04/06/2026,22101530,"5,151.00",MONICA Y ZAPATA LOPEZ,392518,,Transformation & Business Services,A62000,Supported Accommodation - Child,R0333028,"DCC Business Entities (Sole Trade, Partnership, Ltd)"
18,Devon County Council,04/06/2026,22101534,"5,931.30",MONICA Y ZAPATA LOPEZ,392518,,Transformation & Business Services,A62000,Supported Accommodation - Child,R0333028,"DCC Business Entities (Sole Trade, Partnership, Ltd)"
18,Devon County Council,04/06/2026,22101578,"95,360.98",KENT COUNTY COUNCIL,83992,204269191,Highways & Infrastructure Development,A21005,Electricity,R0567003,"DCC Business Entities (Sole Trade, Partnership, Ltd)"
18,Devon County Council,04/06/2026,22101587,"1,000.00",MADE WELL COMMUNITY INTEREST COMPANY,289051,,Communities,A52010,"Grants to voluntary, community and social enterprise organisations",R0535002,"DCC Business Entities (Sole Trade, Partnership, Ltd)"
18,Devon County Council,04/06/2026,22101593,"1,000.00",BARNSTAPLE ABILITY F C,361071,,Communities,A52010,"Grants to voluntary, community and social enterprise organisations",R0535002,"DCC Business Entities (Sole Trade, Partnership, Ltd)"
18,Devon County Council,04/06/2026,22101605,-586.31,KENT COUNTY COUNCIL,83992,204269191,Transformation & Business Services,A21005,Electricity,R0333026,"DCC Business Entities (Sole Trade, Partnership, Ltd)"
18,Devon County Council,04/06/2026,22101610,-593.11,KENT COUNTY COUNCIL,83992,204269191,Transformation & Business Services,A21005,Electricity,R0333026,"DCC Business Entities (Sole Trade, Partnership, Ltd)"
18,Devon County Council,04/06/2026,22101738,"45,597.60",IAN WILLIAMS LIMITED,157927,137879028,"Capital - Planning, Transportation and Environment",C02009,Works,C0649001,DCC CIS Suppliers
18,Devon County Council,04/06/2026,22102383,"5,635.50",NORTH DEVON COUNCIL,8252,144711092,Children's Social Care,A52005,Payments to Other Local Authorities,R0026003,"DCC Business Entities (Sole Trade, Partnership, Ltd)"
18,Devon County Council,04/06/2026,22102454,834.65,ANGLIAN WATER BUSINESS LIMITED,351419,277633960,Operations,A24005,Water Services,R0253001,"DCC Business Entities (Sole Trade, Partnership, Ltd)"
18,Devon County Council,04/06/2026,22102944,"4,784.50",Enerveo Limited,14967,382894546,Highways & Infrastructure Development,A46100,Main / Term Contractor,R0567008,DCC CIS Suppliers
18,Devon County Council,04/06/2026,22102994,"265,811.28",ON TRACK EDUCATION (BURSARY PMTS),286081,478730844,Dedicated Schools Grant,A61052,Independent Special School Fees,R0089003,"DCC Business Entities (Sole Trade, Partnership, Ltd)"
18,Devon County Council,04/06/2026,22103008,"203,595.98",ON TRACK EDUCATION (BURSARY PMTS),286081,478730844,Dedicated Schools Grant,A61052,Independent Special School Fees,R0089003,"DCC Business Entities (Sole Trade, Partnership, Ltd)"
18,Devon County Council,04/06/2026,150470668,"-15,348.15",M Group Highways Limited,375383,927200546,Capital - Highways,C02051,Term Maintenance Contract,C0671005,"DCC Business Entities (Sole Trade, Partnership, Ltd)"
18,Devon County Council,04/06/2026,150473776,"40,833.34",M Group Highways Limited,375383,927200546,Highways & Infrastructure Development,A46100,Main / Term Contractor,R0552008,"DCC Business Entities (Sole Trade, Partnership, Ltd)"
18,Devon County Council,04/06/2026,150473780,"10,111.21",M Group Highways Limited,375383,927200546,Capital - Highways,C02051,Term Maintenance Contract,C0652001,"DCC Business Entities (Sole Trade, Partnership, Ltd)"
18,Devon County Council,01/06/2026,22097143,"3,258.33",INSPIRE SOUTH WEST,326670,,Dedicated Schools Grant,A44185,Other professional Services (Schools),R0082007,"DCC Business Entities (Sole Trade, Partnership, Ltd)"
18,Devon County Council,01/06/2026,22097147,"4,599.84",BOSENCE FARM COMMUNITY LIMITED,110443,,Public Health,A57115,Payments to Private Contractors,R0316042,"DCC Business Entities (Sole Trade, Partnership, Ltd)"
18,Devon County Council,01/06/2026,22097149,"2,720.00",ACORN ALTERNATIVE PROVISIONS LIMITED,393459,,Dedicated Schools Grant,A44180,Services for Educational Estabs - Devon,R0010004,"DCC Business Entities (Sole Trade, Partnership, Ltd)"
18,Devon County Council,01/06/2026,22097165,"2,720.00",ACORN ALTERNATIVE PROVISIONS LIMITED,393459,,Dedicated Schools Grant,A44180,Services for Educational Estabs - Devon,R0010004,"DCC Business Entities (Sole Trade, Partnership, Ltd)"
18,Devon County Council,01/06/2026,22097228,"2,021.61",WSP UK LIMITED,85394,905054942,Capital - Highways,C02011,External Professional Fees,C0652001,"DCC Business Entities (Sole Trade, Partnership, Ltd)"
18,Devon County Council,01/06/2026,22097234,"3,657.03",WSP UK LIMITED,85394,905054942,"Transport Operations, Environment and Waste",A44038,Fees,R0614001,"DCC Business Entities (Sole Trade, Partnership, Ltd)"
18,Devon County Council,01/06/2026,22097242,"1,228.73",WSP UK LIMITED,85394,905054942,Highways & Infrastructure Development,A16015,Staff Training Expenses - Non Payroll,R0550003,"DCC Business Entities (Sole Trade, Partnership, Ltd)"
18,Devon County Council,01/06/2026,22097474,"3,933.13",WSP UK LIMITED,85394,905054942,"Capital - Planning, Transportation and Environment",C02011,External Professional Fees,C0671003,"DCC Business Entities (Sole Trade, Partnership, Ltd)"
18,Devon County Council,01/06/2026,22097492,575.00,ESSENTIAL 6 LIMITED,219393,941534529,People and Culture,A44038,Fees,R0303008,"DCC Business Entities (Sole Trade, Partnership, Ltd)"
18,Devon County Council,01/06/2026,22097593,"1,656.95",FIRST CARE AMBULANCE LIMITED,98315,238628481,"Chief Exec, Legal & Democratic services",A49005,Other Hired & Contracting Services,R0506002,"DCC Business Entities (Sole Trade, Partnership, Ltd)"
18,Devon County Council,01/06/2026,22097594,"3,348.23",FIRST CARE AMBULANCE LIMITED,98315,238628481,"Chief Exec, Legal & Democratic services",A49005,Other Hired & Contracting Services,R0506002,"DCC Business Entities (Sole Trade, Partnership, Ltd)"
18,Devon County Council,01/06/2026,22098002,"1,181.00",INVOLVE CARE SOLUTIONS LIMITED,402831,,Children's Social Care,A61200,Community based care,R0044007,"DCC Business Entities (Sole Trade, Partnership, Ltd)"
18,Devon County Council,01/06/2026,22098211,"2,095.00",INSTITUTE OF HIGHWAY ENGINEERS,4518,303773515,Highways & Infrastructure Development,A16015,Staff Training Expenses - Non Payroll,R0558001,"DCC Business Entities (Sole Trade, Partnership, Ltd)"
18,Devon County Council,03/06/2026,22100026,506.80,PROSPERO RECRUITMENT LIMITED,352539,486704947,Dedicated Schools Grant,A44180,Services for Educational Estabs - Devon,R0010004,"DCC Business Entities (Sole Trade, Partnership, Ltd)"
18,Devon County Council,03/06/2026,22100257,545.46,ACADEMY21 LIMITED,337165,112432760,Dedicated Schools Grant,A44185,Other professional Services (Schools),R0082007,"DCC Business Entities (Sole Trade, Partnership, Ltd)"
18,Devon County Council,03/06/2026,22100620,800.00,Claire Starkie,601275,440055828,"Chief Exec, Legal & Democratic services",A44968,Legal & Conveyancing Charges,R0276001,"DCC Business Entities (Sole Trade, Partnership, Ltd)"
18,Devon County Council,03/06/2026,22100657,"4,784.03",Elmtree Learning Partnership Ltd,601452,494225084,Dedicated Schools Grant,A44185,Other professional Services (Schools),R0082007,"DCC Business Entities (Sole Trade, Partnership, Ltd)"
18,Devon County Council,03/06/2026,22101036,690.00,WESTCOUNTRY RIVERS TRUST,17211,115136941,"Transport Operations, Environment and Waste",A44942,Promotions and Events,R0644001,"DCC Business Entities (Sole Trade, Partnership, Ltd)"
18,Devon County Council,03/06/2026,22101355,"1,242.19",ENVIRONMENT AGENCY,184941,662490134,"Transport Operations, Environment and Waste",A44038,Fees,R0601001,"DCC Business Entities (Sole Trade, Partnership, Ltd)"
18,Devon County Council,03/06/2026,22102350,"2,095.80",ASHFORDS LLP,88874,140836186,"Capital - Planning, Transportation and Environment",C02011,External Professional Fees,C0671003,"DCC Business Entities (Sole Trade, Partnership, Ltd)"
18,Devon County Council,03/06/2026,22102429,677.70,REBECCA PORTER,388096,,Dedicated Schools Grant,A44185,Other professional Services (Schools),R0082006,"DCC Business Entities (Sole Trade, Partnership, Ltd)"
18,Devon County Council,03/06/2026,22102505,"5,981.30",ARMADA SOCIAL WORK SERVICES LIMITED,382784,395853540,"Chief Exec, Legal & Democratic services",A44038,Fees,R0276001,"DCC Business Entities (Sole Trade, Partnership, Ltd)"
18,Devon County Council,03/06/2026,22102558,"3,087.50",SIMPLY GREAT MEDIA,367788,479704936,Dedicated Schools Grant,A44185,Other professional Services (Schools),R0082007,"DCC Business Entities (Sole Trade, Partnership, Ltd)"
18,Devon County Council,04/06/2026,22095632,"2,646.90",WEIGHTMANS LLP,220105,974825769,"Chief Exec, Legal & Democratic services",A44968,Legal & Conveyancing Charges,R0274001,"DCC Business Entities (Sole Trade, Partnership, Ltd)"
18,Devon County Council,04/06/2026,22097441,625.05,Exeter College (Exeter and North Devon Colleges Group),6141,125451632,"Economy, Enterprise and Skills",A44038,Fees,R0546004,"DCC Business Entities (Sole Trade, Partnership, Ltd)"
18,Devon County Council,04/06/2026,22097584,"2,530.50",SAMEE,602811,,Dedicated Schools Grant,A44185,Other professional Services (Schools),R0082002,"DCC Business Entities (Sole Trade, Partnership, Ltd)"
18,Devon County Council,01/06/2026,22098373,"1,042.80",Cheldern Nursery and Pre School Limited,601412,,Dedicated Schools Grant,A52010,"Grants to voluntary, community and social enterprise organisations",R0001011,"DCC Business Entities (Sole Trade, Partnership, Ltd)"
18,Devon County Council,01/06/2026,22099221,"6,308.42",QUALITY MARKING SERVICES LIMITED,86608,777323994,Capital - Highways,C02009,Works,C0671005,DCC CIS Suppliers
18,Devon County Council,01/06/2026,22099691,"3,933.13",WSP UK LIMITED,85394,905054942,"Capital - Planning, Transportation and Environment",C02011,External Professional Fees,C0671003,"DCC Business Entities (Sole Trade, Partnership, Ltd)"
18,Devon County Council,01/06/2026,22100142,500.00,SIDMOUTH SCIENCE FESTIVAL,329457,,Communities,A52010,"Grants to voluntary, community and social enterprise organisations",R0534001,"DCC Business Entities (Sole Trade, Partnership, Ltd)"
18,Devon County Council,01/06/2026,22100261,"13,040.87",ULTIM8 CONSTRUCTION LIMITED,276694,998206374,Capital - Highways,C02009,Works,C0671004,"DCC Business Entities (Sole Trade, Partnership, Ltd)"
18,Devon County Council,01/06/2026,22100778,"1,074.00",LINDSEY BOWDEN-WEEKS,351795,,"Chief Exec, Legal & Democratic services",A44038,Fees,R0276001,"DCC Business Entities (Sole Trade, Partnership, Ltd)"
18,Devon County Council,01/06/2026,22101124,"3,312.97",STORMPRESS,122181,321041328,Public Health,A43010,Printing,R0316031,"DCC Business Entities (Sole Trade, Partnership, Ltd)"
18,Devon County Council,01/06/2026,22101500,"46,208.44",WESTCOUNTRY RIVERS TRUST,17211,115136941,"Capital - Planning, Transportation and Environment",C06001,Capital Grants paid to other third parties (Not WGA/VCSE),C0671012,"DCC Business Entities (Sole Trade, Partnership, Ltd)"
18,Devon County Council,01/06/2026,22101558,600.00,TTVS/TORRAGE AGEING WELL,371167,,Communities,A52010,"Grants to voluntary, community and social enterprise organisations",R0534007,"DCC Business Entities (Sole Trade, Partnership, Ltd)"
18,Devon County Council,01/06/2026,22101613,750.00,DIPTFORD PARISH COUNCIL,25998,,Communities,A52005,Payments to Other Local Authorities,R0534005,"DCC Business Entities (Sole Trade, Partnership, Ltd)"
18,Devon County Council,01/06/2026,22101887,600.00,OKEHAMPTON TOWN COUNCIL,14683,144768737,"Chief Exec, Legal & Democratic services",A22010,Hire of Rooms,R0278001,"DCC Business Entities (Sole Trade, Partnership, Ltd)"
18,Devon County Council,02/06/2026,22097159,"1,950.00",DWS CONSULTANCY LIMITED,401968,489248632,Children's Social Care,A44065,Consultancy Services,R0129001,"DCC Business Entities (Sole Trade, Partnership, Ltd)"
18,Devon County Council,02/06/2026,22100380,950.00,Sarah Phillimore,293270,726113168,"Chief Exec, Legal & Democratic services",A44968,Legal & Conveyancing Charges,R0276001,"DCC Business Entities (Sole Trade, Partnership, Ltd)"
18,Devon County Council,02/06/2026,22100764,"4,527.68",E & J W GLENDINNING LIMITED,62732,668406312,Capital - Highways,C02009,Works,C0652001,DCC CIS Suppliers
18,Devon County Council,02/06/2026,22100918,"1,309.66",KENT COUNTY COUNCIL,83992,204269191,Transformation & Business Services,A21005,Electricity,R0333026,"DCC Business Entities (Sole Trade, Partnership, Ltd)"
18,Devon County Council,02/06/2026,22101620,"5,864.66",EXETER CATHEDRAL SCHOOL,34278,479574820,Dedicated Schools Grant,A53012,Payments to Independent Units,R0089003,"DCC Business Entities (Sole Trade, Partnership, Ltd)"
18,Devon County Council,02/06/2026,22101631,559.34,EXETER CATHEDRAL SCHOOL,34278,479574820,Dedicated Schools Grant,A53012,Payments to Independent Units,R0089003,"DCC Business Entities (Sole Trade, Partnership, Ltd)"
18,Devon County Council,02/06/2026,22102393,923.60,LISA FRASER-PICKARD,403917,,P-Ledger - Separate Legal Entity,A61060,Support for Children in Care,P0432008,"DCC Business Entities (Sole Trade, Partnership, Ltd)"
18,Devon County Council,02/06/2026,22102830,666.67,ADAM PHILLIPS,396737,869913073,Highways & Infrastructure Development,A49005,Other Hired & Contracting Services,R0557018,"DCC Business Entities (Sole Trade, Partnership, Ltd)"
18,Devon County Council,02/06/2026,22102839,"2,166.67",ADAM PHILLIPS,396737,869913073,Highways & Infrastructure Development,A49005,Other Hired & Contracting Services,R0557018,"DCC Business Entities (Sole Trade, Partnership, Ltd)"
18,Devon County Council,02/06/2026,150470619,"6,543.11",M Group Highways Limited,375383,927200546,Capital - Highways,C02051,Term Maintenance Contract,C0671007,"DCC Business Entities (Sole Trade, Partnership, Ltd)"
18,Devon County Council,02/06/2026,150470627,"37,006.48",M Group Highways Limited,375383,927200546,Highways & Infrastructure Development,A46100,Main / Term Contractor,R0554004,"DCC Business Entities (Sole Trade, Partnership, Ltd)"
18,Devon County Council,02/06/2026,150470630,"20,508.85",M Group Highways Limited,375383,927200546,Highways & Infrastructure Development,A46100,Main / Term Contractor,R0554004,"DCC Business Entities (Sole Trade, Partnership, Ltd)"
18,Devon County Council,02/06/2026,150470632,"21,728.77",M Group Highways Limited,375383,927200546,Highways & Infrastructure Development,A46100,Main / Term Contractor,R0554004,"DCC Business Entities (Sole Trade, Partnership, Ltd)"
18,Devon County Council,02/06/2026,150470647,"126,028.48",M Group Highways Limited,375383,927200546,Capital - Highways,C02051,Term Maintenance Contract,C0671005,"DCC Business Entities (Sole Trade, Partnership, Ltd)"
18,Devon County Council,02/06/2026,150470650,660.40,M Group Highways Limited,375383,927200546,Capital - Highways,C02051,Term Maintenance Contract,C0652001,"DCC Business Entities (Sole Trade, Partnership, Ltd)"
18,Devon County Council,02/06/2026,150470655,"8,830.00",M Group Highways Limited,375383,927200546,Highways & Infrastructure Development,A46100,Main / Term Contractor,R0553006,"DCC Business Entities (Sole Trade, Partnership, Ltd)"
18,Devon County Council,02/06/2026,150470672,"11,135.24",M Group Highways Limited,375383,927200546,Capital - Highways,C02051,Term Maintenance Contract,C0652001,"DCC Business Entities (Sole Trade, Partnership, Ltd)"
18,Devon County Council,03/06/2026,22097299,"1,200.00",The Empower School t/a Contact Success,397825,438034602,Dedicated Schools Grant,A44185,Other professional Services (Schools),R0082007,"DCC Business Entities (Sole Trade, Partnership, Ltd)"
18,Devon County Council,03/06/2026,22097485,"7,040.00",BIP SOLUTIONS LIMITED,401588,383030966,Finance & Public Value,A46050,Conference Expenses,R0202001,"DCC Business Entities (Sole Trade, Partnership, Ltd)"
18,Devon County Council,03/06/2026,22097586,616.86,TAMESIDE METROPOLITAN BOROUGH,52365,149193544,Other PH Services,A44038,Fees,R0548001,"DCC Business Entities (Sole Trade, Partnership, Ltd)"
18,Devon County Council,03/06/2026,22097611,"67,196.30",NHS DEVON ICB,306113,654443336,Operations,A57145,Residential Care - Short Stay,R0234001,"DCC Business Entities (Sole Trade, Partnership, Ltd)"
18,Devon County Council,03/06/2026,22097622,"4,519.40",DSI BILLING SERVICES LIMITED,338643,739980671,Public Health Nursing,A49105,Other Supplies & Services,R0019003,"DCC Business Entities (Sole Trade, Partnership, Ltd)"
18,Devon County Council,03/06/2026,22097755,616.00,NURTURED EDUCATION LIMITED,325218,,Children's Social Care,A61200,Community based care,R0044004,"DCC Business Entities (Sole Trade, Partnership, Ltd)"
18,Devon County Council,03/06/2026,22097762,"2,100.00",SPARKS LEARNING LIMITED,394786,,Dedicated Schools Grant,A44185,Other professional Services (Schools),R0082007,"DCC Business Entities (Sole Trade, Partnership, Ltd)"
18,Devon County Council,03/06/2026,22097884,"11,248.16",STONEWATER LIMITED,308997,918433320,Children's Social Care,A62000,Supported Accommodation - Child,R0026003,"DCC Business Entities (Sole Trade, Partnership, Ltd)"
18,Devon County Council,03/06/2026,22097992,728.59,PERSON CENTRED SOFTWARE LIMITED,340281,162981976,Operations,A44038,Fees,R0268001,"DCC Business Entities (Sole Trade, Partnership, Ltd)"
18,Devon County Council,03/06/2026,22098746,"1,589.70",SOUTHWEST INTERVENTION SERVICES,333291,440830321,Dedicated Schools Grant,A44180,Services for Educational Estabs - Devon,R0010004,"DCC Business Entities (Sole Trade, Partnership, Ltd)"
18,Devon County Council,03/06/2026,22098921,"4,632.50",PROMOTING INDEPENDENT CARE LIMITED,376159,,Children's Social Care,A11005,Agency Supply Staff,R0095006,"DCC Business Entities (Sole Trade, Partnership, Ltd)"
18,Devon County Council,03/06/2026,22098924,952.00,PROMOTING INDEPENDENT CARE LIMITED,376159,,Children's Social Care,A11005,Agency Supply Staff,R0095005,"DCC Business Entities (Sole Trade, Partnership, Ltd)"
18,Devon County Council,03/06/2026,22099018,"3,299.50",CARTER BROWN - THE EXPERT S LIMITED,292905,281653589,"Chief Exec, Legal & Democratic services",A44038,Fees,R0276001,"DCC Business Entities (Sole Trade, Partnership, Ltd)"
18,Devon County Council,03/06/2026,22099327,"4,402.75",SPAGHETTI BRIDGE LIMITED,377380,478673138,Dedicated Schools Grant,A61052,Independent Special School Fees,R0089003,"DCC Business Entities (Sole Trade, Partnership, Ltd)"
18,Devon County Council,03/06/2026,22099338,"4,544.77",SPAGHETTI BRIDGE LIMITED,377380,478673138,Dedicated Schools Grant,A61052,Independent Special School Fees,R0089003,"DCC Business Entities (Sole Trade, Partnership, Ltd)"
18,Devon County Council,03/06/2026,22099476,"49,675.31",MILLBROOK HEALTHCARE LIMITED,117031,675991080,P-Ledger - Separate Legal Entity,A61054,Equipment (Care),P0391002,"DCC Business Entities (Sole Trade, Partnership, Ltd)"
18,Devon County Council,03/06/2026,22099478,"33,275.79",MILLBROOK HEALTHCARE LIMITED,117031,675991080,P-Ledger - Separate Legal Entity,A61054,Equipment (Care),P0391002,"DCC Business Entities (Sole Trade, Partnership, Ltd)"
18,Devon County Council,03/06/2026,22099786,832.00,WALES & WEST UTILITIES LIMITED,178421,851008849,Capital - Highways,C02009,Works,C0671008,"DCC Business Entities (Sole Trade, Partnership, Ltd)"
18,Devon County Council,03/06/2026,22100796,"1,207.38",OCEAN HEALTHCARE,371633,776836374,Operations,A11015,Other Agency Staff,R0253002,"DCC Business Entities (Sole Trade, Partnership, Ltd)"
18,Devon County Council,03/06/2026,22101668,850.00,WESTBANK COMMUNITY HEALTH & CARE,65217,277497150,Transformation & Business Services,A22010,Hire of Rooms,R0346002,"DCC Business Entities (Sole Trade, Partnership, Ltd)"
18,Devon County Council,03/06/2026,22102119,"1,710.00",BIRKETTS LLP,353976,,Dedicated Schools Grant,A44968,Legal & Conveyancing Charges,R0088004,"DCC Business Entities (Sole Trade, Partnership, Ltd)"
18,Devon County Council,03/06/2026,22102644,"2,250.00",DENE TERRY TRADING AS SPACE ADAPT LEARN GROW,404230,,Children's Social Care,A61200,Community based care,R0044004,"DCC Business Entities (Sole Trade, Partnership, Ltd)"
18,Devon County Council,03/06/2026,22102708,"1,000.00",PROPER JOB RESOURCES CENTRE CIO,57486,,Communities,A52010,"Grants to voluntary, community and social enterprise organisations",R0535002,"DCC Business Entities (Sole Trade, Partnership, Ltd)"
18,Devon County Council,03/06/2026,22102710,500.00,Shiatsu for Change CIC,602191,,Communities,A52010,"Grants to voluntary, community and social enterprise organisations",R0535002,"DCC Business Entities (Sole Trade, Partnership, Ltd)"
18,Devon County Council,03/06/2026,22102713,"1,000.00",COMPANY CREATE EXETER COMMUNITY INTEREST COMPANY,383703,,Communities,A52010,"Grants to voluntary, community and social enterprise organisations",R0535002,"DCC Business Entities (Sole Trade, Partnership, Ltd)"
18,Devon County Council,03/06/2026,22102714,500.00,HONITON COMMUNITY CHURCH,47998,,Communities,A52010,"Grants to voluntary, community and social enterprise organisations",R0535002,"DCC Business Entities (Sole Trade, Partnership, Ltd)"
18,Devon County Council,04/06/2026,22097616,"12,067.55",WAVE MULTI ACADEMY TRUST,356576,163418709,Dedicated Schools Grant,A44180,Services for Educational Estabs - Devon,R0010003,"DCC Business Entities (Sole Trade, Partnership, Ltd)"
18,Devon County Council,04/06/2026,22097619,"10,075.00",WAVE MULTI ACADEMY TRUST,356576,163418709,Dedicated Schools Grant,A44180,Services for Educational Estabs - Devon,R0010003,"DCC Business Entities (Sole Trade, Partnership, Ltd)"
18,Devon County Council,04/06/2026,22097739,"2,761.38",UNIVERSITY OF EXETER-FINANCE OFF,4630,142047795,"Transport Operations, Environment and Waste",A44038,Fees,R0603001,"DCC Business Entities (Sole Trade, Partnership, Ltd)"
18,Devon County Council,04/06/2026,22097882,666.67,MAN WITH A VAN SERVICES,316053,,Transformation & Business Services,A49005,Other Hired & Contracting Services,R0334004,"DCC Business Entities (Sole Trade, Partnership, Ltd)"
18,Devon County Council,04/06/2026,22097968,673.75,Disability Together,140334,436098381,Commissioning,A62110,Payments to Charities & Vol Providers,R0218002,"DCC Business Entities (Sole Trade, Partnership, Ltd)"
18,Devon County Council,04/06/2026,22098332,600.00,Dominic Vitzthum trading as Create,603409,415297688,Children's Social Care,A45045,IT Software Maintenance,R0054008,"DCC Business Entities (Sole Trade, Partnership, Ltd)"
18,Devon County Council,04/06/2026,22098731,"2,120.01",S C C,161520,313651680,Transformation & Business Services,A45015,Postages,R0505006,"DCC Business Entities (Sole Trade, Partnership, Ltd)"
18,Devon County Council,04/06/2026,22098811,942.86,ACADEMY21 LIMITED,337165,112432760,Dedicated Schools Grant,A44185,Other professional Services (Schools),R0082007,"DCC Business Entities (Sole Trade, Partnership, Ltd)"
18,Devon County Council,04/06/2026,22099336,"4,716.54",SPAGHETTI BRIDGE LIMITED,377380,478673138,Dedicated Schools Grant,A61052,Independent Special School Fees,R0089003,"DCC Business Entities (Sole Trade, Partnership, Ltd)"
18,Devon County Council,04/06/2026,22100229,"437,500.00",LPPI FINANCE TEAM,605026,,Devon Pension Fund,A49203,Investment advisor fees,PE10304,"DPF Business entities (covering Actuaries invoices, specific pensions training courses)"
18,Devon County Council,04/06/2026,22101533,"5,940.00",MONICA Y ZAPATA LOPEZ,392518,,Transformation & Business Services,A62000,Supported Accommodation - Child,R0333028,"DCC Business Entities (Sole Trade, Partnership, Ltd)"
18,Devon County Council,04/06/2026,22101596,-616.80,KENT COUNTY COUNCIL,83992,204269191,Transformation & Business Services,A21005,Electricity,R0333026,"DCC Business Entities (Sole Trade, Partnership, Ltd)"
18,Devon County Council,04/06/2026,22101597,-568.23,KENT COUNTY COUNCIL,83992,204269191,Transformation & Business Services,A21005,Electricity,R0333026,"DCC Business Entities (Sole Trade, Partnership, Ltd)"
18,Devon County Council,04/06/2026,22101609,-533.34,KENT COUNTY COUNCIL,83992,204269191,Transformation & Business Services,A21005,Electricity,R0333026,"DCC Business Entities (Sole Trade, Partnership, Ltd)"
18,Devon County Council,04/06/2026,22102636,"3,600.00",DENE TERRY TRADING AS SPACE ADAPT LEARN GROW,404230,,Dedicated Schools Grant,A44185,Other professional Services (Schools),R0082007,"DCC Business Entities (Sole Trade, Partnership, Ltd)"
18,Devon County Council,04/06/2026,22102638,"3,700.00",DENE TERRY TRADING AS SPACE ADAPT LEARN GROW,404230,,Dedicated Schools Grant,A44185,Other professional Services (Schools),R0082002,"DCC Business Entities (Sole Trade, Partnership, Ltd)"
18,Devon County Council,04/06/2026,22102654,"1,740.00",BISCOES,359427,284553870,"Chief Exec, Legal & Democratic services",A44968,Legal & Conveyancing Charges,R0274001,"DCC Business Entities (Sole Trade, Partnership, Ltd)"
18,Devon County Council,04/06/2026,22102856,675.74,LEXIA EDUCATION SERVICES LIMITED,376344,376218677,Dedicated Schools Grant,A44185,Other professional Services (Schools),R0082007,"DCC Business Entities (Sole Trade, Partnership, Ltd)"
18,Devon County Council,04/06/2026,22102920,"4,784.50",Enerveo Limited,14967,382894546,Highways & Infrastructure Development,A46100,Main / Term Contractor,R0567008,DCC CIS Suppliers
18,Devon County Council,04/06/2026,22102968,"37,086.41",BELL GROUP LIMITED,320709,469453353,Capital - SEND Schools,C02009,Works,C0660001,DCC CIS Suppliers
18,Devon County Council,04/06/2026,22102982,625.00,VICTORIA LEES,358401,304084537,"Chief Exec, Legal & Democratic services",A44968,Legal & Conveyancing Charges,R0276001,"DCC Business Entities (Sole Trade, Partnership, Ltd)"
18,Devon County Council,04/06/2026,22103290,"29,584.03",BREAKTHROUGH TRANSFORMATION TRUST,248117,480468080,Dedicated Schools Grant,A61052,Independent Special School Fees,R0089003,"DCC Business Entities (Sole Trade, Partnership, Ltd)"
18,Devon County Council,04/06/2026,150470644,"15,348.15",M Group Highways Limited,375383,927200546,Capital - Highways,C02051,Term Maintenance Contract,C0671005,"DCC Business Entities (Sole Trade, Partnership, Ltd)"
18,Devon County Council,04/06/2026,150473774,778.91,M Group Highways Limited,375383,927200546,Highways & Infrastructure Development,A46100,Main / Term Contractor,R0554001,"DCC Business Entities (Sole Trade, Partnership, Ltd)"
18,Devon County Council,04/06/2026,150473778,"7,981.65",M Group Highways Limited,375383,927200546,Highways & Infrastructure Development,A46100,Main / Term Contractor,R0552003,"DCC Business Entities (Sole Trade, Partnership, Ltd)"
18,Devon County Council,04/06/2026,150473779,"4,472.97",M Group Highways Limited,375383,927200546,Capital - Highways,C02051,Term Maintenance Contract,C0652001,"DCC Business Entities (Sole Trade, Partnership, Ltd)"
18,Devon County Council,04/06/2026,150473781,"5,993.59",M Group Highways Limited,375383,927200546,Capital - Highways,C02051,Term Maintenance Contract,C0652001,"DCC Business Entities (Sole Trade, Partnership, Ltd)"
18,Devon County Council,04/06/2026,150473784,"27,405.44",M Group Highways Limited,375383,927200546,Capital - Highways,C02051,Term Maintenance Contract,C0652001,"DCC Business Entities (Sole Trade, Partnership, Ltd)"
18,Devon County Council,05/06/2026,22095651,"2,806.80",WEIGHTMANS LLP,220105,974825769,"Chief Exec, Legal & Democratic services",A44968,Legal & Conveyancing Charges,R0274001,"DCC Business Entities (Sole Trade, Partnership, Ltd)"
18,Devon County Council,05/06/2026,22097930,"3,975.00",NURTURE IN NATURE CHILDREN AND FAMILIES CIC,384801,,Dedicated Schools Grant,A44180,Services for Educational Estabs - Devon,R0010004,"DCC Business Entities (Sole Trade, Partnership, Ltd)"
18,Devon County Council,05/06/2026,22097939,"1,280.00",PROGRESSION SERVICES LIMITED,390181,439882639,Dedicated Schools Grant,A44185,Other professional Services (Schools),R0082007,"DCC Business Entities (Sole Trade, Partnership, Ltd)"
18,Devon County Council,05/06/2026,22098011,"5,220.00",WAVE MULTI ACADEMY TRUST,356576,163418709,Dedicated Schools Grant,A44180,Services for Educational Estabs - Devon,R0010003,"DCC Business Entities (Sole Trade, Partnership, Ltd)"
18,Devon County Council,05/06/2026,22098314,640.00,EXETER PAEDIATRIC I C S LIMITED,373429,,P-Ledger - Separate Legal Entity,A61060,Support for Children in Care,P0432008,"DCC Business Entities (Sole Trade, Partnership, Ltd)"
18,Devon County Council,05/06/2026,22098747,"1,980.00",COMPLETE WEED CONTROL,180242,207783201,Capital - Highways,C02009,Works,C0671006,"DCC Business Entities (Sole Trade, Partnership, Ltd)"
18,Devon County Council,05/06/2026,22099121,"1,865.00",DR GRENVILLE F FOX,368226,365030619,"Chief Exec, Legal & Democratic services",A46020,Hospitality,R0506002,"DCC Business Entities (Sole Trade, Partnership, Ltd)"
18,Devon County Council,05/06/2026,22099325,"3,128.81",HOLCIM UK LIMITED,21683,533260571,Capital - Highways,C02009,Works,C0652001,"DCC Business Entities (Sole Trade, Partnership, Ltd)"
18,Devon County Council,05/06/2026,22099340,"4,686.79",SPAGHETTI BRIDGE LIMITED,377380,478673138,Dedicated Schools Grant,A61052,Independent Special School Fees,R0089003,"DCC Business Entities (Sole Trade, Partnership, Ltd)"
18,Devon County Council,05/06/2026,22101195,-930.00,HORWOOD COOMBE INSPIRE LIMITED,315946,481864066,Dedicated Schools Grant,A44180,Services for Educational Estabs - Devon,R0010004,"DCC Business Entities (Sole Trade, Partnership, Ltd)"
18,Devon County Council,05/06/2026,22102354,526.27,SPEEDADMIN APS,385805,,Transformation & Business Services,A45040,IT Software,R0353008,DCC International
18,Devon County Council,05/06/2026,22102732,"4,033.00",ADCS Association of Directors of Childrens Services,243975,948814381,Children's Social Care,A44038,Fees,R0129001,"DCC Business Entities (Sole Trade, Partnership, Ltd)"
18,Devon County Council,03/06/2026,22102715,"1,000.00",THE ALICE CROSS CENTRE,368262,,Communities,A52010,"Grants to voluntary, community and social enterprise organisations",R0535002,"DCC Business Entities (Sole Trade, Partnership, Ltd)"
18,Devon County Council,03/06/2026,22102716,500.00,CONVERSATION WORKS COMMUNITY INTEREST COMPANY,392450,,Communities,A52010,"Grants to voluntary, community and social enterprise organisations",R0535002,"DCC Business Entities (Sole Trade, Partnership, Ltd)"
18,Devon County Council,03/06/2026,22102737,862.50,QED ENVIRONMENTAL SERVICES LIMITED,355627,468649433,"Transport Operations, Environment and Waste",A46100,Main / Term Contractor,R0601001,DCC International
18,Devon County Council,03/06/2026,22102840,"1,250.00",Nigel Hawkins,605161,449596631,"Chief Exec, Legal & Democratic services",A44968,Legal & Conveyancing Charges,R0276001,"DCC Business Entities (Sole Trade, Partnership, Ltd)"
18,Devon County Council,04/06/2026,22070403,"3,040.00",PROGRESSION SERVICES LIMITED,390181,439882639,Dedicated Schools Grant,A44185,Other professional Services (Schools),R0082007,"DCC Business Entities (Sole Trade, Partnership, Ltd)"
18,Devon County Council,04/06/2026,22088494,"6,836.00",SKILLS TO GROUP LIMITED,281413,166485573,Dedicated Schools Grant,A53040,Contributions to Educational Estabs (3rd,R0105001,"DCC Business Entities (Sole Trade, Partnership, Ltd)"
18,Devon County Council,04/06/2026,22093859,"5,810.26",KEYS PCE LIMITED,363936,927104637,Dedicated Schools Grant,A61052,Independent Special School Fees,R0089003,"DCC Business Entities (Sole Trade, Partnership, Ltd)"
18,Devon County Council,04/06/2026,22094073,"17,743.00",E & J W GLENDINNING LIMITED,62732,668406312,Capital - Highways,C02009,Works,C0671006,DCC CIS Suppliers
18,Devon County Council,04/06/2026,22095633,"1,596.70",WEIGHTMANS LLP,220105,974825769,"Chief Exec, Legal & Democratic services",A44968,Legal & Conveyancing Charges,R0274001,"DCC Business Entities (Sole Trade, Partnership, Ltd)"
18,Devon County Council,04/06/2026,22097576,555.00,RED ONE LIMITED,318157,123992502,"Chief Exec, Legal & Democratic services",A62105,Miscellaneous expenditure,R0317001,"DCC Business Entities (Sole Trade, Partnership, Ltd)"
18,Devon County Council,04/06/2026,22097679,"1,750.00",Michelle Blundy T/A Blossoming Minds,360726,,P-Ledger - Separate Legal Entity,A61060,Support for Children in Care,P0432008,"DCC Business Entities (Sole Trade, Partnership, Ltd)"
18,Devon County Council,04/06/2026,22097690,"6,614.49",INFOCUS CHARITY,5243,271614806,Children's Social Care,A61044,Residential Short Breaks,R0044007,"DCC Business Entities (Sole Trade, Partnership, Ltd)"
18,Devon County Council,04/06/2026,22098315,"1,580.00",TOPP TREE CARE LTD,389748,434623407,Balance Sheet,A44038,Fees,R0208005,"DCC Business Entities (Sole Trade, Partnership, Ltd)"
18,Devon County Council,05/06/2026,22102986,"4,120.25",BISCOES,359427,284553870,"Chief Exec, Legal & Democratic services",A44968,Legal & Conveyancing Charges,R0274001,"DCC Business Entities (Sole Trade, Partnership, Ltd)"
18,Devon County Council,05/06/2026,22103336,"3,098.08",SEVERN TRENT GREEN POWER,322030,876098474,"Transport Operations, Environment and Waste",A46100,Main / Term Contractor,R0598001,"DCC Business Entities (Sole Trade, Partnership, Ltd)"
18,Devon County Council,05/06/2026,22103492,"2,268.00",THE APRICOT CENTRE CIC,341760,227454701,"Economy, Enterprise and Skills",A44038,Fees,R0546004,"DCC Business Entities (Sole Trade, Partnership, Ltd)"
18,Devon County Council,05/06/2026,22103554,"2,000.00",Migration & Resettlement Service Imprest Account,605176,,Suspense Control Account,A79006,Imprest Suspense,R0502053,DCC Intercompany
18,Devon County Council,05/06/2026,22103558,"2,500.00",FPVDLG (Cheques) Imprest Account,605179,,Suspense Control Account,A79006,Imprest Suspense,R0502053,DCC Intercompany
18,Devon County Council,05/06/2026,22103660,"1,350.00",ESTEEM TEAM COMMUNITY INTEREST COMPANY,366509,491597739,Dedicated Schools Grant,A44185,Other professional Services (Schools),R0082007,"DCC Business Entities (Sole Trade, Partnership, Ltd)"
18,Devon County Council,08/06/2026,22093276,"120,404.18",TEACHERS' PENSION SCHEME,281468,,"Economy, Enterprise and Skills",A18001,Pension Payments - Unfunded,R0539001,"DCC Business Entities (Sole Trade, Partnership, Ltd)"
18,Devon County Council,08/06/2026,22096079,"3,518.60",FOCUS TRAINING SOUTH WEST LIMITED,334251,158953365,"Economy, Enterprise and Skills",A44038,Fees,R0546004,"DCC Business Entities (Sole Trade, Partnership, Ltd)"
18,Devon County Council,08/06/2026,22097677,520.00,Xtreme Vegetation Clearance,317338,368639347,Highways & Infrastructure Development,A49005,Other Hired & Contracting Services,R0552006,DCC CIS Suppliers
18,Devon County Council,08/06/2026,22098472,"3,200.00",National Landscape Association,83283,338382090,"Transport Operations, Environment and Waste",A47010,Subscriptions,R0639008,"DCC Business Entities (Sole Trade, Partnership, Ltd)"
18,Devon County Council,08/06/2026,22098544,"1,585.22",NEXT STEPS EDUCATION LIMITED,389810,440621822,Dedicated Schools Grant,A44180,Services for Educational Estabs - Devon,R0010004,"DCC Business Entities (Sole Trade, Partnership, Ltd)"
18,Devon County Council,08/06/2026,22098725,"3,562.50",EVOLVE PSYCHOTHERAPY,377263,,Dedicated Schools Grant,A44180,Services for Educational Estabs - Devon,R0010004,"DCC Business Entities (Sole Trade, Partnership, Ltd)"
18,Devon County Council,08/06/2026,22098743,"1,075.00",BELSTONE FARM & GARDEN SERVICES,18586,,Highways & Infrastructure Development,A49005,Other Hired & Contracting Services,R0552006,DCC CIS Suppliers
18,Devon County Council,08/06/2026,22098798,"1,209.00",Hatherleigh Town Council,604135,,Highways & Infrastructure Development,A44306,Public rights of way,R0557030,"DCC Business Entities (Sole Trade, Partnership, Ltd)"
18,Devon County Council,04/06/2026,22098473,564.40,BLUE SAILS PSYCHOLOGY LIMITED,335430,,Children's Social Care,A62105,Miscellaneous expenditure,R0040001,"DCC Business Entities (Sole Trade, Partnership, Ltd)"
18,Devon County Council,04/06/2026,22098532,"47,393.00",GM COACHWORK LIMITED,384666,717444531,"Capital - Planning, Transportation and Environment",C03009,Vehicles - Wheelchair accessible people carriers/buses,C0671010,"DCC Business Entities (Sole Trade, Partnership, Ltd)"
18,Devon County Council,04/06/2026,22099337,"4,858.04",SPAGHETTI BRIDGE LIMITED,377380,478673138,Dedicated Schools Grant,A61052,Independent Special School Fees,R0089003,"DCC Business Entities (Sole Trade, Partnership, Ltd)"
18,Devon County Council,04/06/2026,22100652,"1,477.50",Game & Wildlife Conservation Trust,604967,580155450,"Transport Operations, Environment and Waste",A16015,Staff Training Expenses - Non Payroll,R0644001,"DCC Business Entities (Sole Trade, Partnership, Ltd)"
18,Devon County Council,04/06/2026,22101594,-757.68,KENT COUNTY COUNCIL,83992,204269191,Transformation & Business Services,A21005,Electricity,R0333026,"DCC Business Entities (Sole Trade, Partnership, Ltd)"
18,Devon County Council,04/06/2026,22101600,978.00,Excelsior Athletic Development Club,602557,,Communities,A52010,"Grants to voluntary, community and social enterprise organisations",R0535002,"DCC Business Entities (Sole Trade, Partnership, Ltd)"
18,Devon County Council,04/06/2026,22101604,-505.70,KENT COUNTY COUNCIL,83992,204269191,Transformation & Business Services,A21005,Electricity,R0333026,"DCC Business Entities (Sole Trade, Partnership, Ltd)"
18,Devon County Council,04/06/2026,22101607,-539.93,KENT COUNTY COUNCIL,83992,204269191,Transformation & Business Services,A21005,Electricity,R0333026,"DCC Business Entities (Sole Trade, Partnership, Ltd)"
18,Devon County Council,04/06/2026,22101608,-569.25,KENT COUNTY COUNCIL,83992,204269191,Transformation & Business Services,A21005,Electricity,R0333026,"DCC Business Entities (Sole Trade, Partnership, Ltd)"
18,Devon County Council,04/06/2026,22101611,-543.51,KENT COUNTY COUNCIL,83992,204269191,Transformation & Business Services,A21005,Electricity,R0333026,"DCC Business Entities (Sole Trade, Partnership, Ltd)"
18,Devon County Council,04/06/2026,22102546,"1,260.00",SENSEWISE,313357,,Dedicated Schools Grant,A44185,Other professional Services (Schools),R0082006,"DCC Business Entities (Sole Trade, Partnership, Ltd)"
18,Devon County Council,04/06/2026,22102821,"31,433.03",EVANS HEATING & PLUMBING LIMITED,51317,142922969,Capital - Schools Maintenance & Improvements,C02009,Works,C0658001,DCC CIS Suppliers
18,Devon County Council,04/06/2026,22103004,"203,728.77",ON TRACK EDUCATION (BURSARY PMTS),286081,478730844,Dedicated Schools Grant,A61052,Independent Special School Fees,R0089003,"DCC Business Entities (Sole Trade, Partnership, Ltd)"
18,Devon County Council,04/06/2026,150473782,"1,097.79",M Group Highways Limited,375383,927200546,Capital - Highways,C02051,Term Maintenance Contract,C0652001,"DCC Business Entities (Sole Trade, Partnership, Ltd)"
18,Devon County Council,05/06/2026,22050396,"2,940.00",PEOPLE PLACES LIVES LIMITED - FEES,393507,221000691,Children's Social Care,A89665,Administration Expenses,R0046003,"DCC Business Entities (Sole Trade, Partnership, Ltd)"
18,Devon County Council,05/06/2026,22092212,"10,963.00",NATIONAL AUTISTIC SOCIETY (LONDON),72649,653370050,Dedicated Schools Grant,A49075,Licences - General,R0034001,"DCC Business Entities (Sole Trade, Partnership, Ltd)"
18,Devon County Council,05/06/2026,22094388,"15,965.73",HIKMAT DEVON COMMUNITY INTEREST COMPANY,190181,,Operations,A52010,"Grants to voluntary, community and social enterprise organisations",R0480091,"DCC Business Entities (Sole Trade, Partnership, Ltd)"
18,Devon County Council,05/06/2026,22095764,"73,376.81",KINGSLEY SCHOOL,223710,479040477,Dedicated Schools Grant,A61052,Independent Special School Fees,R0089003,"DCC Business Entities (Sole Trade, Partnership, Ltd)"
18,Devon County Council,05/06/2026,22098003,"6,170.00",WAVE MULTI ACADEMY TRUST,356576,163418709,Dedicated Schools Grant,A44180,Services for Educational Estabs - Devon,R0010003,"DCC Business Entities (Sole Trade, Partnership, Ltd)"
18,Devon County Council,05/06/2026,22098005,"19,360.00",WAVE MULTI ACADEMY TRUST,356576,163418709,Dedicated Schools Grant,A44180,Services for Educational Estabs - Devon,R0010003,"DCC Business Entities (Sole Trade, Partnership, Ltd)"
18,Devon County Council,05/06/2026,22098006,"5,880.78",WAVE MULTI ACADEMY TRUST,356576,163418709,Dedicated Schools Grant,A44180,Services for Educational Estabs - Devon,R0010003,"DCC Business Entities (Sole Trade, Partnership, Ltd)"
18,Devon County Council,05/06/2026,22098205,"1,125.00",COMPLETE WEED CONTROL,180242,207783201,Capital - Highways,C02009,Works,C0671006,"DCC Business Entities (Sole Trade, Partnership, Ltd)"
18,Devon County Council,05/06/2026,22098206,"2,185.00",COMPLETE WEED CONTROL,180242,207783201,Capital - Highways,C02009,Works,C0671006,"DCC Business Entities (Sole Trade, Partnership, Ltd)"
18,Devon County Council,05/06/2026,22098310,600.00,EXETER PAEDIATRIC I C S LIMITED,373429,,P-Ledger - Separate Legal Entity,A61060,Support for Children in Care,P0432008,"DCC Business Entities (Sole Trade, Partnership, Ltd)"
18,Devon County Council,05/06/2026,22098320,"1,000.00",D & C TRAINING PROVIDER NETWORK,204171,,P-Ledger - Separate Legal Entity,A43010,Printing,P0393021,"DCC Business Entities (Sole Trade, Partnership, Ltd)"
18,Devon County Council,05/06/2026,22098483,"3,862.00",BLUE SAILS PSYCHOLOGY LIMITED,335430,,P-Ledger - Separate Legal Entity,A16015,Staff Training Expenses - Non Payroll,P0432002,"DCC Business Entities (Sole Trade, Partnership, Ltd)"
18,Devon County Council,08/06/2026,22098820,"1,057.36",COMPANY FILM SOLUTIONS LIMITED,315124,160729215,P-Ledger - Separate Legal Entity,A44005,Publicity/Advertising,P0432003,"DCC Business Entities (Sole Trade, Partnership, Ltd)"
18,Devon County Council,08/06/2026,22098841,"17,897.52",OPTIMA HEALTH UK,403472,367726459,People and Culture,A20020,Health and Safety,R0303006,"DCC Business Entities (Sole Trade, Partnership, Ltd)"
18,Devon County Council,08/06/2026,22098897,"6,070.00",North Devon College (Exeter and North Devon Colleges Group),603346,125451632,Dedicated Schools Grant,A44185,Other professional Services (Schools),R0082007,"DCC Business Entities (Sole Trade, Partnership, Ltd)"
18,Devon County Council,08/06/2026,22098900,"6,070.00",North Devon College (Exeter and North Devon Colleges Group),603346,125451632,Dedicated Schools Grant,A44185,Other professional Services (Schools),R0082007,"DCC Business Entities (Sole Trade, Partnership, Ltd)"
18,Devon County Council,08/06/2026,22098933,520.00,CHUDLEIGH TOWN COUNCIL,14579,,Highways & Infrastructure Development,A44306,Public rights of way,R0557030,"DCC Business Entities (Sole Trade, Partnership, Ltd)"
18,Devon County Council,08/06/2026,22098935,"3,301.85",LEARNING ACADEMY PARTNERSHIP SOUTH WEST,316043,,Capital - Children & Schools Expansions,C02009,Works,C0657001,"DCC Business Entities (Sole Trade, Partnership, Ltd)"
18,Devon County Council,08/06/2026,22098936,896.52,DEALTOP LIMITED TRADING AS DARTLINE COACHES,11216,456125651,TRAMS Suspense,A32505,Hired Transport Recharges - FPP,R0549002,"DCC Business Entities (Sole Trade, Partnership, Ltd)"
18,Devon County Council,08/06/2026,22098941,776.50,RICHARD GREEN ECOLOGY LIMITED,272615,113421075,Capital - Highways,C02011,External Professional Fees,C0652001,"DCC Business Entities (Sole Trade, Partnership, Ltd)"
18,Devon County Council,08/06/2026,22099052,"2,072.97",NEXT STEPS EDUCATION LIMITED,389810,440621822,Dedicated Schools Grant,A44180,Services for Educational Estabs - Devon,R0010003,"DCC Business Entities (Sole Trade, Partnership, Ltd)"
18,Devon County Council,08/06/2026,22099053,"1,829.08",NEXT STEPS EDUCATION LIMITED,389810,440621822,Dedicated Schools Grant,A44180,Services for Educational Estabs - Devon,R0010004,"DCC Business Entities (Sole Trade, Partnership, Ltd)"
18,Devon County Council,08/06/2026,22099057,"2,804.61",NEXT STEPS EDUCATION LIMITED,389810,440621822,Dedicated Schools Grant,A44180,Services for Educational Estabs - Devon,R0010004,"DCC Business Entities (Sole Trade, Partnership, Ltd)"
18,Devon County Council,08/06/2026,22099116,"6,429.00",S C C,161520,313651680,Transformation & Business Services,A45005,IT Hardware,R0505006,"DCC Business Entities (Sole Trade, Partnership, Ltd)"
18,Devon County Council,08/06/2026,22099389,"2,958.75",APPROPRIATE ADULT SERVICE LIMITED,348287,243580216,P-Ledger - Separate Legal Entity,A44038,Fees,P0416001,"DCC Business Entities (Sole Trade, Partnership, Ltd)"
18,Devon County Council,04/06/2026,22103074,"4,166.67",FRANCOTYP POSTALIA LIMITED (TELESET),90476,566261823,Transformation & Business Services,A45015,Postages,R0333026,"DCC Business Entities (Sole Trade, Partnership, Ltd)"
18,Devon County Council,04/06/2026,150470642,"45,455.58",M Group Highways Limited,375383,927200546,Capital - Highways,C02051,Term Maintenance Contract,C0671005,"DCC Business Entities (Sole Trade, Partnership, Ltd)"
18,Devon County Council,04/06/2026,150473772,706.20,M Group Highways Limited,375383,927200546,Capital - Highways,C02051,Term Maintenance Contract,C0671006,"DCC Business Entities (Sole Trade, Partnership, Ltd)"
18,Devon County Council,04/06/2026,150473775,"2,006,686.69",M Group Highways Limited,375383,927200546,Highways & Infrastructure Development,A46100,Main / Term Contractor,R0552005,"DCC Business Entities (Sole Trade, Partnership, Ltd)"
18,Devon County Council,04/06/2026,150473783,"20,544.95",M Group Highways Limited,375383,927200546,Capital - Highways,C02051,Term Maintenance Contract,C0671006,"DCC Business Entities (Sole Trade, Partnership, Ltd)"
18,Devon County Council,05/06/2026,22066393,"3,080.00",PEOPLE PLACES LIVES LIMITED - FEES,393507,221000691,Children's Social Care,A89665,Administration Expenses,R0046003,"DCC Business Entities (Sole Trade, Partnership, Ltd)"
18,Devon County Council,05/06/2026,22091907,"1,260.00",UNIFY BUSINESS SOLUTIONS LIMITED,348274,816960802,Children's Social Care,A45005,IT Hardware,R0015001,"DCC Business Entities (Sole Trade, Partnership, Ltd)"
18,Devon County Council,05/06/2026,22097570,"1,792.00",VOCAL ADVOCACY,117570,,Operations,A57130,Home Care Services,R0236009,"DCC Business Entities (Sole Trade, Partnership, Ltd)"
18,Devon County Council,05/06/2026,22097929,"10,788.00",WAVE MULTI ACADEMY TRUST,356576,163418709,Dedicated Schools Grant,A44180,Services for Educational Estabs - Devon,R0010003,"DCC Business Entities (Sole Trade, Partnership, Ltd)"
18,Devon County Council,05/06/2026,22098289,"1,700.40",DART PLEASURE CRAFT LIMITED,5238,144899521,TRAMS Suspense,A32505,Hired Transport Recharges - FPP,R0549002,"DCC Business Entities (Sole Trade, Partnership, Ltd)"
18,Devon County Council,05/06/2026,22098351,708.75,TORRIDGE DISTRICT COUNCIL,4707,144666062,"Transport Operations, Environment and Waste",A46100,Main / Term Contractor,R0596002,"DCC Business Entities (Sole Trade, Partnership, Ltd)"
18,Devon County Council,05/06/2026,22098481,"5,849.28",M N GARDNER & PARTNERS,230752,988890431,Capital - Highways,C02009,Works,C0671008,"DCC Business Entities (Sole Trade, Partnership, Ltd)"
18,Devon County Council,05/06/2026,22098496,"3,902.56",ASPIRE SOCIAL WORK SERVICES LIMITED,329159,261463708,Children's Social Care,A61200,Community based care,R0044004,"DCC Business Entities (Sole Trade, Partnership, Ltd)"
18,Devon County Council,05/06/2026,22098687,"8,314.02",Tally Ho! Coaches Ltd,227374,834745411,TRAMS Suspense,A32505,Hired Transport Recharges - FPP,R0549002,"DCC Business Entities (Sole Trade, Partnership, Ltd)"
18,Devon County Council,08/06/2026,22100628,609.70,NEXT STEPS EDUCATION LIMITED,389810,440621822,Dedicated Schools Grant,A44185,Other professional Services (Schools),R0082007,"DCC Business Entities (Sole Trade, Partnership, Ltd)"
18,Devon County Council,08/06/2026,22101066,639.18,EAST DEVON DISTRICT COUNCIL (GEN ACCOUNT),96091,142218990,"Transport Operations, Environment and Waste",A49005,Other Hired & Contracting Services,R0589003,"DCC Business Entities (Sole Trade, Partnership, Ltd)"
18,Devon County Council,08/06/2026,22102190,"2,375.00",COVY LIMITED/ TRADING AS GARAGE SERVICES,390598,429102322,"Transport Operations, Environment and Waste",A30010,Vehicles Repairs,R0584003,"DCC Business Entities (Sole Trade, Partnership, Ltd)"
18,Devon County Council,08/06/2026,22102250,"57,030.83",ICE CREATES LIMITED,121640,732833240,Public Health,A57115,Payments to Private Contractors,R0316030,"DCC Business Entities (Sole Trade, Partnership, Ltd)"
18,Devon County Council,08/06/2026,22102592,"2,386.80",NORTH DEVON COUNCIL (RATES),401210,,Transformation & Business Services,A23005,Rates,R0333004,"DCC Business Entities (Sole Trade, Partnership, Ltd)"
18,Devon County Council,08/06/2026,22102655,"1,419.16",PENNON T/A SOURCE FOR BUSINESS,344710,312629416,Transformation & Business Services,A24005,Water Services,R0333026,"DCC Business Entities (Sole Trade, Partnership, Ltd)"
18,Devon County Council,08/06/2026,22102749,"12,406.00",KENNFORD TARMACADAM LIMITED,24534,976391178,Highways & Infrastructure Development,A49005,Other Hired & Contracting Services,R0552006,DCC CIS Suppliers
18,Devon County Council,08/06/2026,22102938,"1,307.00",STEPHENSONS SOLICITORS,394642,294832719,"Chief Exec, Legal & Democratic services",A44968,Legal & Conveyancing Charges,R0276001,"DCC Business Entities (Sole Trade, Partnership, Ltd)"
18,Devon County Council,08/06/2026,22103130,"16,198.80",IAN WILLIAMS LIMITED,157927,137879028,"Capital - Planning, Transportation and Environment",C02009,Works,C0649001,DCC CIS Suppliers
18,Devon County Council,08/06/2026,22103331,"36,875.00",Upstream Outcomes Ltd,603210,313825615,Commissioning,A45040,IT Software,R0217030,"DCC Business Entities (Sole Trade, Partnership, Ltd)"
18,Devon County Council,08/06/2026,22103693,534.00,DNA LEGAL LIMITED,286646,308211050,"Chief Exec, Legal & Democratic services",A44038,Fees,R0276001,"DCC Business Entities (Sole Trade, Partnership, Ltd)"
18,Devon County Council,08/06/2026,22103848,"3,654.39",SENDme2work Ltd,601767,424778667,"Economy, Enterprise and Skills",A52010,"Grants to voluntary, community and social enterprise organisations",R0547002,"DCC Business Entities (Sole Trade, Partnership, Ltd)"
18,Devon County Council,08/06/2026,22103879,"33,000.00",COUNTRY BUS,138680,631080871,"Transport Operations, Environment and Waste",A32010,Contract Hire Scheme,R0575001,"DCC Business Entities (Sole Trade, Partnership, Ltd)"
18,Devon County Council,05/06/2026,22098742,"4,865.76",PLYMOUTH CITYBUS LIMITED,13532,447433443,TRAMS Suspense,A32505,Hired Transport Recharges - FPP,R0549002,"DCC Business Entities (Sole Trade, Partnership, Ltd)"
18,Devon County Council,05/06/2026,22099045,"2,679.00",SOFTLINK EUROPE LIMITED,21368,596242905,Inclusion & Learning,A44038,Fees,R0121001,"DCC Business Entities (Sole Trade, Partnership, Ltd)"
18,Devon County Council,05/06/2026,22099339,"3,834.65",SPAGHETTI BRIDGE LIMITED,377380,478673138,Dedicated Schools Grant,A61052,Independent Special School Fees,R0089003,"DCC Business Entities (Sole Trade, Partnership, Ltd)"
18,Devon County Council,05/06/2026,22100542,"3,525.06",MULTILINGUA DEVON COMMUNITY INTEREST COMPANY,215980,987756048,"Chief Exec, Legal & Democratic services",A44038,Fees,R0276001,"DCC Business Entities (Sole Trade, Partnership, Ltd)"
18,Devon County Council,05/06/2026,22102223,"6,572.83",BTHECHANGE COMMUNITY INTEREST COMPANY,368481,373717183,Public Health,A57115,Payments to Private Contractors,R0316047,"DCC Business Entities (Sole Trade, Partnership, Ltd)"
18,Devon County Council,05/06/2026,22102498,"35,638.00",WESTCOUNTRY MAINTENANCE SERVICES LIMITED,229952,915005854,Capital other - Digital Technology & Business Services,C02009,Works,C0651001,DCC CIS Suppliers
18,Devon County Council,05/06/2026,22102946,"5,029.92",MID DEVON DISTRICT COUNCIL,19708,142203912,Transformation & Business Services,A23005,Rates,R0333004,"DCC Business Entities (Sole Trade, Partnership, Ltd)"
18,Devon County Council,05/06/2026,22102955,736.00,STEPHENSONS SOLICITORS,394642,294832719,"Chief Exec, Legal & Democratic services",A44968,Legal & Conveyancing Charges,R0276001,"DCC Business Entities (Sole Trade, Partnership, Ltd)"
18,Devon County Council,05/06/2026,22103161,"11,825.00",INSIGHT DIRECT (UK) LIMITED,90530,746075129,Public Health Nursing,A62105,Miscellaneous expenditure,R0019003,"DCC Business Entities (Sole Trade, Partnership, Ltd)"
18,Devon County Council,05/06/2026,22103227,"6,833.84",SEVERN TRENT GREEN POWER,322030,876098474,"Transport Operations, Environment and Waste",A46100,Main / Term Contractor,R0598001,"DCC Business Entities (Sole Trade, Partnership, Ltd)"
18,Devon County Council,08/06/2026,22089730,"46,435.06",E & J W GLENDINNING LIMITED,62732,668406312,Capital - Highways,C02009,Works,C0652001,DCC CIS Suppliers
18,Devon County Council,08/06/2026,22094248,"1,158.33",The Tavistock and Portman NHS Foundation Trust,604113,654945403,Children's Social Care,A44175,Training/Workshops - Non Staff,R0095007,"DCC Business Entities (Sole Trade, Partnership, Ltd)"
18,Devon County Council,08/06/2026,22095655,"1,759.30",FOCUS TRAINING SOUTH WEST LIMITED,334251,158953365,"Economy, Enterprise and Skills",A44038,Fees,R0546004,"DCC Business Entities (Sole Trade, Partnership, Ltd)"
18,Devon County Council,08/06/2026,22098298,"1,440.00",Forest and Land Management Limited,384223,320707786,"Transport Operations, Environment and Waste",A20025,Corporate Surveys,R0611002,"DCC Business Entities (Sole Trade, Partnership, Ltd)"
18,Devon County Council,08/06/2026,22103889,"3,200.00",GREENSLADES TOURS (EXETER) LIMITED,365861,307996855,"Transport Operations, Environment and Waste",A32010,Contract Hire Scheme,R0575001,"DCC Business Entities (Sole Trade, Partnership, Ltd)"
18,Devon County Council,08/06/2026,22103894,"1,000.00",TAVISTOCK COMMUNITY TRANSPORT,4816,381574043,"Transport Operations, Environment and Waste",A32010,Contract Hire Scheme,R0575001,"DCC Business Entities (Sole Trade, Partnership, Ltd)"
18,Devon County Council,09/06/2026,22076746,"5,799.23",Altogether Care - Care at Home Ltd,600796,373708870,Operations,A57136,Personal Care Block,R0234001,"DCC Business Entities (Sole Trade, Partnership, Ltd)"
18,Devon County Council,09/06/2026,22078803,825.00,BALES FARM OUTDOOR LEARNING LTD,377260,505816692,Dedicated Schools Grant,A44185,Other professional Services (Schools),R0082007,"DCC Business Entities (Sole Trade, Partnership, Ltd)"
18,Devon County Council,09/06/2026,22095041,586.13,NORSE SOUTH WEST LIMITED,279741,785421021,Transformation & Business Services,A46100,Main / Term Contractor,R0334004,"DCC Business Entities (Sole Trade, Partnership, Ltd)"
18,Devon County Council,09/06/2026,22098066,"9,596.67",MOUNT KELLY FOUNDATION,288947,237262412,Dedicated Schools Grant,A61052,Independent Special School Fees,R0089003,"DCC Business Entities (Sole Trade, Partnership, Ltd)"
18,Devon County Council,09/06/2026,22098512,"2,990.00",DEVON PATHWAYS LTD,383486,392542678,Dedicated Schools Grant,A44185,Other professional Services (Schools),R0082007,"DCC Business Entities (Sole Trade, Partnership, Ltd)"
18,Devon County Council,09/06/2026,22099331,"1,610.00",Forest and Land Management Limited,384223,320707786,"Transport Operations, Environment and Waste",A44038,Fees,R0643001,"DCC Business Entities (Sole Trade, Partnership, Ltd)"
18,Devon County Council,09/06/2026,22099373,"1,093.00",DAN WOOLLACOTT FENCING,358106,278397149,Highways & Infrastructure Development,A49005,Other Hired & Contracting Services,R0552002,DCC CIS Suppliers
18,Devon County Council,09/06/2026,22099583,"3,479.74",WAYTHROUGH,394680,413208832,Public Health,A57115,Payments to Private Contractors,R0316047,"DCC Business Entities (Sole Trade, Partnership, Ltd)"
18,Devon County Council,09/06/2026,22099748,800.00,SDC Surveyors Ltd,376965,491672365,Other PH Services,A44038,Fees,R0548001,"DCC Business Entities (Sole Trade, Partnership, Ltd)"
18,Devon County Council,09/06/2026,22100114,"6,750.00",CIVICA UK LIMITED,20654,391171065,"Chief Exec, Legal & Democratic services",A45045,IT Software Maintenance,R0291002,"DCC Business Entities (Sole Trade, Partnership, Ltd)"
18,Devon County Council,09/06/2026,22100631,"50,966.04",PGL Training (Plumbing) Limited,602016,331998962,"Economy, Enterprise and Skills",A53012,Payments to Independent Units,R0539003,"DCC Business Entities (Sole Trade, Partnership, Ltd)"
18,Devon County Council,09/06/2026,22100735,"1,413.45",OCEAN HEALTHCARE,371633,776836374,Operations,A11005,Agency Supply Staff,R0268001,"DCC Business Entities (Sole Trade, Partnership, Ltd)"
18,Devon County Council,09/06/2026,22102069,"71,164.55",Lifeworks Charity Ltd,257301,,Dedicated Schools Grant,A61052,Independent Special School Fees,R0089003,"DCC Business Entities (Sole Trade, Partnership, Ltd)"
18,Devon County Council,09/06/2026,22102819,"601,730.01",ALUN GRIFFITHS (CONTRACTORS) LTD,342391,494268745,Capital - Highways,C02009,Works,C0671008,DCC CIS Suppliers
18,Devon County Council,09/06/2026,22102977,832.00,STEPHENSONS SOLICITORS,394642,294832719,"Chief Exec, Legal & Democratic services",A44968,Legal & Conveyancing Charges,R0276001,"DCC Business Entities (Sole Trade, Partnership, Ltd)"
18,Devon County Council,09/06/2026,22103738,844.00,COAKER ANTON ENGLISH TIMBER LIMITED,218430,849855070,Capital - Highways,C02009,Works,C0652001,"DCC Business Entities (Sole Trade, Partnership, Ltd)"
18,Devon County Council,09/06/2026,22103741,"41,218.35",IAN WILLIAMS LIMITED,157927,137879028,"Capital - Planning, Transportation and Environment",C02009,Works,C0649001,DCC CIS Suppliers
18,Devon County Council,09/06/2026,22103764,591.00,THOMAS TELFORD LIMITED,82165,240877747,Highways & Infrastructure Development,A16015,Staff Training Expenses - Non Payroll,R0570001,"DCC Business Entities (Sole Trade, Partnership, Ltd)"
18,Devon County Council,09/06/2026,22104315,720.00,Wildhearts Services CIC,602264,,Children's Social Care,A61060,Support for Children in Care,R0106002,"DCC Business Entities (Sole Trade, Partnership, Ltd)"
18,Devon County Council,09/06/2026,22104353,589.00,LEXTOX,308992,111581940,"Chief Exec, Legal & Democratic services",A44038,Fees,R0276001,"DCC Business Entities (Sole Trade, Partnership, Ltd)"
18,Devon County Council,09/06/2026,22104355,"1,110.00",WILLIAM HIGGINSON CARE OF KBG CHMBS,396814,844714419,"Chief Exec, Legal & Democratic services",A44968,Legal & Conveyancing Charges,R0276001,"DCC Business Entities (Sole Trade, Partnership, Ltd)"
18,Devon County Council,09/06/2026,22104365,825.00,MATTHEW ANGUS,402427,467386839,"Chief Exec, Legal & Democratic services",A44968,Legal & Conveyancing Charges,R0274001,"DCC Business Entities (Sole Trade, Partnership, Ltd)"
18,Devon County Council,09/06/2026,150477019,"24,287.08",M Group Highways Limited,375383,927200546,Capital - Highways,C02051,Term Maintenance Contract,C0671005,"DCC Business Entities (Sole Trade, Partnership, Ltd)"
18,Devon County Council,09/06/2026,150477026,"6,065.43",M Group Highways Limited,375383,927200546,Highways & Infrastructure Development,A46100,Main / Term Contractor,R0554003,"DCC Business Entities (Sole Trade, Partnership, Ltd)"
18,Devon County Council,09/06/2026,150477030,"34,028.10",M Group Highways Limited,375383,927200546,Highways & Infrastructure Development,A46100,Main / Term Contractor,R0554004,"DCC Business Entities (Sole Trade, Partnership, Ltd)"
18,Devon County Council,08/06/2026,22098345,"1,250.00",D B D CONTRACTS LIMITED,207940,643588901,Inclusion & Learning,A31005,Courier Service,R0121001,"DCC Business Entities (Sole Trade, Partnership, Ltd)"
18,Devon County Council,08/06/2026,22098364,"12,000.00",DEVON COMMUNITIES TOGETHER,5033,942049627,"Transport Operations, Environment and Waste",A52010,"Grants to voluntary, community and social enterprise organisations",R0614001,"DCC Business Entities (Sole Trade, Partnership, Ltd)"
18,Devon County Council,08/06/2026,22098536,"3,924.44",NEXT STEPS EDUCATION LIMITED,389810,440621822,Dedicated Schools Grant,A44185,Other professional Services (Schools),R0082007,"DCC Business Entities (Sole Trade, Partnership, Ltd)"
18,Devon County Council,08/06/2026,22098539,"3,170.43",NEXT STEPS EDUCATION LIMITED,389810,440621822,Dedicated Schools Grant,A44185,Other professional Services (Schools),R0082007,"DCC Business Entities (Sole Trade, Partnership, Ltd)"
18,Devon County Council,08/06/2026,22098795,522.90,Youth Arts and Health Trust,340754,,P-Ledger - Separate Legal Entity,A61060,Support for Children in Care,P0432008,"DCC Business Entities (Sole Trade, Partnership, Ltd)"
18,Devon County Council,08/06/2026,22098832,"1,253.79",Routeways Centre Ltd,603198,,Children's Social Care,A61200,Community based care,R0044004,"DCC Business Entities (Sole Trade, Partnership, Ltd)"
18,Devon County Council,08/06/2026,22098858,"3,930.56",NEXT STEPS EDUCATION LIMITED,389810,440621822,Dedicated Schools Grant,A44180,Services for Educational Estabs - Devon,R0010004,"DCC Business Entities (Sole Trade, Partnership, Ltd)"
18,Devon County Council,08/06/2026,22098898,"1,341.34",NEXT STEPS EDUCATION LIMITED,389810,440621822,Dedicated Schools Grant,A44180,Services for Educational Estabs - Devon,R0010004,"DCC Business Entities (Sole Trade, Partnership, Ltd)"
18,Devon County Council,08/06/2026,22098940,"17,528.00",SIR JOHN HUNT COMMUNITY SPORTS,54697,144675845,Planning,A44038,Fees,R0617001,"DCC Business Entities (Sole Trade, Partnership, Ltd)"
18,Devon County Council,08/06/2026,22099042,"50,000.00",YOUNG DEVON (IVYBRIDGE),120708,,Communities,A52010,"Grants to voluntary, community and social enterprise organisations",R0533001,"DCC Business Entities (Sole Trade, Partnership, Ltd)"
18,Devon County Council,08/06/2026,22099054,609.70,NEXT STEPS EDUCATION LIMITED,389810,440621822,Dedicated Schools Grant,A44180,Services for Educational Estabs - Devon,R0010003,"DCC Business Entities (Sole Trade, Partnership, Ltd)"
18,Devon County Council,08/06/2026,22099056,"1,529.37",NEXT STEPS EDUCATION LIMITED,389810,440621822,Dedicated Schools Grant,A44180,Services for Educational Estabs - Devon,R0010004,"DCC Business Entities (Sole Trade, Partnership, Ltd)"
18,Devon County Council,08/06/2026,22099067,"3,030.22",NEXT STEPS EDUCATION LIMITED,389810,440621822,Dedicated Schools Grant,A44180,Services for Educational Estabs - Devon,R0010004,"DCC Business Entities (Sole Trade, Partnership, Ltd)"
18,Devon County Council,09/06/2026,150477035,"32,428.66",M Group Highways Limited,375383,927200546,Capital - Highways,C02051,Term Maintenance Contract,C0671006,"DCC Business Entities (Sole Trade, Partnership, Ltd)"
18,Devon County Council,09/06/2026,150477036,"129,232.20",M Group Highways Limited,375383,927200546,Highways & Infrastructure Development,A46100,Main / Term Contractor,R0554004,"DCC Business Entities (Sole Trade, Partnership, Ltd)"
18,Devon County Council,09/06/2026,150477037,"29,652.45",M Group Highways Limited,375383,927200546,Highways & Infrastructure Development,A46100,Main / Term Contractor,R0554004,"DCC Business Entities (Sole Trade, Partnership, Ltd)"
18,Devon County Council,09/06/2026,150477041,"-84,330.29",M Group Highways Limited,375383,927200546,Capital - Highways,C02051,Term Maintenance Contract,C0671005,"DCC Business Entities (Sole Trade, Partnership, Ltd)"
18,Devon County Council,09/06/2026,150477044,"6,770.59",M Group Highways Limited,375383,927200546,Highways & Infrastructure Development,A46100,Main / Term Contractor,R0554004,"DCC Business Entities (Sole Trade, Partnership, Ltd)"
18,Devon County Council,09/06/2026,150477045,"12,974.79",M Group Highways Limited,375383,927200546,Highways & Infrastructure Development,A46100,Main / Term Contractor,R0554004,"DCC Business Entities (Sole Trade, Partnership, Ltd)"
18,Devon County Council,09/06/2026,150477046,"6,892.43",M Group Highways Limited,375383,927200546,Highways & Infrastructure Development,A46100,Main / Term Contractor,R0554004,"DCC Business Entities (Sole Trade, Partnership, Ltd)"
18,Devon County Council,10/06/2026,22087700,"4,074.00",BE YOUR BEST MENTORING LIMITED,385179,426486966,Dedicated Schools Grant,A44185,Other professional Services (Schools),R0082007,"DCC Business Entities (Sole Trade, Partnership, Ltd)"
18,Devon County Council,10/06/2026,22094738,"3,147.12",BE YOUR BEST MENTORING LIMITED,385179,426486966,Dedicated Schools Grant,A44185,Other professional Services (Schools),R0082007,"DCC Business Entities (Sole Trade, Partnership, Ltd)"
18,Devon County Council,10/06/2026,22099032,"2,425.00",SOUTH WEST ALTERNATIVE PROVISION,398360,,Dedicated Schools Grant,A44180,Services for Educational Estabs - Devon,R0010004,"DCC Business Entities (Sole Trade, Partnership, Ltd)"
18,Devon County Council,10/06/2026,22099173,"2,384.00",VELOCITY WEB,382769,394004114,Public Health,A57115,Payments to Private Contractors,R0316084,"DCC Business Entities (Sole Trade, Partnership, Ltd)"
18,Devon County Council,10/06/2026,22099246,818.70,Amy Wallace,600296,,Dedicated Schools Grant,A44185,Other professional Services (Schools),R0082006,"DCC Business Entities (Sole Trade, Partnership, Ltd)"
18,Devon County Council,10/06/2026,22099254,"2,761.38",UNIVERSITY OF EXETER-FINANCE OFF,4630,142047795,"Transport Operations, Environment and Waste",A49105,Other Supplies & Services,R0579007,"DCC Business Entities (Sole Trade, Partnership, Ltd)"
18,Devon County Council,08/06/2026,22099069,"1,097.45",NEXT STEPS EDUCATION LIMITED,389810,440621822,Dedicated Schools Grant,A44180,Services for Educational Estabs - Devon,R0010004,"DCC Business Entities (Sole Trade, Partnership, Ltd)"
18,Devon County Council,08/06/2026,22099100,"1,991.00",MCCOLLUM CONSULTANTS,386086,298050285,"Chief Exec, Legal & Democratic services",A46020,Hospitality,R0506002,"DCC Business Entities (Sole Trade, Partnership, Ltd)"
18,Devon County Council,08/06/2026,22099101,"1,341.36",NEXT STEPS EDUCATION LIMITED,389810,440621822,Dedicated Schools Grant,A44180,Services for Educational Estabs - Devon,R0010004,"DCC Business Entities (Sole Trade, Partnership, Ltd)"
18,Devon County Council,08/06/2026,22099103,946.22,NEXT STEPS EDUCATION LIMITED,389810,440621822,Dedicated Schools Grant,A44180,Services for Educational Estabs - Devon,R0010004,"DCC Business Entities (Sole Trade, Partnership, Ltd)"
18,Devon County Council,08/06/2026,22099105,"1,219.40",NEXT STEPS EDUCATION LIMITED,389810,440621822,Dedicated Schools Grant,A44180,Services for Educational Estabs - Devon,R0010004,"DCC Business Entities (Sole Trade, Partnership, Ltd)"
18,Devon County Council,08/06/2026,22099413,"5,010.00",Exeter College (Exeter and North Devon Colleges Group),6141,125451632,Communities,A22005,Building Rents,R0536002,"DCC Business Entities (Sole Trade, Partnership, Ltd)"
18,Devon County Council,08/06/2026,22099415,"45,568.22",SPAGHETTI BRIDGE LIMITED,377380,478673138,Dedicated Schools Grant,A61052,Independent Special School Fees,R0089003,"DCC Business Entities (Sole Trade, Partnership, Ltd)"
18,Devon County Council,08/06/2026,22099582,796.67,MAN WITH A VAN SERVICES,316053,,Transformation & Business Services,A49005,Other Hired & Contracting Services,R0334004,"DCC Business Entities (Sole Trade, Partnership, Ltd)"
18,Devon County Council,08/06/2026,22101570,"3,125.00",TEIGNBRIDGE DISTRICT COUNCIL,4872,142214023,Transformation & Business Services,A46100,Main / Term Contractor,R0333004,"DCC Business Entities (Sole Trade, Partnership, Ltd)"
18,Devon County Council,08/06/2026,22102046,"3,421.06",PROMIND CARE LIMITED,404732,,Operations,A44038,Fees,R0222002,"DCC Business Entities (Sole Trade, Partnership, Ltd)"
18,Devon County Council,08/06/2026,22102079,754.65,EXETER CITY COUNCIL (FINANCE),4272,142335594,Transformation & Business Services,A27015,Refuse Collection,R0333026,"DCC Business Entities (Sole Trade, Partnership, Ltd)"
18,Devon County Council,08/06/2026,22102504,"-2,886.40",KENNFORD TARMACADAM LIMITED,24534,976391178,Capital - Highways,C02009,Works,C0671006,DCC CIS Suppliers
18,Devon County Council,08/06/2026,22102962,"1,783.20",STEPHENSONS SOLICITORS,394642,294832719,"Chief Exec, Legal & Democratic services",A44968,Legal & Conveyancing Charges,R0276001,"DCC Business Entities (Sole Trade, Partnership, Ltd)"
18,Devon County Council,10/06/2026,22099260,"2,761.38",UNIVERSITY OF EXETER-FINANCE OFF,4630,142047795,"Transport Operations, Environment and Waste",A44038,Fees,R0642001,"DCC Business Entities (Sole Trade, Partnership, Ltd)"
18,Devon County Council,10/06/2026,22100359,550.00,Liberty Crawford,603652,469094158,"Chief Exec, Legal & Democratic services",A44968,Legal & Conveyancing Charges,R0276001,"DCC Business Entities (Sole Trade, Partnership, Ltd)"
18,Devon County Council,10/06/2026,22101303,"1,380.57",LEXIA EDUCATION SERVICES LIMITED,376344,376218677,Dedicated Schools Grant,A44185,Other professional Services (Schools),R0082007,"DCC Business Entities (Sole Trade, Partnership, Ltd)"
18,Devon County Council,10/06/2026,22101380,623.75,LEXIA EDUCATION SERVICES LIMITED,376344,376218677,Dedicated Schools Grant,A44180,Services for Educational Estabs - Devon,R0010004,"DCC Business Entities (Sole Trade, Partnership, Ltd)"
18,Devon County Council,10/06/2026,22101409,"1,247.52",LEXIA EDUCATION SERVICES LIMITED,376344,376218677,Dedicated Schools Grant,A44185,Other professional Services (Schools),R0082007,"DCC Business Entities (Sole Trade, Partnership, Ltd)"
18,Devon County Council,10/06/2026,22101420,"1,195.53",LEXIA EDUCATION SERVICES LIMITED,376344,376218677,Dedicated Schools Grant,A44185,Other professional Services (Schools),R0082007,"DCC Business Entities (Sole Trade, Partnership, Ltd)"
18,Devon County Council,10/06/2026,22101424,815.75,LEXIA EDUCATION SERVICES LIMITED,376344,376218677,Dedicated Schools Grant,A44185,Other professional Services (Schools),R0082007,"DCC Business Entities (Sole Trade, Partnership, Ltd)"
18,Devon County Council,10/06/2026,22101428,"1,429.45",LEXIA EDUCATION SERVICES LIMITED,376344,376218677,Dedicated Schools Grant,A44185,Other professional Services (Schools),R0082007,"DCC Business Entities (Sole Trade, Partnership, Ltd)"
18,Devon County Council,10/06/2026,22101430,"1,871.28",LEXIA EDUCATION SERVICES LIMITED,376344,376218677,Dedicated Schools Grant,A44185,Other professional Services (Schools),R0082007,"DCC Business Entities (Sole Trade, Partnership, Ltd)"
18,Devon County Council,10/06/2026,22101432,"1,143.57",LEXIA EDUCATION SERVICES LIMITED,376344,376218677,Dedicated Schools Grant,A44185,Other professional Services (Schools),R0082007,"DCC Business Entities (Sole Trade, Partnership, Ltd)"
18,Devon County Council,10/06/2026,22101447,"1,117.57",LEXIA EDUCATION SERVICES LIMITED,376344,376218677,Dedicated Schools Grant,A44185,Other professional Services (Schools),R0082007,"DCC Business Entities (Sole Trade, Partnership, Ltd)"
18,Devon County Council,10/06/2026,22101448,"1,435.70",LEXIA EDUCATION SERVICES LIMITED,376344,376218677,Dedicated Schools Grant,A44185,Other professional Services (Schools),R0082007,"DCC Business Entities (Sole Trade, Partnership, Ltd)"
18,Devon County Council,10/06/2026,22101452,"1,559.40",LEXIA EDUCATION SERVICES LIMITED,376344,376218677,Dedicated Schools Grant,A44185,Other professional Services (Schools),R0082007,"DCC Business Entities (Sole Trade, Partnership, Ltd)"
18,Devon County Council,10/06/2026,22101458,"2,339.10",LEXIA EDUCATION SERVICES LIMITED,376344,376218677,Dedicated Schools Grant,A44185,Other professional Services (Schools),R0082007,"DCC Business Entities (Sole Trade, Partnership, Ltd)"
18,Devon County Council,10/06/2026,22101467,519.79,LEXIA EDUCATION SERVICES LIMITED,376344,376218677,Dedicated Schools Grant,A44185,Other professional Services (Schools),R0082007,"DCC Business Entities (Sole Trade, Partnership, Ltd)"
18,Devon County Council,10/06/2026,22101477,831.68,LEXIA EDUCATION SERVICES LIMITED,376344,376218677,Dedicated Schools Grant,A44185,Other professional Services (Schools),R0082002,"DCC Business Entities (Sole Trade, Partnership, Ltd)"
18,Devon County Council,10/06/2026,22101639,623.76,LEXIA EDUCATION SERVICES LIMITED,376344,376218677,Dedicated Schools Grant,A44180,Services for Educational Estabs - Devon,R0010004,"DCC Business Entities (Sole Trade, Partnership, Ltd)"
18,Devon County Council,10/06/2026,22102950,"3,371.50",STEPHENSONS SOLICITORS,394642,294832719,"Chief Exec, Legal & Democratic services",A44968,Legal & Conveyancing Charges,R0276001,"DCC Business Entities (Sole Trade, Partnership, Ltd)"
18,Devon County Council,10/06/2026,22104110,"30,999.31",EE LIMITED,403990,245719348,Transformation & Business Services,A45030,Mobile Phones,R0505006,"DCC Business Entities (Sole Trade, Partnership, Ltd)"
18,Devon County Council,10/06/2026,22104361,"24,966.67",REDWOOD RIVER SCHOOL LTD,604132,489138935,Dedicated Schools Grant,A61052,Independent Special School Fees,R0089003,"DCC Business Entities (Sole Trade, Partnership, Ltd)"
18,Devon County Council,10/06/2026,22104412,"4,030.00",SHERWELL VALLEY PRIMARY SCHOOL,51997,142208211,Dedicated Schools Grant,A53040,Contributions to Educational Estabs (3rd,R0107001,"DCC Business Entities (Sole Trade, Partnership, Ltd)"
18,Devon County Council,10/06/2026,22104543,565.80,CHERISHEDCARE DEVON,304476,,Children's Social Care,A61200,Community based care,R0046004,"DCC Business Entities (Sole Trade, Partnership, Ltd)"
18,Devon County Council,10/06/2026,22104686,"2,027.20",PROSPERO RECRUITMENT LIMITED,352539,486704947,Dedicated Schools Grant,A44185,Other professional Services (Schools),R0082007,"DCC Business Entities (Sole Trade, Partnership, Ltd)"
18,Devon County Council,10/06/2026,22104691,"1,520.40",PROSPERO RECRUITMENT LIMITED,352539,486704947,Dedicated Schools Grant,A44185,Other professional Services (Schools),R0082007,"DCC Business Entities (Sole Trade, Partnership, Ltd)"
18,Devon County Council,10/06/2026,22104693,"3,648.96",PROSPERO RECRUITMENT LIMITED,352539,486704947,Dedicated Schools Grant,A44185,Other professional Services (Schools),R0082007,"DCC Business Entities (Sole Trade, Partnership, Ltd)"
18,Devon County Council,10/06/2026,22104723,"3,040.80",PROSPERO RECRUITMENT LIMITED,352539,486704947,Dedicated Schools Grant,A44185,Other professional Services (Schools),R0082007,"DCC Business Entities (Sole Trade, Partnership, Ltd)"
18,Devon County Council,10/06/2026,22104730,"3,051.30",PROSPERO RECRUITMENT LIMITED,352539,486704947,Dedicated Schools Grant,A44185,Other professional Services (Schools),R0082007,"DCC Business Entities (Sole Trade, Partnership, Ltd)"
18,Devon County Council,10/06/2026,22104733,"3,040.80",PROSPERO RECRUITMENT LIMITED,352539,486704947,Dedicated Schools Grant,A44185,Other professional Services (Schools),R0082007,"DCC Business Entities (Sole Trade, Partnership, Ltd)"
18,Devon County Council,10/06/2026,22104739,"3,040.80",PROSPERO RECRUITMENT LIMITED,352539,486704947,Dedicated Schools Grant,A44185,Other professional Services (Schools),R0082007,"DCC Business Entities (Sole Trade, Partnership, Ltd)"
18,Devon County Council,10/06/2026,22104753,"2,027.20",PROSPERO RECRUITMENT LIMITED,352539,486704947,Dedicated Schools Grant,A44185,Other professional Services (Schools),R0082007,"DCC Business Entities (Sole Trade, Partnership, Ltd)"
18,Devon County Council,11/06/2026,22085582,"5,799.23",Altogether Care - Care at Home Ltd,600796,373708870,Operations,A57136,Personal Care Block,R0234001,"DCC Business Entities (Sole Trade, Partnership, Ltd)"
18,Devon County Council,11/06/2026,22095637,850.00,RHYS JENKINS,367140,322180836,"Chief Exec, Legal & Democratic services",A44968,Legal & Conveyancing Charges,R0276001,"DCC Business Entities (Sole Trade, Partnership, Ltd)"
18,Devon County Council,11/06/2026,22096754,"1,124.72",SOUTHWEST INTERVENTION SERVICES,333291,440830321,Children's Social Care,A61200,Community based care,R0044004,"DCC Business Entities (Sole Trade, Partnership, Ltd)"
18,Devon County Council,11/06/2026,22099258,"4,864.08",THE OUTDOORS GROUP *57*,362971,312604642,Dedicated Schools Grant,A61052,Independent Special School Fees,R0089003,"DCC Business Entities (Sole Trade, Partnership, Ltd)"
18,Devon County Council,11/06/2026,22099261,"4,864.08",THE OUTDOORS GROUP *57*,362971,312604642,Dedicated Schools Grant,A61052,Independent Special School Fees,R0089003,"DCC Business Entities (Sole Trade, Partnership, Ltd)"
18,Devon County Council,11/06/2026,22099262,"6,682.71",THE OUTDOORS GROUP *57*,362971,312604642,Dedicated Schools Grant,A61052,Independent Special School Fees,R0089003,"DCC Business Entities (Sole Trade, Partnership, Ltd)"
18,Devon County Council,11/06/2026,22099268,"4,864.08",THE OUTDOORS GROUP *57*,362971,312604642,Dedicated Schools Grant,A61052,Independent Special School Fees,R0089003,"DCC Business Entities (Sole Trade, Partnership, Ltd)"
18,Devon County Council,11/06/2026,22099289,"6,594.14",THE OUTDOORS GROUP *57*,362971,312604642,Dedicated Schools Grant,A61052,Independent Special School Fees,R0089003,"DCC Business Entities (Sole Trade, Partnership, Ltd)"
18,Devon County Council,08/06/2026,22103544,"3,000.00",WEST DEVON BOROUGH COUNCIL,8280,144823273,P-Ledger - Separate Legal Entity,A62105,Miscellaneous expenditure,P0419001,"DCC Business Entities (Sole Trade, Partnership, Ltd)"
18,Devon County Council,08/06/2026,22103594,660.00,VICTORIA LEES,358401,304084537,"Chief Exec, Legal & Democratic services",A44968,Legal & Conveyancing Charges,R0276001,"DCC Business Entities (Sole Trade, Partnership, Ltd)"
18,Devon County Council,08/06/2026,22103707,"67,542.91",Moore Barlow,605212,188683109,Below the line,C01010,Acquisitions - Purchase Cost - Legal Fees,R0515084,"DCC Business Entities (Sole Trade, Partnership, Ltd)"
18,Devon County Council,08/06/2026,22103837,"5,492.36",UNIVERSITY OF EXETER-FINANCE OFF,4630,142047795,"Capital - Planning, Transportation and Environment",C06001,Capital Grants paid to other third parties (Not WGA/VCSE),C0671012,"DCC Business Entities (Sole Trade, Partnership, Ltd)"
18,Devon County Council,08/06/2026,22103878,"7,000.00",AXE VALLEY MINI TRAVEL LIMITED,8510,,"Transport Operations, Environment and Waste",A32010,Contract Hire Scheme,R0575001,"DCC Business Entities (Sole Trade, Partnership, Ltd)"
18,Devon County Council,08/06/2026,22103893,"7,000.00",Tally Ho! Coaches Ltd,227374,834745411,"Transport Operations, Environment and Waste",A32010,Contract Hire Scheme,R0575001,"DCC Business Entities (Sole Trade, Partnership, Ltd)"
18,Devon County Council,09/06/2026,22076749,"31,738.69",Altogether Care - Care at Home Ltd,600796,373708870,Operations,A57136,Personal Care Block,R0234001,"DCC Business Entities (Sole Trade, Partnership, Ltd)"
18,Devon County Council,09/06/2026,22094945,"1,329.90",NORSE SOUTH WEST LIMITED,279741,785421021,Transformation & Business Services,A46100,Main / Term Contractor,R0334004,"DCC Business Entities (Sole Trade, Partnership, Ltd)"
18,Devon County Council,09/06/2026,22096203,"2,355.62",TIDES PSYCHOLOGY,333039,,"Chief Exec, Legal & Democratic services",A44038,Fees,R0276001,"DCC Business Entities (Sole Trade, Partnership, Ltd)"
18,Devon County Council,09/06/2026,22099439,"1,820.00",SOUTHWEST ESTATE MAINTENANCE LIMITED,401880,506499273,Capital - Highways,C02009,Works,C0652001,DCC CIS Suppliers
18,Devon County Council,09/06/2026,22099744,800.00,SDC Surveyors Ltd,376965,491672365,Other PH Services,A44038,Fees,R0548001,"DCC Business Entities (Sole Trade, Partnership, Ltd)"
18,Devon County Council,09/06/2026,22100624,"45,471.80",PGL Training (Plumbing) Limited,602016,331998962,"Economy, Enterprise and Skills",A53012,Payments to Independent Units,R0539003,"DCC Business Entities (Sole Trade, Partnership, Ltd)"
18,Devon County Council,09/06/2026,22100630,"63,990.66",PGL Training (Plumbing) Limited,602016,331998962,"Economy, Enterprise and Skills",A53012,Payments to Independent Units,R0539003,"DCC Business Entities (Sole Trade, Partnership, Ltd)"
18,Devon County Council,09/06/2026,22102684,"65,940.61",WESTCOUNTRY MAINTENANCE SERVICES LIMITED,229952,915005854,Capital other - Digital Technology & Business Services,C02009,Works,C0647001,DCC CIS Suppliers
18,Devon County Council,09/06/2026,22102747,"20,906.28",COVY LIMITED/ TRADING AS GARAGE SERVICES,390598,429102322,"Transport Operations, Environment and Waste",A30010,Vehicles Repairs,R0584003,"DCC Business Entities (Sole Trade, Partnership, Ltd)"
18,Devon County Council,09/06/2026,22102879,"5,153.75",BELL GROUP LIMITED,320709,469453353,Capital - SEND Schools,C02009,Works,C0660001,DCC CIS Suppliers
18,Devon County Council,09/06/2026,22103186,"-2,870.16",PHILLIPS WN&D,90044,927522419,P-Ledger - Separate Legal Entity,A57140,Residential Care - Long Stay,P0434003,"DCC Business Entities (Sole Trade, Partnership, Ltd)"
18,Devon County Council,09/06/2026,22103496,786.60,OIMART HOSTING LIMITED TRADING AS MEMSET,263643,794131325,Transformation & Business Services,A45045,IT Software Maintenance,R0476002,"DCC Business Entities (Sole Trade, Partnership, Ltd)"
18,Devon County Council,09/06/2026,22103967,"3,040.80",PROSPERO RECRUITMENT LIMITED,352539,486704947,Dedicated Schools Grant,A44180,Services for Educational Estabs - Devon,R0010004,"DCC Business Entities (Sole Trade, Partnership, Ltd)"
18,Devon County Council,09/06/2026,22104058,"5,357.35",CANTIUM BUSINESS SOLUTIONS LIMITED,354810,294540288,People and Culture,A12510,Other Employee Expenses,R0472004,"DCC Business Entities (Sole Trade, Partnership, Ltd)"
18,Devon County Council,09/06/2026,22104183,"4,236.00",HM Prison & Probation Service,601327,888818055,Children's Social Care,A57145,Residential Care - Short Stay,R0091002,"DCC Business Entities (Sole Trade, Partnership, Ltd)"
18,Devon County Council,09/06/2026,22104282,"10,244.38",D W M L HOLDINGS LIMITED,345026,823821047,"Transport Operations, Environment and Waste",A46100,Main / Term Contractor,R0605002,"DCC Business Entities (Sole Trade, Partnership, Ltd)"
18,Devon County Council,09/06/2026,22104392,600.00,MATTHEW ANGUS,402427,467386839,"Chief Exec, Legal & Democratic services",A44968,Legal & Conveyancing Charges,R0274001,"DCC Business Entities (Sole Trade, Partnership, Ltd)"
18,Devon County Council,09/06/2026,22104425,"9,580.00",DARTMOOR MULTI ACADEMY TRUST,349523,289462942,Public Health,A53012,Payments to Independent Units,R0316036,"DCC Business Entities (Sole Trade, Partnership, Ltd)"
18,Devon County Council,09/06/2026,150477016,"140,602.44",M Group Highways Limited,375383,927200546,Highways & Infrastructure Development,A46100,Main / Term Contractor,R0554004,"DCC Business Entities (Sole Trade, Partnership, Ltd)"
18,Devon County Council,09/06/2026,150477018,"39,894.84",M Group Highways Limited,375383,927200546,Capital - Highways,C02051,Term Maintenance Contract,C0671005,"DCC Business Entities (Sole Trade, Partnership, Ltd)"
18,Devon County Council,09/06/2026,150477021,"120,248.32",M Group Highways Limited,375383,927200546,Capital - Highways,C02051,Term Maintenance Contract,C0671005,"DCC Business Entities (Sole Trade, Partnership, Ltd)"
18,Devon County Council,09/06/2026,150477023,"22,905.77",M Group Highways Limited,375383,927200546,Highways & Infrastructure Development,A46100,Main / Term Contractor,R0554003,"DCC Business Entities (Sole Trade, Partnership, Ltd)"
18,Devon County Council,09/06/2026,150477027,781.35,M Group Highways Limited,375383,927200546,Capital - Highways,C02051,Term Maintenance Contract,C0671005,"DCC Business Entities (Sole Trade, Partnership, Ltd)"
18,Devon County Council,09/06/2026,150477032,"25,990.92",M Group Highways Limited,375383,927200546,Highways & Infrastructure Development,A46100,Main / Term Contractor,R0554004,"DCC Business Entities (Sole Trade, Partnership, Ltd)"
18,Devon County Council,09/06/2026,150477047,"1,800.41",M Group Highways Limited,375383,927200546,Highways & Infrastructure Development,A46100,Main / Term Contractor,R0554004,"DCC Business Entities (Sole Trade, Partnership, Ltd)"
18,Devon County Council,09/06/2026,150477049,"9,490.07",M Group Highways Limited,375383,927200546,Capital - Highways,C02051,Term Maintenance Contract,C0671006,"DCC Business Entities (Sole Trade, Partnership, Ltd)"
18,Devon County Council,10/06/2026,22098749,"1,315.47",EXMINSTER PARISH COUNCIL,18598,,Highways & Infrastructure Development,A93000,Fees & Charges services provided from Council,R0556034,"DCC Business Entities (Sole Trade, Partnership, Ltd)"
18,Devon County Council,10/06/2026,22099040,"80,000.00",CAB DEVON - DIX'S FIELD,326318,,Children's Social Care,A58015,Other Agencies/Contractors,R0007005,"DCC Business Entities (Sole Trade, Partnership, Ltd)"
18,Devon County Council,10/06/2026,22099249,"2,761.38",UNIVERSITY OF EXETER-FINANCE OFF,4630,142047795,"Transport Operations, Environment and Waste",A44038,Fees,R0603001,"DCC Business Entities (Sole Trade, Partnership, Ltd)"
18,Devon County Council,10/06/2026,22099351,625.50,TTH GROUP LIMITED,405600,455430500,Children's Social Care,A44110,Exam Fees,R0076006,"DCC Business Entities (Sole Trade, Partnership, Ltd)"
18,Devon County Council,10/06/2026,22099356,700.70,CLH GROUP LIMITED,86633,236308223,Operations,A62105,Miscellaneous expenditure,R0250001,"DCC Business Entities (Sole Trade, Partnership, Ltd)"
18,Devon County Council,10/06/2026,22099567,625.00,CHURCHILL ENVIRONMENTAL SERVICES,288825,866362007,Children's Social Care,A20010,"Property Repairs, Maintenance & Alterations (Reactive)",R0015001,DCC CIS Suppliers
18,Devon County Council,10/06/2026,22099685,"25,300.00",WESTBANK COMMUNITY HEALTH & CARE,65217,277497150,P-Ledger - Separate Legal Entity,A62110,Payments to Charities & Vol Providers,P0391004,"DCC Business Entities (Sole Trade, Partnership, Ltd)"
18,Devon County Council,10/06/2026,22099917,700.00,Sarah Phillimore,293270,726113168,"Chief Exec, Legal & Democratic services",A44968,Legal & Conveyancing Charges,R0276001,"DCC Business Entities (Sole Trade, Partnership, Ltd)"
18,Devon County Council,10/06/2026,22100700,"10,942.00",PROMOTING INDEPENDENT CARE LIMITED,376159,,Children's Social Care,A11005,Agency Supply Staff,R0095009,"DCC Business Entities (Sole Trade, Partnership, Ltd)"
18,Devon County Council,10/06/2026,22100917,"12,228.00",PROMOTING INDEPENDENT CARE LIMITED,376159,,Children's Social Care,A11005,Agency Supply Staff,R0095010,"DCC Business Entities (Sole Trade, Partnership, Ltd)"
18,Devon County Council,10/06/2026,22101059,"4,539.64",BRITISH TELECOM (BILL PAYMNTS),4558,245719348,Transformation & Business Services,A45020,Telephones,R0353008,"DCC Business Entities (Sole Trade, Partnership, Ltd)"
18,Devon County Council,10/06/2026,22101321,779.71,LEXIA EDUCATION SERVICES LIMITED,376344,376218677,Dedicated Schools Grant,A44180,Services for Educational Estabs - Devon,R0010004,"DCC Business Entities (Sole Trade, Partnership, Ltd)"
18,Devon County Council,10/06/2026,22101364,"1,247.52",LEXIA EDUCATION SERVICES LIMITED,376344,376218677,Dedicated Schools Grant,A53035,Other Recoupment Expenditure (3rd),R0111002,"DCC Business Entities (Sole Trade, Partnership, Ltd)"
18,Devon County Council,10/06/2026,22101399,"2,027.22",LEXIA EDUCATION SERVICES LIMITED,376344,376218677,Dedicated Schools Grant,A44185,Other professional Services (Schools),R0082007,"DCC Business Entities (Sole Trade, Partnership, Ltd)"
18,Devon County Council,10/06/2026,22101405,831.68,LEXIA EDUCATION SERVICES LIMITED,376344,376218677,Dedicated Schools Grant,A44185,Other professional Services (Schools),R0082007,"DCC Business Entities (Sole Trade, Partnership, Ltd)"
18,Devon County Council,10/06/2026,22101419,935.65,LEXIA EDUCATION SERVICES LIMITED,376344,376218677,Dedicated Schools Grant,A44185,Other professional Services (Schools),R0082007,"DCC Business Entities (Sole Trade, Partnership, Ltd)"
18,Devon County Council,10/06/2026,22101435,623.75,LEXIA EDUCATION SERVICES LIMITED,376344,376218677,Dedicated Schools Grant,A44185,Other professional Services (Schools),R0082007,"DCC Business Entities (Sole Trade, Partnership, Ltd)"
18,Devon County Council,10/06/2026,22101436,"2,053.21",LEXIA EDUCATION SERVICES LIMITED,376344,376218677,Dedicated Schools Grant,A44185,Other professional Services (Schools),R0082007,"DCC Business Entities (Sole Trade, Partnership, Ltd)"
18,Devon County Council,10/06/2026,22101441,"1,143.57",LEXIA EDUCATION SERVICES LIMITED,376344,376218677,Dedicated Schools Grant,A44185,Other professional Services (Schools),R0082007,"DCC Business Entities (Sole Trade, Partnership, Ltd)"
18,Devon County Council,10/06/2026,22101444,"1,247.52",LEXIA EDUCATION SERVICES LIMITED,376344,376218677,Dedicated Schools Grant,A44185,Other professional Services (Schools),R0082007,"DCC Business Entities (Sole Trade, Partnership, Ltd)"
18,Devon County Council,01/06/2026,22099908,"1,231.00",SPEEDY ASSET SERVICES LIMITED,265733,151629570,Transformation & Business Services,A20005,"Property Repairs, Maintenance & Alterations (programmed)",R0333026,"DCC Business Entities (Sole Trade, Partnership, Ltd)"
18,Devon County Council,01/06/2026,22100073,"1,282.99",ARTHUR J GALLAGHER INS BROKER,352755,484746209,"Chief Exec, Legal & Democratic services",A28005,Premises Insurance,R0283001,"DCC Business Entities (Sole Trade, Partnership, Ltd)"
18,Devon County Council,01/06/2026,22100809,"1,552.05",ARMADA SOCIAL WORK SERVICES LIMITED,382784,395853540,"Chief Exec, Legal & Democratic services",A44038,Fees,R0276001,"DCC Business Entities (Sole Trade, Partnership, Ltd)"
18,Devon County Council,01/06/2026,22101030,"4,495.27",QUALITY MARKING SERVICES LIMITED,86608,777323994,Capital - Highways,C02009,Works,C0671005,DCC CIS Suppliers
18,Devon County Council,01/06/2026,22101223,500.00,ASSOCIATION OF TRANSPORT CO-ORDINATING OFFICERS (ATCO),359881,779519664,"Transport Operations, Environment and Waste",A88030,Other Capital Financing,R0588001,"DCC Business Entities (Sole Trade, Partnership, Ltd)"
18,Devon County Council,01/06/2026,22101293,"96,890.20",M3 GLOBAL FLOOD TECHNOLOGIES LIMITED,372565,304632533,"Capital - Planning, Transportation and Environment",C02009,Works,C0671012,DCC CIS Suppliers
18,Devon County Council,01/06/2026,22101536,"2,000.00",LYMPSTONE PARISH COUNCIL,14584,,Communities,A52010,"Grants to voluntary, community and social enterprise organisations",R0534001,"DCC Business Entities (Sole Trade, Partnership, Ltd)"
18,Devon County Council,01/06/2026,22101617,"2,000.00",TORRIDGE GROWING TOGETHER COMMUNITY INTEREST COMPANY,401804,,Communities,A52010,"Grants to voluntary, community and social enterprise organisations",R0534007,"DCC Business Entities (Sole Trade, Partnership, Ltd)"
18,Devon County Council,01/06/2026,22101783,"5,000.00",KINGSBRIDGE TOWN COUNCIL,20887,,Communities,A52005,Payments to Other Local Authorities,R0534005,"DCC Business Entities (Sole Trade, Partnership, Ltd)"
18,Devon County Council,01/06/2026,22101892,573.75,COURT OF PROTECTION TEAM,396440,,Finance & Public Value,A93000,Fees & Charges services provided from Council,R0203001,"DCC Business Entities (Sole Trade, Partnership, Ltd)"
18,Devon County Council,02/06/2026,22093643,"4,580.59",GCI NETWORK SOLUTIONS TA NASSTAR,380659,199872429,Transformation & Business Services,A45020,Telephones,R0353008,"DCC Business Entities (Sole Trade, Partnership, Ltd)"
18,Devon County Council,02/06/2026,22096917,"1,120.00",SOUTHWEST ESTATE MAINTENANCE LIMITED,401880,506499273,Capital - Highways,C02009,Works,C0652001,DCC CIS Suppliers
18,Devon County Council,02/06/2026,22096929,"1,196.00",DEVON PATHWAYS LTD,383486,392542678,Dedicated Schools Grant,A44180,Services for Educational Estabs - Devon,R0010004,"DCC Business Entities (Sole Trade, Partnership, Ltd)"
18,Devon County Council,05/06/2026,22098744,"7,133.08",PLYMOUTH CITYBUS LIMITED,13532,447433443,"Transport Operations, Environment and Waste",A32010,Contract Hire Scheme,R0575001,"DCC Business Entities (Sole Trade, Partnership, Ltd)"
18,Devon County Council,05/06/2026,22098750,"1,280.00",PROGRESSION SERVICES LIMITED,390181,439882639,Dedicated Schools Grant,A44185,Other professional Services (Schools),R0082007,"DCC Business Entities (Sole Trade, Partnership, Ltd)"
18,Devon County Council,05/06/2026,22098871,"6,199.86",EE LIMITED,403990,245719348,Transformation & Business Services,A45030,Mobile Phones,R0505006,"DCC Business Entities (Sole Trade, Partnership, Ltd)"
18,Devon County Council,05/06/2026,22098911,"1,142.00",S C C,161520,313651680,Transformation & Business Services,A45005,IT Hardware,R0337004,"DCC Business Entities (Sole Trade, Partnership, Ltd)"
18,Devon County Council,05/06/2026,22099326,"4,828.82",SPAGHETTI BRIDGE LIMITED,377380,478673138,Dedicated Schools Grant,A61052,Independent Special School Fees,R0089003,"DCC Business Entities (Sole Trade, Partnership, Ltd)"
18,Devon County Council,05/06/2026,22099334,"4,970.84",SPAGHETTI BRIDGE LIMITED,377380,478673138,Dedicated Schools Grant,A61052,Independent Special School Fees,R0089003,"DCC Business Entities (Sole Trade, Partnership, Ltd)"
18,Devon County Council,05/06/2026,22099674,"81,265.34",BREAKTHROUGH TRANSFORMATION TRUST,248117,480468080,Dedicated Schools Grant,A61052,Independent Special School Fees,R0089003,"DCC Business Entities (Sole Trade, Partnership, Ltd)"
18,Devon County Council,05/06/2026,22099677,"73,981.03",BREAKTHROUGH TRANSFORMATION TRUST,248117,480468080,Dedicated Schools Grant,A61052,Independent Special School Fees,R0089003,"DCC Business Entities (Sole Trade, Partnership, Ltd)"
18,Devon County Council,05/06/2026,22101866,962.82,MEENA ENTERPRISES LIMITED,360477,,Operations,A44038,Fees,R0222002,"DCC Business Entities (Sole Trade, Partnership, Ltd)"
18,Devon County Council,05/06/2026,22102247,"529,088.01",ROYAL DEVON UNIVERSITY HEALTHCAR,21280,654938887,Public Health,A53005,Payments to Health Authorities,R0316041,"DCC Business Entities (Sole Trade, Partnership, Ltd)"
18,Devon County Council,05/06/2026,22102649,"1,840.00",BISCOES,359427,284553870,"Chief Exec, Legal & Democratic services",A44968,Legal & Conveyancing Charges,R0274001,"DCC Business Entities (Sole Trade, Partnership, Ltd)"
18,Devon County Council,05/06/2026,22102690,960.00,BISCOES,359427,284553870,"Chief Exec, Legal & Democratic services",A44968,Legal & Conveyancing Charges,R0274001,"DCC Business Entities (Sole Trade, Partnership, Ltd)"
18,Devon County Council,05/06/2026,22102792,"5,367.60",CHERISHEDCARE DEVON,304476,,Children's Social Care,A61200,Community based care,R0046004,"DCC Business Entities (Sole Trade, Partnership, Ltd)"
18,Devon County Council,05/06/2026,22102808,"6,360.00",CHERISHEDCARE DEVON,304476,,Children's Social Care,A61044,Residential Short Breaks,R0046004,"DCC Business Entities (Sole Trade, Partnership, Ltd)"
18,Devon County Council,05/06/2026,22102951,"4,435.20",STEPHENSONS SOLICITORS,394642,294832719,"Chief Exec, Legal & Democratic services",A44968,Legal & Conveyancing Charges,R0276001,"DCC Business Entities (Sole Trade, Partnership, Ltd)"
18,Devon County Council,05/06/2026,22102961,"2,032.00",STEPHENSONS SOLICITORS,394642,294832719,"Chief Exec, Legal & Democratic services",A44968,Legal & Conveyancing Charges,R0276001,"DCC Business Entities (Sole Trade, Partnership, Ltd)"
18,Devon County Council,05/06/2026,22102964,656.00,STEPHENSONS SOLICITORS,394642,294832719,"Chief Exec, Legal & Democratic services",A44968,Legal & Conveyancing Charges,R0276001,"DCC Business Entities (Sole Trade, Partnership, Ltd)"
18,Devon County Council,05/06/2026,22103342,"19,235.12",SEVERN TRENT GREEN POWER,322030,876098474,"Transport Operations, Environment and Waste",A46100,Main / Term Contractor,R0598001,"DCC Business Entities (Sole Trade, Partnership, Ltd)"
18,Devon County Council,05/06/2026,22103358,"13,625.36",SEVERN TRENT GREEN POWER,322030,876098474,"Transport Operations, Environment and Waste",A46100,Main / Term Contractor,R0598001,"DCC Business Entities (Sole Trade, Partnership, Ltd)"
18,Devon County Council,05/06/2026,22103362,"1,149.15",SEVERN TRENT GREEN POWER,322030,876098474,"Transport Operations, Environment and Waste",A46100,Main / Term Contractor,R0598001,"DCC Business Entities (Sole Trade, Partnership, Ltd)"
18,Devon County Council,05/06/2026,22103482,515.96,Dr Grange & Associates Ltd,604833,254375789,"Chief Exec, Legal & Democratic services",A44038,Fees,R0276001,"DCC Business Entities (Sole Trade, Partnership, Ltd)"
18,Devon County Council,05/06/2026,22103490,"2,948.40",THE APRICOT CENTRE CIC,341760,227454701,"Economy, Enterprise and Skills",A44038,Fees,R0546004,"DCC Business Entities (Sole Trade, Partnership, Ltd)"
18,Devon County Council,05/06/2026,22103553,"9,000.00",Fostering & Kinship Service Imprest Account,605175,,Suspense Control Account,A79006,Imprest Suspense,R0502053,DCC Intercompany
18,Devon County Council,05/06/2026,22103699,"1,890.00",P C C DEVON & CORNWALL,8298,631322482,Mental Health,A49105,Other Supplies & Services,R0256001,"DCC Business Entities (Sole Trade, Partnership, Ltd)"
18,Devon County Council,08/06/2026,22098326,875.00,SEVERNSIDE TRANSPORTATION DATA C,396817,306411248,Planning,A49005,Other Hired & Contracting Services,R0620001,"DCC Business Entities (Sole Trade, Partnership, Ltd)"
18,Devon County Council,08/06/2026,22098545,627.00,DANIEL RAMSAY,316733,,Highways & Infrastructure Development,A49005,Other Hired & Contracting Services,R0557022,DCC CIS Suppliers
18,Devon County Council,08/06/2026,22098670,522.90,Youth Arts and Health Trust,340754,,P-Ledger - Separate Legal Entity,A61060,Support for Children in Care,P0432008,"DCC Business Entities (Sole Trade, Partnership, Ltd)"
18,Devon County Council,08/06/2026,22098735,"3,325.55",EVOLVE PSYCHOTHERAPY,377263,,Dedicated Schools Grant,A44180,Services for Educational Estabs - Devon,R0010004,"DCC Business Entities (Sole Trade, Partnership, Ltd)"
18,Devon County Council,08/06/2026,22098849,"1,951.03",NEXT STEPS EDUCATION LIMITED,389810,440621822,Dedicated Schools Grant,A44180,Services for Educational Estabs - Devon,R0010004,"DCC Business Entities (Sole Trade, Partnership, Ltd)"
18,Devon County Council,08/06/2026,22098851,"4,206.93",NEXT STEPS EDUCATION LIMITED,389810,440621822,Dedicated Schools Grant,A44180,Services for Educational Estabs - Devon,R0010004,"DCC Business Entities (Sole Trade, Partnership, Ltd)"
18,Devon County Council,08/06/2026,22098854,"16,055.38",WAVE MULTI ACADEMY TRUST,356576,163418709,Dedicated Schools Grant,A44180,Services for Educational Estabs - Devon,R0010003,"DCC Business Entities (Sole Trade, Partnership, Ltd)"
18,Devon County Council,08/06/2026,22098882,"1,603.38",Watteva Ltd,263726,824668014,Communities,A40920,Equipment,R0536007,"DCC Business Entities (Sole Trade, Partnership, Ltd)"
18,Devon County Council,08/06/2026,22098902,"16,818.75",APPROPRIATE ADULT SERVICE LIMITED,348287,243580216,Commissioning,A44038,Fees,R0484003,"DCC Business Entities (Sole Trade, Partnership, Ltd)"
18,Devon County Council,08/06/2026,22098927,"4,092.50",R H ADVERTISING,22134,750461154,"Transport Operations, Environment and Waste",A49005,Other Hired & Contracting Services,R0599001,"DCC Business Entities (Sole Trade, Partnership, Ltd)"
18,Devon County Council,08/06/2026,22099015,"1,685.40",FINASTRA GROUP HOLDINGS LIMITED,184169,794089971,Finance & Public Value,A45040,IT Software,R0201001,"DCC Business Entities (Sole Trade, Partnership, Ltd)"
18,Devon County Council,08/06/2026,22099066,"1,341.36",NEXT STEPS EDUCATION LIMITED,389810,440621822,Dedicated Schools Grant,A44180,Services for Educational Estabs - Devon,R0010004,"DCC Business Entities (Sole Trade, Partnership, Ltd)"
18,Devon County Council,08/06/2026,22099076,"2,643.85",NEXT STEPS EDUCATION LIMITED,389810,440621822,Dedicated Schools Grant,A44180,Services for Educational Estabs - Devon,R0010004,"DCC Business Entities (Sole Trade, Partnership, Ltd)"
18,Devon County Council,08/06/2026,22099079,"1,219.42",NEXT STEPS EDUCATION LIMITED,389810,440621822,Dedicated Schools Grant,A44180,Services for Educational Estabs - Devon,R0010004,"DCC Business Entities (Sole Trade, Partnership, Ltd)"
18,Devon County Council,08/06/2026,22099090,"1,036.50",NEXT STEPS EDUCATION LIMITED,389810,440621822,Dedicated Schools Grant,A44180,Services for Educational Estabs - Devon,R0010004,"DCC Business Entities (Sole Trade, Partnership, Ltd)"
18,Devon County Council,08/06/2026,22099095,"2,194.91",NEXT STEPS EDUCATION LIMITED,389810,440621822,Dedicated Schools Grant,A44180,Services for Educational Estabs - Devon,R0010004,"DCC Business Entities (Sole Trade, Partnership, Ltd)"
18,Devon County Council,08/06/2026,22099097,"2,072.98",NEXT STEPS EDUCATION LIMITED,389810,440621822,Dedicated Schools Grant,A44180,Services for Educational Estabs - Devon,R0010004,"DCC Business Entities (Sole Trade, Partnership, Ltd)"
18,Devon County Council,08/06/2026,22099099,853.59,NEXT STEPS EDUCATION LIMITED,389810,440621822,Dedicated Schools Grant,A44180,Services for Educational Estabs - Devon,R0010004,"DCC Business Entities (Sole Trade, Partnership, Ltd)"
18,Devon County Council,08/06/2026,22099117,"3,518.60",FOCUS TRAINING SOUTH WEST LIMITED,334251,158953365,"Economy, Enterprise and Skills",A44038,Fees,R0546004,"DCC Business Entities (Sole Trade, Partnership, Ltd)"
18,Devon County Council,08/06/2026,22099119,615.00,IVYBRIDGE TOWN COUNCIL,6546,591503247,P-Ledger - Separate Legal Entity,A22005,Building Rents,P0400001,"DCC Business Entities (Sole Trade, Partnership, Ltd)"
18,Devon County Council,08/06/2026,22099348,883.00,EXETER CITY COUNCIL (FINANCE),4272,142335594,Children's Social Care,A22030,Hire of Property,R0040002,"DCC Business Entities (Sole Trade, Partnership, Ltd)"
18,Devon County Council,08/06/2026,22100109,"332,444.94",SUEZ RECYCLING & RECOVERY UK LIMITED,208690,444085847,"Transport Operations, Environment and Waste",A46100,Main / Term Contractor,R0605001,"DCC Business Entities (Sole Trade, Partnership, Ltd)"
18,Devon County Council,08/06/2026,22100388,"1,060.00",FIRST AID EDUCATION LIMITED,392920,389504261,Communities,A44110,Exam Fees,R0536017,"DCC Business Entities (Sole Trade, Partnership, Ltd)"
18,Devon County Council,08/06/2026,22100510,"2,365.50",BEES UK LIMITED,355821,,Dedicated Schools Grant,A44185,Other professional Services (Schools),R0082006,"DCC Business Entities (Sole Trade, Partnership, Ltd)"
18,Devon County Council,08/06/2026,22101037,900.00,DODDS SOLICITORS LLP,394172,729928286,"Chief Exec, Legal & Democratic services",A44968,Legal & Conveyancing Charges,R0276001,"DCC Business Entities (Sole Trade, Partnership, Ltd)"
18,Devon County Council,08/06/2026,22101653,"3,041.67",TEIGNBRIDGE DISTRICT COUNCIL,4872,142214023,Transformation & Business Services,A46100,Main / Term Contractor,R0333004,"DCC Business Entities (Sole Trade, Partnership, Ltd)"
18,Devon County Council,08/06/2026,22102263,"2,138.92",STEP ONE CHARITY,384200,787421303,Public Health,A57115,Payments to Private Contractors,R0316030,"DCC Business Entities (Sole Trade, Partnership, Ltd)"
18,Devon County Council,08/06/2026,22102796,"51,131.35",FUELCARD SERVICES LIMITED,326358,447765312,"Transport Operations, Environment and Waste",A30015,Vehicle Fuel,R0584003,"DCC Business Entities (Sole Trade, Partnership, Ltd)"
18,Devon County Council,08/06/2026,22103018,805.24,DR GARY TUDOR,308663,,Operations,A44038,Fees,R0222002,"DCC Business Entities (Sole Trade, Partnership, Ltd)"
18,Devon County Council,10/06/2026,22101445,880.00,LEXIA EDUCATION SERVICES LIMITED,376344,376218677,Dedicated Schools Grant,A44185,Other professional Services (Schools),R0082007,"DCC Business Entities (Sole Trade, Partnership, Ltd)"
18,Devon County Council,10/06/2026,22101449,"1,684.14",LEXIA EDUCATION SERVICES LIMITED,376344,376218677,Dedicated Schools Grant,A44185,Other professional Services (Schools),R0082007,"DCC Business Entities (Sole Trade, Partnership, Ltd)"
18,Devon County Council,10/06/2026,22101455,763.64,LEXIA EDUCATION SERVICES LIMITED,376344,376218677,Dedicated Schools Grant,A44185,Other professional Services (Schools),R0082007,"DCC Business Entities (Sole Trade, Partnership, Ltd)"
18,Devon County Council,10/06/2026,22101456,"1,551.50",LEXIA EDUCATION SERVICES LIMITED,376344,376218677,Dedicated Schools Grant,A44185,Other professional Services (Schools),R0082007,"DCC Business Entities (Sole Trade, Partnership, Ltd)"
18,Devon County Council,10/06/2026,22101460,930.22,LEXIA EDUCATION SERVICES LIMITED,376344,376218677,Dedicated Schools Grant,A44185,Other professional Services (Schools),R0082007,"DCC Business Entities (Sole Trade, Partnership, Ltd)"
18,Devon County Council,10/06/2026,22101464,"2,039.40",LEXIA EDUCATION SERVICES LIMITED,376344,376218677,Dedicated Schools Grant,A44185,Other professional Services (Schools),R0082007,"DCC Business Entities (Sole Trade, Partnership, Ltd)"
18,Devon County Council,10/06/2026,22101466,"1,663.36",LEXIA EDUCATION SERVICES LIMITED,376344,376218677,Dedicated Schools Grant,A44185,Other professional Services (Schools),R0082007,"DCC Business Entities (Sole Trade, Partnership, Ltd)"
18,Devon County Council,10/06/2026,22101473,"1,247.52",LEXIA EDUCATION SERVICES LIMITED,376344,376218677,Dedicated Schools Grant,A44185,Other professional Services (Schools),R0082007,"DCC Business Entities (Sole Trade, Partnership, Ltd)"
18,Devon County Council,10/06/2026,22101943,"2,647.37",LEXIA EDUCATION SERVICES LIMITED,376344,376218677,Dedicated Schools Grant,A44185,Other professional Services (Schools),R0082007,"DCC Business Entities (Sole Trade, Partnership, Ltd)"
18,Devon County Council,10/06/2026,22101976,"1,890.00",The Empower School t/a Contact Success,397825,438034602,Dedicated Schools Grant,A44185,Other professional Services (Schools),R0082007,"DCC Business Entities (Sole Trade, Partnership, Ltd)"
18,Devon County Council,10/06/2026,22102925,"1,699.44",STEPHENSONS SOLICITORS,394642,294832719,"Chief Exec, Legal & Democratic services",A44968,Legal & Conveyancing Charges,R0276001,"DCC Business Entities (Sole Trade, Partnership, Ltd)"
18,Devon County Council,10/06/2026,22103797,"1,732.50",TREE TOPS PLANNING,381214,,"Transport Operations, Environment and Waste",A44038,Fees,R0640007,"DCC Business Entities (Sole Trade, Partnership, Ltd)"
18,Devon County Council,10/06/2026,22104018,"4,089.00",TRANSPOCO,329591,IE6392824R,Highways & Infrastructure Development,A45040,IT Software,R0560005,DCC International
18,Devon County Council,10/06/2026,22104108,588.00,EXETER CITY COUNCIL (FINANCE),4272,142335594,"Economy, Enterprise and Skills",A49040,Promotions,R0539003,"DCC Business Entities (Sole Trade, Partnership, Ltd)"
18,Devon County Council,10/06/2026,22104375,500.00,DODDS SOLICITORS LLP,394172,729928286,"Chief Exec, Legal & Democratic services",A44968,Legal & Conveyancing Charges,R0276001,"DCC Business Entities (Sole Trade, Partnership, Ltd)"
18,Devon County Council,10/06/2026,22104415,"1,400.00",Nest Rooms Ltd,602096,,Children's Social Care,A22005,Building Rents,R0095008,"DCC Business Entities (Sole Trade, Partnership, Ltd)"
18,Devon County Council,10/06/2026,22104479,"1,249.00",OUT OF THE WOODS PLAY & CREATIVE THERAPY COMMUNITY INTEREST COMPANY,392176,,P-Ledger - Separate Legal Entity,A61060,Support for Children in Care,P0432008,"DCC Business Entities (Sole Trade, Partnership, Ltd)"
18,Devon County Council,10/06/2026,22104526,900.00,JEREMY HAWKE COURIER,318862,399346830,Inclusion & Learning,A31005,Courier Service,R0121001,"DCC Business Entities (Sole Trade, Partnership, Ltd)"
18,Devon County Council,10/06/2026,22104533,861.30,CHERISHEDCARE DEVON,304476,,Children's Social Care,A61200,Community based care,R0046004,"DCC Business Entities (Sole Trade, Partnership, Ltd)"
18,Devon County Council,10/06/2026,22104537,"2,525.00",Unfurl Therapy & Coaching,605178,,Operations,A12510,Other Employee Expenses,R0479074,"DCC Business Entities (Sole Trade, Partnership, Ltd)"
18,Devon County Council,10/06/2026,22104677,634.00,JAMES ELECTRIC CONTRACTING LIMITED,64870,728838000,Capital other - Digital Technology & Business Services,C02011,External Professional Fees,C0651001,DCC CIS Suppliers
18,Devon County Council,10/06/2026,22104683,"1,013.60",PROSPERO RECRUITMENT LIMITED,352539,486704947,Dedicated Schools Grant,A44180,Services for Educational Estabs - Devon,R0010004,"DCC Business Entities (Sole Trade, Partnership, Ltd)"
18,Devon County Council,10/06/2026,22104684,919.20,CHERISHEDCARE DEVON,304476,,Children's Social Care,A61200,Community based care,R0046004,"DCC Business Entities (Sole Trade, Partnership, Ltd)"
18,Devon County Council,10/06/2026,22104705,"3,648.96",PROSPERO RECRUITMENT LIMITED,352539,486704947,Dedicated Schools Grant,A44180,Services for Educational Estabs - Devon,R0010003,"DCC Business Entities (Sole Trade, Partnership, Ltd)"
18,Devon County Council,10/06/2026,22104724,"3,040.80",PROSPERO RECRUITMENT LIMITED,352539,486704947,Dedicated Schools Grant,A44185,Other professional Services (Schools),R0082007,"DCC Business Entities (Sole Trade, Partnership, Ltd)"
18,Devon County Council,10/06/2026,22104727,"2,027.20",PROSPERO RECRUITMENT LIMITED,352539,486704947,Dedicated Schools Grant,A44185,Other professional Services (Schools),R0082007,"DCC Business Entities (Sole Trade, Partnership, Ltd)"
18,Devon County Council,10/06/2026,22104734,"1,216.32",PROSPERO RECRUITMENT LIMITED,352539,486704947,Dedicated Schools Grant,A44185,Other professional Services (Schools),R0082007,"DCC Business Entities (Sole Trade, Partnership, Ltd)"
18,Devon County Council,10/06/2026,22104759,"2,584.68",PROSPERO RECRUITMENT LIMITED,352539,486704947,Dedicated Schools Grant,A44185,Other professional Services (Schools),R0082007,"DCC Business Entities (Sole Trade, Partnership, Ltd)"
18,Devon County Council,10/06/2026,22104781,"10,000.00",PLYMOUTH CAST,341721,163038231,Public Health,A53012,Payments to Independent Units,R0316036,"DCC Business Entities (Sole Trade, Partnership, Ltd)"
18,Devon County Council,11/06/2026,22091924,"26,545.23",INFOCUS CHARITY,5243,271614806,Dedicated Schools Grant,A61052,Independent Special School Fees,R0089003,"DCC Business Entities (Sole Trade, Partnership, Ltd)"
18,Devon County Council,11/06/2026,22097199,"11,789.50",PROMOTING INDEPENDENT CARE LIMITED,376159,,Children's Social Care,A11005,Agency Supply Staff,R0095009,"DCC Business Entities (Sole Trade, Partnership, Ltd)"
18,Devon County Council,11/06/2026,22099240,"6,683.58",THE OUTDOORS GROUP *57*,362971,312604642,Dedicated Schools Grant,A61052,Independent Special School Fees,R0089003,"DCC Business Entities (Sole Trade, Partnership, Ltd)"
18,Devon County Council,11/06/2026,22099242,"4,866.92",THE OUTDOORS GROUP *57*,362971,312604642,Dedicated Schools Grant,A61052,Independent Special School Fees,R0089003,"DCC Business Entities (Sole Trade, Partnership, Ltd)"
18,Devon County Council,11/06/2026,22099243,"5,010.01",THE OUTDOORS GROUP *57*,362971,312604642,Dedicated Schools Grant,A61052,Independent Special School Fees,R0089003,"DCC Business Entities (Sole Trade, Partnership, Ltd)"
18,Devon County Council,11/06/2026,22099255,"4,866.92",THE OUTDOORS GROUP *57*,362971,312604642,Dedicated Schools Grant,A61052,Independent Special School Fees,R0089003,"DCC Business Entities (Sole Trade, Partnership, Ltd)"
18,Devon County Council,11/06/2026,22099259,"4,864.08",THE OUTDOORS GROUP *57*,362971,312604642,Dedicated Schools Grant,A61052,Independent Special School Fees,R0089003,"DCC Business Entities (Sole Trade, Partnership, Ltd)"
18,Devon County Council,11/06/2026,22099265,"6,683.03",THE OUTDOORS GROUP *57*,362971,312604642,Dedicated Schools Grant,A61052,Independent Special School Fees,R0089003,"DCC Business Entities (Sole Trade, Partnership, Ltd)"
18,Devon County Council,11/06/2026,22099271,"6,680.74",THE OUTDOORS GROUP *57*,362971,312604642,Dedicated Schools Grant,A61052,Independent Special School Fees,R0089003,"DCC Business Entities (Sole Trade, Partnership, Ltd)"
18,Devon County Council,11/06/2026,22099272,"4,864.08",THE OUTDOORS GROUP *57*,362971,312604642,Dedicated Schools Grant,A61052,Independent Special School Fees,R0089003,"DCC Business Entities (Sole Trade, Partnership, Ltd)"
18,Devon County Council,08/06/2026,22103286,"16,912.72",BREAKTHROUGH TRANSFORMATION TRUST,248117,480468080,Dedicated Schools Grant,A61052,Independent Special School Fees,R0089003,"DCC Business Entities (Sole Trade, Partnership, Ltd)"
18,Devon County Council,08/06/2026,22103287,"5,106.67",Buckfast Abbey Conference Centre,602091,,Inclusion & Learning,A22010,Hire of Rooms,R0681003,"DCC Business Entities (Sole Trade, Partnership, Ltd)"
18,Devon County Council,08/06/2026,22103593,591.67,CLAIRE APPLEBY,356126,845131444,"Chief Exec, Legal & Democratic services",A44968,Legal & Conveyancing Charges,R0276001,"DCC Business Entities (Sole Trade, Partnership, Ltd)"
18,Devon County Council,08/06/2026,22103751,"2,013.60",OCULAR INTEGRATION LIMITED,368413,417069846,Capital - Highways,C02009,Works,C0671005,"DCC Business Entities (Sole Trade, Partnership, Ltd)"
18,Devon County Council,08/06/2026,22103851,"10,000.00",THE HARBOUR SCHOOLS PARTNERSHIP,288372,129847279,Public Health,A53012,Payments to Independent Units,R0316036,"DCC Business Entities (Sole Trade, Partnership, Ltd)"
18,Devon County Council,08/06/2026,22103888,"11,000.00",DEALTOP LIMITED TRADING AS DARTLINE COACHES,11216,456125651,"Transport Operations, Environment and Waste",A32010,Contract Hire Scheme,R0575001,"DCC Business Entities (Sole Trade, Partnership, Ltd)"
18,Devon County Council,08/06/2026,22103897,"2,000.00",TAW & TORRIDGE COACHES,5170,284376233,"Transport Operations, Environment and Waste",A32010,Contract Hire Scheme,R0575001,"DCC Business Entities (Sole Trade, Partnership, Ltd)"
18,Devon County Council,08/06/2026,22103960,850.00,CHLOE YEUNG,402555,461670784,"Chief Exec, Legal & Democratic services",A44968,Legal & Conveyancing Charges,R0276001,"DCC Business Entities (Sole Trade, Partnership, Ltd)"
18,Devon County Council,09/06/2026,22068262,"1,100.00",BALES FARM OUTDOOR LEARNING LTD,377260,505816692,Dedicated Schools Grant,A44185,Other professional Services (Schools),R0082007,"DCC Business Entities (Sole Trade, Partnership, Ltd)"
18,Devon County Council,09/06/2026,22084745,"9,716.60",RESOURCE FUTURES LIMITED,203252,879559738,"Transport Operations, Environment and Waste",A46100,Main / Term Contractor,R0606004,"DCC Business Entities (Sole Trade, Partnership, Ltd)"
18,Devon County Council,09/06/2026,22097207,661.50,SOUTHWEST INTERVENTION SERVICES,333291,440830321,Dedicated Schools Grant,A44185,Other professional Services (Schools),R0082007,"DCC Business Entities (Sole Trade, Partnership, Ltd)"
18,Devon County Council,09/06/2026,22099576,559.80,BLEEP 360 CARE LIMITED,360406,355167685,Children's Social Care,A61200,Community based care,R0044004,"DCC Business Entities (Sole Trade, Partnership, Ltd)"
18,Devon County Council,09/06/2026,22099964,"6,725.74",SOUTHWEST ESTATE MAINTENANCE LIMITED,401880,506499273,Capital - Highways,C02009,Works,C0652001,DCC CIS Suppliers
18,Devon County Council,11/06/2026,22099300,"4,864.08",THE OUTDOORS GROUP *57*,362971,312604642,Dedicated Schools Grant,A61052,Independent Special School Fees,R0089003,"DCC Business Entities (Sole Trade, Partnership, Ltd)"
18,Devon County Council,11/06/2026,22099303,"4,864.08",THE OUTDOORS GROUP *57*,362971,312604642,Dedicated Schools Grant,A61052,Independent Special School Fees,R0089003,"DCC Business Entities (Sole Trade, Partnership, Ltd)"
18,Devon County Council,11/06/2026,22099313,"4,864.03",THE OUTDOORS GROUP *57*,362971,312604642,Dedicated Schools Grant,A61052,Independent Special School Fees,R0089003,"DCC Business Entities (Sole Trade, Partnership, Ltd)"
18,Devon County Council,11/06/2026,22099316,"6,683.58",THE OUTDOORS GROUP *57*,362971,312604642,Dedicated Schools Grant,A61052,Independent Special School Fees,R0089003,"DCC Business Entities (Sole Trade, Partnership, Ltd)"
18,Devon County Council,11/06/2026,22099374,"2,782.00",NOCK BEN LIMITED,253420,754769188,Children's Social Care,A20005,"Property Repairs, Maintenance & Alterations (programmed)",R0015001,DCC CIS Suppliers
18,Devon County Council,11/06/2026,22099417,"5,500.00",G P M COUNTRYSIDE SERVICES LIMITED,360051,992035314,Capital - Highways,C02009,Works,C0652001,DCC CIS Suppliers
18,Devon County Council,11/06/2026,22099460,595.90,DR A J JEFFERY,340640,,"Chief Exec, Legal & Democratic services",A44038,Fees,R0506002,"DCC Business Entities (Sole Trade, Partnership, Ltd)"
18,Devon County Council,11/06/2026,22099599,"9,777.34",THE OUTDOORS GROUP *57*,362971,312604642,Dedicated Schools Grant,A61052,Independent Special School Fees,R0089003,"DCC Business Entities (Sole Trade, Partnership, Ltd)"
18,Devon County Council,11/06/2026,22099602,"4,864.08",THE OUTDOORS GROUP *57*,362971,312604642,Dedicated Schools Grant,A61052,Independent Special School Fees,R0089003,"DCC Business Entities (Sole Trade, Partnership, Ltd)"
18,Devon County Council,11/06/2026,22099611,"10,541.54",THE OUTDOORS GROUP *57*,362971,312604642,Dedicated Schools Grant,A61052,Independent Special School Fees,R0089003,"DCC Business Entities (Sole Trade, Partnership, Ltd)"
18,Devon County Council,11/06/2026,22099637,"4,864.08",THE OUTDOORS GROUP *57*,362971,312604642,Dedicated Schools Grant,A61052,Independent Special School Fees,R0089003,"DCC Business Entities (Sole Trade, Partnership, Ltd)"
18,Devon County Council,11/06/2026,22099644,"4,864.08",THE OUTDOORS GROUP *57*,362971,312604642,Dedicated Schools Grant,A61052,Independent Special School Fees,R0089003,"DCC Business Entities (Sole Trade, Partnership, Ltd)"
18,Devon County Council,11/06/2026,22099646,"10,543.54",THE OUTDOORS GROUP *57*,362971,312604642,Dedicated Schools Grant,A61052,Independent Special School Fees,R0089003,"DCC Business Entities (Sole Trade, Partnership, Ltd)"
18,Devon County Council,11/06/2026,22099647,"4,864.08",THE OUTDOORS GROUP *57*,362971,312604642,Dedicated Schools Grant,A61052,Independent Special School Fees,R0089003,"DCC Business Entities (Sole Trade, Partnership, Ltd)"
18,Devon County Council,11/06/2026,22099717,"6,555.50",FREDERICK SHERRELL LIMITED,14402,591319333,Capital - Highways,C02009,Works,C0652001,"DCC Business Entities (Sole Trade, Partnership, Ltd)"
18,Devon County Council,11/06/2026,22099727,"1,092.89",NORSE SOUTH WEST LIMITED,279741,785421021,Finance & Public Value,A46100,Main / Term Contractor,R0202001,"DCC Business Entities (Sole Trade, Partnership, Ltd)"
18,Devon County Council,11/06/2026,22101564,"5,720.00",FRIENDSHIP & SONS,341542,475071584,"Chief Exec, Legal & Democratic services",A49005,Other Hired & Contracting Services,R0506002,"DCC Business Entities (Sole Trade, Partnership, Ltd)"
18,Devon County Council,11/06/2026,22102681,"2,830.70",Dr Natalia Iavu,601316,,"Chief Exec, Legal & Democratic services",A44038,Fees,R0506002,"DCC Business Entities (Sole Trade, Partnership, Ltd)"
18,Devon County Council,11/06/2026,22103580,"1,290.00",KENNFORD TARMACADAM LIMITED,24534,976391178,Capital - Highways,C02009,Works,C0652001,DCC CIS Suppliers
18,Devon County Council,11/06/2026,22103808,"1,290.00",KENNFORD TARMACADAM LIMITED,24534,976391178,Capital - Highways,C02009,Works,C0652001,DCC CIS Suppliers
18,Devon County Council,11/06/2026,22104343,602.00,Rubric Law Limited,605102,123546628,IFCA,A44968,Legal & Conveyancing Charges,M0382001,IFCA Suppliers
18,Devon County Council,11/06/2026,22104363,"4,652.30",Rubric Law Limited,605102,123546628,IFCA,A44968,Legal & Conveyancing Charges,M0383001,IFCA Suppliers
18,Devon County Council,11/06/2026,22104505,"1,740.00",Churchinford & District General stores,605070,115300863,"Transport Operations, Environment and Waste",A53012,Payments to Independent Units,R0639014,"DCC Business Entities (Sole Trade, Partnership, Ltd)"
18,Devon County Council,11/06/2026,22104530,"7,276.00",PLYMOUTH HOSPITALS NHS TRUST,27710,654936600,"Chief Exec, Legal & Democratic services",A44086,Mortuary Facilities,R0506002,"DCC Business Entities (Sole Trade, Partnership, Ltd)"
18,Devon County Council,11/06/2026,22104662,"2,280.60",PROSPERO RECRUITMENT LIMITED,352539,486704947,Dedicated Schools Grant,A44185,Other professional Services (Schools),R0082007,"DCC Business Entities (Sole Trade, Partnership, Ltd)"
18,Devon County Council,11/06/2026,22104720,"2,418.00",PROSPERO RECRUITMENT LIMITED,352539,486704947,Dedicated Schools Grant,A44185,Other professional Services (Schools),R0082007,"DCC Business Entities (Sole Trade, Partnership, Ltd)"
18,Devon County Council,11/06/2026,22104726,"3,040.80",PROSPERO RECRUITMENT LIMITED,352539,486704947,Dedicated Schools Grant,A44185,Other professional Services (Schools),R0082007,"DCC Business Entities (Sole Trade, Partnership, Ltd)"
18,Devon County Council,11/06/2026,22104729,"2,584.68",PROSPERO RECRUITMENT LIMITED,352539,486704947,Dedicated Schools Grant,A44185,Other professional Services (Schools),R0082007,"DCC Business Entities (Sole Trade, Partnership, Ltd)"
18,Devon County Council,09/06/2026,22101682,"21,805.00",EXETER CITY COUNCIL (RATES&C/TAX),9724,142335594,Transformation & Business Services,A23005,Rates,R0333026,"DCC Business Entities (Sole Trade, Partnership, Ltd)"
18,Devon County Council,09/06/2026,22102929,786.76,MID DEVON DISTRICT COUNCIL,19708,142203912,Transformation & Business Services,A23005,Rates,R0333028,"DCC Business Entities (Sole Trade, Partnership, Ltd)"
18,Devon County Council,09/06/2026,22103505,"13,818.48",MID DEVON DISTRICT COUNCIL,19708,142203912,"Transport Operations, Environment and Waste",A46100,Main / Term Contractor,R0596002,"DCC Business Entities (Sole Trade, Partnership, Ltd)"
18,Devon County Council,09/06/2026,22103876,"1,460.50",SWIFT CARE SERVICES LIMITED,403733,,Children's Social Care,A61200,Community based care,R0044004,"DCC Business Entities (Sole Trade, Partnership, Ltd)"
18,Devon County Council,09/06/2026,22104179,968.00,HM Prison & Probation Service,601327,888818055,Children's Social Care,A57145,Residential Care - Short Stay,R0091002,"DCC Business Entities (Sole Trade, Partnership, Ltd)"
18,Devon County Council,09/06/2026,22104222,"6,979.73",ACORN CARE & EDUCATION LIMITED,333557,902188441,Dedicated Schools Grant,A61052,Independent Special School Fees,R0089003,"DCC Business Entities (Sole Trade, Partnership, Ltd)"
18,Devon County Council,09/06/2026,22104241,591.98,PEAKE (GB) LIMITED,19787,557739394,Operations,A27015,Refuse Collection,R0252001,"DCC Business Entities (Sole Trade, Partnership, Ltd)"
18,Devon County Council,09/06/2026,22104272,"3,344.94",E & J W GLENDINNING LIMITED,62732,668406312,Capital - Highways,C02009,Works,C0671006,DCC CIS Suppliers
18,Devon County Council,09/06/2026,22104308,"51,400.00",GRANT THORNTON UK LLP,248193,835586102,"Economy, Enterprise and Skills",A49090,Audit Fees - standard,R0543003,"DCC Business Entities (Sole Trade, Partnership, Ltd)"
18,Devon County Council,09/06/2026,150477017,"240,823.36",M Group Highways Limited,375383,927200546,Capital - Highways,C02051,Term Maintenance Contract,C0671005,"DCC Business Entities (Sole Trade, Partnership, Ltd)"
18,Devon County Council,09/06/2026,150477020,"215,216.37",M Group Highways Limited,375383,927200546,Capital - Highways,C02051,Term Maintenance Contract,C0671005,"DCC Business Entities (Sole Trade, Partnership, Ltd)"
18,Devon County Council,09/06/2026,150477022,"196,897.39",M Group Highways Limited,375383,927200546,Capital - Highways,C02051,Term Maintenance Contract,C0671005,"DCC Business Entities (Sole Trade, Partnership, Ltd)"
18,Devon County Council,09/06/2026,150477024,"9,295.72",M Group Highways Limited,375383,927200546,Highways & Infrastructure Development,A46100,Main / Term Contractor,R0554003,"DCC Business Entities (Sole Trade, Partnership, Ltd)"
18,Devon County Council,09/06/2026,150477028,"4,941.67",M Group Highways Limited,375383,927200546,Capital - Highways,C02051,Term Maintenance Contract,C0671005,"DCC Business Entities (Sole Trade, Partnership, Ltd)"
18,Devon County Council,11/06/2026,22099288,"4,864.08",THE OUTDOORS GROUP *57*,362971,312604642,Dedicated Schools Grant,A61052,Independent Special School Fees,R0089003,"DCC Business Entities (Sole Trade, Partnership, Ltd)"
18,Devon County Council,11/06/2026,22099301,"4,864.08",THE OUTDOORS GROUP *57*,362971,312604642,Dedicated Schools Grant,A61052,Independent Special School Fees,R0089003,"DCC Business Entities (Sole Trade, Partnership, Ltd)"
18,Devon County Council,11/06/2026,22099306,"4,866.92",THE OUTDOORS GROUP *57*,362971,312604642,Dedicated Schools Grant,A61052,Independent Special School Fees,R0089003,"DCC Business Entities (Sole Trade, Partnership, Ltd)"
18,Devon County Council,11/06/2026,22099307,"4,864.08",THE OUTDOORS GROUP *57*,362971,312604642,Dedicated Schools Grant,A61052,Independent Special School Fees,R0089003,"DCC Business Entities (Sole Trade, Partnership, Ltd)"
18,Devon County Council,11/06/2026,22099310,"4,864.08",THE OUTDOORS GROUP *57*,362971,312604642,Dedicated Schools Grant,A61052,Independent Special School Fees,R0089003,"DCC Business Entities (Sole Trade, Partnership, Ltd)"
18,Devon County Council,11/06/2026,22099312,"6,486.16",THE OUTDOORS GROUP *57*,362971,312604642,Dedicated Schools Grant,A61052,Independent Special School Fees,R0089003,"DCC Business Entities (Sole Trade, Partnership, Ltd)"
18,Devon County Council,11/06/2026,22099378,"4,136.00",NOCK BEN LIMITED,253420,754769188,Children's Social Care,A20005,"Property Repairs, Maintenance & Alterations (programmed)",R0015004,DCC CIS Suppliers
18,Devon County Council,11/06/2026,22099401,"8,887.00",ATKINSREALIS UK LIMITED,7747,209861253,Planning,A45040,IT Software,R0633002,"DCC Business Entities (Sole Trade, Partnership, Ltd)"
18,Devon County Council,11/06/2026,22099404,"3,962.29",A M CARE,169807,831850435,P-Ledger - Separate Legal Entity,A61054,Equipment (Care),P0391002,"DCC Business Entities (Sole Trade, Partnership, Ltd)"
18,Devon County Council,11/06/2026,22099549,"1,488.82",INSTARMAC GROUP PLC,302188,295973982,Highways & Infrastructure Development,A40070,Stock Materials,R0554004,"DCC Business Entities (Sole Trade, Partnership, Ltd)"
18,Devon County Council,11/06/2026,22099586,"1,006.37",Simon Browning,603856,,"Transport Operations, Environment and Waste",A44038,Fees,R0644001,"DCC Business Entities (Sole Trade, Partnership, Ltd)"
18,Devon County Council,11/06/2026,22099590,"5,939.06",THE OUTDOORS GROUP *57*,362971,312604642,Dedicated Schools Grant,A61052,Independent Special School Fees,R0089003,"DCC Business Entities (Sole Trade, Partnership, Ltd)"
18,Devon County Council,11/06/2026,22099593,"4,864.08",THE OUTDOORS GROUP *57*,362971,312604642,Dedicated Schools Grant,A61052,Independent Special School Fees,R0089003,"DCC Business Entities (Sole Trade, Partnership, Ltd)"
18,Devon County Council,11/06/2026,22099596,"4,864.08",THE OUTDOORS GROUP *57*,362971,312604642,Dedicated Schools Grant,A61052,Independent Special School Fees,R0089003,"DCC Business Entities (Sole Trade, Partnership, Ltd)"
18,Devon County Council,09/06/2026,150477029,"3,904.87",M Group Highways Limited,375383,927200546,Capital - Highways,C02051,Term Maintenance Contract,C0671005,"DCC Business Entities (Sole Trade, Partnership, Ltd)"
18,Devon County Council,09/06/2026,150477038,"17,917.45",M Group Highways Limited,375383,927200546,Highways & Infrastructure Development,A46100,Main / Term Contractor,R0554004,"DCC Business Entities (Sole Trade, Partnership, Ltd)"
18,Devon County Council,09/06/2026,150477043,"57,353.84",M Group Highways Limited,375383,927200546,Capital - Highways,C02051,Term Maintenance Contract,C0671005,"DCC Business Entities (Sole Trade, Partnership, Ltd)"
18,Devon County Council,09/06/2026,150477051,"2,184.88",M Group Highways Limited,375383,927200546,Capital - Highways,C02051,Term Maintenance Contract,C0652001,"DCC Business Entities (Sole Trade, Partnership, Ltd)"
18,Devon County Council,10/06/2026,22097896,"1,050.00",LISA BARRACLOUGH CARE OF,169880,742080752,"Chief Exec, Legal & Democratic services",A44968,Legal & Conveyancing Charges,R0276001,"DCC Business Entities (Sole Trade, Partnership, Ltd)"
18,Devon County Council,10/06/2026,22098895,"2,250.00",HENDERSON WEB DESIGN LIMITED,387524,865080026,P-Ledger - Separate Legal Entity,A45049,WEBSITE,P0393021,"DCC Business Entities (Sole Trade, Partnership, Ltd)"
18,Devon County Council,10/06/2026,22099033,522.20,PSYCHOLOGY ASSOCIATES LIMITED,147932,912873418,"Chief Exec, Legal & Democratic services",A44038,Fees,R0276001,"DCC Business Entities (Sole Trade, Partnership, Ltd)"
18,Devon County Council,10/06/2026,22099063,"1,180.00",YEALMPTON PARISH COUNCIL,7417,,Highways & Infrastructure Development,A44306,Public rights of way,R0557030,"DCC Business Entities (Sole Trade, Partnership, Ltd)"
18,Devon County Council,10/06/2026,22099179,"3,890.29",TARMAC TRADING LIMITED,200725,532367943,Capital - Highways,C02009,Works,C0652001,"DCC Business Entities (Sole Trade, Partnership, Ltd)"
18,Devon County Council,10/06/2026,22099375,"2,820.00",TOPP TREE CARE LTD,389748,434623407,Highways & Infrastructure Development,A49005,Other Hired & Contracting Services,R0553005,"DCC Business Entities (Sole Trade, Partnership, Ltd)"
18,Devon County Council,10/06/2026,22099387,"1,166.67",Ambitious About Autism,604464,292648663,"Economy, Enterprise and Skills",A16015,Staff Training Expenses - Non Payroll,R0542001,"DCC Business Entities (Sole Trade, Partnership, Ltd)"
18,Devon County Council,10/06/2026,22099402,"4,020.00",KATE COLDRICK,380826,,Dedicated Schools Grant,A44185,Other professional Services (Schools),R0082002,"DCC Business Entities (Sole Trade, Partnership, Ltd)"
18,Devon County Council,10/06/2026,22099462,"1,950.00",DWS CONSULTANCY LIMITED,401968,489248632,Children's Social Care,A44065,Consultancy Services,R0129001,"DCC Business Entities (Sole Trade, Partnership, Ltd)"
18,Devon County Council,11/06/2026,22099597,"7,478.56",THE OUTDOORS GROUP *57*,362971,312604642,Dedicated Schools Grant,A61052,Independent Special School Fees,R0089003,"DCC Business Entities (Sole Trade, Partnership, Ltd)"
18,Devon County Council,11/06/2026,22099606,"4,864.08",THE OUTDOORS GROUP *57*,362971,312604642,Dedicated Schools Grant,A61052,Independent Special School Fees,R0089003,"DCC Business Entities (Sole Trade, Partnership, Ltd)"
18,Devon County Council,11/06/2026,22099609,"4,864.08",THE OUTDOORS GROUP *57*,362971,312604642,Dedicated Schools Grant,A61052,Independent Special School Fees,R0089003,"DCC Business Entities (Sole Trade, Partnership, Ltd)"
18,Devon County Council,11/06/2026,22099612,"5,939.06",THE OUTDOORS GROUP *57*,362971,312604642,Dedicated Schools Grant,A61052,Independent Special School Fees,R0089003,"DCC Business Entities (Sole Trade, Partnership, Ltd)"
18,Devon County Council,11/06/2026,22099634,"5,939.07",THE OUTDOORS GROUP *57*,362971,312604642,Dedicated Schools Grant,A61052,Independent Special School Fees,R0089003,"DCC Business Entities (Sole Trade, Partnership, Ltd)"
18,Devon County Council,11/06/2026,22099638,"4,864.08",THE OUTDOORS GROUP *57*,362971,312604642,Dedicated Schools Grant,A61052,Independent Special School Fees,R0089003,"DCC Business Entities (Sole Trade, Partnership, Ltd)"
18,Devon County Council,11/06/2026,22099641,"4,864.08",THE OUTDOORS GROUP *57*,362971,312604642,Dedicated Schools Grant,A61052,Independent Special School Fees,R0089003,"DCC Business Entities (Sole Trade, Partnership, Ltd)"
18,Devon County Council,11/06/2026,22099730,"10,140.87",NORSE SOUTH WEST LIMITED,279741,785421021,Finance & Public Value,A46100,Main / Term Contractor,R0202001,"DCC Business Entities (Sole Trade, Partnership, Ltd)"
18,Devon County Council,11/06/2026,22100750,850.00,MARTIN KENNY,318186,743963602,"Chief Exec, Legal & Democratic services",A44968,Legal & Conveyancing Charges,R0276001,"DCC Business Entities (Sole Trade, Partnership, Ltd)"
18,Devon County Council,11/06/2026,22102838,"17,593.98",EXETER CATHEDRAL SCHOOL,34278,479574820,Dedicated Schools Grant,A53012,Payments to Independent Units,R0089003,"DCC Business Entities (Sole Trade, Partnership, Ltd)"
18,Devon County Council,11/06/2026,22102849,"1,118.68",EXETER CATHEDRAL SCHOOL,34278,479574820,Dedicated Schools Grant,A53012,Payments to Independent Units,R0089003,"DCC Business Entities (Sole Trade, Partnership, Ltd)"
18,Devon County Council,11/06/2026,22103586,"1,290.00",KENNFORD TARMACADAM LIMITED,24534,976391178,Capital - Highways,C02009,Works,C0652001,DCC CIS Suppliers
18,Devon County Council,11/06/2026,22103589,"1,290.00",KENNFORD TARMACADAM LIMITED,24534,976391178,Capital - Highways,C02009,Works,C0652001,DCC CIS Suppliers
18,Devon County Council,11/06/2026,22103727,506.80,PROSPERO RECRUITMENT LIMITED,352539,486704947,Dedicated Schools Grant,A44185,Other professional Services (Schools),R0082007,"DCC Business Entities (Sole Trade, Partnership, Ltd)"
18,Devon County Council,10/06/2026,22100060,619.55,R D Johns Limited,90325,141006135,Children's Social Care,A44030,Provisions,R0015001,"DCC Business Entities (Sole Trade, Partnership, Ltd)"
18,Devon County Council,10/06/2026,22100703,"7,582.00",PROMOTING INDEPENDENT CARE LIMITED,376159,,Children's Social Care,A11005,Agency Supply Staff,R0095006,"DCC Business Entities (Sole Trade, Partnership, Ltd)"
18,Devon County Council,10/06/2026,22101183,"2,238.00",PROMOTING INDEPENDENT CARE LIMITED,376159,,Children's Social Care,A61200,Community based care,R0044004,"DCC Business Entities (Sole Trade, Partnership, Ltd)"
18,Devon County Council,10/06/2026,22101381,873.25,LEXIA EDUCATION SERVICES LIMITED,376344,376218677,Dedicated Schools Grant,A44185,Other professional Services (Schools),R0082007,"DCC Business Entities (Sole Trade, Partnership, Ltd)"
18,Devon County Council,10/06/2026,22101385,623.75,LEXIA EDUCATION SERVICES LIMITED,376344,376218677,Dedicated Schools Grant,A44180,Services for Educational Estabs - Devon,R0010004,"DCC Business Entities (Sole Trade, Partnership, Ltd)"
18,Devon County Council,10/06/2026,22101422,675.74,LEXIA EDUCATION SERVICES LIMITED,376344,376218677,Dedicated Schools Grant,A44185,Other professional Services (Schools),R0082007,"DCC Business Entities (Sole Trade, Partnership, Ltd)"
18,Devon County Council,10/06/2026,22101431,649.75,LEXIA EDUCATION SERVICES LIMITED,376344,376218677,Dedicated Schools Grant,A44185,Other professional Services (Schools),R0082007,"DCC Business Entities (Sole Trade, Partnership, Ltd)"
18,Devon County Council,10/06/2026,22101433,"1,247.52",LEXIA EDUCATION SERVICES LIMITED,376344,376218677,Dedicated Schools Grant,A44185,Other professional Services (Schools),R0082007,"DCC Business Entities (Sole Trade, Partnership, Ltd)"
18,Devon County Council,10/06/2026,22101438,"1,871.28",LEXIA EDUCATION SERVICES LIMITED,376344,376218677,Dedicated Schools Grant,A44185,Other professional Services (Schools),R0082007,"DCC Business Entities (Sole Trade, Partnership, Ltd)"
18,Devon County Council,10/06/2026,22101450,935.65,LEXIA EDUCATION SERVICES LIMITED,376344,376218677,Dedicated Schools Grant,A44185,Other professional Services (Schools),R0082007,"DCC Business Entities (Sole Trade, Partnership, Ltd)"
18,Devon County Council,10/06/2026,22101457,"1,559.40",LEXIA EDUCATION SERVICES LIMITED,376344,376218677,Dedicated Schools Grant,A44185,Other professional Services (Schools),R0082007,"DCC Business Entities (Sole Trade, Partnership, Ltd)"
18,Devon County Council,10/06/2026,22101461,"1,455.44",LEXIA EDUCATION SERVICES LIMITED,376344,376218677,Dedicated Schools Grant,A44185,Other professional Services (Schools),R0082007,"DCC Business Entities (Sole Trade, Partnership, Ltd)"
18,Devon County Council,10/06/2026,22101463,935.65,LEXIA EDUCATION SERVICES LIMITED,376344,376218677,Dedicated Schools Grant,A44180,Services for Educational Estabs - Devon,R0010004,"DCC Business Entities (Sole Trade, Partnership, Ltd)"
18,Devon County Council,11/06/2026,22104464,"3,495.07",NORSE SOUTH WEST LIMITED,279741,785421021,Transformation & Business Services,A29015,Other Premises Costs,R0333004,"DCC Business Entities (Sole Trade, Partnership, Ltd)"
18,Devon County Council,11/06/2026,22104509,"1,490.00",TEIGN TREES & LANDSCAPES SOUTH WEST LIMITED,209228,250371238,Highways & Infrastructure Development,A49005,Other Hired & Contracting Services,R0557010,DCC CIS Suppliers
18,Devon County Council,11/06/2026,22104671,"2,280.60",PROSPERO RECRUITMENT LIMITED,352539,486704947,Dedicated Schools Grant,A44185,Other professional Services (Schools),R0082007,"DCC Business Entities (Sole Trade, Partnership, Ltd)"
18,Devon County Council,11/06/2026,22104675,912.24,PROSPERO RECRUITMENT LIMITED,352539,486704947,Dedicated Schools Grant,A44185,Other professional Services (Schools),R0082007,"DCC Business Entities (Sole Trade, Partnership, Ltd)"
18,Devon County Council,11/06/2026,22104698,"1,161.70",QUADIENT UK LIMITED (POSTAGE CREDITS,282290,597265489,Transformation & Business Services,A45015,Postages,R0350001,"DCC Business Entities (Sole Trade, Partnership, Ltd)"
18,Devon County Council,11/06/2026,22104709,"3,040.80",PROSPERO RECRUITMENT LIMITED,352539,486704947,Dedicated Schools Grant,A44185,Other professional Services (Schools),R0082007,"DCC Business Entities (Sole Trade, Partnership, Ltd)"
18,Devon County Council,11/06/2026,22104711,"1,966.50",FLOGAS,23399,164494584,Inclusion & Learning,A21010,Gas,R0102001,"DCC Business Entities (Sole Trade, Partnership, Ltd)"
18,Devon County Council,11/06/2026,22104715,"2,027.20",PROSPERO RECRUITMENT LIMITED,352539,486704947,Dedicated Schools Grant,A44185,Other professional Services (Schools),R0082007,"DCC Business Entities (Sole Trade, Partnership, Ltd)"
18,Devon County Council,11/06/2026,22104722,"1,241.59",PROSPERO RECRUITMENT LIMITED,352539,486704947,Dedicated Schools Grant,A44185,Other professional Services (Schools),R0082007,"DCC Business Entities (Sole Trade, Partnership, Ltd)"
18,Devon County Council,11/06/2026,22104735,"3,040.80",PROSPERO RECRUITMENT LIMITED,352539,486704947,Dedicated Schools Grant,A44185,Other professional Services (Schools),R0082007,"DCC Business Entities (Sole Trade, Partnership, Ltd)"
18,Devon County Council,11/06/2026,22104742,608.16,PROSPERO RECRUITMENT LIMITED,352539,486704947,Dedicated Schools Grant,A44185,Other professional Services (Schools),R0082007,"DCC Business Entities (Sole Trade, Partnership, Ltd)"
18,Devon County Council,11/06/2026,22104744,760.20,PROSPERO RECRUITMENT LIMITED,352539,486704947,Dedicated Schools Grant,A44185,Other professional Services (Schools),R0082007,"DCC Business Entities (Sole Trade, Partnership, Ltd)"
18,Devon County Council,11/06/2026,22104749,"1,824.48",PROSPERO RECRUITMENT LIMITED,352539,486704947,Dedicated Schools Grant,A44185,Other professional Services (Schools),R0082007,"DCC Business Entities (Sole Trade, Partnership, Ltd)"
18,Devon County Council,10/06/2026,22101469,779.70,LEXIA EDUCATION SERVICES LIMITED,376344,376218677,Dedicated Schools Grant,A44185,Other professional Services (Schools),R0082007,"DCC Business Entities (Sole Trade, Partnership, Ltd)"
18,Devon County Council,10/06/2026,22101478,623.75,LEXIA EDUCATION SERVICES LIMITED,376344,376218677,Dedicated Schools Grant,A44180,Services for Educational Estabs - Devon,R0010004,"DCC Business Entities (Sole Trade, Partnership, Ltd)"
18,Devon County Council,10/06/2026,22101495,519.79,LEXIA EDUCATION SERVICES LIMITED,376344,376218677,Dedicated Schools Grant,A44180,Services for Educational Estabs - Devon,R0010004,"DCC Business Entities (Sole Trade, Partnership, Ltd)"
18,Devon County Council,10/06/2026,22101636,831.68,LEXIA EDUCATION SERVICES LIMITED,376344,376218677,Dedicated Schools Grant,A44185,Other professional Services (Schools),R0082007,"DCC Business Entities (Sole Trade, Partnership, Ltd)"
18,Devon County Council,10/06/2026,22102556,"2,840.11",VALLEY MOBILITY SERVICES LIMITED,87203,728762990,P-Ledger - Separate Legal Entity,A61054,Equipment (Care),P0391002,"DCC Business Entities (Sole Trade, Partnership, Ltd)"
18,Devon County Council,10/06/2026,22102793,"13,575.00",BISSELL DISPLAY M LIMITED,4800,371538544,"Capital - Planning, Transportation and Environment",C02009,Works,C0671011,"DCC Business Entities (Sole Trade, Partnership, Ltd)"
18,Devon County Council,10/06/2026,22102945,"1,615.00",STEPHENSONS SOLICITORS,394642,294832719,"Chief Exec, Legal & Democratic services",A44968,Legal & Conveyancing Charges,R0276001,"DCC Business Entities (Sole Trade, Partnership, Ltd)"
18,Devon County Council,10/06/2026,22102981,"1,049.40",I J Cannings & Son Limited,14467,192803203,Transformation & Business Services,A20010,"Property Repairs, Maintenance & Alterations (Reactive)",R0353008,DCC CIS Suppliers
18,Devon County Council,10/06/2026,22104267,"2,400.84",AYRE CONTRACTORS & PLANT HIRE,209433,996310885,Highways & Infrastructure Development,A49005,Other Hired & Contracting Services,R0557014,DCC CIS Suppliers
18,Devon County Council,10/06/2026,22104342,"1,000.00",WELLINGTON SCHOOL,28784,713596720,Inclusion & Learning,A53040,Contributions to Educational Estabs (3rd,R0006006,"DCC Business Entities (Sole Trade, Partnership, Ltd)"
18,Devon County Council,10/06/2026,22104680,"2,280.60",PROSPERO RECRUITMENT LIMITED,352539,486704947,Dedicated Schools Grant,A44185,Other professional Services (Schools),R0082007,"DCC Business Entities (Sole Trade, Partnership, Ltd)"
18,Devon County Council,10/06/2026,22104681,"1,786.67",A D E P T,244945,337055605,Highways & Infrastructure Development,A47010,Subscriptions,R0561003,"DCC Business Entities (Sole Trade, Partnership, Ltd)"
18,Devon County Council,10/06/2026,22104685,566.35,CHERISHEDCARE DEVON,304476,,Children's Social Care,A61200,Community based care,R0046004,"DCC Business Entities (Sole Trade, Partnership, Ltd)"
18,Devon County Council,11/06/2026,22104750,"4,248.82",PROSPERO RECRUITMENT LIMITED,352539,486704947,Dedicated Schools Grant,A44185,Other professional Services (Schools),R0082007,"DCC Business Entities (Sole Trade, Partnership, Ltd)"
18,Devon County Council,11/06/2026,22104756,760.20,PROSPERO RECRUITMENT LIMITED,352539,486704947,Dedicated Schools Grant,A44185,Other professional Services (Schools),R0082007,"DCC Business Entities (Sole Trade, Partnership, Ltd)"
18,Devon County Council,11/06/2026,22104757,"1,849.82",PROSPERO RECRUITMENT LIMITED,352539,486704947,Dedicated Schools Grant,A44185,Other professional Services (Schools),R0082007,"DCC Business Entities (Sole Trade, Partnership, Ltd)"
18,Devon County Council,11/06/2026,22104793,"1,064.28",PROSPERO RECRUITMENT LIMITED,352539,486704947,Dedicated Schools Grant,A44185,Other professional Services (Schools),R0082007,"DCC Business Entities (Sole Trade, Partnership, Ltd)"
18,Devon County Council,11/06/2026,22104886,"39,998.36",BRIDGE CIVIL ENGINEERING LIMITED,79315,717667210,"Capital - Planning, Transportation and Environment",C02009,Works,C0671003,DCC CIS Suppliers
18,Devon County Council,11/06/2026,150482371,"23,677.96",M Group Highways Limited,375383,927200546,Highways & Infrastructure Development,A46100,Main / Term Contractor,R0554004,"DCC Business Entities (Sole Trade, Partnership, Ltd)"
18,Devon County Council,11/06/2026,150482373,"56,340.02",M Group Highways Limited,375383,927200546,Highways & Infrastructure Development,A46100,Main / Term Contractor,R0554004,"DCC Business Entities (Sole Trade, Partnership, Ltd)"
18,Devon County Council,11/06/2026,150482382,"54,375.71",M Group Highways Limited,375383,927200546,Capital - Highways,C02051,Term Maintenance Contract,C0671005,"DCC Business Entities (Sole Trade, Partnership, Ltd)"
18,Devon County Council,11/06/2026,150482388,"6,403.68",M Group Highways Limited,375383,927200546,Capital - Highways,C02051,Term Maintenance Contract,C0652001,"DCC Business Entities (Sole Trade, Partnership, Ltd)"
18,Devon County Council,11/06/2026,150482390,"1,104.78",M Group Highways Limited,375383,927200546,Capital - Highways,C02051,Term Maintenance Contract,C0671007,"DCC Business Entities (Sole Trade, Partnership, Ltd)"
18,Devon County Council,11/06/2026,150482394,"12,230.21",M Group Highways Limited,375383,927200546,Capital - Highways,C02051,Term Maintenance Contract,C0671006,"DCC Business Entities (Sole Trade, Partnership, Ltd)"
18,Devon County Council,12/06/2026,22099694,"2,400.00",PROGRESSION SERVICES LIMITED,390181,439882639,Dedicated Schools Grant,A44185,Other professional Services (Schools),R0082007,"DCC Business Entities (Sole Trade, Partnership, Ltd)"
18,Devon County Council,12/06/2026,22099698,"1,600.00",PROGRESSION SERVICES LIMITED,390181,439882639,Dedicated Schools Grant,A44185,Other professional Services (Schools),R0082007,"DCC Business Entities (Sole Trade, Partnership, Ltd)"
18,Devon County Council,12/06/2026,22099700,"1,120.00",PROGRESSION SERVICES LIMITED,390181,439882639,Dedicated Schools Grant,A44185,Other professional Services (Schools),R0082007,"DCC Business Entities (Sole Trade, Partnership, Ltd)"
18,Devon County Council,12/06/2026,22099704,720.00,ACCESS TO COMMUNICATION,368058,,Dedicated Schools Grant,A44185,Other professional Services (Schools),R0082006,"DCC Business Entities (Sole Trade, Partnership, Ltd)"
18,Devon County Council,12/06/2026,22099742,930.00,BAYLES MATT PROF TREE CARE LIMITED,61023,744875296,Highways & Infrastructure Development,A49005,Other Hired & Contracting Services,R0557033,"DCC Business Entities (Sole Trade, Partnership, Ltd)"
18,Devon County Council,12/06/2026,22099765,"4,255.39",BREAKTHROUGH TRANSFORMATION TRUST,248117,480468080,Dedicated Schools Grant,A44185,Other professional Services (Schools),R0082007,"DCC Business Entities (Sole Trade, Partnership, Ltd)"
18,Devon County Council,12/06/2026,22099931,"3,800.00",INSIGHT Wellbeing Services Ltd,600221,438742666,Children's Social Care,A44038,Fees,R0026005,"DCC Business Entities (Sole Trade, Partnership, Ltd)"
18,Devon County Council,12/06/2026,22101056,924.00,AUTODATA,385099,188771646,"Transport Operations, Environment and Waste",A30010,Vehicles Repairs,R0584001,"DCC Business Entities (Sole Trade, Partnership, Ltd)"
18,Devon County Council,12/06/2026,22101106,"13,252.74",DEVON VOLUNTARY ACTION,332780,,P-Ledger - Separate Legal Entity,A47005,"Grants, Contributions & Donations",P0391008,"DCC Business Entities (Sole Trade, Partnership, Ltd)"
18,Devon County Council,12/06/2026,22101908,558.00,"Devon, Exeter and Plymouth Chamber of Commerce",22813,643529530,"Economy, Enterprise and Skills",A44005,Publicity/Advertising,R0546009,"DCC Business Entities (Sole Trade, Partnership, Ltd)"
18,Devon County Council,12/06/2026,22102244,557.10,PERSONNEL SOLUTIONS LIMITED,311452,862007055,Operations,A11005,Agency Supply Staff,R0268001,"DCC Business Entities (Sole Trade, Partnership, Ltd)"
18,Devon County Council,12/06/2026,22103694,630.00,FOREDOWNE KENNELS & CATTERY,92508,744978772,Mental Health,A49105,Other Supplies & Services,R0256001,"DCC Business Entities (Sole Trade, Partnership, Ltd)"
18,Devon County Council,12/06/2026,22103817,"162,010.25",KENNFORD TARMACADAM LIMITED,24534,976391178,Capital - Highways,C02009,Works,C0671008,DCC CIS Suppliers
18,Devon County Council,12/06/2026,22104500,619.45,CHERISHEDCARE DEVON,304476,,Children's Social Care,A61200,Community based care,R0046004,"DCC Business Entities (Sole Trade, Partnership, Ltd)"
18,Devon County Council,12/06/2026,22104555,"2,853.00",Stags (9901),4337,141429000,Capital - Highways,C01010,Acquisitions - Purchase Cost - Legal Fees,C0671008,"DCC Business Entities (Sole Trade, Partnership, Ltd)"
18,Devon County Council,12/06/2026,22104710,"3,040.80",PROSPERO RECRUITMENT LIMITED,352539,486704947,Dedicated Schools Grant,A44185,Other professional Services (Schools),R0082007,"DCC Business Entities (Sole Trade, Partnership, Ltd)"
18,Devon County Council,12/06/2026,22104808,"7,195.00",DIAGRAMA CHILDREN SERVICES LTD,376161,,P-Ledger - Separate Legal Entity,A52005,Payments to Other Local Authorities,P0432006,"DCC Business Entities (Sole Trade, Partnership, Ltd)"
18,Devon County Council,12/06/2026,22105143,"4,224.18",SOUTH HAMS DISTRICT COUNCIL,8255,142204125,Transformation & Business Services,A23005,Rates,R0333026,"DCC Business Entities (Sole Trade, Partnership, Ltd)"
18,Devon County Council,15/06/2026,22095113,900.00,ESTEEM TEAM COMMUNITY INTEREST COMPANY,366509,491597739,Dedicated Schools Grant,A44185,Other professional Services (Schools),R0082007,"DCC Business Entities (Sole Trade, Partnership, Ltd)"
18,Devon County Council,15/06/2026,22099925,"4,576.50",Exeter College (Exeter and North Devon Colleges Group),6141,125451632,"Economy, Enterprise and Skills",A44038,Fees,R0546004,"DCC Business Entities (Sole Trade, Partnership, Ltd)"
18,Devon County Council,15/06/2026,22099937,"9,723.12",Complete Training (Devon) Ltd,601803,454736080,"Economy, Enterprise and Skills",A44038,Fees,R0546004,"DCC Business Entities (Sole Trade, Partnership, Ltd)"
18,Devon County Council,15/06/2026,22099942,"1,701.00",Exeter College (Exeter and North Devon Colleges Group),6141,125451632,"Economy, Enterprise and Skills",A44038,Fees,R0546004,"DCC Business Entities (Sole Trade, Partnership, Ltd)"
18,Devon County Council,15/06/2026,22100112,700.00,CHUDLEIGH TOWN COUNCIL,14579,,Highways & Infrastructure Development,A44306,Public rights of way,R0557030,"DCC Business Entities (Sole Trade, Partnership, Ltd)"
18,Devon County Council,15/06/2026,22100115,872.50,NORTH DEVON COUNCIL (AC 03953785),326313,144711092,Operations,A27015,Refuse Collection,R0240001,"DCC Business Entities (Sole Trade, Partnership, Ltd)"
18,Devon County Council,15/06/2026,22100125,"8,390.94",AIDS4DAILYLIVING,139021,143365478,P-Ledger - Separate Legal Entity,A61054,Equipment (Care),P0391002,"DCC Business Entities (Sole Trade, Partnership, Ltd)"
18,Devon County Council,15/06/2026,22100132,"1,736.00",TORBAY COMMUNITY DEVELPMNT TRUST,340396,290386386,Communities,A44038,Fees,R0536017,"DCC Business Entities (Sole Trade, Partnership, Ltd)"
18,Devon County Council,15/06/2026,22100268,624.00,YOUNG DEVON (IVYBRIDGE),120708,,Children's Social Care,A22010,Hire of Rooms,R0139001,"DCC Business Entities (Sole Trade, Partnership, Ltd)"
18,Devon County Council,15/06/2026,22100367,"2,291.67",BALES FARM OUTDOOR LEARNING LTD,377260,505816692,Dedicated Schools Grant,A44185,Other professional Services (Schools),R0082007,"DCC Business Entities (Sole Trade, Partnership, Ltd)"
18,Devon County Council,15/06/2026,22100370,"3,066.21",WESTCOUNTRY WOODLAND & E M LIMITED,377304,426201240,Highways & Infrastructure Development,A49005,Other Hired & Contracting Services,R0557022,DCC CIS Suppliers
18,Devon County Council,10/06/2026,22104694,"8,210.16",PROSPERO RECRUITMENT LIMITED,352539,486704947,Dedicated Schools Grant,A44185,Other professional Services (Schools),R0082007,"DCC Business Entities (Sole Trade, Partnership, Ltd)"
18,Devon County Council,10/06/2026,22104719,"1,013.60",PROSPERO RECRUITMENT LIMITED,352539,486704947,Dedicated Schools Grant,A44185,Other professional Services (Schools),R0082007,"DCC Business Entities (Sole Trade, Partnership, Ltd)"
18,Devon County Council,10/06/2026,22104725,"3,040.80",PROSPERO RECRUITMENT LIMITED,352539,486704947,Dedicated Schools Grant,A44185,Other professional Services (Schools),R0082007,"DCC Business Entities (Sole Trade, Partnership, Ltd)"
18,Devon County Council,10/06/2026,22104738,"1,013.60",PROSPERO RECRUITMENT LIMITED,352539,486704947,Dedicated Schools Grant,A44185,Other professional Services (Schools),R0082007,"DCC Business Entities (Sole Trade, Partnership, Ltd)"
18,Devon County Council,11/06/2026,22094968,"3,720.00",NORSE SOUTH WEST LIMITED,279741,785421021,Transformation & Business Services,A20015,Security / Surveillance Equipment Maintenance,R0333004,"DCC Business Entities (Sole Trade, Partnership, Ltd)"
18,Devon County Council,11/06/2026,22097415,"-2,007.65",CLEAR DATA LIMITED,362158,747259794,Public Health Nursing,A49105,Other Supplies & Services,R0019003,"DCC Business Entities (Sole Trade, Partnership, Ltd)"
18,Devon County Council,11/06/2026,22098740,"1,579.03",S C C,161520,313651680,Children's Social Care,A45015,Postages,R0087002,"DCC Business Entities (Sole Trade, Partnership, Ltd)"
18,Devon County Council,11/06/2026,22099241,"6,678.17",THE OUTDOORS GROUP *57*,362971,312604642,Dedicated Schools Grant,A61052,Independent Special School Fees,R0089003,"DCC Business Entities (Sole Trade, Partnership, Ltd)"
18,Devon County Council,11/06/2026,22099244,"4,864.08",THE OUTDOORS GROUP *57*,362971,312604642,Dedicated Schools Grant,A61052,Independent Special School Fees,R0089003,"DCC Business Entities (Sole Trade, Partnership, Ltd)"
18,Devon County Council,11/06/2026,22099245,"6,680.74",THE OUTDOORS GROUP *57*,362971,312604642,Dedicated Schools Grant,A61052,Independent Special School Fees,R0089003,"DCC Business Entities (Sole Trade, Partnership, Ltd)"
18,Devon County Council,11/06/2026,22099247,"4,864.08",THE OUTDOORS GROUP *57*,362971,312604642,Dedicated Schools Grant,A61052,Independent Special School Fees,R0089003,"DCC Business Entities (Sole Trade, Partnership, Ltd)"
18,Devon County Council,11/06/2026,22099248,"6,680.74",THE OUTDOORS GROUP *57*,362971,312604642,Dedicated Schools Grant,A61052,Independent Special School Fees,R0089003,"DCC Business Entities (Sole Trade, Partnership, Ltd)"
18,Devon County Council,11/06/2026,22099263,"6,881.17",THE OUTDOORS GROUP *57*,362971,312604642,Dedicated Schools Grant,A61052,Independent Special School Fees,R0089003,"DCC Business Entities (Sole Trade, Partnership, Ltd)"
18,Devon County Council,11/06/2026,22104758,"1,976.52",PROSPERO RECRUITMENT LIMITED,352539,486704947,Dedicated Schools Grant,A44185,Other professional Services (Schools),R0082007,"DCC Business Entities (Sole Trade, Partnership, Ltd)"
18,Devon County Council,11/06/2026,22104797,608.16,PROSPERO RECRUITMENT LIMITED,352539,486704947,Dedicated Schools Grant,A44185,Other professional Services (Schools),R0082007,"DCC Business Entities (Sole Trade, Partnership, Ltd)"
18,Devon County Council,11/06/2026,22104802,"2,054.75",PROSPERO RECRUITMENT LIMITED,352539,486704947,Dedicated Schools Grant,A44185,Other professional Services (Schools),R0082007,"DCC Business Entities (Sole Trade, Partnership, Ltd)"
18,Devon County Council,11/06/2026,22105003,"1,320.00",COMBE PAFFORD SCHOOL (ACADEMY),8367,,Dedicated Schools Grant,A53040,Contributions to Educational Estabs (3rd,R0107001,"DCC Business Entities (Sole Trade, Partnership, Ltd)"
18,Devon County Council,11/06/2026,22105007,660.00,THINKING SCHOOLS ACADEMY TRUST,371581,304672125,Dedicated Schools Grant,A53040,Contributions to Educational Estabs (3rd,R0107001,"DCC Business Entities (Sole Trade, Partnership, Ltd)"
18,Devon County Council,11/06/2026,22105009,660.00,BLACKDOWN EDUCATIONAL PARTNERSHP,266870,118222346,Dedicated Schools Grant,A53040,Contributions to Educational Estabs (3rd,R0107001,"DCC Business Entities (Sole Trade, Partnership, Ltd)"
18,Devon County Council,11/06/2026,150482370,"61,412.96",M Group Highways Limited,375383,927200546,Highways & Infrastructure Development,A46100,Main / Term Contractor,R0554004,"DCC Business Entities (Sole Trade, Partnership, Ltd)"
18,Devon County Council,11/06/2026,150482376,"7,416.68",M Group Highways Limited,375383,927200546,Capital - Highways,C02051,Term Maintenance Contract,C0671005,"DCC Business Entities (Sole Trade, Partnership, Ltd)"
18,Devon County Council,11/06/2026,150482377,"44,944.89",M Group Highways Limited,375383,927200546,Capital - Highways,C02051,Term Maintenance Contract,C0671005,"DCC Business Entities (Sole Trade, Partnership, Ltd)"
18,Devon County Council,11/06/2026,150482378,"5,362.80",M Group Highways Limited,375383,927200546,Highways & Infrastructure Development,A46100,Main / Term Contractor,R0554001,"DCC Business Entities (Sole Trade, Partnership, Ltd)"
18,Devon County Council,11/06/2026,150482380,"82,561.93",M Group Highways Limited,375383,927200546,Capital - Highways,C02051,Term Maintenance Contract,C0652001,"DCC Business Entities (Sole Trade, Partnership, Ltd)"
18,Devon County Council,11/06/2026,150482381,"3,668.82",M Group Highways Limited,375383,927200546,Capital - Highways,C02051,Term Maintenance Contract,C0671005,"DCC Business Entities (Sole Trade, Partnership, Ltd)"
18,Devon County Council,11/06/2026,150482384,"80,651.65",M Group Highways Limited,375383,927200546,Capital - Highways,C02051,Term Maintenance Contract,C0652001,"DCC Business Entities (Sole Trade, Partnership, Ltd)"
18,Devon County Council,11/06/2026,150482389,"21,075.65",M Group Highways Limited,375383,927200546,Capital - Highways,C02051,Term Maintenance Contract,C0671007,"DCC Business Entities (Sole Trade, Partnership, Ltd)"
18,Devon County Council,11/06/2026,150482391,"14,558.63",M Group Highways Limited,375383,927200546,Capital - Highways,C02051,Term Maintenance Contract,C0652001,"DCC Business Entities (Sole Trade, Partnership, Ltd)"
18,Devon County Council,11/06/2026,150482392,"17,428.57",M Group Highways Limited,375383,927200546,Capital - Highways,C02051,Term Maintenance Contract,C0671006,"DCC Business Entities (Sole Trade, Partnership, Ltd)"
18,Devon County Council,12/06/2026,22092739,996.10,THE ADVOCACY PEOPLE,257570,,Operations,A44038,Fees,R0222002,"DCC Business Entities (Sole Trade, Partnership, Ltd)"
18,Devon County Council,12/06/2026,22094951,794.16,NORSE SOUTH WEST LIMITED,279741,785421021,Transformation & Business Services,A20005,"Property Repairs, Maintenance & Alterations (programmed)",R0333026,"DCC Business Entities (Sole Trade, Partnership, Ltd)"
18,Devon County Council,12/06/2026,22099692,960.00,PROGRESSION SERVICES LIMITED,390181,439882639,Dedicated Schools Grant,A44180,Services for Educational Estabs - Devon,R0010004,"DCC Business Entities (Sole Trade, Partnership, Ltd)"
18,Devon County Council,12/06/2026,22099705,"1,080.00",WESSEX TREE SURGEONS LIMITED,18324,382780231,Highways & Infrastructure Development,A49005,Other Hired & Contracting Services,R0557002,"DCC Business Entities (Sole Trade, Partnership, Ltd)"
18,Devon County Council,12/06/2026,22099754,"4,620.83",BREAKTHROUGH TRANSFORMATION TRUST,248117,480468080,Dedicated Schools Grant,A44185,Other professional Services (Schools),R0082007,"DCC Business Entities (Sole Trade, Partnership, Ltd)"
18,Devon County Council,12/06/2026,22099916,"5,388.19",ACORN CARE & EDUCATION LIMITED,333557,902188441,Dedicated Schools Grant,A53035,Other Recoupment Expenditure (3rd),R0111002,"DCC Business Entities (Sole Trade, Partnership, Ltd)"
18,Devon County Council,12/06/2026,22099927,849.38,INSTARMAC GROUP PLC,302188,295973982,Highways & Infrastructure Development,A40070,Stock Materials,R0554004,"DCC Business Entities (Sole Trade, Partnership, Ltd)"
18,Devon County Council,12/06/2026,22100066,"3,906.00",GRM MAPPING LIMITED,347968,274119308,"Transport Operations, Environment and Waste",A43010,Printing,R0582001,"DCC Business Entities (Sole Trade, Partnership, Ltd)"
18,Devon County Council,12/06/2026,22100080,"245,109.71",ACORN CARE & EDUCATION LIMITED,333557,902188441,Dedicated Schools Grant,A61052,Independent Special School Fees,R0089003,"DCC Business Entities (Sole Trade, Partnership, Ltd)"
18,Devon County Council,12/06/2026,22100438,"4,198.86",HOLCIM UK LIMITED,21683,533260571,Capital - Highways,C02009,Works,C0652001,"DCC Business Entities (Sole Trade, Partnership, Ltd)"
18,Devon County Council,12/06/2026,22103704,"100,737.52",WILLS BROS CIVIL ENGINEERING LIMITED,350456,114502265,Capital - Highways,C02009,Works,C0671004,DCC CIS Suppliers
18,Devon County Council,12/06/2026,22104545,538.75,CHERISHEDCARE DEVON,304476,,Children's Social Care,A61200,Community based care,R0044004,"DCC Business Entities (Sole Trade, Partnership, Ltd)"
18,Devon County Council,12/06/2026,22104745,810.88,PROSPERO RECRUITMENT LIMITED,352539,486704947,Dedicated Schools Grant,A44185,Other professional Services (Schools),R0082007,"DCC Business Entities (Sole Trade, Partnership, Ltd)"
18,Devon County Council,12/06/2026,22104755,810.88,PROSPERO RECRUITMENT LIMITED,352539,486704947,Dedicated Schools Grant,A44185,Other professional Services (Schools),R0082007,"DCC Business Entities (Sole Trade, Partnership, Ltd)"
18,Devon County Council,15/06/2026,22099934,"18,911.21",Enerveo Limited,14967,382894546,"Capital - Planning, Transportation and Environment",C02009,Works,C0671003,DCC CIS Suppliers
18,Devon County Council,15/06/2026,22099941,"6,181.05",Exeter College (Exeter and North Devon Colleges Group),6141,125451632,"Economy, Enterprise and Skills",A44038,Fees,R0546004,"DCC Business Entities (Sole Trade, Partnership, Ltd)"
18,Devon County Council,15/06/2026,22100271,744.41,INSTARMAC GROUP PLC,302188,295973982,Highways & Infrastructure Development,A40070,Stock Materials,R0554004,"DCC Business Entities (Sole Trade, Partnership, Ltd)"
18,Devon County Council,15/06/2026,22100328,860.00,EXETER GOLF & COUNTRY CLUB LIMITED,20627,141085693,People and Culture,A22010,Hire of Rooms,R0303007,"DCC Business Entities (Sole Trade, Partnership, Ltd)"
18,Devon County Council,15/06/2026,22100422,687.50,BALES FARM OUTDOOR LEARNING LTD,377260,505816692,Dedicated Schools Grant,A44185,Other professional Services (Schools),R0082007,"DCC Business Entities (Sole Trade, Partnership, Ltd)"
18,Devon County Council,15/06/2026,22100434,"1,707.16",NEXT STEPS EDUCATION LIMITED,389810,440621822,Dedicated Schools Grant,A44180,Services for Educational Estabs - Devon,R0010004,"DCC Business Entities (Sole Trade, Partnership, Ltd)"
18,Devon County Council,15/06/2026,22100469,"1,097.46",NEXT STEPS EDUCATION LIMITED,389810,440621822,Dedicated Schools Grant,A44180,Services for Educational Estabs - Devon,R0010004,"DCC Business Entities (Sole Trade, Partnership, Ltd)"
18,Devon County Council,15/06/2026,22100473,630.00,YTKO LIMITED,346985,242694942,"Economy, Enterprise and Skills",A44038,Fees,R0546004,"DCC Business Entities (Sole Trade, Partnership, Ltd)"
18,Devon County Council,15/06/2026,22100478,"1,829.08",NEXT STEPS EDUCATION LIMITED,389810,440621822,Dedicated Schools Grant,A44180,Services for Educational Estabs - Devon,R0010003,"DCC Business Entities (Sole Trade, Partnership, Ltd)"
18,Devon County Council,15/06/2026,22100481,"1,320.00",G P M COUNTRYSIDE SERVICES LIMITED,360051,992035314,Highways & Infrastructure Development,A49005,Other Hired & Contracting Services,R0557020,DCC CIS Suppliers
18,Devon County Council,11/06/2026,22099266,"4,864.08",THE OUTDOORS GROUP *57*,362971,312604642,Dedicated Schools Grant,A61052,Independent Special School Fees,R0089003,"DCC Business Entities (Sole Trade, Partnership, Ltd)"
18,Devon County Council,11/06/2026,22099270,"4,866.92",THE OUTDOORS GROUP *57*,362971,312604642,Dedicated Schools Grant,A61052,Independent Special School Fees,R0089003,"DCC Business Entities (Sole Trade, Partnership, Ltd)"
18,Devon County Council,11/06/2026,22099287,"6,680.74",THE OUTDOORS GROUP *57*,362971,312604642,Dedicated Schools Grant,A61052,Independent Special School Fees,R0089003,"DCC Business Entities (Sole Trade, Partnership, Ltd)"
18,Devon County Council,11/06/2026,22099290,"6,680.74",THE OUTDOORS GROUP *57*,362971,312604642,Dedicated Schools Grant,A61052,Independent Special School Fees,R0089003,"DCC Business Entities (Sole Trade, Partnership, Ltd)"
18,Devon County Council,11/06/2026,22099305,"4,864.08",THE OUTDOORS GROUP *57*,362971,312604642,Dedicated Schools Grant,A61052,Independent Special School Fees,R0089003,"DCC Business Entities (Sole Trade, Partnership, Ltd)"
18,Devon County Council,11/06/2026,22099311,"4,864.08",THE OUTDOORS GROUP *57*,362971,312604642,Dedicated Schools Grant,A61052,Independent Special School Fees,R0089003,"DCC Business Entities (Sole Trade, Partnership, Ltd)"
18,Devon County Council,11/06/2026,22099314,"4,864.08",THE OUTDOORS GROUP *57*,362971,312604642,Dedicated Schools Grant,A61052,Independent Special School Fees,R0089003,"DCC Business Entities (Sole Trade, Partnership, Ltd)"
18,Devon County Council,11/06/2026,22099317,"110,070.12",THE OUTDOORS GROUP *57*,362971,312604642,Dedicated Schools Grant,A61052,Independent Special School Fees,R0089003,"DCC Business Entities (Sole Trade, Partnership, Ltd)"
18,Devon County Council,11/06/2026,22099318,"9,399.44",THE OUTDOORS GROUP *57*,362971,312604642,Dedicated Schools Grant,A61052,Independent Special School Fees,R0089003,"DCC Business Entities (Sole Trade, Partnership, Ltd)"
18,Devon County Council,11/06/2026,22099354,"2,400.00",EXETER RUGBY CLUB LTD,34972,918551313,Dedicated Schools Grant,A44185,Other professional Services (Schools),R0082007,"DCC Business Entities (Sole Trade, Partnership, Ltd)"
18,Devon County Council,11/06/2026,22099403,"2,652.00",TAGMASTER UK LIMITED,5629,749784760,Planning,A40920,Equipment,R0620002,DCC CIS Suppliers
18,Devon County Council,11/06/2026,22099594,"4,864.08",THE OUTDOORS GROUP *57*,362971,312604642,Dedicated Schools Grant,A61052,Independent Special School Fees,R0089003,"DCC Business Entities (Sole Trade, Partnership, Ltd)"
18,Devon County Council,11/06/2026,22099607,"4,864.08",THE OUTDOORS GROUP *57*,362971,312604642,Dedicated Schools Grant,A61052,Independent Special School Fees,R0089003,"DCC Business Entities (Sole Trade, Partnership, Ltd)"
18,Devon County Council,15/06/2026,22100389,"1,079.85",NIGEL PORTER,399030,,Dedicated Schools Grant,A44185,Other professional Services (Schools),R0082006,"DCC Business Entities (Sole Trade, Partnership, Ltd)"
18,Devon County Council,15/06/2026,22100440,540.00,ELEMENTS CREATIVE THERAPY,400796,,P-Ledger - Separate Legal Entity,A61060,Support for Children in Care,P0432008,"DCC Business Entities (Sole Trade, Partnership, Ltd)"
18,Devon County Council,15/06/2026,22100475,"1,527.72",BE YOUR BEST MENTORING LIMITED,385179,426486966,Dedicated Schools Grant,A44185,Other professional Services (Schools),R0082007,"DCC Business Entities (Sole Trade, Partnership, Ltd)"
18,Devon County Council,15/06/2026,22100482,"1,161.00",RICHARD GREEN ECOLOGY LIMITED,272615,113421075,Capital - Highways,C02011,External Professional Fees,C0671004,"DCC Business Entities (Sole Trade, Partnership, Ltd)"
18,Devon County Council,15/06/2026,22100484,"1,097.46",NEXT STEPS EDUCATION LIMITED,389810,440621822,Dedicated Schools Grant,A44180,Services for Educational Estabs - Devon,R0010004,"DCC Business Entities (Sole Trade, Partnership, Ltd)"
18,Devon County Council,15/06/2026,22100498,844.41,INSTARMAC GROUP PLC,302188,295973982,Highways & Infrastructure Development,A40070,Stock Materials,R0554004,"DCC Business Entities (Sole Trade, Partnership, Ltd)"
18,Devon County Council,15/06/2026,22100543,786.78,BE YOUR BEST MENTORING LIMITED,385179,426486966,Dedicated Schools Grant,A44185,Other professional Services (Schools),R0082007,"DCC Business Entities (Sole Trade, Partnership, Ltd)"
18,Devon County Council,15/06/2026,22100567,960.00,DAN WOOLLACOTT FENCING,358106,278397149,Highways & Infrastructure Development,A49005,Other Hired & Contracting Services,R0552002,DCC CIS Suppliers
18,Devon County Council,15/06/2026,22100603,524.52,BE YOUR BEST MENTORING LIMITED,385179,426486966,Dedicated Schools Grant,A44185,Other professional Services (Schools),R0082007,"DCC Business Entities (Sole Trade, Partnership, Ltd)"
18,Devon County Council,15/06/2026,22100665,500.00,Emma Wise Therapeutic Support,604054,,P-Ledger - Separate Legal Entity,A61060,Support for Children in Care,P0432008,"DCC Business Entities (Sole Trade, Partnership, Ltd)"
18,Devon County Council,15/06/2026,22100687,684.00,DANIEL RAMSAY,316733,,Highways & Infrastructure Development,A49005,Other Hired & Contracting Services,R0557017,DCC CIS Suppliers
18,Devon County Council,15/06/2026,22100693,"4,533.18",FOREAL,382988,452723204,Dedicated Schools Grant,A44185,Other professional Services (Schools),R0082002,"DCC Business Entities (Sole Trade, Partnership, Ltd)"
18,Devon County Council,15/06/2026,22100732,878.06,S C C,161520,313651680,Other PH Services,A45005,IT Hardware,R0548001,"DCC Business Entities (Sole Trade, Partnership, Ltd)"
18,Devon County Council,15/06/2026,22100763,510.00,COMMUNITY SUPPORT TEAM COMMUNITY INTEREST COMPANY,302088,,Dedicated Schools Grant,A44185,Other professional Services (Schools),R0082007,"DCC Business Entities (Sole Trade, Partnership, Ltd)"
18,Devon County Council,15/06/2026,22100911,"1,020.00",COMMUNITY SUPPORT TEAM COMMUNITY INTEREST COMPANY,302088,,Dedicated Schools Grant,A44185,Other professional Services (Schools),R0082007,"DCC Business Entities (Sole Trade, Partnership, Ltd)"
18,Devon County Council,15/06/2026,22100960,"1,530.00",COMMUNITY SUPPORT TEAM COMMUNITY INTEREST COMPANY,302088,,Dedicated Schools Grant,A44185,Other professional Services (Schools),R0082007,"DCC Business Entities (Sole Trade, Partnership, Ltd)"
18,Devon County Council,15/06/2026,22101247,"27,500.00",ESSEX COUNTY COUNCIL,14808,104252813,Dedicated Schools Grant,A53035,Other Recoupment Expenditure (3rd),R0111006,"DCC Business Entities (Sole Trade, Partnership, Ltd)"
18,Devon County Council,15/06/2026,22103111,"3,628.80",DIGITAL PENINSULA NETWORK LIMITED,394926,,"Economy, Enterprise and Skills",A44038,Fees,R0546004,"DCC Business Entities (Sole Trade, Partnership, Ltd)"
18,Devon County Council,15/06/2026,22103138,825.00,BALES FARM OUTDOOR LEARNING LTD,377260,505816692,Dedicated Schools Grant,A44185,Other professional Services (Schools),R0082007,"DCC Business Entities (Sole Trade, Partnership, Ltd)"
18,Devon County Council,15/06/2026,22103156,"1,650.00",BALES FARM OUTDOOR LEARNING LTD,377260,505816692,Dedicated Schools Grant,A44185,Other professional Services (Schools),R0082002,"DCC Business Entities (Sole Trade, Partnership, Ltd)"
18,Devon County Council,15/06/2026,22103204,"5,972.40",DIGITAL PENINSULA NETWORK LIMITED,394926,,"Economy, Enterprise and Skills",A44038,Fees,R0546004,"DCC Business Entities (Sole Trade, Partnership, Ltd)"
18,Devon County Council,15/06/2026,22103610,"295,581.00",Liquid Logic LTD,601473,927438206,Commissioning,A45040,IT Software,R0466001,"DCC Business Entities (Sole Trade, Partnership, Ltd)"
18,Devon County Council,15/06/2026,22104128,"1,528.16",MEENA ENTERPRISES LIMITED,360477,,Operations,A44038,Fees,R0222002,"DCC Business Entities (Sole Trade, Partnership, Ltd)"
18,Devon County Council,15/06/2026,22104212,"3,059.88",COVY LIMITED/ TRADING AS GARAGE SERVICES,390598,429102322,TRAMS Suspense,A30010,Vehicles Repairs,R0549019,"DCC Business Entities (Sole Trade, Partnership, Ltd)"
18,Devon County Council,15/06/2026,22104926,"169,224.10",KENNFORD TARMACADAM LIMITED,24534,976391178,Capital - Highways,C02009,Works,C0652001,DCC CIS Suppliers
18,Devon County Council,15/06/2026,22105161,699.50,Tim Pestridge Photography,604080,,"Economy, Enterprise and Skills",A49105,Other Supplies & Services,R0546007,"DCC Business Entities (Sole Trade, Partnership, Ltd)"
18,Devon County Council,15/06/2026,22105337,500.00,ORIGIN 3 LEGAL LIMITED,372716,352485588,"Chief Exec, Legal & Democratic services",A44968,Legal & Conveyancing Charges,R0277001,"DCC Business Entities (Sole Trade, Partnership, Ltd)"
18,Devon County Council,15/06/2026,22105441,"1,746.40",AURORA FE LIMITED,386363,244804509,Operations,A57135,Day Care Services,R0227033,"DCC Business Entities (Sole Trade, Partnership, Ltd)"
18,Devon County Council,15/06/2026,22105448,"1,746.40",AURORA FE LIMITED,386363,244804509,Operations,A57135,Day Care Services,R0227033,"DCC Business Entities (Sole Trade, Partnership, Ltd)"
18,Devon County Council,15/06/2026,22105519,"2,001.52",F W A G SOUTH WEST,316031,127629304,"Transport Operations, Environment and Waste",A44038,Fees,R0644001,"DCC Business Entities (Sole Trade, Partnership, Ltd)"
18,Devon County Council,15/06/2026,22105535,"1,250.00",Quality Review Services,604619,,"Chief Exec, Legal & Democratic services",A16015,Staff Training Expenses - Non Payroll,R0291002,"DCC Business Entities (Sole Trade, Partnership, Ltd)"
18,Devon County Council,15/06/2026,22105549,"20,031.02",TALIESIN EDUCATION LIMITED,388252,,Dedicated Schools Grant,A61052,Independent Special School Fees,R0089003,"DCC Business Entities (Sole Trade, Partnership, Ltd)"
18,Devon County Council,16/06/2026,22095252,"1,134.00",CO ADVENTURERS LIMITED,369278,394138084,Dedicated Schools Grant,A44180,Services for Educational Estabs - Devon,R0010004,"DCC Business Entities (Sole Trade, Partnership, Ltd)"
18,Devon County Council,16/06/2026,22096287,"32,049.00",HEYWOOD LIMITED,25829,862529800,Finance & Public Value,A45005,IT Hardware,R0493001,"DCC Business Entities (Sole Trade, Partnership, Ltd)"
18,Devon County Council,16/06/2026,22100573,"6,660.94",FLOWBIRD SMART CITY UK,222453,821077453,Highways & Infrastructure Development,A44038,Fees,R0556016,"DCC Business Entities (Sole Trade, Partnership, Ltd)"
18,Devon County Council,16/06/2026,22100588,"2,916.00",CO ADVENTURERS LIMITED,369278,394138084,Dedicated Schools Grant,A44185,Other professional Services (Schools),R0082007,"DCC Business Entities (Sole Trade, Partnership, Ltd)"
18,Devon County Council,16/06/2026,22100598,"2,430.00",CO ADVENTURERS LIMITED,369278,394138084,Dedicated Schools Grant,A44185,Other professional Services (Schools),R0082002,"DCC Business Entities (Sole Trade, Partnership, Ltd)"
18,Devon County Council,16/06/2026,22101082,"4,681.04",PHOENIX LEARNING & CARE LIMITED,100780,480641981,Operations,A57140,Residential Care - Long Stay,R0227063,"DCC Business Entities (Sole Trade, Partnership, Ltd)"
18,Devon County Council,16/06/2026,22101382,559.80,BLEEP 360 CARE LIMITED,360406,355167685,Children's Social Care,A61200,Community based care,R0044004,"DCC Business Entities (Sole Trade, Partnership, Ltd)"
18,Devon County Council,16/06/2026,22102202,717.60,OCEAN HEALTHCARE (TRADING AS TAHER LIMITED),346692,776836374,Children's Social Care,A61200,Community based care,R0046004,"DCC Business Entities (Sole Trade, Partnership, Ltd)"
18,Devon County Council,16/06/2026,22103444,"2,186.22",YOUNG DEVON (IVYBRIDGE),120708,,Children's Social Care,A40080,Health & Safety Equipment,R0139002,"DCC Business Entities (Sole Trade, Partnership, Ltd)"
18,Devon County Council,11/06/2026,22099610,"4,864.08",THE OUTDOORS GROUP *57*,362971,312604642,Dedicated Schools Grant,A61052,Independent Special School Fees,R0089003,"DCC Business Entities (Sole Trade, Partnership, Ltd)"
18,Devon County Council,11/06/2026,22099613,"4,864.08",THE OUTDOORS GROUP *57*,362971,312604642,Dedicated Schools Grant,A61052,Independent Special School Fees,R0089003,"DCC Business Entities (Sole Trade, Partnership, Ltd)"
18,Devon County Council,11/06/2026,22099631,"4,864.17",THE OUTDOORS GROUP *57*,362971,312604642,Dedicated Schools Grant,A61052,Independent Special School Fees,R0089003,"DCC Business Entities (Sole Trade, Partnership, Ltd)"
18,Devon County Council,11/06/2026,22099632,"5,939.07",THE OUTDOORS GROUP *57*,362971,312604642,Dedicated Schools Grant,A61052,Independent Special School Fees,R0089003,"DCC Business Entities (Sole Trade, Partnership, Ltd)"
18,Devon County Council,11/06/2026,22099639,"5,939.06",THE OUTDOORS GROUP *57*,362971,312604642,Dedicated Schools Grant,A61052,Independent Special School Fees,R0089003,"DCC Business Entities (Sole Trade, Partnership, Ltd)"
18,Devon County Council,11/06/2026,22099645,"4,864.08",THE OUTDOORS GROUP *57*,362971,312604642,Dedicated Schools Grant,A61052,Independent Special School Fees,R0089003,"DCC Business Entities (Sole Trade, Partnership, Ltd)"
18,Devon County Council,11/06/2026,22099724,"4,487.51",NORSE SOUTH WEST LIMITED,279741,785421021,Finance & Public Value,A46100,Main / Term Contractor,R0202001,"DCC Business Entities (Sole Trade, Partnership, Ltd)"
18,Devon County Council,11/06/2026,22099728,"6,773.65",NORSE SOUTH WEST LIMITED,279741,785421021,Finance & Public Value,A46100,Main / Term Contractor,R0202001,"DCC Business Entities (Sole Trade, Partnership, Ltd)"
18,Devon County Council,11/06/2026,22099732,"2,043.99",NORSE SOUTH WEST LIMITED,279741,785421021,Finance & Public Value,A46100,Main / Term Contractor,R0202001,"DCC Business Entities (Sole Trade, Partnership, Ltd)"
18,Devon County Council,11/06/2026,22099733,500.00,D & C TRAINING PROVIDER NETWORK,204171,,"Economy, Enterprise and Skills",A43015,Stationery,R0546003,"DCC Business Entities (Sole Trade, Partnership, Ltd)"
18,Devon County Council,11/06/2026,22099755,"2,204.00",NOCK BEN LIMITED,253420,754769188,Children's Social Care,A20005,"Property Repairs, Maintenance & Alterations (programmed)",R0015001,DCC CIS Suppliers
18,Devon County Council,11/06/2026,22099762,"513,155.92",STAGECOACH DEVON LIMITED,21413,435757819,TRAMS Suspense,A32505,Hired Transport Recharges - FPP,R0549002,"DCC Business Entities (Sole Trade, Partnership, Ltd)"
18,Devon County Council,11/06/2026,22100371,"2,300.00",CLEAR DATA LIMITED,362158,747259794,Public Health Nursing,A49105,Other Supplies & Services,R0019003,"DCC Business Entities (Sole Trade, Partnership, Ltd)"
18,Devon County Council,11/06/2026,22100537,900.00,BETH HEATON CARE OF COLLETON CHAMBER,286067,105785313,"Chief Exec, Legal & Democratic services",A44968,Legal & Conveyancing Charges,R0276001,"DCC Business Entities (Sole Trade, Partnership, Ltd)"
18,Devon County Council,11/06/2026,22101393,945.80,OCULAR INTEGRATION LIMITED,368413,417069846,"Capital - Planning, Transportation and Environment",C02009,Works,C0654001,"DCC Business Entities (Sole Trade, Partnership, Ltd)"
18,Devon County Council,11/06/2026,22102663,"4,563.39",FIRST CARE AMBULANCE LIMITED,98315,238628481,"Chief Exec, Legal & Democratic services",A49005,Other Hired & Contracting Services,R0506002,"DCC Business Entities (Sole Trade, Partnership, Ltd)"
18,Devon County Council,11/06/2026,22103327,"2,812.50",DUCHY OF CORNWALL,20566,888832261,Inclusion & Learning,A22005,Building Rents,R0102001,"DCC Business Entities (Sole Trade, Partnership, Ltd)"
18,Devon County Council,11/06/2026,22103582,"1,290.00",KENNFORD TARMACADAM LIMITED,24534,976391178,Capital - Highways,C02009,Works,C0652001,DCC CIS Suppliers
18,Devon County Council,11/06/2026,22103588,"1,290.00",KENNFORD TARMACADAM LIMITED,24534,976391178,Capital - Highways,C02009,Works,C0652001,DCC CIS Suppliers
18,Devon County Council,11/06/2026,22103864,"4,500.00",COOK D S DR,288001,250074342,"Chief Exec, Legal & Democratic services",A44038,Fees,R0506002,"DCC Business Entities (Sole Trade, Partnership, Ltd)"
18,Devon County Council,11/06/2026,22104020,"23,008.28",KENNFORD TARMACADAM LIMITED,24534,976391178,Capital - Highways,C02009,Works,C0652001,DCC CIS Suppliers
18,Devon County Council,11/06/2026,22104260,"2,506.29",SWARCO UK & IRELAND LIMITED,13690,568335022,"Capital - Planning, Transportation and Environment",C02009,Works,C0671003,DCC CIS Suppliers
18,Devon County Council,11/06/2026,22104519,"1,129.25",BISCOES,359427,284553870,"Chief Exec, Legal & Democratic services",A44968,Legal & Conveyancing Charges,R0274001,"DCC Business Entities (Sole Trade, Partnership, Ltd)"
18,Devon County Council,11/06/2026,22104531,"384,920.00",M Group Highways Limited,375383,927200546,Highways & Infrastructure Development,A46100,Main / Term Contractor,R0552001,"DCC Business Entities (Sole Trade, Partnership, Ltd)"
18,Devon County Council,11/06/2026,22104561,"2,383.60",DR R J DELANEY LIMITED,340584,976952161,"Chief Exec, Legal & Democratic services",A44038,Fees,R0506002,"DCC Business Entities (Sole Trade, Partnership, Ltd)"
18,Devon County Council,11/06/2026,22104574,"1,980.00",Analytical Services International Ltd,307650,363423802,"Chief Exec, Legal & Democratic services",A46020,Hospitality,R0506002,"DCC Business Entities (Sole Trade, Partnership, Ltd)"
18,Devon County Council,11/06/2026,22104576,"1,100.00",Analytical Services International Ltd,307650,363423802,"Chief Exec, Legal & Democratic services",A46020,Hospitality,R0506002,"DCC Business Entities (Sole Trade, Partnership, Ltd)"
18,Devon County Council,16/06/2026,22103772,"33,118.32",E & J W GLENDINNING LIMITED,62732,668406312,Capital - Highways,C02009,Works,C0671007,DCC CIS Suppliers
18,Devon County Council,16/06/2026,22104699,"5,589.20",DR CHARLES ANTWI,338645,,Operations,A44038,Fees,R0222002,"DCC Business Entities (Sole Trade, Partnership, Ltd)"
18,Devon County Council,16/06/2026,22104763,608.16,PROSPERO RECRUITMENT LIMITED,352539,486704947,Dedicated Schools Grant,A44185,Other professional Services (Schools),R0082007,"DCC Business Entities (Sole Trade, Partnership, Ltd)"
18,Devon County Council,16/06/2026,22104795,"8,435.46",NORSE SOUTH WEST LIMITED,279741,785421021,Transformation & Business Services,A46100,Main / Term Contractor,R0334006,"DCC Business Entities (Sole Trade, Partnership, Ltd)"
18,Devon County Council,16/06/2026,22105674,"32,990.22",VIRIDOR ENERGY LIMITED,397386,736636511,"Transport Operations, Environment and Waste",A46100,Main / Term Contractor,R0595006,"DCC Business Entities (Sole Trade, Partnership, Ltd)"
18,Devon County Council,16/06/2026,22105714,580.00,VICTORIA LEES,358401,304084537,"Chief Exec, Legal & Democratic services",A44968,Legal & Conveyancing Charges,R0276001,"DCC Business Entities (Sole Trade, Partnership, Ltd)"
18,Devon County Council,16/06/2026,22105740,"18,000.00",Ealing Council,604252,,P-Ledger - Separate Legal Entity,A52005,Payments to Other Local Authorities,P0432006,"DCC Business Entities (Sole Trade, Partnership, Ltd)"
18,Devon County Council,16/06/2026,22105783,759.80,K S FENCING,340683,503049234,Highways & Infrastructure Development,A49005,Other Hired & Contracting Services,R0552006,DCC CIS Suppliers
18,Devon County Council,16/06/2026,22105801,"2,842.81",PENNON T/A SOURCE FOR BUSINESS,344710,312629416,Children's Social Care,A24005,Water Services,R0015001,"DCC Business Entities (Sole Trade, Partnership, Ltd)"
18,Devon County Council,16/06/2026,22105917,877.50,EAST DEVON DISTRICT COUN (S O ACCOUNT),8710,142218990,Operations,A57130,Home Care Services,R0244001,"DCC Business Entities (Sole Trade, Partnership, Ltd)"
18,Devon County Council,16/06/2026,150486369,"21,889.21",M Group Highways Limited,375383,927200546,Highways & Infrastructure Development,A46100,Main / Term Contractor,R0554003,"DCC Business Entities (Sole Trade, Partnership, Ltd)"
18,Devon County Council,16/06/2026,150486370,"7,084.49",M Group Highways Limited,375383,927200546,Capital - Highways,C02051,Term Maintenance Contract,C0671007,"DCC Business Entities (Sole Trade, Partnership, Ltd)"
18,Devon County Council,16/06/2026,150486373,660.40,M Group Highways Limited,375383,927200546,Capital - Highways,C02051,Term Maintenance Contract,C0671007,"DCC Business Entities (Sole Trade, Partnership, Ltd)"
18,Devon County Council,17/06/2026,22097104,"24,248.51",NATIONAL STAR COLLEGE,198286,184541203,Dedicated Schools Grant,A61052,Independent Special School Fees,R0089001,"DCC Business Entities (Sole Trade, Partnership, Ltd)"
18,Devon County Council,15/06/2026,22100486,640.00,RICHARD GREEN ECOLOGY LIMITED,272615,113421075,Capital - Highways,C02011,External Professional Fees,C0671004,"DCC Business Entities (Sole Trade, Partnership, Ltd)"
18,Devon County Council,15/06/2026,22100596,524.52,BE YOUR BEST MENTORING LIMITED,385179,426486966,Dedicated Schools Grant,A44185,Other professional Services (Schools),R0082007,"DCC Business Entities (Sole Trade, Partnership, Ltd)"
18,Devon County Council,15/06/2026,22100651,561.28,BIFFA WASTE SERVICES LIMITED,20272,537911627,Transformation & Business Services,A27015,Refuse Collection,R0333026,"DCC Business Entities (Sole Trade, Partnership, Ltd)"
18,Devon County Council,15/06/2026,22100696,590.00,FOREAL,382988,452723204,Dedicated Schools Grant,A44185,Other professional Services (Schools),R0082007,"DCC Business Entities (Sole Trade, Partnership, Ltd)"
18,Devon County Council,15/06/2026,22100759,"3,060.00",COMMUNITY SUPPORT TEAM COMMUNITY INTEREST COMPANY,302088,,Dedicated Schools Grant,A44185,Other professional Services (Schools),R0082007,"DCC Business Entities (Sole Trade, Partnership, Ltd)"
18,Devon County Council,15/06/2026,22100765,"13,195.00",HATCHPLAN LIMITED,4698,730071086,Capital - Highways,C02009,Works,C0671005,DCC CIS Suppliers
18,Devon County Council,15/06/2026,22101063,621.40,CERTAS ENERGY TRADING AS EMO OILS,314127,844283419,Children's Social Care,A21015,Heating Oil,R0095004,"DCC Business Entities (Sole Trade, Partnership, Ltd)"
18,Devon County Council,15/06/2026,22101390,"23,294.52",SUEZ RECYCLING & RECOVERY UK LIMITED,208690,444085847,"Transport Operations, Environment and Waste",A44038,Fees,R0594002,"DCC Business Entities (Sole Trade, Partnership, Ltd)"
18,Devon County Council,15/06/2026,22101440,"2,339.10",LEXIA EDUCATION SERVICES LIMITED,376344,376218677,Dedicated Schools Grant,A44185,Other professional Services (Schools),R0082007,"DCC Business Entities (Sole Trade, Partnership, Ltd)"
18,Devon County Council,15/06/2026,22102433,"2,181.27",TEIGN TREES & LANDSCAPES SOUTH WEST LIMITED,209228,250371238,Highways & Infrastructure Development,A49005,Other Hired & Contracting Services,R0553005,DCC CIS Suppliers
18,Devon County Council,15/06/2026,22102534,695.70,WEIGHTMANS LLP,220105,974825769,"Chief Exec, Legal & Democratic services",A44038,Fees,R0274001,"DCC Business Entities (Sole Trade, Partnership, Ltd)"
18,Devon County Council,15/06/2026,22102582,771.80,ATTOLIFE LIMITED,279169,846231923,"Chief Exec, Legal & Democratic services",A44038,Fees,R0276001,"DCC Business Entities (Sole Trade, Partnership, Ltd)"
18,Devon County Council,15/06/2026,22102660,"1,350.00",APPLE TREE FARM SERVICES,369438,,Dedicated Schools Grant,A44180,Services for Educational Estabs - Devon,R0010004,"DCC Business Entities (Sole Trade, Partnership, Ltd)"
18,Devon County Council,17/06/2026,22099193,"1,395.00",PARKER ACOUSTICS LIMITED,403700,383192287,Capital - Children & Schools Expansions,C02011,External Professional Fees,C0657001,"DCC Business Entities (Sole Trade, Partnership, Ltd)"
18,Devon County Council,17/06/2026,22102155,544.00,PROMOTING INDEPENDENT CARE LIMITED,376159,,Children's Social Care,A11005,Agency Supply Staff,R0095004,"DCC Business Entities (Sole Trade, Partnership, Ltd)"
18,Devon County Council,17/06/2026,22104812,"3,040.80",PROSPERO RECRUITMENT LIMITED,352539,486704947,Dedicated Schools Grant,A44185,Other professional Services (Schools),R0082007,"DCC Business Entities (Sole Trade, Partnership, Ltd)"
18,Devon County Council,17/06/2026,22104925,"11,525.00",TORBAY & SOUTH DEVON NHS,290092,654941219,"Chief Exec, Legal & Democratic services",A44086,Mortuary Facilities,R0506002,"DCC Business Entities (Sole Trade, Partnership, Ltd)"
18,Devon County Council,17/06/2026,22105023,889.92,PROSPERO RECRUITMENT LIMITED,352539,486704947,Dedicated Schools Grant,A44185,Other professional Services (Schools),R0082002,"DCC Business Entities (Sole Trade, Partnership, Ltd)"
18,Devon County Council,17/06/2026,22105027,"2,800.00",Dr Gerald J Clesham,605268,,"Chief Exec, Legal & Democratic services",A44038,Fees,R0506002,"DCC Business Entities (Sole Trade, Partnership, Ltd)"
18,Devon County Council,17/06/2026,22105195,"12,505.00",TORBAY & SOUTH DEVON NHS,290092,654941219,"Chief Exec, Legal & Democratic services",A44086,Mortuary Facilities,R0506002,"DCC Business Entities (Sole Trade, Partnership, Ltd)"
18,Devon County Council,17/06/2026,22105235,"3,655.00",LE ROY FUNERAL SERVICE,231328,217395204,"Chief Exec, Legal & Democratic services",A49005,Other Hired & Contracting Services,R0506002,"DCC Business Entities (Sole Trade, Partnership, Ltd)"
18,Devon County Council,17/06/2026,22105239,"1,698.00",DODD E A & SON/FUNERAL DIRECTOR,245863,185725238,"Chief Exec, Legal & Democratic services",A49005,Other Hired & Contracting Services,R0506002,"DCC Business Entities (Sole Trade, Partnership, Ltd)"
18,Devon County Council,17/06/2026,22105348,"3,323.35",FIRST CARE AMBULANCE LIMITED,98315,238628481,"Chief Exec, Legal & Democratic services",A49005,Other Hired & Contracting Services,R0506002,"DCC Business Entities (Sole Trade, Partnership, Ltd)"
18,Devon County Council,17/06/2026,22105986,"2,666.67",SOUTH DEVON STEINER SCHOOL,146217,478546734,Dedicated Schools Grant,A61052,Independent Special School Fees,R0089003,"DCC Business Entities (Sole Trade, Partnership, Ltd)"
18,Devon County Council,17/06/2026,22105987,"5,979.77",SOUTH DEVON STEINER SCHOOL,146217,478546734,Dedicated Schools Grant,A61052,Independent Special School Fees,R0089003,"DCC Business Entities (Sole Trade, Partnership, Ltd)"
18,Devon County Council,17/06/2026,22106049,"118,398.72",MODERN SCHOOLS (EXETER) LIMITED,176325,838739084,Transformation & Business Services,A47505,PFI Charges,R0360008,"DCC Business Entities (Sole Trade, Partnership, Ltd)"
18,Devon County Council,11/06/2026,22104667,"3,040.80",PROSPERO RECRUITMENT LIMITED,352539,486704947,Dedicated Schools Grant,A44185,Other professional Services (Schools),R0082007,"DCC Business Entities (Sole Trade, Partnership, Ltd)"
18,Devon County Council,11/06/2026,22104687,760.20,PROSPERO RECRUITMENT LIMITED,352539,486704947,Dedicated Schools Grant,A44185,Other professional Services (Schools),R0082007,"DCC Business Entities (Sole Trade, Partnership, Ltd)"
18,Devon County Council,11/06/2026,22104702,"1,013.60",PROSPERO RECRUITMENT LIMITED,352539,486704947,Dedicated Schools Grant,A44185,Other professional Services (Schools),R0082007,"DCC Business Entities (Sole Trade, Partnership, Ltd)"
18,Devon County Council,11/06/2026,22104716,"7,331.10",PROSPERO RECRUITMENT LIMITED,352539,486704947,Dedicated Schools Grant,A44185,Other professional Services (Schools),R0082007,"DCC Business Entities (Sole Trade, Partnership, Ltd)"
18,Devon County Council,11/06/2026,22104731,"2,888.76",PROSPERO RECRUITMENT LIMITED,352539,486704947,Dedicated Schools Grant,A44185,Other professional Services (Schools),R0082007,"DCC Business Entities (Sole Trade, Partnership, Ltd)"
18,Devon County Council,11/06/2026,22104741,"2,888.76",PROSPERO RECRUITMENT LIMITED,352539,486704947,Dedicated Schools Grant,A44185,Other professional Services (Schools),R0082007,"DCC Business Entities (Sole Trade, Partnership, Ltd)"
18,Devon County Council,11/06/2026,22104743,"1,672.44",PROSPERO RECRUITMENT LIMITED,352539,486704947,Dedicated Schools Grant,A44185,Other professional Services (Schools),R0082007,"DCC Business Entities (Sole Trade, Partnership, Ltd)"
18,Devon County Council,11/06/2026,22104746,"1,485.67",PROSPERO RECRUITMENT LIMITED,352539,486704947,Dedicated Schools Grant,A44185,Other professional Services (Schools),R0082007,"DCC Business Entities (Sole Trade, Partnership, Ltd)"
18,Devon County Council,11/06/2026,22104760,"3,040.80",PROSPERO RECRUITMENT LIMITED,352539,486704947,Dedicated Schools Grant,A44185,Other professional Services (Schools),R0082007,"DCC Business Entities (Sole Trade, Partnership, Ltd)"
18,Devon County Council,11/06/2026,22104761,"2,027.20",PROSPERO RECRUITMENT LIMITED,352539,486704947,Dedicated Schools Grant,A44185,Other professional Services (Schools),R0082007,"DCC Business Entities (Sole Trade, Partnership, Ltd)"
18,Devon County Council,11/06/2026,22104764,760.20,PROSPERO RECRUITMENT LIMITED,352539,486704947,Dedicated Schools Grant,A44185,Other professional Services (Schools),R0082007,"DCC Business Entities (Sole Trade, Partnership, Ltd)"
18,Devon County Council,11/06/2026,22104782,"2,148.26",I J Cannings & Son Limited,14467,192803203,Capital - Schools Maintenance & Improvements,C02009,Works,C0658001,DCC CIS Suppliers
18,Devon County Council,11/06/2026,22105006,660.00,COOMBE WOOD SCHOOL,406111,207669391,Dedicated Schools Grant,A53040,Contributions to Educational Estabs (3rd,R0107001,"DCC Business Entities (Sole Trade, Partnership, Ltd)"
18,Devon County Council,11/06/2026,22105008,660.00,PLYMPTON ACADEMY,276869,,Dedicated Schools Grant,A53040,Contributions to Educational Estabs (3rd,R0107001,"DCC Business Entities (Sole Trade, Partnership, Ltd)"
18,Devon County Council,11/06/2026,150482374,"12,751.15",M Group Highways Limited,375383,927200546,Capital - Highways,C02051,Term Maintenance Contract,C0671005,"DCC Business Entities (Sole Trade, Partnership, Ltd)"
18,Devon County Council,11/06/2026,150482385,"28,306.31",M Group Highways Limited,375383,927200546,Capital - Highways,C02051,Term Maintenance Contract,C0652001,"DCC Business Entities (Sole Trade, Partnership, Ltd)"
18,Devon County Council,11/06/2026,150482386,"68,906.78",M Group Highways Limited,375383,927200546,Capital - Highways,C02051,Term Maintenance Contract,C0652001,"DCC Business Entities (Sole Trade, Partnership, Ltd)"
18,Devon County Council,11/06/2026,150482387,"1,527.25",M Group Highways Limited,375383,927200546,Capital - Highways,C02051,Term Maintenance Contract,C0652001,"DCC Business Entities (Sole Trade, Partnership, Ltd)"
18,Devon County Council,12/06/2026,22079180,"4,922.50",CHIPSIDE LIMITED,280928,812080569,Highways & Infrastructure Development,A49105,Other Supplies & Services,R0556001,"DCC Business Entities (Sole Trade, Partnership, Ltd)"
18,Devon County Council,12/06/2026,22089322,"7,787.00",APT TRAINING AND CONSULTANCY,394598,294511353,Children's Social Care,A16015,Staff Training Expenses - Non Payroll,R0040002,"DCC Business Entities (Sole Trade, Partnership, Ltd)"
18,Devon County Council,12/06/2026,22099709,"4,500.00",SOUTH WEST AUTISM SUPPORT SERVICES,289073,271046426,Dedicated Schools Grant,A44185,Other professional Services (Schools),R0082007,"DCC Business Entities (Sole Trade, Partnership, Ltd)"
18,Devon County Council,12/06/2026,22099739,"3,400.98",BRAUNTON MOBILITY,273746,947557671,P-Ledger - Separate Legal Entity,A61054,Equipment (Care),P0391002,"DCC Business Entities (Sole Trade, Partnership, Ltd)"
18,Devon County Council,12/06/2026,22099760,"4,808.95",BREAKTHROUGH TRANSFORMATION TRUST,248117,480468080,Dedicated Schools Grant,A44185,Other professional Services (Schools),R0082007,"DCC Business Entities (Sole Trade, Partnership, Ltd)"
18,Devon County Council,12/06/2026,22099761,"3,797.92",BREAKTHROUGH TRANSFORMATION TRUST,248117,480468080,Dedicated Schools Grant,A44185,Other professional Services (Schools),R0082007,"DCC Business Entities (Sole Trade, Partnership, Ltd)"
18,Devon County Council,12/06/2026,22099806,"2,067.00",ASTRA COMMUNICATIONS COMMERCIAL SECURITY SYSTEMS LIMITED,341353,879466748,Highways & Infrastructure Development,A46100,Main / Term Contractor,R0555002,"DCC Business Entities (Sole Trade, Partnership, Ltd)"
18,Devon County Council,12/06/2026,22099911,"4,882.87",ACORN CARE & EDUCATION LIMITED,333557,902188441,Dedicated Schools Grant,A53035,Other Recoupment Expenditure (3rd),R0111002,"DCC Business Entities (Sole Trade, Partnership, Ltd)"
18,Devon County Council,15/06/2026,22104458,776.90,SATARA DIAGNOSTICS,400734,,"Chief Exec, Legal & Democratic services",A44038,Fees,R0506002,"DCC Business Entities (Sole Trade, Partnership, Ltd)"
18,Devon County Council,15/06/2026,22104818,"1,216.32",PROSPERO RECRUITMENT LIMITED,352539,486704947,Dedicated Schools Grant,A44185,Other professional Services (Schools),R0082007,"DCC Business Entities (Sole Trade, Partnership, Ltd)"
18,Devon County Council,15/06/2026,22105125,"1,255.38",SOUTH WEST WATER LIMITED,8450,540465165,Communities,A24005,Water Services,R0533002,"DCC Business Entities (Sole Trade, Partnership, Ltd)"
18,Devon County Council,15/06/2026,22105234,"2,664.26",IMC Analysts LLP,313069,,Operations,A44038,Fees,R0222002,"DCC Business Entities (Sole Trade, Partnership, Ltd)"
18,Devon County Council,15/06/2026,22105400,"1,458.60",EAST DEVON DISTRICT COUN (S O ACCOUNT),8710,142218990,Transformation & Business Services,A23005,Rates,R0333028,"DCC Business Entities (Sole Trade, Partnership, Ltd)"
18,Devon County Council,15/06/2026,22105403,"48,069.50",DISCLOSURE & BARRING SERVICE,138421,888816061,People and Culture,A12510,Other Employee Expenses,R0472004,"DCC Business Entities (Sole Trade, Partnership, Ltd)"
18,Devon County Council,15/06/2026,22105446,"1,746.39",AURORA FE LIMITED,386363,244804509,Operations,A57135,Day Care Services,R0227033,"DCC Business Entities (Sole Trade, Partnership, Ltd)"
18,Devon County Council,16/06/2026,22099406,728.34,NORSE SOUTH WEST LIMITED,279741,785421021,Inclusion & Learning,A46100,Main / Term Contractor,R0052001,"DCC Business Entities (Sole Trade, Partnership, Ltd)"
18,Devon County Council,16/06/2026,22100555,"1,458.00",CO ADVENTURERS LIMITED,369278,394138084,Dedicated Schools Grant,A44185,Other professional Services (Schools),R0082007,"DCC Business Entities (Sole Trade, Partnership, Ltd)"
18,Devon County Council,16/06/2026,22100607,"1,350.00",CO ADVENTURERS LIMITED,369278,394138084,Dedicated Schools Grant,A44180,Services for Educational Estabs - Devon,R0010004,"DCC Business Entities (Sole Trade, Partnership, Ltd)"
18,Devon County Council,16/06/2026,22102373,"1,136.08",OCEAN HEALTHCARE,371633,776836374,Operations,A11005,Agency Supply Staff,R0268001,"DCC Business Entities (Sole Trade, Partnership, Ltd)"
18,Devon County Council,16/06/2026,22103763,853.10,KELTIC LIMITED,180135,754080733,Highways & Infrastructure Development,A42005,Clothing & Uniforms,R0556001,"DCC Business Entities (Sole Trade, Partnership, Ltd)"
18,Devon County Council,16/06/2026,22104230,"263,373.67",SKINNER CONSTRUCTION LIMITED,19171,141535982,"Capital - Planning, Transportation and Environment",C02009,Works,C0671003,DCC CIS Suppliers
18,Devon County Council,16/06/2026,22104513,"28,613.05",MARINE & CIVIL SOLUTIONS LIMITED,283395,431868383,Capital - Highways,C02009,Works,C0652001,DCC CIS Suppliers
18,Devon County Council,16/06/2026,22105501,"10,450.00",CAMBIAN CHILDCARE LIMITED,299178,190023541,Dedicated Schools Grant,A61052,Independent Special School Fees,R0089003,"DCC Business Entities (Sole Trade, Partnership, Ltd)"
18,Devon County Council,16/06/2026,22105708,"3,277.95",TEIGN TREES & LANDSCAPES SOUTH WEST LIMITED,209228,250371238,Highways & Infrastructure Development,A49005,Other Hired & Contracting Services,R0553005,DCC CIS Suppliers
18,Devon County Council,16/06/2026,22105807,500.00,Egg Graphics,605027,,Communities,A62105,Miscellaneous expenditure,R0533004,"DCC Business Entities (Sole Trade, Partnership, Ltd)"
18,Devon County Council,16/06/2026,22105831,"8,100.00",Blue Sky Mentoring Ltd,600801,,Dedicated Schools Grant,A44180,Services for Educational Estabs - Devon,R0010004,"DCC Business Entities (Sole Trade, Partnership, Ltd)"
18,Devon County Council,16/06/2026,22105840,"66,198.88",KENNFORD TARMACADAM LIMITED,24534,976391178,Capital - Highways,C02009,Works,C0652001,DCC CIS Suppliers
18,Devon County Council,16/06/2026,22105863,605.00,Daya Mann,602921,699081679,"Chief Exec, Legal & Democratic services",A44968,Legal & Conveyancing Charges,R0276001,"DCC Business Entities (Sole Trade, Partnership, Ltd)"
18,Devon County Council,16/06/2026,22106329,"63,697.03",OPTIMUM HEATING LIMITED,81356,728974284,Capital - Schools Maintenance & Improvements,C02009,Works,C0658001,DCC CIS Suppliers
18,Devon County Council,16/06/2026,150486365,"2,821.24",M Group Highways Limited,375383,927200546,Capital - Highways,C02051,Term Maintenance Contract,C0671006,"DCC Business Entities (Sole Trade, Partnership, Ltd)"
18,Devon County Council,16/06/2026,150486368,"1,337.65",M Group Highways Limited,375383,927200546,Highways & Infrastructure Development,A46100,Main / Term Contractor,R0554001,"DCC Business Entities (Sole Trade, Partnership, Ltd)"
18,Devon County Council,16/06/2026,150486371,"1,138.36",M Group Highways Limited,375383,927200546,Capital - Highways,C02051,Term Maintenance Contract,C0671005,"DCC Business Entities (Sole Trade, Partnership, Ltd)"
18,Devon County Council,16/06/2026,150486374,666.86,M Group Highways Limited,375383,927200546,Capital - Highways,C02051,Term Maintenance Contract,C0671007,"DCC Business Entities (Sole Trade, Partnership, Ltd)"
18,Devon County Council,16/06/2026,150486375,"2,420.56",M Group Highways Limited,375383,927200546,Capital - Highways,C02051,Term Maintenance Contract,C0671006,"DCC Business Entities (Sole Trade, Partnership, Ltd)"
18,Devon County Council,16/06/2026,150486377,"1,059.57",M Group Highways Limited,375383,927200546,Capital - Highways,C02051,Term Maintenance Contract,C0671006,"DCC Business Entities (Sole Trade, Partnership, Ltd)"
18,Devon County Council,17/06/2026,22097384,"1,925.52",RUNNING DEER COMMUNITY INTEREST COMPANY,293947,289345260,Dedicated Schools Grant,A61052,Independent Special School Fees,R0089003,"DCC Business Entities (Sole Trade, Partnership, Ltd)"
18,Devon County Council,17/06/2026,22106074,"1,896.81",FIRST CARE AMBULANCE LIMITED,98315,238628481,"Chief Exec, Legal & Democratic services",A44038,Fees,R0506002,"DCC Business Entities (Sole Trade, Partnership, Ltd)"
18,Devon County Council,17/06/2026,22106079,"2,902.77",FIRST CARE AMBULANCE LIMITED,98315,238628481,"Chief Exec, Legal & Democratic services",A49005,Other Hired & Contracting Services,R0506002,"DCC Business Entities (Sole Trade, Partnership, Ltd)"
18,Devon County Council,17/06/2026,22106215,"21,768.50",SOUTH HAMS DISTRICT COUNCIL,8255,142204125,Transformation & Business Services,A23005,Rates,R0333026,"DCC Business Entities (Sole Trade, Partnership, Ltd)"
18,Devon County Council,22/06/2026,22048338,"1,974.00",THE OUTDOORS GROUP *57*,362971,312604642,Dedicated Schools Grant,A44185,Other professional Services (Schools),R0082002,"DCC Business Entities (Sole Trade, Partnership, Ltd)"
18,Devon County Council,22/06/2026,22088120,"2,799.05",PROSPERO RECRUITMENT LIMITED,352539,486704947,Dedicated Schools Grant,A44185,Other professional Services (Schools),R0082007,"DCC Business Entities (Sole Trade, Partnership, Ltd)"
18,Devon County Council,22/06/2026,22094749,721.20,BE YOUR BEST MENTORING LIMITED,385179,426486966,Dedicated Schools Grant,A44185,Other professional Services (Schools),R0082007,"DCC Business Entities (Sole Trade, Partnership, Ltd)"
18,Devon County Council,22/06/2026,22099024,"3,500.00",HUGH CORNFORD CARE OF COLLETON CHAMBERS,402489,150808914,"Chief Exec, Legal & Democratic services",A44968,Legal & Conveyancing Charges,R0276001,"DCC Business Entities (Sole Trade, Partnership, Ltd)"
18,Devon County Council,22/06/2026,22100599,"1,660.00",CENTRE LINE SURVEYS,60638,472245942,"Capital - Planning, Transportation and Environment",C02009,Works,C0671003,"DCC Business Entities (Sole Trade, Partnership, Ltd)"
18,Devon County Council,22/06/2026,22100615,"5,774.31",KEYS PCE LIMITED,363936,927104637,Dedicated Schools Grant,A61052,Independent Special School Fees,R0089003,"DCC Business Entities (Sole Trade, Partnership, Ltd)"
18,Devon County Council,22/06/2026,22100617,"5,229.23",KEYS PCE LIMITED,363936,927104637,Dedicated Schools Grant,A61052,Independent Special School Fees,R0089003,"DCC Business Entities (Sole Trade, Partnership, Ltd)"
18,Devon County Council,22/06/2026,22100707,"2,807.19",COURTNEY THORNE CARE TECHNOLOGY,256003,504279751,Operations,A40920,Equipment,R0268001,"DCC Business Entities (Sole Trade, Partnership, Ltd)"
18,Devon County Council,22/06/2026,22100839,956.25,ACCESS TO COMMUNICATION,368058,,Dedicated Schools Grant,A44185,Other professional Services (Schools),R0082006,"DCC Business Entities (Sole Trade, Partnership, Ltd)"
18,Devon County Council,22/06/2026,22100989,"1,150.00",GATEWAY QUALIFICATIONS,371882,,"Economy, Enterprise and Skills",A44110,Exam Fees,R0539002,"DCC Business Entities (Sole Trade, Partnership, Ltd)"
18,Devon County Council,12/06/2026,22099930,849.38,INSTARMAC GROUP PLC,302188,295973982,Highways & Infrastructure Development,A40070,Stock Materials,R0554004,"DCC Business Entities (Sole Trade, Partnership, Ltd)"
18,Devon County Council,12/06/2026,22100349,948.75,PHYSIOGAIN SERVICES LIMITED,405373,,Dedicated Schools Grant,A61052,Independent Special School Fees,R0089003,"DCC Business Entities (Sole Trade, Partnership, Ltd)"
18,Devon County Council,12/06/2026,22103934,"1,377.00",Stags (9901),4337,141429000,Capital - Highways,C01010,Acquisitions - Purchase Cost - Legal Fees,C0671008,"DCC Business Entities (Sole Trade, Partnership, Ltd)"
18,Devon County Council,12/06/2026,22104529,"1,013.60",PROSPERO RECRUITMENT LIMITED,352539,486704947,Dedicated Schools Grant,A44185,Other professional Services (Schools),R0082007,"DCC Business Entities (Sole Trade, Partnership, Ltd)"
18,Devon County Council,12/06/2026,22104541,503.10,CHERISHEDCARE DEVON,304476,,Children's Social Care,A61200,Community based care,R0044004,"DCC Business Entities (Sole Trade, Partnership, Ltd)"
18,Devon County Council,12/06/2026,22104670,"3,040.80",PROSPERO RECRUITMENT LIMITED,352539,486704947,Dedicated Schools Grant,A44185,Other professional Services (Schools),R0082007,"DCC Business Entities (Sole Trade, Partnership, Ltd)"
18,Devon County Council,12/06/2026,22104676,"2,280.60",PROSPERO RECRUITMENT LIMITED,352539,486704947,Dedicated Schools Grant,A44185,Other professional Services (Schools),R0082007,"DCC Business Entities (Sole Trade, Partnership, Ltd)"
18,Devon County Council,12/06/2026,22104697,"2,027.20",PROSPERO RECRUITMENT LIMITED,352539,486704947,Dedicated Schools Grant,A44185,Other professional Services (Schools),R0082007,"DCC Business Entities (Sole Trade, Partnership, Ltd)"
18,Devon County Council,12/06/2026,22104712,"5,030.00",HARRIET GILCHRIST,395215,279338164,"Chief Exec, Legal & Democratic services",A44968,Legal & Conveyancing Charges,R0506002,"DCC Business Entities (Sole Trade, Partnership, Ltd)"
18,Devon County Council,12/06/2026,22104737,"3,040.80",PROSPERO RECRUITMENT LIMITED,352539,486704947,Dedicated Schools Grant,A44185,Other professional Services (Schools),R0082007,"DCC Business Entities (Sole Trade, Partnership, Ltd)"
18,Devon County Council,12/06/2026,22104790,543.17,CHERISHEDCARE DEVON,304476,,Children's Social Care,A61200,Community based care,R0044004,"DCC Business Entities (Sole Trade, Partnership, Ltd)"
18,Devon County Council,12/06/2026,22104850,"1,900.00",DEBBIE WALKER,405366,,P-Ledger - Separate Legal Entity,A61060,Support for Children in Care,P0432008,"DCC Business Entities (Sole Trade, Partnership, Ltd)"
18,Devon County Council,12/06/2026,22104891,754.74,NETWORK RAIL,195364,798650956,Capital - Highways,C02009,Works,C0652001,"DCC Business Entities (Sole Trade, Partnership, Ltd)"
18,Devon County Council,17/06/2026,22099361,"2,750.00",COOKE A L,108799,,"Transport Operations, Environment and Waste",A22005,Building Rents,R0604001,"DCC Business Entities (Sole Trade, Partnership, Ltd)"
18,Devon County Council,17/06/2026,22100461,"1,116.00",Xtreme Vegetation Clearance,317338,368639347,Highways & Infrastructure Development,A49005,Other Hired & Contracting Services,R0557017,DCC CIS Suppliers
18,Devon County Council,17/06/2026,22100725,536.19,Youth Arts and Health Trust,340754,,P-Ledger - Separate Legal Entity,A61060,Support for Children in Care,P0432008,"DCC Business Entities (Sole Trade, Partnership, Ltd)"
18,Devon County Council,17/06/2026,22103702,"1,596.00",FOREDOWNE KENNELS & CATTERY,92508,744978772,Mental Health,A49105,Other Supplies & Services,R0256001,"DCC Business Entities (Sole Trade, Partnership, Ltd)"
18,Devon County Council,17/06/2026,22105981,"200,491.68",MODERN SCHOOLS (EXETER) LIMITED,176325,838739084,Transformation & Business Services,A47505,PFI Charges,R0360004,"DCC Business Entities (Sole Trade, Partnership, Ltd)"
18,Devon County Council,17/06/2026,22105990,"4,208.58",SOUTH DEVON STEINER SCHOOL,146217,478546734,Dedicated Schools Grant,A61052,Independent Special School Fees,R0089003,"DCC Business Entities (Sole Trade, Partnership, Ltd)"
18,Devon County Council,17/06/2026,22106073,"2,151.99",FIRST CARE AMBULANCE LIMITED,98315,238628481,"Chief Exec, Legal & Democratic services",A44038,Fees,R0506002,"DCC Business Entities (Sole Trade, Partnership, Ltd)"
18,Devon County Council,17/06/2026,22106080,"1,474.15",FIRST CARE AMBULANCE LIMITED,98315,238628481,"Chief Exec, Legal & Democratic services",A49005,Other Hired & Contracting Services,R0506002,"DCC Business Entities (Sole Trade, Partnership, Ltd)"
18,Devon County Council,17/06/2026,22106216,872.95,SOUTH HAMS DISTRICT COUNCIL,8255,142204125,Transformation & Business Services,A23005,Rates,R0333026,"DCC Business Entities (Sole Trade, Partnership, Ltd)"
18,Devon County Council,17/06/2026,22106222,"34,800.00",Liquid Logic LTD,601473,927438206,Commissioning,A45040,IT Software,R0466001,"DCC Business Entities (Sole Trade, Partnership, Ltd)"
18,Devon County Council,17/06/2026,22106226,500.00,NIKKI COOMBE at WALNUT,601763,220219166,"Chief Exec, Legal & Democratic services",A44968,Legal & Conveyancing Charges,R0276001,"DCC Business Entities (Sole Trade, Partnership, Ltd)"
18,Devon County Council,17/06/2026,22106235,770.00,Partylicious Devon,605314,,Inclusion & Learning,A44038,Fees,R0681003,"DCC Business Entities (Sole Trade, Partnership, Ltd)"
18,Devon County Council,22/06/2026,22038958,"2,256.00",THE OUTDOORS GROUP *57*,362971,312604642,Dedicated Schools Grant,A44185,Other professional Services (Schools),R0082002,"DCC Business Entities (Sole Trade, Partnership, Ltd)"
18,Devon County Council,22/06/2026,22054847,"1,974.00",THE OUTDOORS GROUP *57*,362971,312604642,Dedicated Schools Grant,A44185,Other professional Services (Schools),R0082002,"DCC Business Entities (Sole Trade, Partnership, Ltd)"
18,Devon County Council,22/06/2026,22095277,"1,854.00",TUBERS ACADEMY LIMITED,348033,300702466,Dedicated Schools Grant,A44185,Other professional Services (Schools),R0082007,"DCC Business Entities (Sole Trade, Partnership, Ltd)"
18,Devon County Council,22/06/2026,22095619,954.00,BROWNE JACOBSON LLP CLIENT ACCOU,389123,116396270,"Chief Exec, Legal & Democratic services",A44968,Legal & Conveyancing Charges,R0280001,"DCC Business Entities (Sole Trade, Partnership, Ltd)"
18,Devon County Council,22/06/2026,22100550,721.20,BE YOUR BEST MENTORING LIMITED,385179,426486966,Dedicated Schools Grant,A44185,Other professional Services (Schools),R0082007,"DCC Business Entities (Sole Trade, Partnership, Ltd)"
18,Devon County Council,22/06/2026,22100556,721.20,BE YOUR BEST MENTORING LIMITED,385179,426486966,Dedicated Schools Grant,A44185,Other professional Services (Schools),R0082007,"DCC Business Entities (Sole Trade, Partnership, Ltd)"
18,Devon County Council,22/06/2026,22100611,"5,774.34",KEYS PCE LIMITED,363936,927104637,Dedicated Schools Grant,A61052,Independent Special School Fees,R0089003,"DCC Business Entities (Sole Trade, Partnership, Ltd)"
18,Devon County Council,22/06/2026,22100621,"5,774.34",KEYS PCE LIMITED,363936,927104637,Dedicated Schools Grant,A61052,Independent Special School Fees,R0089003,"DCC Business Entities (Sole Trade, Partnership, Ltd)"
18,Devon County Council,22/06/2026,22100834,795.00,ACCESS TO COMMUNICATION,368058,,Dedicated Schools Grant,A44185,Other professional Services (Schools),R0082006,"DCC Business Entities (Sole Trade, Partnership, Ltd)"
18,Devon County Council,22/06/2026,22100835,"1,500.00",Charlotte Haley,603009,,Dedicated Schools Grant,A44185,Other professional Services (Schools),R0082007,"DCC Business Entities (Sole Trade, Partnership, Ltd)"
18,Devon County Council,22/06/2026,22100984,630.00,ACCESS TO COMMUNICATION,368058,,Dedicated Schools Grant,A44185,Other professional Services (Schools),R0082006,"DCC Business Entities (Sole Trade, Partnership, Ltd)"
18,Devon County Council,22/06/2026,22101031,"5,088.50",UNITED KINGDOM ACCREDITATION,21523,652894109,Other PH Services,A44038,Fees,R0548001,"DCC Business Entities (Sole Trade, Partnership, Ltd)"
18,Devon County Council,22/06/2026,22101033,"1,276.50",UNITED KINGDOM ACCREDITATION,21523,652894109,Other PH Services,A44038,Fees,R0548001,"DCC Business Entities (Sole Trade, Partnership, Ltd)"
18,Devon County Council,22/06/2026,22101074,"1,419.60",DEVON TREE SERVICES LIMITED,4838,164412427,Highways & Infrastructure Development,A16015,Staff Training Expenses - Non Payroll,R0558001,"DCC Business Entities (Sole Trade, Partnership, Ltd)"
18,Devon County Council,22/06/2026,22101088,"4,464.00",NORSE SOUTH WEST LIMITED,279741,785421021,Transformation & Business Services,A29015,Other Premises Costs,R0333004,"DCC Business Entities (Sole Trade, Partnership, Ltd)"
18,Devon County Council,15/06/2026,22089223,"2,250.00",ESTEEM TEAM COMMUNITY INTEREST COMPANY,366509,491597739,Dedicated Schools Grant,A44185,Other professional Services (Schools),R0082007,"DCC Business Entities (Sole Trade, Partnership, Ltd)"
18,Devon County Council,15/06/2026,22098915,"10,200.00",PROMOTING INDEPENDENT CARE LIMITED,376159,,Children's Social Care,A11005,Agency Supply Staff,R0095009,"DCC Business Entities (Sole Trade, Partnership, Ltd)"
18,Devon County Council,15/06/2026,22099923,"278,255.00",Exeter College (Exeter and North Devon Colleges Group),6141,125451632,Capital - SEND Schools,C02009,Works,C0660001,"DCC Business Entities (Sole Trade, Partnership, Ltd)"
18,Devon County Council,15/06/2026,22099932,"4,976.40",Complete Training (Devon) Ltd,601803,454736080,"Economy, Enterprise and Skills",A44038,Fees,R0546004,"DCC Business Entities (Sole Trade, Partnership, Ltd)"
18,Devon County Council,15/06/2026,22100131,"1,153.48",NORTH DEVON COUNCIL (AC 03953785),326313,144711092,Children's Social Care,A27015,Refuse Collection,R0095003,"DCC Business Entities (Sole Trade, Partnership, Ltd)"
18,Devon County Council,15/06/2026,22100280,"1,850.00",IRIDESCENT IDEAS COMMUNITY INTEREST COMPANY,341765,242966485,Communities,A44038,Fees,R0536006,"DCC Business Entities (Sole Trade, Partnership, Ltd)"
18,Devon County Council,15/06/2026,22100351,845.00,NIGEL PORTER,399030,,Dedicated Schools Grant,A44185,Other professional Services (Schools),R0082007,"DCC Business Entities (Sole Trade, Partnership, Ltd)"
18,Devon County Council,15/06/2026,22100358,701.35,SANDS SCHOOL,53993,479775905,Dedicated Schools Grant,A61052,Independent Special School Fees,R0089003,"DCC Business Entities (Sole Trade, Partnership, Ltd)"
18,Devon County Council,15/06/2026,22100379,"8,622.96",TAW & TORRIDGE COACHES,5170,284376233,TRAMS Suspense,A32505,Hired Transport Recharges - FPP,R0549002,"DCC Business Entities (Sole Trade, Partnership, Ltd)"
18,Devon County Council,15/06/2026,22100394,"50,000.00",NTH DEVON AGAINST DOMESTIC ABUSE,99702,,Communities,A52010,"Grants to voluntary, community and social enterprise organisations",R0533001,"DCC Business Entities (Sole Trade, Partnership, Ltd)"
18,Devon County Council,15/06/2026,22100402,"2,635.00",MARCH ON STRESS LIMITED,395130,871822119,People and Culture,A16015,Staff Training Expenses - Non Payroll,R0303003,"DCC Business Entities (Sole Trade, Partnership, Ltd)"
18,Devon County Council,15/06/2026,22100405,"6,440.00",HAVEN WOOD FOREST SCHOOL LIMITED,400014,,Dedicated Schools Grant,A44185,Other professional Services (Schools),R0082007,"DCC Business Entities (Sole Trade, Partnership, Ltd)"
18,Devon County Council,15/06/2026,22100409,"3,312.50",NURTURE IN NATURE CHILDREN AND FAMILIES CIC,384801,,Dedicated Schools Grant,A44180,Services for Educational Estabs - Devon,R0010004,"DCC Business Entities (Sole Trade, Partnership, Ltd)"
18,Devon County Council,22/06/2026,22101075,"1,163.04",PSYCHOLOGY ASSOCIATES LIMITED,147932,912873418,P-Ledger - Separate Legal Entity,A61060,Support for Children in Care,P0432002,"DCC Business Entities (Sole Trade, Partnership, Ltd)"
18,Devon County Council,22/06/2026,22101147,"5,917.55",LANDSCAPE CONSTRUCTION & DESIGN,169024,888518266,Capital - Highways,C02009,Works,C0652001,DCC CIS Suppliers
18,Devon County Council,22/06/2026,22101150,"4,522.00",LANDSCAPE CONSTRUCTION & DESIGN,169024,888518266,Highways & Infrastructure Development,A49005,Other Hired & Contracting Services,R0557006,DCC CIS Suppliers
18,Devon County Council,22/06/2026,22101211,538.72,BIDFOOD,6550,643994692,Inclusion & Learning,A44030,Provisions,R0102001,"DCC Business Entities (Sole Trade, Partnership, Ltd)"
18,Devon County Council,22/06/2026,22101222,903.38,SWARCO UK & IRELAND LIMITED,13690,568335022,Capital - Highways,C02009,Works,C0671005,DCC CIS Suppliers
18,Devon County Council,22/06/2026,22101306,"4,888.80",PLYMOUTH CITY COUNCIL (RADIUS ACCOUNT,87504,144675845,"Economy, Enterprise and Skills",A44038,Fees,R0546004,"DCC Business Entities (Sole Trade, Partnership, Ltd)"
18,Devon County Council,22/06/2026,22101348,"3,041.16",COUNTY GROUNDS MAINTENANCE LIMITED,258238,874318602,"Economy, Enterprise and Skills",A49005,Other Hired & Contracting Services,R0540002,"DCC Business Entities (Sole Trade, Partnership, Ltd)"
18,Devon County Council,22/06/2026,22101403,"1,051.41",SWARCO UK & IRELAND LIMITED,13690,568335022,Capital - Highways,C02009,Works,C0671005,DCC CIS Suppliers
18,Devon County Council,22/06/2026,22101439,"6,160.00",TEIGN TREES & LANDSCAPES SOUTH WEST LIMITED,209228,250371238,Capital - Highways,C02009,Works,C0671004,DCC CIS Suppliers
18,Devon County Council,22/06/2026,22101451,"1,195.00",DARTMOOR MULTI ACADEMY TRUST,349523,289462942,P-Ledger - Separate Legal Entity,A32005,Hire of Transport - Non Staff,P0393022,"DCC Business Entities (Sole Trade, Partnership, Ltd)"
18,Devon County Council,22/06/2026,22101468,"2,680.00",YUNEX LIMITED,380539,398757515,Highways & Infrastructure Development,A49005,Other Hired & Contracting Services,R0556038,DCC CIS Suppliers
18,Devon County Council,22/06/2026,22101480,"1,800.00",NEW ROOTS WORKSHOP COMMUNITY INTEREST COMPANY,397830,,Dedicated Schools Grant,A44180,Services for Educational Estabs - Devon,R0010004,"DCC Business Entities (Sole Trade, Partnership, Ltd)"
18,Devon County Council,22/06/2026,22101485,"2,000.00",NEW ROOTS WORKSHOP COMMUNITY INTEREST COMPANY,397830,,Dedicated Schools Grant,A44185,Other professional Services (Schools),R0082007,"DCC Business Entities (Sole Trade, Partnership, Ltd)"
18,Devon County Council,22/06/2026,22101486,"1,000.00",NEW ROOTS WORKSHOP COMMUNITY INTEREST COMPANY,397830,,Dedicated Schools Grant,A44185,Other professional Services (Schools),R0082007,"DCC Business Entities (Sole Trade, Partnership, Ltd)"
18,Devon County Council,22/06/2026,22101489,875.00,NEW ROOTS WORKSHOP COMMUNITY INTEREST COMPANY,397830,,Dedicated Schools Grant,A44180,Services for Educational Estabs - Devon,R0010004,"DCC Business Entities (Sole Trade, Partnership, Ltd)"
18,Devon County Council,22/06/2026,22101554,762.00,FAMILY ADVICE SUPPORT TEAM,315005,320154260,Children's Social Care,A61200,Community based care,R0046004,"DCC Business Entities (Sole Trade, Partnership, Ltd)"
18,Devon County Council,22/06/2026,22101566,792.18,HOLCIM UK LIMITED,21683,533260571,Highways & Infrastructure Development,A21005,Electricity,R0550007,"DCC Business Entities (Sole Trade, Partnership, Ltd)"
18,Devon County Council,22/06/2026,22101663,870.60,MARTYN COX,390466,,Children's Social Care,A44038,Fees,R0095007,"DCC Business Entities (Sole Trade, Partnership, Ltd)"
18,Devon County Council,22/06/2026,22101667,"10,807.44",NETWORK RAIL,195364,798650956,Capital - Highways,C02011,External Professional Fees,C0671004,"DCC Business Entities (Sole Trade, Partnership, Ltd)"
18,Devon County Council,22/06/2026,22101676,"2,740.00",NORSE SOUTH WEST LIMITED,279741,785421021,Highways & Infrastructure Development,A46100,Main / Term Contractor,R0574001,"DCC Business Entities (Sole Trade, Partnership, Ltd)"
18,Devon County Council,22/06/2026,22101683,870.00,FOREAL,382988,452723204,Children's Social Care,A61200,Community based care,R0044007,"DCC Business Entities (Sole Trade, Partnership, Ltd)"
18,Devon County Council,22/06/2026,22101691,736.46,NORSE SOUTH WEST LIMITED,279741,785421021,Transformation & Business Services,A46100,Main / Term Contractor,R0334004,"DCC Business Entities (Sole Trade, Partnership, Ltd)"
18,Devon County Council,22/06/2026,22101733,"5,144.57",ORION MEDICAL SUPPLIES LIMITED,355162,142018357,Public Health,A57115,Payments to Private Contractors,R0316037,"DCC Business Entities (Sole Trade, Partnership, Ltd)"
18,Devon County Council,22/06/2026,22101742,"1,928.00",GRIMES JOHN PARTNERSHIP LIMITED,172855,777320808,"Economy, Enterprise and Skills",A49005,Other Hired & Contracting Services,R0540009,"DCC Business Entities (Sole Trade, Partnership, Ltd)"
18,Devon County Council,22/06/2026,22101799,"1,021.94",NORSE SOUTH WEST LIMITED,279741,785421021,Capital other - Digital Technology & Business Services,C02011,External Professional Fees,C0647001,"DCC Business Entities (Sole Trade, Partnership, Ltd)"
18,Devon County Council,22/06/2026,22101802,"6,750.00",NORSE SOUTH WEST LIMITED,279741,785421021,Transformation & Business Services,A46100,Main / Term Contractor,R0334006,"DCC Business Entities (Sole Trade, Partnership, Ltd)"
18,Devon County Council,22/06/2026,22101806,"11,795.54",NORSE SOUTH WEST LIMITED,279741,785421021,Capital other - Digital Technology & Business Services,C02011,External Professional Fees,C0651001,"DCC Business Entities (Sole Trade, Partnership, Ltd)"
18,Devon County Council,22/06/2026,22101831,742.18,NORSE SOUTH WEST LIMITED,279741,785421021,Highways & Infrastructure Development,A46100,Main / Term Contractor,R0573002,"DCC Business Entities (Sole Trade, Partnership, Ltd)"
18,Devon County Council,22/06/2026,22101874,"2,340.82",NORSE SOUTH WEST LIMITED,279741,785421021,Transformation & Business Services,A46100,Main / Term Contractor,R0334004,"DCC Business Entities (Sole Trade, Partnership, Ltd)"
18,Devon County Council,22/06/2026,22101959,"2,094.25",REES FOUNDATION,340180,,Children's Social Care,A47010,Subscriptions,R0027022,"DCC Business Entities (Sole Trade, Partnership, Ltd)"
18,Devon County Council,22/06/2026,22101977,900.00,HATCHPLAN LIMITED,4698,730071086,"Transport Operations, Environment and Waste",A46100,Main / Term Contractor,R0601001,DCC CIS Suppliers
18,Devon County Council,22/06/2026,22102070,"2,475.00",SIMPLY GREAT MEDIA,367788,479704936,Dedicated Schools Grant,A44185,Other professional Services (Schools),R0082007,"DCC Business Entities (Sole Trade, Partnership, Ltd)"
18,Devon County Council,22/06/2026,22102080,"2,475.00",SIMPLY GREAT MEDIA,367788,479704936,Dedicated Schools Grant,A44185,Other professional Services (Schools),R0082007,"DCC Business Entities (Sole Trade, Partnership, Ltd)"
18,Devon County Council,22/06/2026,22102094,"1,485.00",SIMPLY GREAT MEDIA,367788,479704936,Dedicated Schools Grant,A44185,Other professional Services (Schools),R0082007,"DCC Business Entities (Sole Trade, Partnership, Ltd)"
18,Devon County Council,22/06/2026,22102101,"1,485.00",SIMPLY GREAT MEDIA,367788,479704936,Dedicated Schools Grant,A44185,Other professional Services (Schools),R0082007,"DCC Business Entities (Sole Trade, Partnership, Ltd)"
18,Devon County Council,22/06/2026,22102121,"71,164.55",Lifeworks Charity Ltd,257301,,Dedicated Schools Grant,A61052,Independent Special School Fees,R0089003,"DCC Business Entities (Sole Trade, Partnership, Ltd)"
18,Devon County Council,22/06/2026,22102165,657.28,MCCONNELLS (MIDLANDS) LIMITED,271811,126055983,Highways & Infrastructure Development,A44005,Publicity/Advertising,R0550002,"DCC Business Entities (Sole Trade, Partnership, Ltd)"
18,Devon County Council,22/06/2026,22102169,525.62,LYRECO UK LIMITED,71846,927265703,Transformation & Business Services,A43015,Stationery,R0333026,"DCC Business Entities (Sole Trade, Partnership, Ltd)"
18,Devon County Council,22/06/2026,22102173,"1,143.45",MCCONNELLS (MIDLANDS) LIMITED,271811,126055983,"Capital - Planning, Transportation and Environment",C02011,External Professional Fees,C0671003,"DCC Business Entities (Sole Trade, Partnership, Ltd)"
18,Devon County Council,22/06/2026,22102209,"1,503.60",DODDS SOLICITORS LLP,394172,729928286,"Chief Exec, Legal & Democratic services",A44968,Legal & Conveyancing Charges,R0276001,"DCC Business Entities (Sole Trade, Partnership, Ltd)"
18,Devon County Council,22/06/2026,22101107,527.00,Kirstin Lean,602918,,P-Ledger - Separate Legal Entity,A61060,Support for Children in Care,P0432008,"DCC Business Entities (Sole Trade, Partnership, Ltd)"
18,Devon County Council,22/06/2026,22101125,"4,056.00",WALES & WEST UTILITIES LIMITED,178421,851008849,Capital - Highways,C02009,Works,C0671008,"DCC Business Entities (Sole Trade, Partnership, Ltd)"
18,Devon County Council,22/06/2026,22101151,"7,956.63",LANDSCAPE CONSTRUCTION & DESIGN,169024,888518266,Capital - Highways,C02009,Works,C0652001,DCC CIS Suppliers
18,Devon County Council,22/06/2026,22101165,840.00,ACTION FIRST ASSESMENT LIMITED,388434,313339624,Operations,A44038,Fees,R0222002,"DCC Business Entities (Sole Trade, Partnership, Ltd)"
18,Devon County Council,22/06/2026,22101187,687.00,Bridget Rees,604415,,P-Ledger - Separate Legal Entity,A61060,Support for Children in Care,P0432008,"DCC Business Entities (Sole Trade, Partnership, Ltd)"
18,Devon County Council,22/06/2026,22101309,"2,610.59",PLYMOUTH CITY COUNCIL (RADIUS ACCOUNT,87504,144675845,"Economy, Enterprise and Skills",A44038,Fees,R0546004,"DCC Business Entities (Sole Trade, Partnership, Ltd)"
18,Devon County Council,22/06/2026,22101337,"20,726.00",HGV Training Services Limited,601845,329272394,"Economy, Enterprise and Skills",A44038,Fees,R0546004,"DCC Business Entities (Sole Trade, Partnership, Ltd)"
18,Devon County Council,22/06/2026,22101379,"2,925.00",SOUND COMMUNITIES COMMUNITY INTEREST COMPANY,340925,,Dedicated Schools Grant,A44185,Other professional Services (Schools),R0082007,"DCC Business Entities (Sole Trade, Partnership, Ltd)"
18,Devon County Council,22/06/2026,22101395,"4,875.00",SOUND COMMUNITIES COMMUNITY INTEREST COMPANY,340925,,Dedicated Schools Grant,A44185,Other professional Services (Schools),R0082007,"DCC Business Entities (Sole Trade, Partnership, Ltd)"
18,Devon County Council,22/06/2026,22101413,"7,392.00",Exeter College (Exeter and North Devon Colleges Group),6141,125451632,"Economy, Enterprise and Skills",A44038,Fees,R0546009,"DCC Business Entities (Sole Trade, Partnership, Ltd)"
18,Devon County Council,22/06/2026,22101529,"1,604.00",FAMILY ADVICE SUPPORT TEAM,315005,320154260,Children's Social Care,A61200,Community based care,R0046004,"DCC Business Entities (Sole Trade, Partnership, Ltd)"
18,Devon County Council,22/06/2026,22101679,"2,280.00",NORSE SOUTH WEST LIMITED,279741,785421021,Highways & Infrastructure Development,A46100,Main / Term Contractor,R0574001,"DCC Business Entities (Sole Trade, Partnership, Ltd)"
18,Devon County Council,22/06/2026,22101696,780.30,NORSE SOUTH WEST LIMITED,279741,785421021,Transformation & Business Services,A46100,Main / Term Contractor,R0334004,"DCC Business Entities (Sole Trade, Partnership, Ltd)"
18,Devon County Council,22/06/2026,22101697,"1,800.00",CITY & GUILDS LIMITED,23679,788656455,"Economy, Enterprise and Skills",A49005,Other Hired & Contracting Services,R0539002,"DCC Business Entities (Sole Trade, Partnership, Ltd)"
18,Devon County Council,22/06/2026,22101819,"1,495.24",NORSE SOUTH WEST LIMITED,279741,785421021,Capital - Highways,C02011,External Professional Fees,C0671008,"DCC Business Entities (Sole Trade, Partnership, Ltd)"
18,Devon County Council,22/06/2026,22101879,"1,472.46",NORSE SOUTH WEST LIMITED,279741,785421021,Inclusion & Learning,A46100,Main / Term Contractor,R0052001,"DCC Business Entities (Sole Trade, Partnership, Ltd)"
18,Devon County Council,22/06/2026,22101884,624.08,NORSE SOUTH WEST LIMITED,279741,785421021,Inclusion & Learning,A46100,Main / Term Contractor,R0052001,"DCC Business Entities (Sole Trade, Partnership, Ltd)"
18,Devon County Council,22/06/2026,22101919,734.06,FULLSTOP FIRE & SECURITY LIMITED,175778,776842676,Transformation & Business Services,A20015,Security / Surveillance Equipment Maintenance,R0334004,DCC CIS Suppliers
18,Devon County Council,22/06/2026,22101972,800.00,TRUE2YOU THERAPY LIMITED,378966,,Children's Social Care,A61060,Support for Children in Care,R0106002,"DCC Business Entities (Sole Trade, Partnership, Ltd)"
18,Devon County Council,22/06/2026,22102032,"2,375.00",SIMPLY GREAT MEDIA,367788,479704936,Dedicated Schools Grant,A44185,Other professional Services (Schools),R0082007,"DCC Business Entities (Sole Trade, Partnership, Ltd)"
18,Devon County Council,22/06/2026,22102044,"1,800.00",THE HOPE FARM PROJECT LIMITED,373268,495114678,Dedicated Schools Grant,A44185,Other professional Services (Schools),R0082007,"DCC Business Entities (Sole Trade, Partnership, Ltd)"
18,Devon County Council,22/06/2026,22102068,"2,475.00",SIMPLY GREAT MEDIA,367788,479704936,Dedicated Schools Grant,A44185,Other professional Services (Schools),R0082007,"DCC Business Entities (Sole Trade, Partnership, Ltd)"
18,Devon County Council,22/06/2026,22102078,"2,475.00",SIMPLY GREAT MEDIA,367788,479704936,Dedicated Schools Grant,A44185,Other professional Services (Schools),R0082007,"DCC Business Entities (Sole Trade, Partnership, Ltd)"
18,Devon County Council,22/06/2026,22102087,"2,475.00",SIMPLY GREAT MEDIA,367788,479704936,Dedicated Schools Grant,A44185,Other professional Services (Schools),R0082007,"DCC Business Entities (Sole Trade, Partnership, Ltd)"
18,Devon County Council,22/06/2026,22102093,"1,494.10",LYRECO UK LIMITED,71846,927265703,Operations,A43020,General Office Expenses,R0264001,"DCC Business Entities (Sole Trade, Partnership, Ltd)"
18,Devon County Council,22/06/2026,22102097,"2,475.00",SIMPLY GREAT MEDIA,367788,479704936,Dedicated Schools Grant,A44185,Other professional Services (Schools),R0082007,"DCC Business Entities (Sole Trade, Partnership, Ltd)"
18,Devon County Council,22/06/2026,22102103,"2,475.00",SIMPLY GREAT MEDIA,367788,479704936,Dedicated Schools Grant,A44185,Other professional Services (Schools),R0082007,"DCC Business Entities (Sole Trade, Partnership, Ltd)"
18,Devon County Council,15/06/2026,22100411,"2,750.00",BALES FARM OUTDOOR LEARNING LTD,377260,505816692,Dedicated Schools Grant,A44185,Other professional Services (Schools),R0082007,"DCC Business Entities (Sole Trade, Partnership, Ltd)"
18,Devon County Council,15/06/2026,22100424,624.00,YOUNG DEVON (IVYBRIDGE),120708,,Children's Social Care,A22010,Hire of Rooms,R0139001,"DCC Business Entities (Sole Trade, Partnership, Ltd)"
18,Devon County Council,15/06/2026,22100437,"1,550.00",Xtreme Vegetation Clearance,317338,368639347,Highways & Infrastructure Development,A49005,Other Hired & Contracting Services,R0552006,DCC CIS Suppliers
18,Devon County Council,15/06/2026,22100453,"1,219.42",NEXT STEPS EDUCATION LIMITED,389810,440621822,Dedicated Schools Grant,A44180,Services for Educational Estabs - Devon,R0010004,"DCC Business Entities (Sole Trade, Partnership, Ltd)"
18,Devon County Council,15/06/2026,22100454,540.00,ELEMENTS CREATIVE THERAPY,400796,,P-Ledger - Separate Legal Entity,A61060,Support for Children in Care,P0432008,"DCC Business Entities (Sole Trade, Partnership, Ltd)"
18,Devon County Council,15/06/2026,22100463,"1,232.19",S C C,161520,313651680,Other PH Services,A45040,IT Software,R0548001,"DCC Business Entities (Sole Trade, Partnership, Ltd)"
18,Devon County Council,15/06/2026,22100466,"1,280.36",NEXT STEPS EDUCATION LIMITED,389810,440621822,Dedicated Schools Grant,A44180,Services for Educational Estabs - Devon,R0010004,"DCC Business Entities (Sole Trade, Partnership, Ltd)"
18,Devon County Council,15/06/2026,22100472,"3,055.50",BE YOUR BEST MENTORING LIMITED,385179,426486966,Dedicated Schools Grant,A44185,Other professional Services (Schools),R0082007,"DCC Business Entities (Sole Trade, Partnership, Ltd)"
18,Devon County Council,15/06/2026,22100479,"1,573.56",BE YOUR BEST MENTORING LIMITED,385179,426486966,Dedicated Schools Grant,A44185,Other professional Services (Schools),R0082007,"DCC Business Entities (Sole Trade, Partnership, Ltd)"
18,Devon County Council,15/06/2026,22100483,609.71,NEXT STEPS EDUCATION LIMITED,389810,440621822,Dedicated Schools Grant,A44180,Services for Educational Estabs - Devon,R0010004,"DCC Business Entities (Sole Trade, Partnership, Ltd)"
18,Devon County Council,15/06/2026,22100489,"2,360.34",BE YOUR BEST MENTORING LIMITED,385179,426486966,Dedicated Schools Grant,A44185,Other professional Services (Schools),R0082007,"DCC Business Entities (Sole Trade, Partnership, Ltd)"
18,Devon County Council,15/06/2026,22100513,"42,900.00",POLES APART AP LIMITED,382940,415121054,Dedicated Schools Grant,A44185,Other professional Services (Schools),R0082007,"DCC Business Entities (Sole Trade, Partnership, Ltd)"
18,Devon County Council,15/06/2026,22100574,"1,081.80",BE YOUR BEST MENTORING LIMITED,385179,426486966,Dedicated Schools Grant,A44185,Other professional Services (Schools),R0082007,"DCC Business Entities (Sole Trade, Partnership, Ltd)"
18,Devon County Council,22/06/2026,22102303,"1,000.00",AMBITIOUS PR LIMITED,376669,166062415,Finance & Public Value,A44065,Consultancy Services,R0202001,"DCC Business Entities (Sole Trade, Partnership, Ltd)"
18,Devon County Council,22/06/2026,22102314,"2,920.61",VALLEY MOBILITY SERVICES LIMITED,87203,728762990,P-Ledger - Separate Legal Entity,A61054,Equipment (Care),P0391002,"DCC Business Entities (Sole Trade, Partnership, Ltd)"
18,Devon County Council,22/06/2026,22102336,"18,185.97",W J SOUTH WEST LIMITED,308541,970783388,Capital - Highways,C02009,Works,C0652001,"DCC Business Entities (Sole Trade, Partnership, Ltd)"
18,Devon County Council,22/06/2026,22102369,647.36,HARVEST HEALTHCARE,382070,989369729,Operations,A40080,Health & Safety Equipment,R0268001,"DCC Business Entities (Sole Trade, Partnership, Ltd)"
18,Devon County Council,22/06/2026,22102391,585.00,FOSTER TALK LIMITED,243819,841745814,Children's Social Care,A44110,Exam Fees,R0076006,"DCC Business Entities (Sole Trade, Partnership, Ltd)"
18,Devon County Council,22/06/2026,22102466,"2,203.95",W J SOUTH WEST LIMITED,308541,970783388,Capital - Highways,C02009,Works,C0652001,"DCC Business Entities (Sole Trade, Partnership, Ltd)"
18,Devon County Council,22/06/2026,22102471,"9,800.34",W J SOUTH WEST LIMITED,308541,970783388,Capital - Highways,C02009,Works,C0652001,"DCC Business Entities (Sole Trade, Partnership, Ltd)"
18,Devon County Council,22/06/2026,22102516,677.55,Forest and Land Management Limited,384223,320707786,"Transport Operations, Environment and Waste",A44038,Fees,R0643001,"DCC Business Entities (Sole Trade, Partnership, Ltd)"
18,Devon County Council,22/06/2026,22102657,"2,750.70",WSP UK LIMITED,85394,905054942,Highways & Infrastructure Development,A44038,Fees,R0572001,"DCC Business Entities (Sole Trade, Partnership, Ltd)"
18,Devon County Council,22/06/2026,22102661,"2,318.67",WSP UK LIMITED,85394,905054942,Highways & Infrastructure Development,A44038,Fees,R0571003,"DCC Business Entities (Sole Trade, Partnership, Ltd)"
18,Devon County Council,22/06/2026,22102673,"6,761.81",WSP UK LIMITED,85394,905054942,Highways & Infrastructure Development,A44038,Fees,R0550003,"DCC Business Entities (Sole Trade, Partnership, Ltd)"
18,Devon County Council,22/06/2026,22102683,"9,688.72",WSP UK LIMITED,85394,905054942,Capital - Highways,C02011,External Professional Fees,C0671004,"DCC Business Entities (Sole Trade, Partnership, Ltd)"
18,Devon County Council,22/06/2026,22102685,"3,283.55",WSP UK LIMITED,85394,905054942,Capital - Highways,C02011,External Professional Fees,C0671004,"DCC Business Entities (Sole Trade, Partnership, Ltd)"
18,Devon County Council,22/06/2026,22102686,796.32,WSP UK LIMITED,85394,905054942,Capital - Highways,C02011,External Professional Fees,C0652001,"DCC Business Entities (Sole Trade, Partnership, Ltd)"
18,Devon County Council,15/06/2026,22100589,524.52,BE YOUR BEST MENTORING LIMITED,385179,426486966,Dedicated Schools Grant,A44185,Other professional Services (Schools),R0082007,"DCC Business Entities (Sole Trade, Partnership, Ltd)"
18,Devon County Council,15/06/2026,22100632,"5,526.67",DODDS SOLICITORS LLP,394172,729928286,"Chief Exec, Legal & Democratic services",A44968,Legal & Conveyancing Charges,R0276001,"DCC Business Entities (Sole Trade, Partnership, Ltd)"
18,Devon County Council,15/06/2026,22100779,600.00,Afghan Community Exeter CIC,600394,,Communities,A52010,"Grants to voluntary, community and social enterprise organisations",R0530012,"DCC Business Entities (Sole Trade, Partnership, Ltd)"
18,Devon County Council,15/06/2026,22102574,"1,209.60",DODDS SOLICITORS LLP,394172,729928286,"Chief Exec, Legal & Democratic services",A44968,Legal & Conveyancing Charges,R0276001,"DCC Business Entities (Sole Trade, Partnership, Ltd)"
18,Devon County Council,15/06/2026,22102999,"1,405.00",HELEN BRAY,396752,948819170,"Chief Exec, Legal & Democratic services",A44968,Legal & Conveyancing Charges,R0276001,"DCC Business Entities (Sole Trade, Partnership, Ltd)"
18,Devon County Council,15/06/2026,22103140,"4,233.60",DIGITAL PENINSULA NETWORK LIMITED,394926,,"Economy, Enterprise and Skills",A44038,Fees,R0546004,"DCC Business Entities (Sole Trade, Partnership, Ltd)"
18,Devon County Council,15/06/2026,22103147,"1,650.00",BALES FARM OUTDOOR LEARNING LTD,377260,505816692,Dedicated Schools Grant,A44185,Other professional Services (Schools),R0082007,"DCC Business Entities (Sole Trade, Partnership, Ltd)"
18,Devon County Council,15/06/2026,22103167,"2,948.40",DIGITAL PENINSULA NETWORK LIMITED,394926,,"Economy, Enterprise and Skills",A44038,Fees,R0546004,"DCC Business Entities (Sole Trade, Partnership, Ltd)"
18,Devon County Council,15/06/2026,22103555,"1,500.00",The Empower School t/a Contact Success,397825,438034602,Dedicated Schools Grant,A44180,Services for Educational Estabs - Devon,R0010004,"DCC Business Entities (Sole Trade, Partnership, Ltd)"
18,Devon County Council,15/06/2026,22103821,899.50,The Progressive Farming Trust,604930,314668159,"Economy, Enterprise and Skills",A44038,Fees,R0547001,"DCC Business Entities (Sole Trade, Partnership, Ltd)"
18,Devon County Council,15/06/2026,22103826,"2,062.50",BALES FARM OUTDOOR LEARNING LTD,377260,505816692,Dedicated Schools Grant,A44185,Other professional Services (Schools),R0082007,"DCC Business Entities (Sole Trade, Partnership, Ltd)"
18,Devon County Council,15/06/2026,22104095,"6,500.49",Dr SAMUEL LAWTON,600709,,Operations,A44038,Fees,R0222002,"DCC Business Entities (Sole Trade, Partnership, Ltd)"
18,Devon County Council,15/06/2026,22104463,900.00,APC (PATHOLOGY) LIMITED,383447,,"Chief Exec, Legal & Democratic services",A44038,Fees,R0506002,"DCC Business Entities (Sole Trade, Partnership, Ltd)"
18,Devon County Council,15/06/2026,22104507,"2,063.00",TORRIDGE DISTRICT COUNCIL,4707,144666062,Operations,A57130,Home Care Services,R0482034,"DCC Business Entities (Sole Trade, Partnership, Ltd)"
18,Devon County Council,15/06/2026,22105229,"3,931.02",IMC Analysts LLP,313069,,Operations,A44038,Fees,R0222002,"DCC Business Entities (Sole Trade, Partnership, Ltd)"
18,Devon County Council,15/06/2026,22105284,"5,214.72",RADIS COMMUNITY CARE,386496,,Operations,A57130,Home Care Services,R0480091,"DCC Business Entities (Sole Trade, Partnership, Ltd)"
18,Devon County Council,15/06/2026,22105302,750.00,EMMA CROSS,388318,285363380,"Chief Exec, Legal & Democratic services",A44968,Legal & Conveyancing Charges,R0276001,"DCC Business Entities (Sole Trade, Partnership, Ltd)"
18,Devon County Council,15/06/2026,22105730,"53,937.39",PGL Training (Plumbing) Limited,602016,331998962,"Economy, Enterprise and Skills",A53012,Payments to Independent Units,R0539003,"DCC Business Entities (Sole Trade, Partnership, Ltd)"
18,Devon County Council,16/06/2026,22099094,"3,120.00",PUBLIC ANALYST SCIENTIFIC SERVICES,292661,887127683,Other PH Services,A44038,Fees,R0548001,"DCC Business Entities (Sole Trade, Partnership, Ltd)"
18,Devon County Council,16/06/2026,22100452,525.98,MULTILINGUA DEVON COMMUNITY INTEREST COMPANY,215980,987756048,Children's Social Care,A61240,Section 17 Payments,R0450002,"DCC Business Entities (Sole Trade, Partnership, Ltd)"
18,Devon County Council,16/06/2026,22100559,"1,458.00",CO ADVENTURERS LIMITED,369278,394138084,Dedicated Schools Grant,A44185,Other professional Services (Schools),R0082007,"DCC Business Entities (Sole Trade, Partnership, Ltd)"
18,Devon County Council,16/06/2026,22100594,"2,592.00",CO ADVENTURERS LIMITED,369278,394138084,Dedicated Schools Grant,A44185,Other professional Services (Schools),R0082007,"DCC Business Entities (Sole Trade, Partnership, Ltd)"
18,Devon County Council,16/06/2026,22100614,"84,466.51",LATCHAM DIRECT,298309,942185912,Finance & Public Value,A43010,Printing,R0493001,"DCC Business Entities (Sole Trade, Partnership, Ltd)"
18,Devon County Council,16/06/2026,22101673,"7,560.00",PRESCRIPTION TRAINING COMPANY LIMITED,272828,917151633,People and Culture,A44038,Fees,R0303008,"DCC Business Entities (Sole Trade, Partnership, Ltd)"
18,Devon County Council,16/06/2026,22102599,"2,958.00",BRAUNTON SCHOOL & COMMUNITY ACADEMY,251057,,Capital - SEND Schools,C02009,Works,C0660001,"DCC Business Entities (Sole Trade, Partnership, Ltd)"
18,Devon County Council,16/06/2026,22104373,904.75,CALVERT TRUST EXMOOR,17260,629370231,Children's Social Care,A44038,Fees,R0076001,"DCC Business Entities (Sole Trade, Partnership, Ltd)"
18,Devon County Council,16/06/2026,22105034,"5,350.00",HATCHPLAN LIMITED,4698,730071086,"Transport Operations, Environment and Waste",A49005,Other Hired & Contracting Services,R0614001,DCC CIS Suppliers
18,Devon County Council,22/06/2026,22102700,901.00,INVOLVE CARE SOLUTIONS LIMITED,402831,,Children's Social Care,A61200,Community based care,R0044007,"DCC Business Entities (Sole Trade, Partnership, Ltd)"
18,Devon County Council,22/06/2026,22102746,911.78,WSP UK LIMITED,85394,905054942,"Capital - Planning, Transportation and Environment",C02011,External Professional Fees,C0671003,"DCC Business Entities (Sole Trade, Partnership, Ltd)"
18,Devon County Council,22/06/2026,22102786,759.60,SUEZ RECYCLING & RECOVERY UK LIMITED,208690,444085847,Transformation & Business Services,A27015,Refuse Collection,R0333026,"DCC Business Entities (Sole Trade, Partnership, Ltd)"
18,Devon County Council,22/06/2026,22102822,"76,153.80",WSP UK LIMITED,85394,905054942,"Capital - Planning, Transportation and Environment",C02011,External Professional Fees,C0671003,"DCC Business Entities (Sole Trade, Partnership, Ltd)"
18,Devon County Council,22/06/2026,22102842,"11,468.00",ASTOR-BANNERMAN (MEDICAL) LIMITED,187839,630609068,Children's Social Care,A25005,Fixtures & Fittings,R0095003,"DCC Business Entities (Sole Trade, Partnership, Ltd)"
18,Devon County Council,22/06/2026,22102872,"5,933.97",WSP UK LIMITED,85394,905054942,Planning,A44038,Fees,R0620001,"DCC Business Entities (Sole Trade, Partnership, Ltd)"
18,Devon County Council,22/06/2026,22102876,741.60,TUBERS ACADEMY LIMITED,348033,300702466,Children's Social Care,A61200,Community based care,R0046004,"DCC Business Entities (Sole Trade, Partnership, Ltd)"
18,Devon County Council,22/06/2026,22102877,"2,582.45",WSP UK LIMITED,85394,905054942,Planning,A44038,Fees,R0620001,"DCC Business Entities (Sole Trade, Partnership, Ltd)"
18,Devon County Council,22/06/2026,22102885,"9,665.87",WSP UK LIMITED,85394,905054942,Capital - Highways,C02011,External Professional Fees,C0671004,"DCC Business Entities (Sole Trade, Partnership, Ltd)"
18,Devon County Council,22/06/2026,22102887,"8,095.24",WSP UK LIMITED,85394,905054942,Planning,A44038,Fees,R0620002,"DCC Business Entities (Sole Trade, Partnership, Ltd)"
18,Devon County Council,22/06/2026,22102891,"3,102.09",WSP UK LIMITED,85394,905054942,Planning,A44038,Fees,R0620001,"DCC Business Entities (Sole Trade, Partnership, Ltd)"
18,Devon County Council,22/06/2026,22102895,"2,224.80",TUBERS ACADEMY LIMITED,348033,300702466,Dedicated Schools Grant,A44185,Other professional Services (Schools),R0082007,"DCC Business Entities (Sole Trade, Partnership, Ltd)"
18,Devon County Council,22/06/2026,22102901,"8,256.85",SME HCI LTD T/A VIVUP (CYCLE SCHEME),397607,869578054,People and Culture,A49105,Other Supplies & Services,R0502001,"DCC Business Entities (Sole Trade, Partnership, Ltd)"
18,Devon County Council,22/06/2026,22102921,"4,089.52",WSP UK LIMITED,85394,905054942,Highways & Infrastructure Development,A44038,Fees,R0566003,"DCC Business Entities (Sole Trade, Partnership, Ltd)"
18,Devon County Council,22/06/2026,22102110,"2,475.00",SIMPLY GREAT MEDIA,367788,479704936,Dedicated Schools Grant,A44185,Other professional Services (Schools),R0082007,"DCC Business Entities (Sole Trade, Partnership, Ltd)"
18,Devon County Council,22/06/2026,22102112,"2,375.00",SIMPLY GREAT MEDIA,367788,479704936,Dedicated Schools Grant,A44185,Other professional Services (Schools),R0082007,"DCC Business Entities (Sole Trade, Partnership, Ltd)"
18,Devon County Council,22/06/2026,22102158,"55,690.49",MCCONNELLS (MIDLANDS) LIMITED,271811,126055983,Highways & Infrastructure Development,A44005,Publicity/Advertising,R0559002,"DCC Business Entities (Sole Trade, Partnership, Ltd)"
18,Devon County Council,22/06/2026,22102184,821.60,MCCONNELLS (MIDLANDS) LIMITED,271811,126055983,Highways & Infrastructure Development,A44005,Publicity/Advertising,R0556016,"DCC Business Entities (Sole Trade, Partnership, Ltd)"
18,Devon County Council,22/06/2026,22102220,"35,131.00",W D M LIMITED (BRISTOL),4601,433825942,Highways & Infrastructure Development,A45045,IT Software Maintenance,R0558001,"DCC Business Entities (Sole Trade, Partnership, Ltd)"
18,Devon County Council,22/06/2026,22102234,"6,769.65",ALLIED PUBLICITY SERVICES lTD,357678,146494152,"Chief Exec, Legal & Democratic services",A49005,Other Hired & Contracting Services,R0291003,"DCC Business Entities (Sole Trade, Partnership, Ltd)"
18,Devon County Council,22/06/2026,22102268,"2,585.00",PROVOX-UK Ltd,602494,459882135,Highways & Infrastructure Development,A40920,Equipment,R0550008,"DCC Business Entities (Sole Trade, Partnership, Ltd)"
18,Devon County Council,22/06/2026,22102313,"27,249.17",W J SOUTH WEST LIMITED,308541,970783388,Capital - Highways,C02009,Works,C0652001,"DCC Business Entities (Sole Trade, Partnership, Ltd)"
18,Devon County Council,22/06/2026,22102345,"1,083.73",SME HCI LTD T/A VIVUP (CYCLE SCHEME),397607,869578054,People and Culture,A49105,Other Supplies & Services,R0502001,"DCC Business Entities (Sole Trade, Partnership, Ltd)"
18,Devon County Council,22/06/2026,22102379,994.40,SOUTHWEST ESTATE MAINTENANCE LIMITED,401880,506499273,Highways & Infrastructure Development,A49005,Other Hired & Contracting Services,R0557017,DCC CIS Suppliers
18,Devon County Council,22/06/2026,22102394,"1,312.50",SECRET VALLEY-HARDWICK AND SONS,385154,131298089,Communities,A22010,Hire of Rooms,R0536002,"DCC Business Entities (Sole Trade, Partnership, Ltd)"
18,Devon County Council,22/06/2026,22102442,"1,550.00",JOHN LIFE ENGINEERING LIMITED,22014,423454219,Capital - Highways,C02009,Works,C0671004,DCC CIS Suppliers
18,Devon County Council,22/06/2026,22102521,"6,426.54",INDEED IRELAND OPERATIONS LIMITED,369112,,People and Culture,A44005,Publicity/Advertising,R0472002,DCC International
18,Devon County Council,22/06/2026,22102525,"9,234.00",Enhance EHC Ltd,604125,750870917,Inclusion & Learning,A44065,Consultancy Services,R0680004,"DCC Business Entities (Sole Trade, Partnership, Ltd)"
18,Devon County Council,22/06/2026,22102526,"5,018.16",EUCLID LIMITED,397402,458939876,"Transport Operations, Environment and Waste",A43010,Printing,R0575001,"DCC Business Entities (Sole Trade, Partnership, Ltd)"
18,Devon County Council,22/06/2026,22102528,"2,779.43",BRIDGE & LINDSEY,272202,185664426,P-Ledger - Separate Legal Entity,A61054,Equipment (Care),P0391002,"DCC Business Entities (Sole Trade, Partnership, Ltd)"
18,Devon County Council,22/06/2026,22102535,500.00,N W G NETWORK HEADQUARTERS,307145,,P-Ledger - Separate Legal Entity,A47010,Subscriptions,P0426001,"DCC Business Entities (Sole Trade, Partnership, Ltd)"
18,Devon County Council,22/06/2026,22102540,"2,187.00",AVALON PLANNING & HERITAGE,380537,284854656,Capital - Children & Schools Expansions,C02011,External Professional Fees,C0657001,"DCC Business Entities (Sole Trade, Partnership, Ltd)"
18,Devon County Council,22/06/2026,22102549,"17,247.74",STORMFORCE ROOFING & MAINTENANCE,101900,813484923,Capital - Schools Maintenance & Improvements,C02009,Works,C0658001,DCC CIS Suppliers
18,Devon County Council,22/06/2026,22102588,"2,375.00",SIMPLY GREAT MEDIA,367788,479704936,Dedicated Schools Grant,A44185,Other professional Services (Schools),R0082007,"DCC Business Entities (Sole Trade, Partnership, Ltd)"
18,Devon County Council,22/06/2026,22102639,"8,653.95",WSP UK LIMITED,85394,905054942,Planning,A44038,Fees,R0577002,"DCC Business Entities (Sole Trade, Partnership, Ltd)"
18,Devon County Council,22/06/2026,22102641,"1,679.75",WSP UK LIMITED,85394,905054942,Planning,A44038,Fees,R0620001,"DCC Business Entities (Sole Trade, Partnership, Ltd)"
18,Devon County Council,22/06/2026,22102671,"20,469.24",WSP UK LIMITED,85394,905054942,Planning,A44038,Fees,R0620002,"DCC Business Entities (Sole Trade, Partnership, Ltd)"
18,Devon County Council,22/06/2026,22102677,"17,551.76",WSP UK LIMITED,85394,905054942,Capital - Highways,C02011,External Professional Fees,C0671004,"DCC Business Entities (Sole Trade, Partnership, Ltd)"
18,Devon County Council,22/06/2026,22102679,"2,418.58",WSP UK LIMITED,85394,905054942,Planning,A44038,Fees,R0577002,"DCC Business Entities (Sole Trade, Partnership, Ltd)"
18,Devon County Council,22/06/2026,22102693,829.55,WSP UK LIMITED,85394,905054942,Capital - Highways,C02011,External Professional Fees,C0671004,"DCC Business Entities (Sole Trade, Partnership, Ltd)"
18,Devon County Council,22/06/2026,22102696,"51,973.75",WSP UK LIMITED,85394,905054942,Highways & Infrastructure Development,A44038,Fees,R0572001,"DCC Business Entities (Sole Trade, Partnership, Ltd)"
18,Devon County Council,22/06/2026,22102745,614.39,WSP UK LIMITED,85394,905054942,Planning,A44038,Fees,R0620001,"DCC Business Entities (Sole Trade, Partnership, Ltd)"
18,Devon County Council,22/06/2026,22102865,927.00,TUBERS ACADEMY LIMITED,348033,300702466,Dedicated Schools Grant,A44185,Other professional Services (Schools),R0082007,"DCC Business Entities (Sole Trade, Partnership, Ltd)"
18,Devon County Council,16/06/2026,22105536,"1,610.00",SOUTHWEST INTERVENTION SERVICES,333291,440830321,Dedicated Schools Grant,A44180,Services for Educational Estabs - Devon,R0010004,"DCC Business Entities (Sole Trade, Partnership, Ltd)"
18,Devon County Council,16/06/2026,22105734,"6,180.77",BLACKDOWN SUPPORT GROUP,405884,,Operations,A52010,"Grants to voluntary, community and social enterprise organisations",R0480093,"DCC Business Entities (Sole Trade, Partnership, Ltd)"
18,Devon County Council,16/06/2026,22105745,"1,585.06",NATIONAL PUBLIC TRANSPORT INFORMATION LIMITED,75623,777780763,"Transport Operations, Environment and Waste",A49105,Other Supplies & Services,R0582001,"DCC Business Entities (Sole Trade, Partnership, Ltd)"
18,Devon County Council,16/06/2026,22105968,"1,000.00",DAVID SAPIECHA,405894,691715121,Other PH Services,A44968,Legal & Conveyancing Charges,R0548001,"DCC Business Entities (Sole Trade, Partnership, Ltd)"
18,Devon County Council,16/06/2026,150486372,"1,954.87",M Group Highways Limited,375383,927200546,Capital - Highways,C02051,Term Maintenance Contract,C0671005,"DCC Business Entities (Sole Trade, Partnership, Ltd)"
18,Devon County Council,16/06/2026,150486376,"1,237.86",M Group Highways Limited,375383,927200546,Capital - Highways,C02051,Term Maintenance Contract,C0671006,"DCC Business Entities (Sole Trade, Partnership, Ltd)"
18,Devon County Council,17/06/2026,22097377,556.00,DODDS SOLICITORS LLP,394172,729928286,"Chief Exec, Legal & Democratic services",A44968,Legal & Conveyancing Charges,R0276001,"DCC Business Entities (Sole Trade, Partnership, Ltd)"
18,Devon County Council,17/06/2026,22100680,"43,669.73",KINGSLEY SCHOOL,223710,479040477,Dedicated Schools Grant,A61052,Independent Special School Fees,R0089003,"DCC Business Entities (Sole Trade, Partnership, Ltd)"
18,Devon County Council,17/06/2026,22100888,973.52,BIDFOOD,6550,643994692,Inclusion & Learning,A44030,Provisions,R0102001,"DCC Business Entities (Sole Trade, Partnership, Ltd)"
18,Devon County Council,17/06/2026,22100919,724.50,KITH & KIN CONSULTANCY AND PSYCHOLOGICAL THERAPIES,357587,,P-Ledger - Separate Legal Entity,A61060,Support for Children in Care,P0432008,"DCC Business Entities (Sole Trade, Partnership, Ltd)"
18,Devon County Council,17/06/2026,22102316,"13,821.00",PROMOTING INDEPENDENT CARE LIMITED,376159,,Children's Social Care,A11005,Agency Supply Staff,R0095010,"DCC Business Entities (Sole Trade, Partnership, Ltd)"
18,Devon County Council,17/06/2026,22102325,"7,675.50",PROMOTING INDEPENDENT CARE LIMITED,376159,,Children's Social Care,A11005,Agency Supply Staff,R0095011,"DCC Business Entities (Sole Trade, Partnership, Ltd)"
18,Devon County Council,17/06/2026,22103519,568.96,MULTILINGUA DEVON COMMUNITY INTEREST COMPANY,215980,987756048,"Chief Exec, Legal & Democratic services",A44038,Fees,R0276001,"DCC Business Entities (Sole Trade, Partnership, Ltd)"
18,Devon County Council,17/06/2026,22103551,"1,180.76",MULTILINGUA DEVON COMMUNITY INTEREST COMPANY,215980,987756048,"Chief Exec, Legal & Democratic services",A44038,Fees,R0276001,"DCC Business Entities (Sole Trade, Partnership, Ltd)"
18,Devon County Council,17/06/2026,22104024,750.00,Derek Perry,604195,891798749,Other PH Services,A44968,Legal & Conveyancing Charges,R0548001,"DCC Business Entities (Sole Trade, Partnership, Ltd)"
18,Devon County Council,17/06/2026,22104970,"223,922.62",WILLMOTT DIXON CONSTRUCTION LIMITED,367917,197737796,"Capital - Economy, Enterprise & Skills",C02011,External Professional Fees,C0648001,DCC CIS Suppliers
18,Devon County Council,17/06/2026,22105018,"33,237.00",TORBAY & SOUTH DEVON NHS,290092,654941219,"Chief Exec, Legal & Democratic services",A44086,Mortuary Facilities,R0506002,"DCC Business Entities (Sole Trade, Partnership, Ltd)"
18,Devon County Council,17/06/2026,22105305,"2,456.30",FIRST CARE AMBULANCE LIMITED,98315,238628481,"Chief Exec, Legal & Democratic services",A49005,Other Hired & Contracting Services,R0506002,"DCC Business Entities (Sole Trade, Partnership, Ltd)"
18,Devon County Council,17/06/2026,22105950,"1,875.00",ELIM HOUSING ASSOCIATION,348503,736623916,Communities,A46100,Main / Term Contractor,R0533002,"DCC Business Entities (Sole Trade, Partnership, Ltd)"
18,Devon County Council,17/06/2026,22105970,"175,707.19",MODERN SCHOOLS (EXETER) LIMITED,176325,838739084,Transformation & Business Services,A47505,PFI Charges,R0360004,"DCC Business Entities (Sole Trade, Partnership, Ltd)"
18,Devon County Council,17/06/2026,22105985,"188,839.07",MODERN SCHOOLS (EXETER) LIMITED,176325,838739084,Transformation & Business Services,A47505,PFI Charges,R0360006,"DCC Business Entities (Sole Trade, Partnership, Ltd)"
18,Devon County Council,17/06/2026,22106053,"1,073.84",IAN WILLIAMS LIMITED,157927,137879028,Capital other - Digital Technology & Business Services,C02009,Works,C0647001,DCC CIS Suppliers
18,Devon County Council,17/06/2026,22106219,987.85,PENNON T/A SOURCE FOR BUSINESS,344710,312629416,Operations,A24005,Water Services,R0238001,"DCC Business Entities (Sole Trade, Partnership, Ltd)"
18,Devon County Council,17/06/2026,22106291,"22,170.48",M Group Highways Limited,375383,927200546,Capital - Highways,C02011,External Professional Fees,C0671008,"DCC Business Entities (Sole Trade, Partnership, Ltd)"
18,Devon County Council,17/06/2026,22106312,"4,707.30",Rubric Law Limited,605102,123546628,IFCA,A44968,Legal & Conveyancing Charges,M0382001,IFCA Suppliers
18,Devon County Council,22/06/2026,22094748,721.20,BE YOUR BEST MENTORING LIMITED,385179,426486966,Dedicated Schools Grant,A44185,Other professional Services (Schools),R0082007,"DCC Business Entities (Sole Trade, Partnership, Ltd)"
18,Devon County Council,22/06/2026,22100610,"5,774.34",KEYS PCE LIMITED,363936,927104637,Dedicated Schools Grant,A61052,Independent Special School Fees,R0089003,"DCC Business Entities (Sole Trade, Partnership, Ltd)"
18,Devon County Council,22/06/2026,22102875,"2,224.80",TUBERS ACADEMY LIMITED,348033,300702466,Dedicated Schools Grant,A44185,Other professional Services (Schools),R0082007,"DCC Business Entities (Sole Trade, Partnership, Ltd)"
18,Devon County Council,22/06/2026,22102883,525.56,WSP UK LIMITED,85394,905054942,"Capital - Planning, Transportation and Environment",C02011,External Professional Fees,C0671003,"DCC Business Entities (Sole Trade, Partnership, Ltd)"
18,Devon County Council,22/06/2026,22102888,"2,966.40",TUBERS ACADEMY LIMITED,348033,300702466,Dedicated Schools Grant,A44185,Other professional Services (Schools),R0082007,"DCC Business Entities (Sole Trade, Partnership, Ltd)"
18,Devon County Council,22/06/2026,22102936,"3,503.41",WSP UK LIMITED,85394,905054942,Capital - Highways,C02011,External Professional Fees,C0671005,"DCC Business Entities (Sole Trade, Partnership, Ltd)"
18,Devon County Council,22/06/2026,22102943,"24,100.50",WSP UK LIMITED,85394,905054942,Capital - Highways,C02011,External Professional Fees,C0671004,"DCC Business Entities (Sole Trade, Partnership, Ltd)"
18,Devon County Council,22/06/2026,22103028,"3,293.79",WSP UK LIMITED,85394,905054942,"Capital - Planning, Transportation and Environment",C02011,External Professional Fees,C0671003,"DCC Business Entities (Sole Trade, Partnership, Ltd)"
18,Devon County Council,22/06/2026,22103033,"2,401.04",WSP UK LIMITED,85394,905054942,"Transport Operations, Environment and Waste",A44038,Fees,R0611003,"DCC Business Entities (Sole Trade, Partnership, Ltd)"
18,Devon County Council,22/06/2026,22103063,"3,031.50",WSP UK LIMITED,85394,905054942,"Capital - Planning, Transportation and Environment",C02011,External Professional Fees,C0654001,"DCC Business Entities (Sole Trade, Partnership, Ltd)"
18,Devon County Council,22/06/2026,22103066,"3,977.55",WSP UK LIMITED,85394,905054942,Capital - Highways,C02011,External Professional Fees,C0671004,"DCC Business Entities (Sole Trade, Partnership, Ltd)"
18,Devon County Council,22/06/2026,22103079,"2,921.55",WSP UK LIMITED,85394,905054942,Capital - Highways,C02011,External Professional Fees,C0671004,"DCC Business Entities (Sole Trade, Partnership, Ltd)"
18,Devon County Council,22/06/2026,22103088,"1,844.76",WSP UK LIMITED,85394,905054942,"Capital - Planning, Transportation and Environment",C02011,External Professional Fees,C0654001,"DCC Business Entities (Sole Trade, Partnership, Ltd)"
18,Devon County Council,22/06/2026,22103101,"2,573.50",THE COLOUR WORKS INTERNATIONAL LIMITED,394321,825444822,People and Culture,A16015,Staff Training Expenses - Non Payroll,R0303002,"DCC Business Entities (Sole Trade, Partnership, Ltd)"
18,Devon County Council,22/06/2026,22103115,"26,094.25",WSP UK LIMITED,85394,905054942,"Capital - Planning, Transportation and Environment",C02011,External Professional Fees,C0671003,"DCC Business Entities (Sole Trade, Partnership, Ltd)"
18,Devon County Council,22/06/2026,22100612,"7,923.08",KEYS PCE LIMITED,363936,927104637,Dedicated Schools Grant,A61052,Independent Special School Fees,R0089003,"DCC Business Entities (Sole Trade, Partnership, Ltd)"
18,Devon County Council,22/06/2026,22100625,"5,750.57",KEYS PCE LIMITED,363936,927104637,Dedicated Schools Grant,A61052,Independent Special School Fees,R0089003,"DCC Business Entities (Sole Trade, Partnership, Ltd)"
18,Devon County Council,22/06/2026,22100758,"3,057.50",DE VERE FARMS,24052,631389241,P-Ledger - Separate Legal Entity,A22005,Building Rents,P0416001,"DCC Business Entities (Sole Trade, Partnership, Ltd)"
18,Devon County Council,22/06/2026,22101050,"10,491.95",QUALITY MARKING SERVICES LIMITED,86608,777323994,Highways & Infrastructure Development,A49005,Other Hired & Contracting Services,R0552003,DCC CIS Suppliers
18,Devon County Council,22/06/2026,22101058,"2,078.40",VALTECH LIMITED,358093,233250991,"Chief Exec, Legal & Democratic services",A49005,Other Hired & Contracting Services,R0291003,"DCC Business Entities (Sole Trade, Partnership, Ltd)"
18,Devon County Council,22/06/2026,22101096,915.84,ILFRACOMBE COMMUNITY TRANSPORT,192772,,"Transport Operations, Environment and Waste",A32010,Contract Hire Scheme,R0575001,"DCC Business Entities (Sole Trade, Partnership, Ltd)"
18,Devon County Council,22/06/2026,22101128,"7,360.05",Liberata UK Limited,602968,394593601,Finance & Public Value,A44038,Fees,R0214001,"DCC Business Entities (Sole Trade, Partnership, Ltd)"
18,Devon County Council,22/06/2026,22101149,"1,580.00",LANDSCAPE CONSTRUCTION & DESIGN,169024,888518266,Highways & Infrastructure Development,A49005,Other Hired & Contracting Services,R0557022,DCC CIS Suppliers
18,Devon County Council,22/06/2026,22101161,600.00,ACTION FIRST ASSESMENT LIMITED,388434,313339624,Operations,A44038,Fees,R0222002,"DCC Business Entities (Sole Trade, Partnership, Ltd)"
18,Devon County Council,22/06/2026,22101232,"-4,700.79",NETWORK RAIL,195364,798650956,Capital - Highways,C02011,External Professional Fees,C0671004,"DCC Business Entities (Sole Trade, Partnership, Ltd)"
18,Devon County Council,22/06/2026,22101327,"3,196.12",GCI NETWORK SOLUTIONS TA NASSTAR,380659,199872429,P-Ledger - Separate Legal Entity,A45025,Communications,P0416001,"DCC Business Entities (Sole Trade, Partnership, Ltd)"
18,Devon County Council,22/06/2026,22101332,"58,999.48",S C C,161520,313651680,Transformation & Business Services,A45040,IT Software,R0353008,"DCC Business Entities (Sole Trade, Partnership, Ltd)"
18,Devon County Council,22/06/2026,22101363,"3,250.00",SOUND COMMUNITIES COMMUNITY INTEREST COMPANY,340925,,Dedicated Schools Grant,A44185,Other professional Services (Schools),R0082007,"DCC Business Entities (Sole Trade, Partnership, Ltd)"
18,Devon County Council,22/06/2026,22101372,"1,950.00",SOUND COMMUNITIES COMMUNITY INTEREST COMPANY,340925,,Dedicated Schools Grant,A44185,Other professional Services (Schools),R0082007,"DCC Business Entities (Sole Trade, Partnership, Ltd)"
18,Devon County Council,22/06/2026,22103122,"1,875.54",WSP UK LIMITED,85394,905054942,Planning,A44038,Fees,R0577002,"DCC Business Entities (Sole Trade, Partnership, Ltd)"
18,Devon County Council,22/06/2026,22103131,"1,140.30",PROSPERO RECRUITMENT LIMITED,352539,486704947,Dedicated Schools Grant,A44185,Other professional Services (Schools),R0082007,"DCC Business Entities (Sole Trade, Partnership, Ltd)"
18,Devon County Council,22/06/2026,22103202,"4,220.70",WSP UK LIMITED,85394,905054942,Planning,A44038,Fees,R0620002,"DCC Business Entities (Sole Trade, Partnership, Ltd)"
18,Devon County Council,22/06/2026,22103207,"9,595.83",WSP UK LIMITED,85394,905054942,"Transport Operations, Environment and Waste",A44038,Fees,R0614001,"DCC Business Entities (Sole Trade, Partnership, Ltd)"
18,Devon County Council,22/06/2026,22103215,"1,829.66",WSP UK LIMITED,85394,905054942,Capital - Highways,C02011,External Professional Fees,C0671004,"DCC Business Entities (Sole Trade, Partnership, Ltd)"
18,Devon County Council,22/06/2026,22103330,807.02,C E D A,12641,,Children's Social Care,A61200,Community based care,R0044004,"DCC Business Entities (Sole Trade, Partnership, Ltd)"
18,Devon County Council,22/06/2026,22103351,"4,040.28",C E D A,12641,,Children's Social Care,A61200,Community based care,R0044004,"DCC Business Entities (Sole Trade, Partnership, Ltd)"
18,Devon County Council,22/06/2026,22103359,897.84,C E D A,12641,,Children's Social Care,A61200,Community based care,R0044004,"DCC Business Entities (Sole Trade, Partnership, Ltd)"
18,Devon County Council,22/06/2026,22103429,"1,700.74",C E D A,12641,,Dedicated Schools Grant,A44185,Other professional Services (Schools),R0082007,"DCC Business Entities (Sole Trade, Partnership, Ltd)"
18,Devon County Council,22/06/2026,22103504,"1,971.50",FOOT ANSTEY LLP,243693,143043312,Highways & Infrastructure Development,A44025,Legal Expenses,R0566003,"DCC Business Entities (Sole Trade, Partnership, Ltd)"
18,Devon County Council,22/06/2026,22103721,"1,104.75",M A T ELECTRICS LIMITED,17490,320820696,Children's Social Care,A49026,Equipment Maintenance,R0015001,DCC CIS Suppliers
18,Devon County Council,22/06/2026,22103784,513.69,SOUTHWEST INTERVENTION SERVICES,333291,440830321,Children's Social Care,A61200,Community based care,R0044004,"DCC Business Entities (Sole Trade, Partnership, Ltd)"
18,Devon County Council,22/06/2026,22103805,"2,595.00",ESTEEM TEAM COMMUNITY INTEREST COMPANY,366509,491597739,Dedicated Schools Grant,A44185,Other professional Services (Schools),R0082007,"DCC Business Entities (Sole Trade, Partnership, Ltd)"
18,Devon County Council,22/06/2026,22103807,"1,500.00",ESTEEM TEAM COMMUNITY INTEREST COMPANY,366509,491597739,Dedicated Schools Grant,A44185,Other professional Services (Schools),R0082007,"DCC Business Entities (Sole Trade, Partnership, Ltd)"
18,Devon County Council,22/06/2026,22102927,"9,859.09",WSP UK LIMITED,85394,905054942,Planning,A44038,Fees,R0620002,"DCC Business Entities (Sole Trade, Partnership, Ltd)"
18,Devon County Council,22/06/2026,22102942,"11,784.48",STORMFORCE ROOFING & MAINTENANCE,101900,813484923,Capital other - Digital Technology & Business Services,C02009,Works,C0651001,DCC CIS Suppliers
18,Devon County Council,22/06/2026,22102963,799.20,WSP UK LIMITED,85394,905054942,"Capital - Planning, Transportation and Environment",C02011,External Professional Fees,C0671003,"DCC Business Entities (Sole Trade, Partnership, Ltd)"
18,Devon County Council,22/06/2026,22102997,"2,235.60",WESTCOUNTRY MAINTENANCE SERVICES LIMITED,229952,915005854,Children's Social Care,A20010,"Property Repairs, Maintenance & Alterations (Reactive)",R0095004,DCC CIS Suppliers
18,Devon County Council,22/06/2026,22103012,"1,576.45",PROSPERO RECRUITMENT LIMITED,352539,486704947,Dedicated Schools Grant,A44185,Other professional Services (Schools),R0082007,"DCC Business Entities (Sole Trade, Partnership, Ltd)"
18,Devon County Council,22/06/2026,22103053,"4,467.57",WSP UK LIMITED,85394,905054942,Capital - Highways,C02011,External Professional Fees,C0652001,"DCC Business Entities (Sole Trade, Partnership, Ltd)"
18,Devon County Council,22/06/2026,22103057,"3,027.79",WSP UK LIMITED,85394,905054942,Planning,A44038,Fees,R0620001,"DCC Business Entities (Sole Trade, Partnership, Ltd)"
18,Devon County Council,22/06/2026,22103072,"10,605.74",WSP UK LIMITED,85394,905054942,Highways & Infrastructure Development,A44038,Fees,R0556025,"DCC Business Entities (Sole Trade, Partnership, Ltd)"
18,Devon County Council,22/06/2026,22103073,"1,250.00",MTS Systems Limited,604880,,Highways & Infrastructure Development,A44038,Fees,R0550006,"DCC Business Entities (Sole Trade, Partnership, Ltd)"
18,Devon County Council,22/06/2026,22103078,602.78,WSP UK LIMITED,85394,905054942,Capital - Highways,C02011,External Professional Fees,C0671004,"DCC Business Entities (Sole Trade, Partnership, Ltd)"
18,Devon County Council,22/06/2026,22103086,"5,178.42",THE COLOUR WORKS INTERNATIONAL LIMITED,394321,825444822,People and Culture,A16015,Staff Training Expenses - Non Payroll,R0303002,"DCC Business Entities (Sole Trade, Partnership, Ltd)"
18,Devon County Council,22/06/2026,22103098,"2,359.29",WSP UK LIMITED,85394,905054942,"Capital - Planning, Transportation and Environment",C02011,External Professional Fees,C0671003,"DCC Business Entities (Sole Trade, Partnership, Ltd)"
18,Devon County Council,22/06/2026,22103106,731.06,WSP UK LIMITED,85394,905054942,"Capital - Planning, Transportation and Environment",C02011,External Professional Fees,C0671003,"DCC Business Entities (Sole Trade, Partnership, Ltd)"
18,Devon County Council,22/06/2026,22103120,"3,831.44",WSP UK LIMITED,85394,905054942,Planning,A44038,Fees,R0620001,"DCC Business Entities (Sole Trade, Partnership, Ltd)"
18,Devon County Council,22/06/2026,22103813,"2,175.00",ESTEEM TEAM COMMUNITY INTEREST COMPANY,366509,491597739,Dedicated Schools Grant,A44185,Other professional Services (Schools),R0082007,"DCC Business Entities (Sole Trade, Partnership, Ltd)"
18,Devon County Council,22/06/2026,22103830,"1,365.00",ESTEEM TEAM COMMUNITY INTEREST COMPANY,366509,491597739,Dedicated Schools Grant,A44185,Other professional Services (Schools),R0082007,"DCC Business Entities (Sole Trade, Partnership, Ltd)"
18,Devon County Council,22/06/2026,22103905,"4,260.11",DSI BILLING SERVICES LIMITED,338643,739980671,Public Health Nursing,A49105,Other Supplies & Services,R0019003,"DCC Business Entities (Sole Trade, Partnership, Ltd)"
18,Devon County Council,22/06/2026,22103909,"1,539.22",NORSE SOUTH WEST LIMITED,279741,785421021,Transformation & Business Services,A46100,Main / Term Contractor,R0334005,"DCC Business Entities (Sole Trade, Partnership, Ltd)"
18,Devon County Council,22/06/2026,22103943,"8,856.47",LIBRARIES UNLIMITED SOUTH WEST,334595,235429115,Communities,A46100,Main / Term Contractor,R0325001,"DCC Business Entities (Sole Trade, Partnership, Ltd)"
18,Devon County Council,22/06/2026,22104189,"3,680.38",PEAKE (GB) LIMITED,19787,557739394,"Transport Operations, Environment and Waste",A46100,Main / Term Contractor,R0596002,"DCC Business Entities (Sole Trade, Partnership, Ltd)"
18,Devon County Council,22/06/2026,22104225,"26,187.43",UK REMEDIATION LIMITED,388325,973768657,"Transport Operations, Environment and Waste",A46100,Main / Term Contractor,R0597005,DCC CIS Suppliers
18,Devon County Council,22/06/2026,22104294,"2,250.00",ESTEEM TEAM COMMUNITY INTEREST COMPANY,366509,491597739,Dedicated Schools Grant,A44185,Other professional Services (Schools),R0082007,"DCC Business Entities (Sole Trade, Partnership, Ltd)"
18,Devon County Council,22/06/2026,22104512,"182,296.18",Royal Deaf Education Trust,8245,478920838,Dedicated Schools Grant,A61052,Independent Special School Fees,R0089003,"DCC Business Entities (Sole Trade, Partnership, Ltd)"
18,Devon County Council,22/06/2026,22104528,"7,230.00",PLYMOUTH HOSPITALS NHS TRUST,27710,654936600,"Chief Exec, Legal & Democratic services",A44086,Mortuary Facilities,R0506002,"DCC Business Entities (Sole Trade, Partnership, Ltd)"
18,Devon County Council,22/06/2026,22104566,"8,435.00",Analytical Services International Ltd,307650,363423802,"Chief Exec, Legal & Democratic services",A44038,Fees,R0506002,"DCC Business Entities (Sole Trade, Partnership, Ltd)"
18,Devon County Council,22/06/2026,22104754,"1,013.60",PROSPERO RECRUITMENT LIMITED,352539,486704947,Dedicated Schools Grant,A44185,Other professional Services (Schools),R0082007,"DCC Business Entities (Sole Trade, Partnership, Ltd)"
18,Devon County Council,22/06/2026,22104856,"1,108.25",PROMOTING INDEPENDENT CARE LIMITED,376159,,Children's Social Care,A11005,Agency Supply Staff,R0095005,"DCC Business Entities (Sole Trade, Partnership, Ltd)"
18,Devon County Council,22/06/2026,22103153,"17,525.90",RINGGO LIMITED,275342,636137149,Highways & Infrastructure Development,A44038,Fees,R0556016,"DCC Business Entities (Sole Trade, Partnership, Ltd)"
18,Devon County Council,22/06/2026,22103169,"6,085.50",WSP UK LIMITED,85394,905054942,Capital - Highways,C02011,External Professional Fees,C0652001,"DCC Business Entities (Sole Trade, Partnership, Ltd)"
18,Devon County Council,22/06/2026,22103189,"3,750.00",RESOURCE FUTURES LIMITED,203252,879559738,"Transport Operations, Environment and Waste",A46100,Main / Term Contractor,R0606006,"DCC Business Entities (Sole Trade, Partnership, Ltd)"
18,Devon County Council,22/06/2026,22103195,"1,791.27",WSP UK LIMITED,85394,905054942,P-Ledger - Separate Legal Entity,A44038,Fees,P0420001,"DCC Business Entities (Sole Trade, Partnership, Ltd)"
18,Devon County Council,22/06/2026,22103203,"7,006.64",WSP UK LIMITED,85394,905054942,"Capital - Planning, Transportation and Environment",C02011,External Professional Fees,C0671012,"DCC Business Entities (Sole Trade, Partnership, Ltd)"
18,Devon County Council,22/06/2026,22103212,"1,062.99",WSP UK LIMITED,85394,905054942,Capital - Highways,C02011,External Professional Fees,C0671004,"DCC Business Entities (Sole Trade, Partnership, Ltd)"
18,Devon County Council,22/06/2026,22103325,652.24,C E D A,12641,,Children's Social Care,A61200,Community based care,R0046004,"DCC Business Entities (Sole Trade, Partnership, Ltd)"
18,Devon County Council,22/06/2026,22103329,782.24,C E D A,12641,,Children's Social Care,A61200,Community based care,R0046004,"DCC Business Entities (Sole Trade, Partnership, Ltd)"
18,Devon County Council,22/06/2026,22103353,652.22,C E D A,12641,,Children's Social Care,A61200,Community based care,R0046004,"DCC Business Entities (Sole Trade, Partnership, Ltd)"
18,Devon County Council,22/06/2026,22103424,"4,407.79",DEVON TREE SERVICES LIMITED,4838,164412427,Finance & Public Value,A29015,Other Premises Costs,R0213002,"DCC Business Entities (Sole Trade, Partnership, Ltd)"
18,Devon County Council,22/06/2026,22103446,"5,961.25",PREPAID FINANCIAL SERVICES LIMITED,348825,971986853,Operations,A44038,Fees,R0219002,"DCC Business Entities (Sole Trade, Partnership, Ltd)"
18,Devon County Council,22/06/2026,22103450,897.84,C E D A,12641,,Children's Social Care,A61200,Community based care,R0044004,"DCC Business Entities (Sole Trade, Partnership, Ltd)"
18,Devon County Council,22/06/2026,22103479,743.04,C E D A,12641,,Children's Social Care,A61200,Community based care,R0046004,"DCC Business Entities (Sole Trade, Partnership, Ltd)"
18,Devon County Council,22/06/2026,22103618,667.88,WSP UK LIMITED,85394,905054942,"Capital - Planning, Transportation and Environment",C02011,External Professional Fees,C0671003,"DCC Business Entities (Sole Trade, Partnership, Ltd)"
18,Devon County Council,22/06/2026,22101383,993.39,SUPPORT'ED LIMITED,352913,373393085,Dedicated Schools Grant,A44180,Services for Educational Estabs - Devon,R0010004,"DCC Business Entities (Sole Trade, Partnership, Ltd)"
18,Devon County Council,22/06/2026,22101389,"3,020.85",SOUTH HAMS DISTRICT COUNCIL,8255,142204125,"Transport Operations, Environment and Waste",A46100,Main / Term Contractor,R0596001,"DCC Business Entities (Sole Trade, Partnership, Ltd)"
18,Devon County Council,22/06/2026,22101402,"2,360.66",SWARCO UK & IRELAND LIMITED,13690,568335022,Capital - Highways,C02009,Works,C0671005,DCC CIS Suppliers
18,Devon County Council,22/06/2026,22101454,"2,320.00",G E CONSULTING SERVICES (UK) LIMITED,198631,160595992,Capital - Highways,C02011,External Professional Fees,C0652001,"DCC Business Entities (Sole Trade, Partnership, Ltd)"
18,Devon County Council,22/06/2026,22101474,"9,031.25",JEREMY BENN ASSOCIATES LIMITED,321667,665300941,"Capital - Planning, Transportation and Environment",C02011,External Professional Fees,C0656001,"DCC Business Entities (Sole Trade, Partnership, Ltd)"
18,Devon County Council,22/06/2026,22101487,"2,000.00",NEW ROOTS WORKSHOP COMMUNITY INTEREST COMPANY,397830,,Dedicated Schools Grant,A44185,Other professional Services (Schools),R0082007,"DCC Business Entities (Sole Trade, Partnership, Ltd)"
18,Devon County Council,22/06/2026,22101571,600.00,NEW ROOTS WORKSHOP COMMUNITY INTEREST COMPANY,397830,,Dedicated Schools Grant,A53035,Other Recoupment Expenditure (3rd),R0111002,"DCC Business Entities (Sole Trade, Partnership, Ltd)"
18,Devon County Council,22/06/2026,22101579,550.00,GREAT TORRINGTON TOWN COUNCIL,8821,,Highways & Infrastructure Development,A44306,Public rights of way,R0557030,"DCC Business Entities (Sole Trade, Partnership, Ltd)"
18,Devon County Council,22/06/2026,22101672,"206,214.75",Disability Together,140334,436098381,Commissioning,A20030,Service Term Contracts,R0218002,"DCC Business Entities (Sole Trade, Partnership, Ltd)"
18,Devon County Council,22/06/2026,22101681,733.50,NORSE SOUTH WEST LIMITED,279741,785421021,Transformation & Business Services,A46100,Main / Term Contractor,R0334006,"DCC Business Entities (Sole Trade, Partnership, Ltd)"
18,Devon County Council,22/06/2026,22101703,511.50,NORSE SOUTH WEST LIMITED,279741,785421021,Highways & Infrastructure Development,A46100,Main / Term Contractor,R0574001,"DCC Business Entities (Sole Trade, Partnership, Ltd)"
18,Devon County Council,22/06/2026,22101704,"1,040.81",NORSE SOUTH WEST LIMITED,279741,785421021,Transformation & Business Services,A46100,Main / Term Contractor,R0334006,"DCC Business Entities (Sole Trade, Partnership, Ltd)"
18,Devon County Council,22/06/2026,22101705,"2,660.05",NORSE SOUTH WEST LIMITED,279741,785421021,Highways & Infrastructure Development,A46100,Main / Term Contractor,R0574001,"DCC Business Entities (Sole Trade, Partnership, Ltd)"
18,Devon County Council,22/06/2026,22104879,"75,734.67",Altogether Care - Care at Home Ltd,600796,373708870,Operations,A57136,Personal Care Block,R0234001,"DCC Business Entities (Sole Trade, Partnership, Ltd)"
18,Devon County Council,22/06/2026,22104881,"2,831.76",Altogether Care - Care at Home Ltd,600796,373708870,Operations,A57136,Personal Care Block,R0234001,"DCC Business Entities (Sole Trade, Partnership, Ltd)"
18,Devon County Council,22/06/2026,22104916,"2,475.00",ESTEEM TEAM COMMUNITY INTEREST COMPANY,366509,491597739,Dedicated Schools Grant,A44185,Other professional Services (Schools),R0082007,"DCC Business Entities (Sole Trade, Partnership, Ltd)"
18,Devon County Council,22/06/2026,22104919,"2,325.00",ESTEEM TEAM COMMUNITY INTEREST COMPANY,366509,491597739,Dedicated Schools Grant,A44185,Other professional Services (Schools),R0082007,"DCC Business Entities (Sole Trade, Partnership, Ltd)"
18,Devon County Council,22/06/2026,22104923,600.00,ESTEEM TEAM COMMUNITY INTEREST COMPANY,366509,491597739,Dedicated Schools Grant,A44185,Other professional Services (Schools),R0082007,"DCC Business Entities (Sole Trade, Partnership, Ltd)"
18,Devon County Council,22/06/2026,22104949,"1,350.00",ESTEEM TEAM COMMUNITY INTEREST COMPANY,366509,491597739,Dedicated Schools Grant,A44185,Other professional Services (Schools),R0082007,"DCC Business Entities (Sole Trade, Partnership, Ltd)"
18,Devon County Council,22/06/2026,22105178,837.05,KENT COUNTY COUNCIL,83992,204269191,Transformation & Business Services,A21010,Gas,R0333026,"DCC Business Entities (Sole Trade, Partnership, Ltd)"
18,Devon County Council,22/06/2026,22105179,591.70,KENT COUNTY COUNCIL,83992,204269191,Transformation & Business Services,A21010,Gas,R0333026,"DCC Business Entities (Sole Trade, Partnership, Ltd)"
18,Devon County Council,22/06/2026,22105247,"154,045.14",NORSE SOUTH WEST LIMITED,279741,785421021,Capital - Schools Maintenance & Improvements,C02011,External Professional Fees,C0658001,"DCC Business Entities (Sole Trade, Partnership, Ltd)"
18,Devon County Council,22/06/2026,22105322,936.25,KENT COUNTY COUNCIL,83992,204269191,Children's Social Care,A21010,Gas,R0015001,"DCC Business Entities (Sole Trade, Partnership, Ltd)"
18,Devon County Council,22/06/2026,22105325,610.06,KENT COUNTY COUNCIL,83992,204269191,Children's Social Care,A21010,Gas,R0015001,"DCC Business Entities (Sole Trade, Partnership, Ltd)"
18,Devon County Council,22/06/2026,22105506,"2,053.75",KENT COUNTY COUNCIL,83992,204269191,Transformation & Business Services,A21010,Gas,R0333026,"DCC Business Entities (Sole Trade, Partnership, Ltd)"
18,Devon County Council,22/06/2026,22105540,993.60,LIBRARIES UNLIMITED SOUTH WEST,334595,235429115,"Economy, Enterprise and Skills",A22010,Hire of Rooms,R0546008,"DCC Business Entities (Sole Trade, Partnership, Ltd)"
18,Devon County Council,22/06/2026,22103761,"1,016.61",SOUTHWEST INTERVENTION SERVICES,333291,440830321,Children's Social Care,A61200,Community based care,R0044004,"DCC Business Entities (Sole Trade, Partnership, Ltd)"
18,Devon County Council,22/06/2026,22103804,"2,130.00",ESTEEM TEAM COMMUNITY INTEREST COMPANY,366509,491597739,Dedicated Schools Grant,A44185,Other professional Services (Schools),R0082007,"DCC Business Entities (Sole Trade, Partnership, Ltd)"
18,Devon County Council,22/06/2026,22103840,750.00,ESTEEM TEAM COMMUNITY INTEREST COMPANY,366509,491597739,Dedicated Schools Grant,A44185,Other professional Services (Schools),R0082007,"DCC Business Entities (Sole Trade, Partnership, Ltd)"
18,Devon County Council,22/06/2026,22103937,595.90,DR A J JEFFERY,340640,,"Chief Exec, Legal & Democratic services",A44038,Fees,R0506002,"DCC Business Entities (Sole Trade, Partnership, Ltd)"
18,Devon County Council,22/06/2026,22104193,"2,282.49",WSP UK LIMITED,85394,905054942,"Capital - Planning, Transportation and Environment",C02011,External Professional Fees,C0671011,"DCC Business Entities (Sole Trade, Partnership, Ltd)"
18,Devon County Council,22/06/2026,22104277,"1,365.00",ESTEEM TEAM COMMUNITY INTEREST COMPANY,366509,491597739,Dedicated Schools Grant,A44185,Other professional Services (Schools),R0082007,"DCC Business Entities (Sole Trade, Partnership, Ltd)"
18,Devon County Council,22/06/2026,22104815,"5,670.57",WSP UK LIMITED,85394,905054942,"Capital - Planning, Transportation and Environment",C02011,External Professional Fees,C0671011,"DCC Business Entities (Sole Trade, Partnership, Ltd)"
18,Devon County Council,22/06/2026,22104863,"4,166.66",FRANCOTYP POSTALIA LIMITED (TELESET),90476,566261823,Transformation & Business Services,A45015,Postages,R0333026,"DCC Business Entities (Sole Trade, Partnership, Ltd)"
18,Devon County Council,22/06/2026,22104885,"13,789.44",Altogether Care - Care at Home Ltd,600796,373708870,Operations,A57136,Personal Care Block,R0234001,"DCC Business Entities (Sole Trade, Partnership, Ltd)"
18,Devon County Council,22/06/2026,22104953,"2,475.00",ESTEEM TEAM COMMUNITY INTEREST COMPANY,366509,491597739,Dedicated Schools Grant,A44185,Other professional Services (Schools),R0082007,"DCC Business Entities (Sole Trade, Partnership, Ltd)"
18,Devon County Council,22/06/2026,22104982,"7,440.00",EXETER RUGBY CLUB LTD,34972,918551313,Inclusion & Learning,A22010,Hire of Rooms,R0681003,"DCC Business Entities (Sole Trade, Partnership, Ltd)"
18,Devon County Council,22/06/2026,22105020,"1,500.00",Jeremy Ogilvie-Harris,605259,474283080,Finance & Public Value,A44968,Legal & Conveyancing Charges,R0203001,"DCC Business Entities (Sole Trade, Partnership, Ltd)"
18,Devon County Council,22/06/2026,22105045,"2,075.00",EXETER RUGBY CLUB LTD,34972,918551313,Inclusion & Learning,A22010,Hire of Rooms,R0681003,"DCC Business Entities (Sole Trade, Partnership, Ltd)"
18,Devon County Council,22/06/2026,22105541,972.00,LIBRARIES UNLIMITED SOUTH WEST,334595,235429115,"Economy, Enterprise and Skills",A22010,Hire of Rooms,R0546008,"DCC Business Entities (Sole Trade, Partnership, Ltd)"
18,Devon County Council,22/06/2026,22105543,"1,188.00",LIBRARIES UNLIMITED SOUTH WEST,334595,235429115,"Economy, Enterprise and Skills",A22010,Hire of Rooms,R0546008,"DCC Business Entities (Sole Trade, Partnership, Ltd)"
18,Devon County Council,22/06/2026,22105862,"3,199.62",MARINE & CIVIL SOLUTIONS LIMITED,283395,431868383,Transformation & Business Services,A46100,Main / Term Contractor,R0333004,DCC CIS Suppliers
18,Devon County Council,22/06/2026,22106176,"63,536.74",MID DEVON DISTRICT COUNCIL,19708,142203912,Transformation & Business Services,A29015,Other Premises Costs,R0333026,"DCC Business Entities (Sole Trade, Partnership, Ltd)"
18,Devon County Council,22/06/2026,22106260,501.70,SOUTH WEST COMMUNICATIONS GROUP,21387,834869189,Children's Social Care,A45020,Telephones,R0015001,"DCC Business Entities (Sole Trade, Partnership, Ltd)"
18,Devon County Council,22/06/2026,22106352,600.00,ADAM BOYLE,402809,182118128,Capital - Highways,C02011,External Professional Fees,C0652001,"DCC Business Entities (Sole Trade, Partnership, Ltd)"
18,Devon County Council,22/06/2026,22106377,697.00,FORESTRY & GARDEN SERVICES,260226,,Highways & Infrastructure Development,A49005,Other Hired & Contracting Services,R0552006,"DCC Business Entities (Sole Trade, Partnership, Ltd)"
18,Devon County Council,22/06/2026,22106404,"31,458.53",ABACUS CONSTRUCTION LIMITED,298515,586015729,Capital other - Digital Technology & Business Services,C02009,Works,C0651001,DCC CIS Suppliers
18,Devon County Council,22/06/2026,22106633,"120,622.56",NORTH DEVON COUNCIL,8252,144711092,"Transport Operations, Environment and Waste",A49005,Other Hired & Contracting Services,R0590001,"DCC Business Entities (Sole Trade, Partnership, Ltd)"
18,Devon County Council,22/06/2026,22106634,"1,246.00",361 ENERGY,292101,492367853,"Capital - Planning, Transportation and Environment",C02011,External Professional Fees,C0649001,"DCC Business Entities (Sole Trade, Partnership, Ltd)"
18,Devon County Council,22/06/2026,22106636,839.13,I J Cannings & Son Limited,14467,192803203,"Transport Operations, Environment and Waste",A40920,Equipment,R0588001,DCC CIS Suppliers
18,Devon County Council,22/06/2026,22106706,"10,296.00",NORSE SOUTH WEST LIMITED,279741,785421021,Capital - Childrens Social Care,C02011,External Professional Fees,C0646001,"DCC Business Entities (Sole Trade, Partnership, Ltd)"
18,Devon County Council,22/06/2026,22106768,500.00,YEALMPTON COMMUNITY ASSOCIATION,53711,,Communities,A52010,"Grants to voluntary, community and social enterprise organisations",R0534005,"DCC Business Entities (Sole Trade, Partnership, Ltd)"
18,Devon County Council,22/06/2026,22105149,"1,437.09",KENT COUNTY COUNCIL,83992,204269191,Transformation & Business Services,A21010,Gas,R0333026,"DCC Business Entities (Sole Trade, Partnership, Ltd)"
18,Devon County Council,22/06/2026,22105191,"1,180.29",KENT COUNTY COUNCIL,83992,204269191,Operations,A21010,Gas,R0268001,"DCC Business Entities (Sole Trade, Partnership, Ltd)"
18,Devon County Council,22/06/2026,22105542,864.00,LIBRARIES UNLIMITED SOUTH WEST,334595,235429115,"Economy, Enterprise and Skills",A22010,Hire of Rooms,R0546008,"DCC Business Entities (Sole Trade, Partnership, Ltd)"
18,Devon County Council,22/06/2026,22105544,"1,296.00",LIBRARIES UNLIMITED SOUTH WEST,334595,235429115,"Economy, Enterprise and Skills",A22010,Hire of Rooms,R0546008,"DCC Business Entities (Sole Trade, Partnership, Ltd)"
18,Devon County Council,22/06/2026,22105584,"1,328.39",TWIL CIVILS SOUTH WEST (Taylor Woodrow Infrastructure Ltd.),396590,321931874,Capital - Highways,C02009,Works,C0652001,DCC CIS Suppliers
18,Devon County Council,22/06/2026,22105587,"1,328.39",TWIL CIVILS SOUTH WEST (Taylor Woodrow Infrastructure Ltd.),396590,321931874,Capital - Highways,C02009,Works,C0652001,DCC CIS Suppliers
18,Devon County Council,22/06/2026,22105866,"6,662.78",MARINE & CIVIL SOLUTIONS LIMITED,283395,431868383,Capital - Highways,C02009,Works,C0671004,DCC CIS Suppliers
18,Devon County Council,22/06/2026,22105867,"3,845.22",MARINE & CIVIL SOLUTIONS LIMITED,283395,431868383,Highways & Infrastructure Development,A49005,Other Hired & Contracting Services,R0555002,DCC CIS Suppliers
18,Devon County Council,22/06/2026,22106054,"87,005.47",TOTNES INDEPENDENT SCHOOL,320930,481548763,Dedicated Schools Grant,A61052,Independent Special School Fees,R0089003,"DCC Business Entities (Sole Trade, Partnership, Ltd)"
18,Devon County Council,22/06/2026,22106076,"1,662.50",SIMPLY GREAT MEDIA,367788,479704936,Dedicated Schools Grant,A44185,Other professional Services (Schools),R0082007,"DCC Business Entities (Sole Trade, Partnership, Ltd)"
18,Devon County Council,22/06/2026,22106144,"85,357.65",Enerveo Limited,14967,382894546,Capital - Highways,C02009,Works,C0671008,DCC CIS Suppliers
18,Devon County Council,22/06/2026,22106218,"7,651.88",SWARCO UK & IRELAND LIMITED,13690,568335022,Highways & Infrastructure Development,A46100,Main / Term Contractor,R0560005,DCC CIS Suppliers
18,Devon County Council,22/06/2026,22106251,"5,737.88",JAS CARS LIMITED,114237,730168358,"Transport Operations, Environment and Waste",A30010,Vehicles Repairs,R0584003,"DCC Business Entities (Sole Trade, Partnership, Ltd)"
18,Devon County Council,22/06/2026,22106376,"3,285.82",TED WRAGG MULTI ACADEMY TRUST,323696,306250049,Transformation & Business Services,A47505,PFI Charges,R0360004,"DCC Business Entities (Sole Trade, Partnership, Ltd)"
18,Devon County Council,22/06/2026,22106405,"5,054.54",SAP UK LIMITED,275969,494703129,Transformation & Business Services,A45045,IT Software Maintenance,R0353008,"DCC Business Entities (Sole Trade, Partnership, Ltd)"
18,Devon County Council,22/06/2026,22106417,"2,585.00",THE OUTDOORS GROUP *57*,362971,312604642,Dedicated Schools Grant,A44185,Other professional Services (Schools),R0082002,"DCC Business Entities (Sole Trade, Partnership, Ltd)"
18,Devon County Council,22/06/2026,22106426,"3,210.53",SOUTH WEST WATER LIMITED,8450,540465165,"Transport Operations, Environment and Waste",A49005,Other Hired & Contracting Services,R0601001,"DCC Business Entities (Sole Trade, Partnership, Ltd)"
18,Devon County Council,22/06/2026,22106648,"1,290.00",OXFORD COLLEGE OF MANAGEMENT,406116,718160054,Highways & Infrastructure Development,A44175,Training/Workshops - Non Staff,R0570001,"DCC Business Entities (Sole Trade, Partnership, Ltd)"
18,Devon County Council,22/06/2026,22106704,"2,870.16",PHILLIPS WN&D,90044,927522419,P-Ledger - Separate Legal Entity,A57140,Residential Care - Long Stay,P0434003,"DCC Business Entities (Sole Trade, Partnership, Ltd)"
18,Devon County Council,22/06/2026,22106707,"14,836.80",NORSE SOUTH WEST LIMITED,279741,785421021,Capital - Children & Schools Expansions,C02011,External Professional Fees,C0657001,"DCC Business Entities (Sole Trade, Partnership, Ltd)"
18,Devon County Council,22/06/2026,22106709,"3,706.20",NORSE SOUTH WEST LIMITED,279741,785421021,Capital - Childrens Social Care,C02011,External Professional Fees,C0646001,"DCC Business Entities (Sole Trade, Partnership, Ltd)"
18,Devon County Council,22/06/2026,22106762,"1,500.00",Aylesbeare Village Hall,604987,,Communities,A52010,"Grants to voluntary, community and social enterprise organisations",R0534001,"DCC Business Entities (Sole Trade, Partnership, Ltd)"
18,Devon County Council,22/06/2026,22106763,500.00,YEALMPTON PRE SCHOOL,58599,,Communities,A52010,"Grants to voluntary, community and social enterprise organisations",R0534005,"DCC Business Entities (Sole Trade, Partnership, Ltd)"
18,Devon County Council,22/06/2026,22106769,"1,000.00",ESTUARY LEAGUE OF FRIENDS,95981,,Communities,A52010,"Grants to voluntary, community and social enterprise organisations",R0534002,"DCC Business Entities (Sole Trade, Partnership, Ltd)"
18,Devon County Council,22/06/2026,22106771,500.00,TEIGNMOUTH NEURODIVERGENT HUB,401140,,Communities,A52010,"Grants to voluntary, community and social enterprise organisations",R0534006,"DCC Business Entities (Sole Trade, Partnership, Ltd)"
18,Devon County Council,22/06/2026,22106773,"1,000.00",Dolton Rangers Association Football Club,605190,,Communities,A52010,"Grants to voluntary, community and social enterprise organisations",R0534007,"DCC Business Entities (Sole Trade, Partnership, Ltd)"
18,Devon County Council,22/06/2026,22101723,"1,770.75",NORSE SOUTH WEST LIMITED,279741,785421021,"Capital - Planning, Transportation and Environment",C02011,External Professional Fees,C0671003,"DCC Business Entities (Sole Trade, Partnership, Ltd)"
18,Devon County Council,22/06/2026,22101725,"4,166.66",NORSE SOUTH WEST LIMITED,279741,785421021,Transformation & Business Services,A46100,Main / Term Contractor,R0334004,"DCC Business Entities (Sole Trade, Partnership, Ltd)"
18,Devon County Council,22/06/2026,22101762,856.78,NORSE SOUTH WEST LIMITED,279741,785421021,Transformation & Business Services,A46100,Main / Term Contractor,R0334004,"DCC Business Entities (Sole Trade, Partnership, Ltd)"
18,Devon County Council,22/06/2026,22101829,"15,970.26",NORSE SOUTH WEST LIMITED,279741,785421021,Transformation & Business Services,A46100,Main / Term Contractor,R0334005,"DCC Business Entities (Sole Trade, Partnership, Ltd)"
18,Devon County Council,22/06/2026,22101853,504.84,NORSE SOUTH WEST LIMITED,279741,785421021,Capital - Highways,C02011,External Professional Fees,C0671004,"DCC Business Entities (Sole Trade, Partnership, Ltd)"
18,Devon County Council,22/06/2026,22101888,"1,705.00",KITE THERAPEUTIC LEARNING SERVIC,380287,,Dedicated Schools Grant,A44185,Other professional Services (Schools),R0082002,"DCC Business Entities (Sole Trade, Partnership, Ltd)"
18,Devon County Council,22/06/2026,22101920,"2,150.00",DEVON COUNTY AGRICULTURAL ASSOCIATION,8846,585601525,"Chief Exec, Legal & Democratic services",A62105,Miscellaneous expenditure,R0317001,"DCC Business Entities (Sole Trade, Partnership, Ltd)"
18,Devon County Council,22/06/2026,22101946,540.00,Lilcott Farm CiC,600980,,Dedicated Schools Grant,A44185,Other professional Services (Schools),R0082006,"DCC Business Entities (Sole Trade, Partnership, Ltd)"
18,Devon County Council,22/06/2026,22102003,"18,709.00",JOURNEO PASSENGER SYSTEMS LIMITED,293178,676700026,"Capital - Planning, Transportation and Environment",C02009,Works,C0671011,"DCC Business Entities (Sole Trade, Partnership, Ltd)"
18,Devon County Council,22/06/2026,22102007,559.25,Charlie Stringer T/A String of senses,602143,,P-Ledger - Separate Legal Entity,A61060,Support for Children in Care,P0432008,"DCC Business Entities (Sole Trade, Partnership, Ltd)"
18,Devon County Council,22/06/2026,22102008,"5,066.00",PENNA PLC,347388,605849719,People and Culture,A44005,Publicity/Advertising,R0472002,"DCC Business Entities (Sole Trade, Partnership, Ltd)"
18,Devon County Council,22/06/2026,22102012,"5,152.75",HATCHPLAN LIMITED,4698,730071086,"Capital - Planning, Transportation and Environment",C02009,Works,C0671003,DCC CIS Suppliers
18,Devon County Council,22/06/2026,22102014,766.67,HELENXP LIMITED,404409,,Children's Social Care,A44065,Consultancy Services,R0129001,"DCC Business Entities (Sole Trade, Partnership, Ltd)"
18,Devon County Council,22/06/2026,22106770,500.00,Chittlehamholt Warkleigh and Satterleigh Village Hall,605105,,Communities,A52010,"Grants to voluntary, community and social enterprise organisations",R0534004,"DCC Business Entities (Sole Trade, Partnership, Ltd)"
18,Devon County Council,22/06/2026,22106777,"1,500.00",Bow Parish Council,605196,,Communities,A52005,Payments to Other Local Authorities,R0534003,"DCC Business Entities (Sole Trade, Partnership, Ltd)"
18,Devon County Council,23/06/2026,22070730,"1,880.00",THE OUTDOORS GROUP *57*,362971,312604642,Dedicated Schools Grant,A44185,Other professional Services (Schools),R0082002,"DCC Business Entities (Sole Trade, Partnership, Ltd)"
18,Devon County Council,23/06/2026,22094071,"25,269.08",HOLCIM UK LIMITED,21683,533260571,Capital - Highways,C02009,Works,C0652001,"DCC Business Entities (Sole Trade, Partnership, Ltd)"
18,Devon County Council,23/06/2026,22102355,550.00,ROOTS AND BLOOMS,398675,,Children's Social Care,A61060,Support for Children in Care,R0106002,"DCC Business Entities (Sole Trade, Partnership, Ltd)"
18,Devon County Council,23/06/2026,22102575,745.50,THE FAMILY PLACE LIMITED,350245,,P-Ledger - Separate Legal Entity,A61060,Support for Children in Care,P0432008,"DCC Business Entities (Sole Trade, Partnership, Ltd)"
18,Devon County Council,23/06/2026,22105927,"2,100.00",Think Employment Ltd,601806,790209430,"Economy, Enterprise and Skills",A44038,Fees,R0546004,"DCC Business Entities (Sole Trade, Partnership, Ltd)"
18,Devon County Council,23/06/2026,22106166,544.00,THE APRICOT CENTRE CIC,341760,227454701,P-Ledger - Separate Legal Entity,A61060,Support for Children in Care,P0432008,"DCC Business Entities (Sole Trade, Partnership, Ltd)"
18,Devon County Council,23/06/2026,22106865,"1,483.20",TUBERS ACADEMY LIMITED,348033,300702466,Dedicated Schools Grant,A44185,Other professional Services (Schools),R0082007,"DCC Business Entities (Sole Trade, Partnership, Ltd)"
18,Devon County Council,23/06/2026,22106895,680.00,Dr Jonathan Davies at KBG,605228,,"Chief Exec, Legal & Democratic services",A44968,Legal & Conveyancing Charges,R0276001,"DCC Business Entities (Sole Trade, Partnership, Ltd)"
18,Devon County Council,23/06/2026,22106943,980.00,F W A G SOUTH WEST,316031,127629304,"Transport Operations, Environment and Waste",A44038,Fees,R0579007,"DCC Business Entities (Sole Trade, Partnership, Ltd)"
18,Devon County Council,23/06/2026,22107033,"3,087.50",SIMPLY GREAT MEDIA,367788,479704936,Dedicated Schools Grant,A44185,Other professional Services (Schools),R0082007,"DCC Business Entities (Sole Trade, Partnership, Ltd)"
18,Devon County Council,23/06/2026,22107184,500.00,WOLLEN MICHELMORE LLP,289905,124159237,"Chief Exec, Legal & Democratic services",A44968,Legal & Conveyancing Charges,R0276001,"DCC Business Entities (Sole Trade, Partnership, Ltd)"
18,Devon County Council,22/06/2026,22106778,"1,000.00",Widecombe Community Hall CIO,605197,,Communities,A52010,"Grants to voluntary, community and social enterprise organisations",R0534006,"DCC Business Entities (Sole Trade, Partnership, Ltd)"
18,Devon County Council,22/06/2026,22106808,831.88,Norton Plumbing and Building Contractors,605328,,Operations,A62105,Miscellaneous expenditure,R0480091,"DCC Business Entities (Sole Trade, Partnership, Ltd)"
18,Devon County Council,22/06/2026,22106811,"1,000.00",TRAIL,232223,,Communities,A52010,"Grants to voluntary, community and social enterprise organisations",R0534006,"DCC Business Entities (Sole Trade, Partnership, Ltd)"
18,Devon County Council,22/06/2026,22106813,500.00,PETER TAVY PARISH COUNCIL,363418,,Communities,A52005,Payments to Other Local Authorities,R0534008,"DCC Business Entities (Sole Trade, Partnership, Ltd)"
18,Devon County Council,22/06/2026,22106818,"1,436.76",ACTION FOR CHILDREN,86729,589629566,Children's Social Care,A61044,Residential Short Breaks,R0044004,"DCC Business Entities (Sole Trade, Partnership, Ltd)"
18,Devon County Council,22/06/2026,22106820,"2,005.14",ACTION FOR CHILDREN,86729,589629566,Children's Social Care,A61044,Residential Short Breaks,R0046004,"DCC Business Entities (Sole Trade, Partnership, Ltd)"
18,Devon County Council,23/06/2026,22101752,514.27,NORSE SOUTH WEST LIMITED,279741,785421021,Highways & Infrastructure Development,A46100,Main / Term Contractor,R0573002,"DCC Business Entities (Sole Trade, Partnership, Ltd)"
18,Devon County Council,23/06/2026,22101852,692.33,NORSE SOUTH WEST LIMITED,279741,785421021,Dedicated Schools Grant,A44968,Legal & Conveyancing Charges,R0088004,"DCC Business Entities (Sole Trade, Partnership, Ltd)"
18,Devon County Council,23/06/2026,22102820,"5,706.96",PEOPLE PLACES LIVES LIMITED - FEES,393507,221000691,Children's Social Care,A45040,IT Software,R0090001,"DCC Business Entities (Sole Trade, Partnership, Ltd)"
18,Devon County Council,23/06/2026,22104046,"458,010.29",MAGDALEN COURT SCHOOL,228429,479823044,Dedicated Schools Grant,A61052,Independent Special School Fees,R0089003,"DCC Business Entities (Sole Trade, Partnership, Ltd)"
18,Devon County Council,23/06/2026,22105530,"2,250.00",ESTEEM TEAM COMMUNITY INTEREST COMPANY,366509,491597739,Dedicated Schools Grant,A44185,Other professional Services (Schools),R0082007,"DCC Business Entities (Sole Trade, Partnership, Ltd)"
18,Devon County Council,23/06/2026,22106679,"28,029.60",BLUE SCREEN IT TRADING AS BIT GROUP,228948,855461116,"Economy, Enterprise and Skills",A44038,Fees,R0546009,"DCC Business Entities (Sole Trade, Partnership, Ltd)"
18,Devon County Council,23/06/2026,22106696,"29,253.60",BLUE SCREEN IT TRADING AS BIT GROUP,228948,855461116,"Economy, Enterprise and Skills",A44038,Fees,R0546009,"DCC Business Entities (Sole Trade, Partnership, Ltd)"
18,Devon County Council,23/06/2026,150498452,"43,995.43",M Group Highways Limited,375383,927200546,Highways & Infrastructure Development,A46100,Main / Term Contractor,R0553003,"DCC Business Entities (Sole Trade, Partnership, Ltd)"
18,Devon County Council,23/06/2026,150498453,"62,806.12",M Group Highways Limited,375383,927200546,Highways & Infrastructure Development,A46100,Main / Term Contractor,R0553004,"DCC Business Entities (Sole Trade, Partnership, Ltd)"
18,Devon County Council,23/06/2026,150498455,"49,053.28",M Group Highways Limited,375383,927200546,Highways & Infrastructure Development,A46100,Main / Term Contractor,R0553006,"DCC Business Entities (Sole Trade, Partnership, Ltd)"
18,Devon County Council,23/06/2026,150498457,"4,499.12",M Group Highways Limited,375383,927200546,Highways & Infrastructure Development,A46100,Main / Term Contractor,R0553006,"DCC Business Entities (Sole Trade, Partnership, Ltd)"
18,Devon County Council,23/06/2026,150498458,686.94,M Group Highways Limited,375383,927200546,Capital - Highways,C02051,Term Maintenance Contract,C0652001,"DCC Business Entities (Sole Trade, Partnership, Ltd)"
18,Devon County Council,24/06/2026,22079357,840.00,TUTE EDUCATION LIMITED,307284,902188441,Dedicated Schools Grant,A44185,Other professional Services (Schools),R0082007,"DCC Business Entities (Sole Trade, Partnership, Ltd)"
18,Devon County Council,24/06/2026,22089311,"1,040.00",MOOR TO LIFE E & W COMMUNITY INTEREST COMPANY,393010,,Dedicated Schools Grant,A44185,Other professional Services (Schools),R0082007,"DCC Business Entities (Sole Trade, Partnership, Ltd)"
18,Devon County Council,24/06/2026,22097858,"1,750.00",HUGH CORNFORD CARE OF COLLETON CHAMBERS,402489,150808914,"Chief Exec, Legal & Democratic services",A44968,Legal & Conveyancing Charges,R0276001,"DCC Business Entities (Sole Trade, Partnership, Ltd)"
18,Devon County Council,24/06/2026,22099702,"68,492.64",TRIBAL EDUCATION LIMITED,189430,855470703,"Economy, Enterprise and Skills",A45045,IT Software Maintenance,R0539001,"DCC Business Entities (Sole Trade, Partnership, Ltd)"
18,Devon County Council,24/06/2026,22100441,909.09,Elmtree Learning Partnership Ltd,601452,494225084,Dedicated Schools Grant,A44185,Other professional Services (Schools),R0082007,"DCC Business Entities (Sole Trade, Partnership, Ltd)"
18,Devon County Council,24/06/2026,22100446,"3,916.50",Elmtree Learning Partnership Ltd,601452,494225084,Dedicated Schools Grant,A44185,Other professional Services (Schools),R0082007,"DCC Business Entities (Sole Trade, Partnership, Ltd)"
18,Devon County Council,24/06/2026,22100456,"1,969.70",Elmtree Learning Partnership Ltd,601452,494225084,Dedicated Schools Grant,A44185,Other professional Services (Schools),R0082007,"DCC Business Entities (Sole Trade, Partnership, Ltd)"
18,Devon County Council,24/06/2026,22100511,"4,081.70",Elmtree Learning Partnership Ltd,601452,494225084,Dedicated Schools Grant,A44185,Other professional Services (Schools),R0082007,"DCC Business Entities (Sole Trade, Partnership, Ltd)"
18,Devon County Council,24/06/2026,22100720,"1,750.00",THOMAS BRADNOCK,340558,823572431,Other PH Services,A44968,Legal & Conveyancing Charges,R0548001,"DCC Business Entities (Sole Trade, Partnership, Ltd)"
18,Devon County Council,24/06/2026,22102149,"4,934.88",SME HCI LIMITED TRADING AS VIVUP,397379,477991617,People and Culture,A44038,Fees,R0502001,"DCC Business Entities (Sole Trade, Partnership, Ltd)"
18,Devon County Council,24/06/2026,22102153,751.36,D E F SOFTWARE LIMITED,242132,972644982,Planning,A45040,IT Software,R0634001,"DCC Business Entities (Sole Trade, Partnership, Ltd)"
18,Devon County Council,24/06/2026,22102175,"3,109.09",RUNNING DEER COMMUNITY INTEREST COMPANY,293947,289345260,Dedicated Schools Grant,A44185,Other professional Services (Schools),R0082007,"DCC Business Entities (Sole Trade, Partnership, Ltd)"
18,Devon County Council,24/06/2026,22102261,"1,305.00",TUTE EDUCATION LIMITED,307284,902188441,Dedicated Schools Grant,A44180,Services for Educational Estabs - Devon,R0010004,"DCC Business Entities (Sole Trade, Partnership, Ltd)"
18,Devon County Council,24/06/2026,22102300,"2,160.00",LIVE TO LEARN EDUCATION LIMITED,380514,444356785,Dedicated Schools Grant,A44185,Other professional Services (Schools),R0082007,"DCC Business Entities (Sole Trade, Partnership, Ltd)"
18,Devon County Council,24/06/2026,22102309,"2,210.00",LIVE TO LEARN EDUCATION LIMITED,380514,444356785,Dedicated Schools Grant,A44185,Other professional Services (Schools),R0082007,"DCC Business Entities (Sole Trade, Partnership, Ltd)"
18,Devon County Council,24/06/2026,22102310,"3,450.00",LIVE TO LEARN EDUCATION LIMITED,380514,444356785,Dedicated Schools Grant,A44185,Other professional Services (Schools),R0082007,"DCC Business Entities (Sole Trade, Partnership, Ltd)"
18,Devon County Council,24/06/2026,22102321,"3,100.00",LIVE TO LEARN EDUCATION LIMITED,380514,444356785,Dedicated Schools Grant,A44185,Other professional Services (Schools),R0082007,"DCC Business Entities (Sole Trade, Partnership, Ltd)"
18,Devon County Council,24/06/2026,22102363,"5,704.23",TUSKER DIRECT LIMITED,397548,244155576,People and Culture,A49105,Other Supplies & Services,R0502001,"DCC Business Entities (Sole Trade, Partnership, Ltd)"
18,Devon County Council,24/06/2026,22102364,"42,478.89",TUSKER DIRECT LIMITED,397548,244155576,People and Culture,A49105,Other Supplies & Services,R0502001,"DCC Business Entities (Sole Trade, Partnership, Ltd)"
18,Devon County Council,24/06/2026,22102397,"7,296.00",HORWOOD COOMBE INSPIRE LIMITED,315946,481864066,Dedicated Schools Grant,A44180,Services for Educational Estabs - Devon,R0010004,"DCC Business Entities (Sole Trade, Partnership, Ltd)"
18,Devon County Council,24/06/2026,22102401,"4,692.71",HORWOOD COOMBE INSPIRE LIMITED,315946,481864066,Dedicated Schools Grant,A61052,Independent Special School Fees,R0089003,"DCC Business Entities (Sole Trade, Partnership, Ltd)"
18,Devon County Council,23/06/2026,22106718,817.49,MOLE AVON TRADING LIMITED (CREDITON,134817,141568569,Highways & Infrastructure Development,A40070,Stock Materials,R0557015,"DCC Business Entities (Sole Trade, Partnership, Ltd)"
18,Devon County Council,23/06/2026,22106949,"1,250.00",India Flanagan,603205,311456828,"Chief Exec, Legal & Democratic services",A44968,Legal & Conveyancing Charges,R0274001,"DCC Business Entities (Sole Trade, Partnership, Ltd)"
18,Devon County Council,23/06/2026,22107037,624.00,Marten Walsh Cherer Ltd,345620,524446748,"Chief Exec, Legal & Democratic services",A44038,Fees,R0276001,"DCC Business Entities (Sole Trade, Partnership, Ltd)"
18,Devon County Council,23/06/2026,22107264,634.94,CANSFORD LABORATORIES LIMITED,321040,104878015,"Chief Exec, Legal & Democratic services",A44038,Fees,R0276001,"DCC Business Entities (Sole Trade, Partnership, Ltd)"
18,Devon County Council,23/06/2026,22107286,500.00,TOZERS SOLICITORS LLP,152621,141022335,"Chief Exec, Legal & Democratic services",A44968,Legal & Conveyancing Charges,R0276001,"DCC Business Entities (Sole Trade, Partnership, Ltd)"
18,Devon County Council,23/06/2026,22107390,727.86,FOSTERING NETWORK,97988,231633590,Children's Social Care,A47010,Subscriptions,R0076005,"DCC Business Entities (Sole Trade, Partnership, Ltd)"
18,Devon County Council,24/06/2026,22097931,"1,000.00",THOMAS BRADNOCK,340558,823572431,Other PH Services,A44968,Legal & Conveyancing Charges,R0548001,"DCC Business Entities (Sole Trade, Partnership, Ltd)"
18,Devon County Council,24/06/2026,22100445,"2,871.84",Elmtree Learning Partnership Ltd,601452,494225084,Dedicated Schools Grant,A44185,Other professional Services (Schools),R0082007,"DCC Business Entities (Sole Trade, Partnership, Ltd)"
18,Devon County Council,24/06/2026,22100507,"3,462.48",Elmtree Learning Partnership Ltd,601452,494225084,Dedicated Schools Grant,A44185,Other professional Services (Schools),R0082007,"DCC Business Entities (Sole Trade, Partnership, Ltd)"
18,Devon County Council,24/06/2026,22101746,606.55,NORSE SOUTH WEST LIMITED,279741,785421021,Capital - Highways,C02011,External Professional Fees,C0671004,"DCC Business Entities (Sole Trade, Partnership, Ltd)"
18,Devon County Council,24/06/2026,22102183,"3,150.55",RUNNING DEER COMMUNITY INTEREST COMPANY,293947,289345260,Dedicated Schools Grant,A44185,Other professional Services (Schools),R0082007,"DCC Business Entities (Sole Trade, Partnership, Ltd)"
18,Devon County Council,24/06/2026,22102252,855.00,TUTE EDUCATION LIMITED,307284,902188441,Dedicated Schools Grant,A44180,Services for Educational Estabs - Devon,R0010004,"DCC Business Entities (Sole Trade, Partnership, Ltd)"
18,Devon County Council,24/06/2026,22102254,"12,455.83",KEYCHANGE ROSE LAWN SIDMOUTH,90174,,Children's Social Care,A62000,Supported Accommodation - Child,R0026003,"DCC Business Entities (Sole Trade, Partnership, Ltd)"
18,Devon County Council,22/06/2026,22102018,"1,161.60",SOUTHWEST ESTATE MAINTENANCE LIMITED,401880,506499273,Highways & Infrastructure Development,A49005,Other Hired & Contracting Services,R0557017,DCC CIS Suppliers
18,Devon County Council,22/06/2026,22102052,"4,029.30",UPLAND SOFTWARE UK LIMITED,391026,758134222,Transformation & Business Services,A45045,IT Software Maintenance,R0353008,"DCC Business Entities (Sole Trade, Partnership, Ltd)"
18,Devon County Council,22/06/2026,22102054,"1,440.00",THE HOPE FARM PROJECT LIMITED,373268,495114678,Dedicated Schools Grant,A44185,Other professional Services (Schools),R0082007,"DCC Business Entities (Sole Trade, Partnership, Ltd)"
18,Devon County Council,22/06/2026,22102057,"1,300.00",DWS CONSULTANCY LIMITED,401968,489248632,Children's Social Care,A44065,Consultancy Services,R0129001,"DCC Business Entities (Sole Trade, Partnership, Ltd)"
18,Devon County Council,22/06/2026,22102058,"1,016.00",GRM MAPPING LIMITED,347968,274119308,"Transport Operations, Environment and Waste",A44005,Publicity/Advertising,R0582001,"DCC Business Entities (Sole Trade, Partnership, Ltd)"
18,Devon County Council,22/06/2026,22102075,"2,475.00",SIMPLY GREAT MEDIA,367788,479704936,Dedicated Schools Grant,A44185,Other professional Services (Schools),R0082007,"DCC Business Entities (Sole Trade, Partnership, Ltd)"
18,Devon County Council,22/06/2026,22102088,"1,950.00",DWS CONSULTANCY LIMITED,401968,489248632,Children's Social Care,A44065,Consultancy Services,R0129001,"DCC Business Entities (Sole Trade, Partnership, Ltd)"
18,Devon County Council,22/06/2026,22102091,"2,475.00",SIMPLY GREAT MEDIA,367788,479704936,Dedicated Schools Grant,A44185,Other professional Services (Schools),R0082007,"DCC Business Entities (Sole Trade, Partnership, Ltd)"
18,Devon County Council,22/06/2026,22102296,"4,583.33",AMBITIOUS PR LIMITED,376669,166062415,Finance & Public Value,A44065,Consultancy Services,R0202001,"DCC Business Entities (Sole Trade, Partnership, Ltd)"
18,Devon County Council,22/06/2026,22102338,"7,354.84",SME HCI LTD T/A VIVUP (CYCLE SCHEME),397607,869578054,People and Culture,A49105,Other Supplies & Services,R0502001,"DCC Business Entities (Sole Trade, Partnership, Ltd)"
18,Devon County Council,22/06/2026,22102344,"2,547.19",SME HCI LTD T/A VIVUP (CYCLE SCHEME),397607,869578054,People and Culture,A49105,Other Supplies & Services,R0502001,"DCC Business Entities (Sole Trade, Partnership, Ltd)"
18,Devon County Council,22/06/2026,22102348,"3,610.00",ON TRACK EDUCATION (BURSARY PMTS),286081,478730844,Dedicated Schools Grant,A53035,Other Recoupment Expenditure (3rd),R0111002,"DCC Business Entities (Sole Trade, Partnership, Ltd)"
18,Devon County Council,22/06/2026,22102399,585.00,FOSTER TALK LIMITED,243819,841745814,Children's Social Care,A44110,Exam Fees,R0076006,"DCC Business Entities (Sole Trade, Partnership, Ltd)"
18,Devon County Council,22/06/2026,22102432,546.25,Forest and Land Management Limited,384223,320707786,"Transport Operations, Environment and Waste",A44038,Fees,R0643001,"DCC Business Entities (Sole Trade, Partnership, Ltd)"
18,Devon County Council,22/06/2026,22102451,667.00,DANIEL RAMSAY,316733,,Highways & Infrastructure Development,A49005,Other Hired & Contracting Services,R0557022,DCC CIS Suppliers
18,Devon County Council,22/06/2026,22102501,"1,000.00",DODDS SOLICITORS LLP,394172,729928286,"Chief Exec, Legal & Democratic services",A44968,Legal & Conveyancing Charges,R0276001,"DCC Business Entities (Sole Trade, Partnership, Ltd)"
18,Devon County Council,22/06/2026,22102531,923.72,BRIDGE & LINDSEY,272202,185664426,P-Ledger - Separate Legal Entity,A61054,Equipment (Care),P0391002,"DCC Business Entities (Sole Trade, Partnership, Ltd)"
18,Devon County Council,22/06/2026,22102547,927.15,SUPPORT'ED LIMITED,352913,373393085,Dedicated Schools Grant,A44180,Services for Educational Estabs - Devon,R0010004,"DCC Business Entities (Sole Trade, Partnership, Ltd)"
18,Devon County Council,22/06/2026,22102593,"10,644.21",W J SOUTH WEST LIMITED,308541,970783388,Highways & Infrastructure Development,A49005,Other Hired & Contracting Services,R0556012,"DCC Business Entities (Sole Trade, Partnership, Ltd)"
18,Devon County Council,22/06/2026,22102634,"3,276.90",DR ROBERT HADDEN,325506,,"Chief Exec, Legal & Democratic services",A44038,Fees,R0506002,"DCC Business Entities (Sole Trade, Partnership, Ltd)"
18,Devon County Council,22/06/2026,22102668,813.84,WSP UK LIMITED,85394,905054942,Capital - Highways,C02011,External Professional Fees,C0671004,"DCC Business Entities (Sole Trade, Partnership, Ltd)"
18,Devon County Council,22/06/2026,22102669,"1,915.42",WSP UK LIMITED,85394,905054942,Planning,A44038,Fees,R0577002,"DCC Business Entities (Sole Trade, Partnership, Ltd)"
18,Devon County Council,22/06/2026,22102688,"1,946.31",WSP UK LIMITED,85394,905054942,Capital - Highways,C02011,External Professional Fees,C0652001,"DCC Business Entities (Sole Trade, Partnership, Ltd)"
18,Devon County Council,22/06/2026,22102695,"2,055.37",WSP UK LIMITED,85394,905054942,Planning,A44038,Fees,R0620001,"DCC Business Entities (Sole Trade, Partnership, Ltd)"
18,Devon County Council,22/06/2026,22102698,"2,425.37",WSP UK LIMITED,85394,905054942,Capital - Highways,C02011,External Professional Fees,C0671004,"DCC Business Entities (Sole Trade, Partnership, Ltd)"
18,Devon County Council,22/06/2026,22102817,"2,375.00",SIMPLY GREAT MEDIA,367788,479704936,Dedicated Schools Grant,A44185,Other professional Services (Schools),R0082007,"DCC Business Entities (Sole Trade, Partnership, Ltd)"
18,Devon County Council,22/06/2026,22102874,"2,224.80",TUBERS ACADEMY LIMITED,348033,300702466,Dedicated Schools Grant,A44185,Other professional Services (Schools),R0082007,"DCC Business Entities (Sole Trade, Partnership, Ltd)"
18,Devon County Council,24/06/2026,22102260,"1,600.00",PROGRESSION SERVICES LIMITED,390181,439882639,Dedicated Schools Grant,A44185,Other professional Services (Schools),R0082007,"DCC Business Entities (Sole Trade, Partnership, Ltd)"
18,Devon County Council,24/06/2026,22102280,680.00,PROGRESSION SERVICES LIMITED,390181,439882639,Dedicated Schools Grant,A44185,Other professional Services (Schools),R0082007,"DCC Business Entities (Sole Trade, Partnership, Ltd)"
18,Devon County Council,24/06/2026,22102289,"1,957.50",LIVE TO LEARN EDUCATION LIMITED,380514,444356785,Dedicated Schools Grant,A44185,Other professional Services (Schools),R0082007,"DCC Business Entities (Sole Trade, Partnership, Ltd)"
18,Devon County Council,24/06/2026,22102297,750.00,LIVE TO LEARN EDUCATION LIMITED,380514,444356785,Dedicated Schools Grant,A44185,Other professional Services (Schools),R0082007,"DCC Business Entities (Sole Trade, Partnership, Ltd)"
18,Devon County Council,24/06/2026,22102299,850.00,CHRISTOPHER GODFREY CARE OF COLLETON,396748,560758621,"Chief Exec, Legal & Democratic services",A44968,Legal & Conveyancing Charges,R0276001,"DCC Business Entities (Sole Trade, Partnership, Ltd)"
18,Devon County Council,24/06/2026,22102327,"13,425.00",Okement Digital Health,604640,,Public Health Nursing,A44065,Consultancy Services,R0019010,"DCC Business Entities (Sole Trade, Partnership, Ltd)"
18,Devon County Council,24/06/2026,22102328,"1,944.00",LIVE TO LEARN EDUCATION LIMITED,380514,444356785,Dedicated Schools Grant,A44185,Other professional Services (Schools),R0082007,"DCC Business Entities (Sole Trade, Partnership, Ltd)"
18,Devon County Council,24/06/2026,22102389,"4,334.31",HORWOOD COOMBE INSPIRE LIMITED,315946,481864066,Dedicated Schools Grant,A61052,Independent Special School Fees,R0089003,"DCC Business Entities (Sole Trade, Partnership, Ltd)"
18,Devon County Council,24/06/2026,22102400,"7,296.00",HORWOOD COOMBE INSPIRE LIMITED,315946,481864066,Dedicated Schools Grant,A44180,Services for Educational Estabs - Devon,R0010004,"DCC Business Entities (Sole Trade, Partnership, Ltd)"
18,Devon County Council,24/06/2026,22102527,522.00,ADCS Association of Directors of Childrens Services,243975,948814381,Inclusion & Learning,A46050,Conference Expenses,R0017003,"DCC Business Entities (Sole Trade, Partnership, Ltd)"
18,Devon County Council,24/06/2026,22102600,"1,150.00",Kathryn Rees Ltd,600345,,Children's Social Care,A16015,Staff Training Expenses - Non Payroll,R0032003,"DCC Business Entities (Sole Trade, Partnership, Ltd)"
18,Devon County Council,24/06/2026,22102633,"1,697.00",MORRIS BROTHERS LIMITED,291544,,"Chief Exec, Legal & Democratic services",A49005,Other Hired & Contracting Services,R0506002,"DCC Business Entities (Sole Trade, Partnership, Ltd)"
18,Devon County Council,24/06/2026,22102738,"1,977.60",THE HUSBANDRY SCHOOL,304475,333694095,Dedicated Schools Grant,A44185,Other professional Services (Schools),R0082007,"DCC Business Entities (Sole Trade, Partnership, Ltd)"
18,Devon County Council,22/06/2026,22102886,"19,616.02",WSP UK LIMITED,85394,905054942,"Capital - Planning, Transportation and Environment",C02011,External Professional Fees,C0671003,"DCC Business Entities (Sole Trade, Partnership, Ltd)"
18,Devon County Council,22/06/2026,22102894,"2,595.60",TUBERS ACADEMY LIMITED,348033,300702466,Dedicated Schools Grant,A44185,Other professional Services (Schools),R0082007,"DCC Business Entities (Sole Trade, Partnership, Ltd)"
18,Devon County Council,22/06/2026,22102916,"13,187.43",WSP UK LIMITED,85394,905054942,Capital - Highways,C02011,External Professional Fees,C0652001,"DCC Business Entities (Sole Trade, Partnership, Ltd)"
18,Devon County Council,22/06/2026,22102930,"5,652.67",WSP UK LIMITED,85394,905054942,Capital - Highways,C02011,External Professional Fees,C0671004,"DCC Business Entities (Sole Trade, Partnership, Ltd)"
18,Devon County Council,22/06/2026,22102958,"3,184.78",WSP UK LIMITED,85394,905054942,Capital - Highways,C02011,External Professional Fees,C0652001,"DCC Business Entities (Sole Trade, Partnership, Ltd)"
18,Devon County Council,22/06/2026,22102969,"15,806.27",WSP UK LIMITED,85394,905054942,Capital - Highways,C02011,External Professional Fees,C0671004,"DCC Business Entities (Sole Trade, Partnership, Ltd)"
18,Devon County Council,22/06/2026,22103020,"2,106.83",WSP UK LIMITED,85394,905054942,Highways & Infrastructure Development,A44038,Fees,R0571003,"DCC Business Entities (Sole Trade, Partnership, Ltd)"
18,Devon County Council,22/06/2026,22103036,550.11,WSP UK LIMITED,85394,905054942,Planning,A44038,Fees,R0620001,"DCC Business Entities (Sole Trade, Partnership, Ltd)"
18,Devon County Council,22/06/2026,22103052,"4,255.41",WSP UK LIMITED,85394,905054942,Capital - Highways,C02011,External Professional Fees,C0671005,"DCC Business Entities (Sole Trade, Partnership, Ltd)"
18,Devon County Council,22/06/2026,22103054,"535,319.55",SUEZ RECYCLING & RECOVERY UK LIMITED,208690,444085847,"Transport Operations, Environment and Waste",A44038,Fees,R0605001,"DCC Business Entities (Sole Trade, Partnership, Ltd)"
18,Devon County Council,22/06/2026,22103060,578.27,WSP UK LIMITED,85394,905054942,"Economy, Enterprise and Skills",A44038,Fees,R0540002,"DCC Business Entities (Sole Trade, Partnership, Ltd)"
18,Devon County Council,22/06/2026,22103084,"2,527.55",LATCHAM DIRECT,298309,942185912,Transformation & Business Services,A43010,Printing,R0353008,"DCC Business Entities (Sole Trade, Partnership, Ltd)"
18,Devon County Council,22/06/2026,22103104,"1,251.17",WSP UK LIMITED,85394,905054942,Highways & Infrastructure Development,A44038,Fees,R0560002,"DCC Business Entities (Sole Trade, Partnership, Ltd)"
18,Devon County Council,22/06/2026,22103109,"7,198.79",WSP UK LIMITED,85394,905054942,Planning,A44038,Fees,R0631001,"DCC Business Entities (Sole Trade, Partnership, Ltd)"
18,Devon County Council,24/06/2026,22102444,"2,712.76",CLEAR DATA LIMITED,362158,747259794,Public Health Nursing,A49105,Other Supplies & Services,R0019003,"DCC Business Entities (Sole Trade, Partnership, Ltd)"
18,Devon County Council,24/06/2026,22102502,522.00,ADCS Association of Directors of Childrens Services,243975,948814381,Inclusion & Learning,A46050,Conference Expenses,R0017003,"DCC Business Entities (Sole Trade, Partnership, Ltd)"
18,Devon County Council,24/06/2026,22102622,"2,589.83",BREAKTHROUGH TRANSFORMATION TRUST,248117,480468080,Dedicated Schools Grant,A44185,Other professional Services (Schools),R0082007,"DCC Business Entities (Sole Trade, Partnership, Ltd)"
18,Devon County Council,24/06/2026,22102689,"3,028.00",SOUTHWEST INTERVENTION SERVICES,333291,440830321,Dedicated Schools Grant,A44185,Other professional Services (Schools),R0082007,"DCC Business Entities (Sole Trade, Partnership, Ltd)"
18,Devon County Council,24/06/2026,22102734,988.80,THE HUSBANDRY SCHOOL,304475,333694095,Dedicated Schools Grant,A44185,Other professional Services (Schools),R0082007,"DCC Business Entities (Sole Trade, Partnership, Ltd)"
18,Devon County Council,24/06/2026,22102754,"1,236.00",THE HUSBANDRY SCHOOL,304475,333694095,Dedicated Schools Grant,A44185,Other professional Services (Schools),R0082007,"DCC Business Entities (Sole Trade, Partnership, Ltd)"
18,Devon County Council,24/06/2026,22102787,"1,730.40",THE HUSBANDRY SCHOOL,304475,333694095,Dedicated Schools Grant,A44185,Other professional Services (Schools),R0082007,"DCC Business Entities (Sole Trade, Partnership, Ltd)"
18,Devon County Council,24/06/2026,22102870,"1,682.43",SME HCI LIMITED TRADING AS VIVUP,397379,477991617,People and Culture,A44038,Fees,R0502001,"DCC Business Entities (Sole Trade, Partnership, Ltd)"
18,Devon County Council,24/06/2026,22103541,756.00,CAR BODY SHOP EXETER LIMITED,313414,404443528,TRAMS Suspense,A30010,Vehicles Repairs,R0549019,"DCC Business Entities (Sole Trade, Partnership, Ltd)"
18,Devon County Council,24/06/2026,22103728,833.33,Richard Devine,604074,,People and Culture,A16015,Staff Training Expenses - Non Payroll,R0303003,"DCC Business Entities (Sole Trade, Partnership, Ltd)"
18,Devon County Council,24/06/2026,22104032,"9,953.50",PROMOTING INDEPENDENT CARE LIMITED,376159,,Children's Social Care,A11005,Agency Supply Staff,R0095006,"DCC Business Entities (Sole Trade, Partnership, Ltd)"
18,Devon County Council,24/06/2026,22104447,"18,725.00",REDWOOD RIVER SCHOOL LTD,604132,489138935,Dedicated Schools Grant,A61052,Independent Special School Fees,R0089003,"DCC Business Entities (Sole Trade, Partnership, Ltd)"
18,Devon County Council,24/06/2026,22104473,"2,276.90",DR PAUL HILEY,357684,,"Chief Exec, Legal & Democratic services",A44038,Fees,R0506002,"DCC Business Entities (Sole Trade, Partnership, Ltd)"
18,Devon County Council,24/06/2026,22102788,"1,730.40",THE HUSBANDRY SCHOOL,304475,333694095,Dedicated Schools Grant,A44185,Other professional Services (Schools),R0082007,"DCC Business Entities (Sole Trade, Partnership, Ltd)"
18,Devon County Council,24/06/2026,22103220,"17,127.13",SOUTH WEST COMPOSTING LIMITED,376077,129952481,"Transport Operations, Environment and Waste",A46100,Main / Term Contractor,R0597004,"DCC Business Entities (Sole Trade, Partnership, Ltd)"
18,Devon County Council,24/06/2026,22103435,"2,521.35",CARRICK SPORTS CONSTRUCTION LIMITED,600550,292330609,"Capital - Planning, Transportation and Environment",C02009,Works,C0671003,"DCC Business Entities (Sole Trade, Partnership, Ltd)"
18,Devon County Council,24/06/2026,22103542,"5,664.17",VF Consultants Limited,600473,488742435,Below the line,A44065,Consultancy Services,R0511057,"DCC Business Entities (Sole Trade, Partnership, Ltd)"
18,Devon County Council,24/06/2026,22104036,"3,060.00",PROMOTING INDEPENDENT CARE LIMITED,376159,,Children's Social Care,A11005,Agency Supply Staff,R0095004,"DCC Business Entities (Sole Trade, Partnership, Ltd)"
18,Devon County Council,24/06/2026,22104120,"2,512.50",PROMOTING INDEPENDENT CARE LIMITED,376159,,Children's Social Care,A61200,Community based care,R0044004,"DCC Business Entities (Sole Trade, Partnership, Ltd)"
18,Devon County Council,24/06/2026,22105047,"4,750.00",DR J H DAVIES,340583,,"Chief Exec, Legal & Democratic services",A44038,Fees,R0506002,"DCC Business Entities (Sole Trade, Partnership, Ltd)"
18,Devon County Council,24/06/2026,22105138,"161,021.00",EXETER CITY COUNCIL (FINANCE),4272,142335594,Commissioning,B29020,VAT Incomings (Output Tax),R0218001,"DCC Business Entities (Sole Trade, Partnership, Ltd)"
18,Devon County Council,24/06/2026,22106265,"2,204.77",KENT COUNTY COUNCIL,83992,204269191,Transformation & Business Services,A21005,Electricity,R0333026,"DCC Business Entities (Sole Trade, Partnership, Ltd)"
18,Devon County Council,24/06/2026,22106334,587.42,KENT COUNTY COUNCIL,83992,204269191,Transformation & Business Services,A21005,Electricity,R0333026,"DCC Business Entities (Sole Trade, Partnership, Ltd)"
18,Devon County Council,24/06/2026,22106378,"21,231.59",SHEILING SPECIAL EDUCATION TRUST,365526,478670147,Dedicated Schools Grant,A61052,Independent Special School Fees,R0089002,"DCC Business Entities (Sole Trade, Partnership, Ltd)"
18,Devon County Council,24/06/2026,22106409,720.00,CENTRAL AND NORTH WEST LONDON NHS FOUNDATION TRUST,311275,654970895,Public Health,A53005,Payments to Health Authorities,R0316066,"DCC Business Entities (Sole Trade, Partnership, Ltd)"
18,Devon County Council,24/06/2026,22106562,718.66,KENT COUNTY COUNCIL,83992,204269191,Communities,A21005,Electricity,R0533002,"DCC Business Entities (Sole Trade, Partnership, Ltd)"
18,Devon County Council,24/06/2026,22106651,667.23,KENT COUNTY COUNCIL,83992,204269191,"Economy, Enterprise and Skills",A21005,Electricity,R0539001,"DCC Business Entities (Sole Trade, Partnership, Ltd)"
18,Devon County Council,24/06/2026,22105482,733.77,COBALT COMPUTER SOLUTIONS LIMITED,99242,768663376,Communities,A44038,Fees,R0536002,"DCC Business Entities (Sole Trade, Partnership, Ltd)"
18,Devon County Council,24/06/2026,22105896,500.00,Daya Mann,602921,699081679,"Chief Exec, Legal & Democratic services",A44968,Legal & Conveyancing Charges,R0276001,"DCC Business Entities (Sole Trade, Partnership, Ltd)"
18,Devon County Council,24/06/2026,22105932,537.14,CANSFORD LABORATORIES LIMITED,321040,104878015,"Chief Exec, Legal & Democratic services",A44038,Fees,R0276001,"DCC Business Entities (Sole Trade, Partnership, Ltd)"
18,Devon County Council,24/06/2026,22106258,"24,834.08",PLYMOUTH CITY COUNCIL (GENERAL AC,101612,144675845,Commissioning,A52005,Payments to Other Local Authorities,R0217030,"DCC Business Entities (Sole Trade, Partnership, Ltd)"
18,Devon County Council,24/06/2026,22106268,701.93,KENT COUNTY COUNCIL,83992,204269191,Other PH Services,A21005,Electricity,R0548001,"DCC Business Entities (Sole Trade, Partnership, Ltd)"
18,Devon County Council,24/06/2026,22106309,"4,278.33",PROMOTING INDEPENDENT CARE LIMITED,376159,,Children's Social Care,A11005,Agency Supply Staff,R0095011,"DCC Business Entities (Sole Trade, Partnership, Ltd)"
18,Devon County Council,24/06/2026,22106322,"2,635.89",KENT COUNTY COUNCIL,83992,204269191,Transformation & Business Services,A21005,Electricity,R0333026,"DCC Business Entities (Sole Trade, Partnership, Ltd)"
18,Devon County Council,24/06/2026,22106335,"1,203.73",KENT COUNTY COUNCIL,83992,204269191,Operations,A21005,Electricity,R0252001,"DCC Business Entities (Sole Trade, Partnership, Ltd)"
18,Devon County Council,24/06/2026,22106386,532.16,PLYMOUTH HOSPITALS NHS TRUST,27710,654936600,"Chief Exec, Legal & Democratic services",A44086,Mortuary Facilities,R0506002,"DCC Business Entities (Sole Trade, Partnership, Ltd)"
18,Devon County Council,24/06/2026,22106411,"1,006.42",DODDS SOLICITORS LLP,394172,729928286,"Chief Exec, Legal & Democratic services",A44968,Legal & Conveyancing Charges,R0276001,"DCC Business Entities (Sole Trade, Partnership, Ltd)"
18,Devon County Council,24/06/2026,22106555,526.64,KENT COUNTY COUNCIL,83992,204269191,Operations,A21005,Electricity,R0238001,"DCC Business Entities (Sole Trade, Partnership, Ltd)"
18,Devon County Council,24/06/2026,22106559,542.47,KENT COUNTY COUNCIL,83992,204269191,Transformation & Business Services,A21005,Electricity,R0333026,"DCC Business Entities (Sole Trade, Partnership, Ltd)"
18,Devon County Council,24/06/2026,22106643,808.47,KENT COUNTY COUNCIL,83992,204269191,Transformation & Business Services,A21005,Electricity,R0333028,"DCC Business Entities (Sole Trade, Partnership, Ltd)"
18,Devon County Council,24/06/2026,22106657,608.02,KENT COUNTY COUNCIL,83992,204269191,"Economy, Enterprise and Skills",A21005,Electricity,R0540006,"DCC Business Entities (Sole Trade, Partnership, Ltd)"
18,Devon County Council,22/06/2026,22103118,"3,123.69",WSP UK LIMITED,85394,905054942,"Capital - Planning, Transportation and Environment",C02011,External Professional Fees,C0671003,"DCC Business Entities (Sole Trade, Partnership, Ltd)"
18,Devon County Council,22/06/2026,22103123,"9,458.04",WSP UK LIMITED,85394,905054942,"Capital - Planning, Transportation and Environment",C02011,External Professional Fees,C0671003,"DCC Business Entities (Sole Trade, Partnership, Ltd)"
18,Devon County Council,22/06/2026,22103199,"2,985.72",WSP UK LIMITED,85394,905054942,"Transport Operations, Environment and Waste",A44038,Fees,R0614001,"DCC Business Entities (Sole Trade, Partnership, Ltd)"
18,Devon County Council,22/06/2026,22103201,"2,405.79",WSP UK LIMITED,85394,905054942,Highways & Infrastructure Development,A44038,Fees,R0553005,"DCC Business Entities (Sole Trade, Partnership, Ltd)"
18,Devon County Council,22/06/2026,22103208,"7,649.47",WSP UK LIMITED,85394,905054942,"Transport Operations, Environment and Waste",A44038,Fees,R0614001,"DCC Business Entities (Sole Trade, Partnership, Ltd)"
18,Devon County Council,22/06/2026,22103219,"10,884.09",WESTCOUNTRY HOUSING,264341,918221242,Children's Social Care,A62000,Supported Accommodation - Child,R0026003,"DCC Business Entities (Sole Trade, Partnership, Ltd)"
18,Devon County Council,22/06/2026,22103285,"2,873.48",Stags (9901),4337,141429000,Capital - Highways,C02011,External Professional Fees,C0652001,"DCC Business Entities (Sole Trade, Partnership, Ltd)"
18,Devon County Council,22/06/2026,22103333,652.24,C E D A,12641,,Children's Social Care,A61200,Community based care,R0046004,"DCC Business Entities (Sole Trade, Partnership, Ltd)"
18,Devon County Council,22/06/2026,22103744,838.15,SOUTHWEST INTERVENTION SERVICES,333291,440830321,Children's Social Care,A61200,Community based care,R0044007,"DCC Business Entities (Sole Trade, Partnership, Ltd)"
18,Devon County Council,22/06/2026,22103749,994.96,SOUTHWEST INTERVENTION SERVICES,333291,440830321,Children's Social Care,A61200,Community based care,R0044004,"DCC Business Entities (Sole Trade, Partnership, Ltd)"
18,Devon County Council,22/06/2026,22103752,681.30,SOUTHWEST INTERVENTION SERVICES,333291,440830321,Children's Social Care,A61200,Community based care,R0044004,"DCC Business Entities (Sole Trade, Partnership, Ltd)"
18,Devon County Council,22/06/2026,22103759,"1,279.00",DWF LAW LLP,397184,258955939,"Capital - Planning, Transportation and Environment",C02011,External Professional Fees,C0654001,"DCC Business Entities (Sole Trade, Partnership, Ltd)"
18,Devon County Council,22/06/2026,22103963,"2,000.00",Orion-Digital Diagnostics Ltd,382219,,"Chief Exec, Legal & Democratic services",A44038,Fees,R0506002,"DCC Business Entities (Sole Trade, Partnership, Ltd)"
18,Devon County Council,22/06/2026,22103975,"7,700.00",FRIENDSHIP & SONS,341542,475071584,"Chief Exec, Legal & Democratic services",A49005,Other Hired & Contracting Services,R0506002,"DCC Business Entities (Sole Trade, Partnership, Ltd)"
18,Devon County Council,24/06/2026,22107386,"2,610.00",POLES APART AP LIMITED,382940,415121054,Dedicated Schools Grant,A44185,Other professional Services (Schools),R0082007,"DCC Business Entities (Sole Trade, Partnership, Ltd)"
18,Devon County Council,24/06/2026,22107449,"16,550.92",SEVERN TRENT GREEN POWER,322030,876098474,"Transport Operations, Environment and Waste",A46100,Main / Term Contractor,R0598001,"DCC Business Entities (Sole Trade, Partnership, Ltd)"
18,Devon County Council,24/06/2026,22107475,"16,824.99",SEVERN TRENT GREEN POWER,322030,876098474,"Transport Operations, Environment and Waste",A46100,Main / Term Contractor,R0598001,"DCC Business Entities (Sole Trade, Partnership, Ltd)"
18,Devon County Council,24/06/2026,22107486,"1,000.00",KINGSTEIGNTON MEDICAL PRACTICE,23416,,Public Health Nursing,A22010,Hire of Rooms,R0019003,"DCC Business Entities (Sole Trade, Partnership, Ltd)"
18,Devon County Council,24/06/2026,22107490,"2,398.00",HARRIS BROS & COLLARD LIMITED,370223,130089107,Capital - Schools Maintenance & Improvements,C02009,Works,C0658001,"DCC Business Entities (Sole Trade, Partnership, Ltd)"
18,Devon County Council,24/06/2026,22107698,"9,683.49",Eco Sustainable Solutions Ltd,404318,673902910,"Transport Operations, Environment and Waste",A46100,Main / Term Contractor,R0600001,"DCC Business Entities (Sole Trade, Partnership, Ltd)"
18,Devon County Council,24/06/2026,150502258,"3,681.04",M Group Highways Limited,375383,927200546,Capital - Highways,C02051,Term Maintenance Contract,C0671007,"DCC Business Entities (Sole Trade, Partnership, Ltd)"
18,Devon County Council,24/06/2026,150502259,"3,418.65",M Group Highways Limited,375383,927200546,Highways & Infrastructure Development,A46100,Main / Term Contractor,R0553006,"DCC Business Entities (Sole Trade, Partnership, Ltd)"
18,Devon County Council,24/06/2026,150502260,"4,112.39",M Group Highways Limited,375383,927200546,Highways & Infrastructure Development,A46100,Main / Term Contractor,R0553006,"DCC Business Entities (Sole Trade, Partnership, Ltd)"
18,Devon County Council,24/06/2026,150502262,802.83,M Group Highways Limited,375383,927200546,Highways & Infrastructure Development,A46100,Main / Term Contractor,R0553006,"DCC Business Entities (Sole Trade, Partnership, Ltd)"
18,Devon County Council,24/06/2026,150502265,"8,937.44",M Group Highways Limited,375383,927200546,Capital - Highways,C02051,Term Maintenance Contract,C0652001,"DCC Business Entities (Sole Trade, Partnership, Ltd)"
18,Devon County Council,24/06/2026,150502309,"20,416.67",M Group Highways Limited,375383,927200546,Highways & Infrastructure Development,A46100,Main / Term Contractor,R0552008,"DCC Business Entities (Sole Trade, Partnership, Ltd)"
18,Devon County Council,24/06/2026,150502313,"2,632.00",M Group Highways Limited,375383,927200546,Capital - Highways,C02051,Term Maintenance Contract,C0671006,"DCC Business Entities (Sole Trade, Partnership, Ltd)"
18,Devon County Council,24/06/2026,150502316,"11,583.47",M Group Highways Limited,375383,927200546,Highways & Infrastructure Development,A46100,Main / Term Contractor,R0560011,"DCC Business Entities (Sole Trade, Partnership, Ltd)"
18,Devon County Council,24/06/2026,150502317,"6,541.86",M Group Highways Limited,375383,927200546,Highways & Infrastructure Development,A46100,Main / Term Contractor,R0560011,"DCC Business Entities (Sole Trade, Partnership, Ltd)"
18,Devon County Council,25/06/2026,22086834,720.51,NORSE SOUTH WEST LIMITED,279741,785421021,Balance Sheet,A44038,Fees,R0208005,"DCC Business Entities (Sole Trade, Partnership, Ltd)"
18,Devon County Council,25/06/2026,22101756,"1,791.91",NORSE SOUTH WEST LIMITED,279741,785421021,Balance Sheet,A44038,Fees,R0208005,"DCC Business Entities (Sole Trade, Partnership, Ltd)"
18,Devon County Council,25/06/2026,22101965,"1,185.50",NORSE SOUTH WEST LIMITED,279741,785421021,Capital other - Digital Technology & Business Services,C02011,External Professional Fees,C0651001,"DCC Business Entities (Sole Trade, Partnership, Ltd)"
18,Devon County Council,25/06/2026,22102577,"20,970.99",QUALITY MARKING SERVICES LIMITED,86608,777323994,Highways & Infrastructure Development,A49005,Other Hired & Contracting Services,R0552003,DCC CIS Suppliers
18,Devon County Council,25/06/2026,22102579,"2,070.00",CAR BODY SHOP EXETER LIMITED,313414,404443528,TRAMS Suspense,A30010,Vehicles Repairs,R0549019,"DCC Business Entities (Sole Trade, Partnership, Ltd)"
18,Devon County Council,25/06/2026,22102643,648.00,SOUTH MOLTON TOWN COUNCIL,4560,144441781,Public Health Nursing,A22010,Hire of Rooms,R0019005,"DCC Business Entities (Sole Trade, Partnership, Ltd)"
18,Devon County Council,25/06/2026,22102680,791.67,HATHERLEIGH COMMUNITY CENTRE,204271,,Transformation & Business Services,A44038,Fees,R0333028,"DCC Business Entities (Sole Trade, Partnership, Ltd)"
18,Devon County Council,25/06/2026,22102687,"6,666.67",NORMAL MAGIC PERSONAL W T AND C,385844,,Other PH Services,A44110,Exam Fees,R0352007,"DCC Business Entities (Sole Trade, Partnership, Ltd)"
18,Devon County Council,25/06/2026,22102782,"1,950.00",UX2 LIMITED,388014,235329022,Dedicated Schools Grant,A44185,Other professional Services (Schools),R0082007,"DCC Business Entities (Sole Trade, Partnership, Ltd)"
18,Devon County Council,25/06/2026,22102797,"1,920.00",UX2 LIMITED,388014,235329022,Dedicated Schools Grant,A44185,Other professional Services (Schools),R0082007,"DCC Business Entities (Sole Trade, Partnership, Ltd)"
18,Devon County Council,25/06/2026,22103174,"950,250.00",VIRIDOR EXETER WASTE SERVICES LIMITED,84253,736636511,"Transport Operations, Environment and Waste",A46100,Main / Term Contractor,R0593001,"DCC Business Entities (Sole Trade, Partnership, Ltd)"
18,Devon County Council,25/06/2026,22103614,"7,820.37",ROYAL DEVON UNIVERSITY HEALTHCAR,21280,654938887,Operations,A53005,Payments to Health Authorities,R0481034,"DCC Business Entities (Sole Trade, Partnership, Ltd)"
18,Devon County Council,25/06/2026,22104147,653.13,A PRACTICAL APPROACH TO SPEECH,400195,,Dedicated Schools Grant,A44185,Other professional Services (Schools),R0082002,"DCC Business Entities (Sole Trade, Partnership, Ltd)"
18,Devon County Council,25/06/2026,22104527,"4,161.00",Andrew O'Connor KC,602250,,"Chief Exec, Legal & Democratic services",A44968,Legal & Conveyancing Charges,R0506002,"DCC Business Entities (Sole Trade, Partnership, Ltd)"
18,Devon County Council,25/06/2026,22104540,"3,725.00",LE ROY FUNERAL SERVICE,231328,217395204,"Chief Exec, Legal & Democratic services",A49005,Other Hired & Contracting Services,R0506002,"DCC Business Entities (Sole Trade, Partnership, Ltd)"
18,Devon County Council,25/06/2026,22104934,"14,897.44",PETERS BOOKSELLING SERVICES,21150,559124236,Inclusion & Learning,A49045,Books and Publications,R0121001,"DCC Business Entities (Sole Trade, Partnership, Ltd)"
18,Devon County Council,25/06/2026,22105758,540.53,R D Johns Limited,90325,141006135,Children's Social Care,A44030,Provisions,R0015001,"DCC Business Entities (Sole Trade, Partnership, Ltd)"
18,Devon County Council,25/06/2026,22106478,"1,250.00",KELLIE SALTER CARE OF 3PB CHAMBERS,398597,446535186,"Chief Exec, Legal & Democratic services",A44968,Legal & Conveyancing Charges,R0276001,"DCC Business Entities (Sole Trade, Partnership, Ltd)"
18,Devon County Council,25/06/2026,22106635,835.00,BSI ASSURANCE UK LIMITED,267460,243457071,Highways & Infrastructure Development,A44038,Fees,R0570001,"DCC Business Entities (Sole Trade, Partnership, Ltd)"
18,Devon County Council,25/06/2026,22107185,"5,151.00",MONICA Y ZAPATA LOPEZ,392518,,Transformation & Business Services,A62000,Supported Accommodation - Child,R0333028,"DCC Business Entities (Sole Trade, Partnership, Ltd)"
18,Devon County Council,25/06/2026,22107318,"85,990.00",TEIGNBRIDGE DISTRICT COUNCIL,4872,142214023,Commissioning,A44140,Accommodation/Housing,R0218001,"DCC Business Entities (Sole Trade, Partnership, Ltd)"
18,Devon County Council,25/06/2026,22107472,"9,920.00",SKYLARK ADVENTURES LIMITED,391831,387141286,Dedicated Schools Grant,A44185,Other professional Services (Schools),R0082007,"DCC Business Entities (Sole Trade, Partnership, Ltd)"
18,Devon County Council,25/06/2026,22107476,"1,455.00",OLAS ART,320132,,Children's Social Care,A44038,Fees,R0015003,"DCC Business Entities (Sole Trade, Partnership, Ltd)"
18,Devon County Council,25/06/2026,22107621,"8,053.50",Thompsons Academy Limited t/a Navigators,605345,481889533,Dedicated Schools Grant,A44185,Other professional Services (Schools),R0082007,"DCC Business Entities (Sole Trade, Partnership, Ltd)"
18,Devon County Council,25/06/2026,22107668,"-9,302.88",BECKCARE HOMES LIMITED (WYNNSTAY),156684,900152385,Finance & Public Value,A93370,Admin Income,R0214001,"DCC Business Entities (Sole Trade, Partnership, Ltd)"
18,Devon County Council,24/06/2026,22106661,592.70,KENT COUNTY COUNCIL,83992,204269191,Operations,A21005,Electricity,R0253002,"DCC Business Entities (Sole Trade, Partnership, Ltd)"
18,Devon County Council,24/06/2026,22106669,"1,684.63",KENT COUNTY COUNCIL,83992,204269191,Highways & Infrastructure Development,A21005,Electricity,R0557033,"DCC Business Entities (Sole Trade, Partnership, Ltd)"
18,Devon County Council,24/06/2026,22106676,701.90,KENT COUNTY COUNCIL,83992,204269191,Inclusion & Learning,A21005,Electricity,R0102001,"DCC Business Entities (Sole Trade, Partnership, Ltd)"
18,Devon County Council,24/06/2026,22107022,"1,150.00",361 ENERGY,292101,492367853,"Capital - Planning, Transportation and Environment",C02011,External Professional Fees,C0649001,"DCC Business Entities (Sole Trade, Partnership, Ltd)"
18,Devon County Council,24/06/2026,22107160,640.00,G E CONSULTING SERVICES (UK) LIMITED,198631,160595992,Capital - Highways,C02009,Works,C0652001,"DCC Business Entities (Sole Trade, Partnership, Ltd)"
18,Devon County Council,24/06/2026,22107218,660.00,Diocese of Chichester Academy Trust St James,605397,,Dedicated Schools Grant,A53040,Contributions to Educational Estabs (3rd,R0107001,"DCC Business Entities (Sole Trade, Partnership, Ltd)"
18,Devon County Council,24/06/2026,22107312,"1,000.00",CREDITON CONGREGATIONAL CHURCH,103531,,Communities,A52010,"Grants to voluntary, community and social enterprise organisations",R0535002,"DCC Business Entities (Sole Trade, Partnership, Ltd)"
18,Devon County Council,24/06/2026,22107385,"5,000.00",WESTCOUNTRY SCHOOLS TRUST,350477,121495628,Dedicated Schools Grant,A53040,Contributions to Educational Estabs (3rd,R0107001,"DCC Business Entities (Sole Trade, Partnership, Ltd)"
18,Devon County Council,24/06/2026,22107506,"1,595.00",TIMOTHY LEADER,366206,989915829,Capital - Highways,C02011,External Professional Fees,C0652001,"DCC Business Entities (Sole Trade, Partnership, Ltd)"
18,Devon County Council,24/06/2026,150502252,"10,916.86",M Group Highways Limited,375383,927200546,Capital - Highways,C02051,Term Maintenance Contract,C0652001,"DCC Business Entities (Sole Trade, Partnership, Ltd)"
18,Devon County Council,24/06/2026,150502254,"122,926.81",M Group Highways Limited,375383,927200546,Highways & Infrastructure Development,A46100,Main / Term Contractor,R0553003,"DCC Business Entities (Sole Trade, Partnership, Ltd)"
18,Devon County Council,24/06/2026,150502256,"26,452.60",M Group Highways Limited,375383,927200546,Highways & Infrastructure Development,A46100,Main / Term Contractor,R0553006,"DCC Business Entities (Sole Trade, Partnership, Ltd)"
18,Devon County Council,24/06/2026,150502257,"24,068.78",M Group Highways Limited,375383,927200546,Capital - Highways,C02051,Term Maintenance Contract,C0652001,"DCC Business Entities (Sole Trade, Partnership, Ltd)"
18,Devon County Council,22/06/2026,22104090,533.47,ASHBURTON MOTOR WORKS,388986,744816710,Inclusion & Learning,A30015,Vehicle Fuel,R0102001,"DCC Business Entities (Sole Trade, Partnership, Ltd)"
18,Devon County Council,22/06/2026,22104122,"1,198.34",WSP UK LIMITED,85394,905054942,"Capital - Planning, Transportation and Environment",C02011,External Professional Fees,C0671003,"DCC Business Entities (Sole Trade, Partnership, Ltd)"
18,Devon County Council,22/06/2026,22104168,900.00,BRIGHTER FUTURES SOUTH WEST,357699,,P-Ledger - Separate Legal Entity,A61060,Support for Children in Care,P0432008,"DCC Business Entities (Sole Trade, Partnership, Ltd)"
18,Devon County Council,22/06/2026,22104200,"15,563.38",WSP UK LIMITED,85394,905054942,"Capital - Planning, Transportation and Environment",C02011,External Professional Fees,C0671003,"DCC Business Entities (Sole Trade, Partnership, Ltd)"
18,Devon County Council,22/06/2026,22104278,875.00,SAGE OCCUPATIONAL THERAPY SERVICE LIMITED,404779,,Dedicated Schools Grant,A44185,Other professional Services (Schools),R0082002,"DCC Business Entities (Sole Trade, Partnership, Ltd)"
18,Devon County Council,22/06/2026,22104280,"1,938.00",ESTEEM TEAM COMMUNITY INTEREST COMPANY,366509,491597739,Dedicated Schools Grant,A44185,Other professional Services (Schools),R0082007,"DCC Business Entities (Sole Trade, Partnership, Ltd)"
18,Devon County Council,22/06/2026,22104296,747.00,ESTEEM TEAM COMMUNITY INTEREST COMPANY,366509,491597739,Dedicated Schools Grant,A44180,Services for Educational Estabs - Devon,R0010004,"DCC Business Entities (Sole Trade, Partnership, Ltd)"
18,Devon County Council,22/06/2026,22104413,678.87,R D Johns Limited,90325,141006135,Children's Social Care,A44030,Provisions,R0015001,"DCC Business Entities (Sole Trade, Partnership, Ltd)"
18,Devon County Council,22/06/2026,22104853,"4,166.67",FRANCOTYP POSTALIA LIMITED (TELESET),90476,566261823,Transformation & Business Services,A45015,Postages,R0333026,"DCC Business Entities (Sole Trade, Partnership, Ltd)"
18,Devon County Council,22/06/2026,22104877,"1,755.00",ESTEEM TEAM COMMUNITY INTEREST COMPANY,366509,491597739,Dedicated Schools Grant,A44185,Other professional Services (Schools),R0082007,"DCC Business Entities (Sole Trade, Partnership, Ltd)"
18,Devon County Council,22/06/2026,22105169,"44,320.67",KENNFORD TARMACADAM LIMITED,24534,976391178,"Capital - Planning, Transportation and Environment",C02009,Works,C0671003,DCC CIS Suppliers
18,Devon County Council,22/06/2026,22105555,"1,296.00",LIBRARIES UNLIMITED SOUTH WEST,334595,235429115,"Economy, Enterprise and Skills",A22010,Hire of Rooms,R0546008,"DCC Business Entities (Sole Trade, Partnership, Ltd)"
18,Devon County Council,22/06/2026,22105557,"1,512.00",LIBRARIES UNLIMITED SOUTH WEST,334595,235429115,"Economy, Enterprise and Skills",A22010,Hire of Rooms,R0546008,"DCC Business Entities (Sole Trade, Partnership, Ltd)"
18,Devon County Council,22/06/2026,22105586,"3,235.00",PEOPLE PLACES LIVES LIMITED - FEES,393507,221000691,Children's Social Care,A89665,Administration Expenses,R0046003,"DCC Business Entities (Sole Trade, Partnership, Ltd)"
18,Devon County Council,22/06/2026,22105589,"1,328.39",TWIL CIVILS SOUTH WEST (Taylor Woodrow Infrastructure Ltd.),396590,321931874,Capital - Highways,C02009,Works,C0652001,DCC CIS Suppliers
18,Devon County Council,22/06/2026,22105592,"1,675.00",NORSE SOUTH WEST LIMITED,279741,785421021,Highways & Infrastructure Development,A46100,Main / Term Contractor,R0574001,"DCC Business Entities (Sole Trade, Partnership, Ltd)"
18,Devon County Council,22/06/2026,22105682,"237,180.72",TWIL CIVILS SOUTH WEST (Taylor Woodrow Infrastructure Ltd.),396590,321931874,Capital - Highways,C02009,Works,C0671006,DCC CIS Suppliers
18,Devon County Council,22/06/2026,22105743,"2,402.04",PROMIND CARE LIMITED,404732,,Operations,A44038,Fees,R0222002,"DCC Business Entities (Sole Trade, Partnership, Ltd)"
18,Devon County Council,22/06/2026,22105815,739.02,N B A SOLUTIONS LIMITED,147171,810625854,"Chief Exec, Legal & Democratic services",A44038,Fees,R0276001,"DCC Business Entities (Sole Trade, Partnership, Ltd)"
18,Devon County Council,22/06/2026,22105857,"274,981.60",TILBURY DOUGLAS LIMITED,403367,381766759,"Capital - Planning, Transportation and Environment",C02009,Works,C0654001,"DCC Business Entities (Sole Trade, Partnership, Ltd)"
18,Devon County Council,22/06/2026,22105868,970.00,Daya Mann,602921,699081679,"Chief Exec, Legal & Democratic services",A44968,Legal & Conveyancing Charges,R0276001,"DCC Business Entities (Sole Trade, Partnership, Ltd)"
18,Devon County Council,22/06/2026,22106056,"-1,505.79",KENT COUNTY COUNCIL,83992,204269191,Children's Social Care,A21010,Gas,R0015001,"DCC Business Entities (Sole Trade, Partnership, Ltd)"
18,Devon County Council,22/06/2026,22106183,783.00,THE APRICOT CENTRE CIC,341760,227454701,P-Ledger - Separate Legal Entity,A61060,Support for Children in Care,P0432008,"DCC Business Entities (Sole Trade, Partnership, Ltd)"
18,Devon County Council,22/06/2026,22106279,"34,339.00",JEREMY BENN ASSOCIATES LIMITED,321667,665300941,"Capital - Planning, Transportation and Environment",C02011,External Professional Fees,C0671012,"DCC Business Entities (Sole Trade, Partnership, Ltd)"
18,Devon County Council,22/06/2026,22106369,"32,924.40",BRIDGE CIVIL ENGINEERING LIMITED,79315,717667210,"Capital - Planning, Transportation and Environment",C02009,Works,C0671003,DCC CIS Suppliers
18,Devon County Council,22/06/2026,22106391,916.67,BALES FARM OUTDOOR LEARNING LTD,377260,505816692,Dedicated Schools Grant,A44185,Other professional Services (Schools),R0082007,"DCC Business Entities (Sole Trade, Partnership, Ltd)"
18,Devon County Council,22/06/2026,22106397,"1,375.00",BALES FARM OUTDOOR LEARNING LTD,377260,505816692,Dedicated Schools Grant,A44185,Other professional Services (Schools),R0082007,"DCC Business Entities (Sole Trade, Partnership, Ltd)"
18,Devon County Council,25/06/2026,22107722,"2,521.75",DISABILITY FOCUS,196975,222560930,Operations,B29020,VAT Incomings (Output Tax),R0453031,"DCC Business Entities (Sole Trade, Partnership, Ltd)"
18,Devon County Council,25/06/2026,22107723,"1,358.97",DISABILITY FOCUS,196975,222560930,Operations,B29020,VAT Incomings (Output Tax),R0453031,"DCC Business Entities (Sole Trade, Partnership, Ltd)"
18,Devon County Council,25/06/2026,22107729,"1,326.92",DISABILITY FOCUS,196975,222560930,Operations,B29020,VAT Incomings (Output Tax),R0453031,"DCC Business Entities (Sole Trade, Partnership, Ltd)"
18,Devon County Council,25/06/2026,22107732,"1,344.40",DISABILITY FOCUS,196975,222560930,Operations,B29020,VAT Incomings (Output Tax),R0453031,"DCC Business Entities (Sole Trade, Partnership, Ltd)"
18,Devon County Council,25/06/2026,22107735,"1,283.56",DISABILITY FOCUS,196975,222560930,Operations,B29020,VAT Incomings (Output Tax),R0453031,"DCC Business Entities (Sole Trade, Partnership, Ltd)"
18,Devon County Council,25/06/2026,22107744,"1,029.10",MEDICAL EXPERT WITNESS A LLP,364111,265001048,"Chief Exec, Legal & Democratic services",A44038,Fees,R0276001,"DCC Business Entities (Sole Trade, Partnership, Ltd)"
18,Devon County Council,25/06/2026,22107772,"1,300.17",DISABILITY FOCUS,196975,222560930,Operations,A61135,Direct Payments (Adults),R0453031,"DCC Business Entities (Sole Trade, Partnership, Ltd)"
18,Devon County Council,25/06/2026,22107779,"2,418.47",DISABILITY FOCUS,196975,222560930,Operations,A61135,Direct Payments (Adults),R0453031,"DCC Business Entities (Sole Trade, Partnership, Ltd)"
18,Devon County Council,25/06/2026,22107780,"1,211.59",DISABILITY FOCUS,196975,222560930,Operations,A61135,Direct Payments (Adults),R0453031,"DCC Business Entities (Sole Trade, Partnership, Ltd)"
18,Devon County Council,25/06/2026,22107791,"-4,536.70",THE LIBRA SCHOOL,136211,478671242,Dedicated Schools Grant,A61052,Independent Special School Fees,R0089003,"DCC Business Entities (Sole Trade, Partnership, Ltd)"
18,Devon County Council,25/06/2026,22107796,"6,544.74",THE LIBRA SCHOOL,136211,478671242,Dedicated Schools Grant,A61052,Independent Special School Fees,R0089003,"DCC Business Entities (Sole Trade, Partnership, Ltd)"
18,Devon County Council,25/06/2026,22107842,"8,849.40",THE APRICOT CENTRE CIC,341760,227454701,"Economy, Enterprise and Skills",A44038,Fees,R0546004,"DCC Business Entities (Sole Trade, Partnership, Ltd)"
18,Devon County Council,25/06/2026,22107845,"7,224.00",THE APRICOT CENTRE CIC,341760,227454701,"Economy, Enterprise and Skills",A44038,Fees,R0546004,"DCC Business Entities (Sole Trade, Partnership, Ltd)"
18,Devon County Council,25/06/2026,22107847,"4,460.40",THE APRICOT CENTRE CIC,341760,227454701,"Economy, Enterprise and Skills",A44038,Fees,R0546004,"DCC Business Entities (Sole Trade, Partnership, Ltd)"
18,Devon County Council,24/06/2026,150502266,"10,155.79",M Group Highways Limited,375383,927200546,Capital - Highways,C02051,Term Maintenance Contract,C0671007,"DCC Business Entities (Sole Trade, Partnership, Ltd)"
18,Devon County Council,24/06/2026,150502267,"7,689.85",M Group Highways Limited,375383,927200546,Capital - Highways,C02051,Term Maintenance Contract,C0671007,"DCC Business Entities (Sole Trade, Partnership, Ltd)"
18,Devon County Council,25/06/2026,22093875,"3,834.77",KEYS PCE LIMITED,363936,927104637,Dedicated Schools Grant,A61052,Independent Special School Fees,R0089003,"DCC Business Entities (Sole Trade, Partnership, Ltd)"
18,Devon County Council,25/06/2026,22097254,924.30,MCCONNELLS (MIDLANDS) LIMITED,271811,126055983,Capital - Highways,C02011,External Professional Fees,C0671005,"DCC Business Entities (Sole Trade, Partnership, Ltd)"
18,Devon County Council,25/06/2026,22101877,"3,324.38",NORSE SOUTH WEST LIMITED,279741,785421021,Capital other - Digital Technology & Business Services,C02011,External Professional Fees,C0651001,"DCC Business Entities (Sole Trade, Partnership, Ltd)"
18,Devon County Council,25/06/2026,22102548,"9,626.88",QUALITY MARKING SERVICES LIMITED,86608,777323994,Highways & Infrastructure Development,A49005,Other Hired & Contracting Services,R0552003,DCC CIS Suppliers
18,Devon County Council,25/06/2026,22102570,624.00,YOUNG DEVON (IVYBRIDGE),120708,,Children's Social Care,A22010,Hire of Rooms,R0139001,"DCC Business Entities (Sole Trade, Partnership, Ltd)"
18,Devon County Council,25/06/2026,22102572,"39,729.90",YOUNG DEVON (IVYBRIDGE),120708,,Children's Social Care,A62000,Supported Accommodation - Child,R0026003,"DCC Business Entities (Sole Trade, Partnership, Ltd)"
18,Devon County Council,25/06/2026,22102612,970.00,A C S TESTING LIMITED,232744,423818846,Highways & Infrastructure Development,A44038,Fees,R0550008,"DCC Business Entities (Sole Trade, Partnership, Ltd)"
18,Devon County Council,25/06/2026,22102664,"2,400.00",PROGRESSION SERVICES LIMITED,390181,439882639,Dedicated Schools Grant,A44185,Other professional Services (Schools),R0082007,"DCC Business Entities (Sole Trade, Partnership, Ltd)"
18,Devon County Council,25/06/2026,22102735,817.50,THE SPIRES COLLEGE,65501,142208211,Inclusion & Learning,A53012,Payments to Independent Units,R0101001,"DCC Business Entities (Sole Trade, Partnership, Ltd)"
18,Devon County Council,25/06/2026,22102847,"1,592.67",LIMITED ACCESS,211442,,"Transport Operations, Environment and Waste",A30010,Vehicles Repairs,R0584003,"DCC Business Entities (Sole Trade, Partnership, Ltd)"
18,Devon County Council,25/06/2026,22103027,"6,447.56",QUALITY MARKING SERVICES LIMITED,86608,777323994,Highways & Infrastructure Development,A49005,Other Hired & Contracting Services,R0556012,DCC CIS Suppliers
18,Devon County Council,25/06/2026,22104427,"4,446.00",DEAKIN ASSOCIATES LIMITED,389923,337671088,"Chief Exec, Legal & Democratic services",A44038,Fees,R0506002,"DCC Business Entities (Sole Trade, Partnership, Ltd)"
18,Devon County Council,25/06/2026,22104438,"1,292.00",DAISY PRE-SCHOOL,40313,,Transformation & Business Services,A62000,Supported Accommodation - Child,R0333028,"DCC Business Entities (Sole Trade, Partnership, Ltd)"
18,Devon County Council,25/06/2026,22104539,"2,830.70",DR SARAH SAUNDERS,318802,,"Chief Exec, Legal & Democratic services",A44038,Fees,R0506002,"DCC Business Entities (Sole Trade, Partnership, Ltd)"
18,Devon County Council,25/06/2026,22106115,"1,208.43",WESSEX TREE SURGEONS LIMITED,18324,382780231,Highways & Infrastructure Development,A49005,Other Hired & Contracting Services,R0553005,"DCC Business Entities (Sole Trade, Partnership, Ltd)"
18,Devon County Council,25/06/2026,22107321,877.69,Lred Psychological And Medical Consulting Limited,605337,,"Chief Exec, Legal & Democratic services",A44038,Fees,R0276001,"DCC Business Entities (Sole Trade, Partnership, Ltd)"
18,Devon County Council,25/06/2026,22107341,982.50,A C S TESTING LIMITED,232744,423818846,Highways & Infrastructure Development,A44038,Fees,R0550008,"DCC Business Entities (Sole Trade, Partnership, Ltd)"
18,Devon County Council,25/06/2026,22107396,"1,207.00",TRANSPLANT MASTERTRAIN,26916,585654691,Inclusion & Learning,A16015,Staff Training Expenses - Non Payroll,R0102001,"DCC Business Entities (Sole Trade, Partnership, Ltd)"
18,Devon County Council,25/06/2026,22107647,660.00,PLYMOUTH CITY COUNCIL (GENERAL AC,101612,144675845,Dedicated Schools Grant,A53040,Contributions to Educational Estabs (3rd,R0107001,"DCC Business Entities (Sole Trade, Partnership, Ltd)"
18,Devon County Council,25/06/2026,22107676,660.00,CABOT LEARNING FEDERATION,380275,117660616,Dedicated Schools Grant,A53040,Contributions to Educational Estabs (3rd,R0107001,"DCC Business Entities (Sole Trade, Partnership, Ltd)"
18,Devon County Council,25/06/2026,22107681,660.00,ASPIRE ACADEMY TRUST,336984,,Dedicated Schools Grant,A53040,Contributions to Educational Estabs (3rd,R0107001,"DCC Business Entities (Sole Trade, Partnership, Ltd)"
18,Devon County Council,25/06/2026,22107687,660.00,BRIDGE MULTI-ACADEMY TRUST,340204,,Dedicated Schools Grant,A53040,Contributions to Educational Estabs (3rd,R0107001,"DCC Business Entities (Sole Trade, Partnership, Ltd)"
18,Devon County Council,25/06/2026,22107730,"2,503.99",DISABILITY FOCUS,196975,222560930,Operations,A61135,Direct Payments (Adults),R0453031,"DCC Business Entities (Sole Trade, Partnership, Ltd)"
18,Devon County Council,25/06/2026,22107733,"2,574.03",DISABILITY FOCUS,196975,222560930,Operations,A61135,Direct Payments (Adults),R0453031,"DCC Business Entities (Sole Trade, Partnership, Ltd)"
18,Devon County Council,25/06/2026,22107751,"2,553.49",DISABILITY FOCUS,196975,222560930,Operations,B29020,VAT Incomings (Output Tax),R0453031,"DCC Business Entities (Sole Trade, Partnership, Ltd)"
18,Devon County Council,25/06/2026,22107855,"127,670.03",LATCHAM DIRECT,298309,942185912,Finance & Public Value,A43010,Printing,R0493001,"DCC Business Entities (Sole Trade, Partnership, Ltd)"
18,Devon County Council,25/06/2026,22108181,"2,382.84",GUINNESS PARTNERSHIP (OLDHAM),331198,603998709,Operations,A49105,Other Supplies & Services,R0489019,"DCC Business Entities (Sole Trade, Partnership, Ltd)"
18,Devon County Council,25/06/2026,150504501,"33,409.88",M Group Highways Limited,375383,927200546,Capital - Highways,C02051,Term Maintenance Contract,C0652001,"DCC Business Entities (Sole Trade, Partnership, Ltd)"
18,Devon County Council,26/06/2026,22102237,756.00,OCEAN HEALTHCARE (TRADING AS TAHER LIMITED),346692,776836374,Children's Social Care,A61200,Community based care,R0044004,"DCC Business Entities (Sole Trade, Partnership, Ltd)"
18,Devon County Council,26/06/2026,22102853,500.00,CORNWALL COLLEGE GROUP,399460,591326632,"Economy, Enterprise and Skills",A62105,Miscellaneous expenditure,R0542001,"DCC Business Entities (Sole Trade, Partnership, Ltd)"
18,Devon County Council,26/06/2026,22103108,747.50,BRIXHAM COLLEGE,61531,142208211,Inclusion & Learning,A53012,Payments to Independent Units,R0101001,"DCC Business Entities (Sole Trade, Partnership, Ltd)"
18,Devon County Council,26/06/2026,22103113,"5,140.85",JEREMY BENN ASSOCIATES LIMITED,321667,665300941,"Capital - Planning, Transportation and Environment",C02009,Works,C0671012,"DCC Business Entities (Sole Trade, Partnership, Ltd)"
18,Devon County Council,26/06/2026,22103146,"10,300.40",CITY COLLEGE PLYMOUTH,13507,591390916,"Economy, Enterprise and Skills",A44038,Fees,R0546004,"DCC Business Entities (Sole Trade, Partnership, Ltd)"
18,Devon County Council,26/06/2026,22103222,510.00,Lighter Learning,602325,,Dedicated Schools Grant,A44185,Other professional Services (Schools),R0082007,"DCC Business Entities (Sole Trade, Partnership, Ltd)"
18,Devon County Council,26/06/2026,22103292,"1,140.00",PHOEBE WOODS LIMITED,367261,,Dedicated Schools Grant,A44185,Other professional Services (Schools),R0082006,"DCC Business Entities (Sole Trade, Partnership, Ltd)"
18,Devon County Council,26/06/2026,22103510,945.82,SAFESTORE LIMITED,150134,722887607,"Economy, Enterprise and Skills",A22005,Building Rents,R0539001,"DCC Business Entities (Sole Trade, Partnership, Ltd)"
18,Devon County Council,26/06/2026,22103828,756.00,OCEAN HEALTHCARE (TRADING AS TAHER LIMITED),346692,776836374,Children's Social Care,A61200,Community based care,R0044004,"DCC Business Entities (Sole Trade, Partnership, Ltd)"
18,Devon County Council,26/06/2026,22104288,"2,337.17",N H S PROPERTY SERVICES LIMITED,348466,156725100,Public Health Nursing,A22005,Building Rents,R0019003,"DCC Business Entities (Sole Trade, Partnership, Ltd)"
18,Devon County Council,26/06/2026,22104295,"2,086.38",N H S PROPERTY SERVICES LIMITED,348466,156725100,Public Health Nursing,A22005,Building Rents,R0019003,"DCC Business Entities (Sole Trade, Partnership, Ltd)"
18,Devon County Council,22/06/2026,22106701,"68,567.26",MIME HEURISTICS COMMUNITY INTEREST COMPANY,397303,,Dedicated Schools Grant,A61052,Independent Special School Fees,R0089003,"DCC Business Entities (Sole Trade, Partnership, Ltd)"
18,Devon County Council,22/06/2026,22106728,"13,518.00",ACCESS INDEPENDENT,362868,158078583,"Chief Exec, Legal & Democratic services",A44038,Fees,R0291003,"DCC Business Entities (Sole Trade, Partnership, Ltd)"
18,Devon County Council,22/06/2026,22106774,500.00,Teignmouth Regatta,601125,,Communities,A52010,"Grants to voluntary, community and social enterprise organisations",R0534006,"DCC Business Entities (Sole Trade, Partnership, Ltd)"
18,Devon County Council,22/06/2026,22106779,500.00,BISHOPSTEIGNTON VILLAGE FESTIVAL,379055,,Communities,A52010,"Grants to voluntary, community and social enterprise organisations",R0534006,"DCC Business Entities (Sole Trade, Partnership, Ltd)"
18,Devon County Council,22/06/2026,22106835,"17,550.00",KENNFORD TARMACADAM LIMITED,24534,976391178,Capital - Highways,C02009,Works,C0652001,DCC CIS Suppliers
18,Devon County Council,23/06/2026,22085091,"1,692.00",THE OUTDOORS GROUP *57*,362971,312604642,Dedicated Schools Grant,A44185,Other professional Services (Schools),R0082002,"DCC Business Entities (Sole Trade, Partnership, Ltd)"
18,Devon County Council,23/06/2026,22100439,"15,648.43",HOLCIM UK LIMITED,21683,533260571,Capital - Highways,C02009,Works,C0652001,"DCC Business Entities (Sole Trade, Partnership, Ltd)"
18,Devon County Council,23/06/2026,22101658,"-22,094.00",Phoenix Children's Homes Ltd,605130,480641981,Dedicated Schools Grant,A61052,Independent Special School Fees,R0089003,"DCC Business Entities (Sole Trade, Partnership, Ltd)"
18,Devon County Council,23/06/2026,22102352,660.00,ROOTS AND BLOOMS,398675,,Children's Social Care,A61060,Support for Children in Care,R0106002,"DCC Business Entities (Sole Trade, Partnership, Ltd)"
18,Devon County Council,23/06/2026,22103543,630.00,CHROMA THERAPIES LIMITED TRADING AS CHROMA,350258,,P-Ledger - Separate Legal Entity,A61060,Support for Children in Care,P0432008,"DCC Business Entities (Sole Trade, Partnership, Ltd)"
18,Devon County Council,23/06/2026,22105469,"78,858.21",MARINE & CIVIL SOLUTIONS LIMITED,283395,431868383,Capital - Highways,C02009,Works,C0652001,DCC CIS Suppliers
18,Devon County Council,23/06/2026,22106523,774.00,BROWNE JACOBSON LLP,190677,116396270,"Chief Exec, Legal & Democratic services",A44968,Legal & Conveyancing Charges,R0288001,"DCC Business Entities (Sole Trade, Partnership, Ltd)"
18,Devon County Council,23/06/2026,22106675,"13,464.00",BLUE SCREEN IT TRADING AS BIT GROUP,228948,855461116,"Economy, Enterprise and Skills",A44038,Fees,R0546009,"DCC Business Entities (Sole Trade, Partnership, Ltd)"
18,Devon County Council,23/06/2026,22106927,"1,739.50",WILLIAMS MEDICAL SUPPLIES LIMITED,179318,902994703,Public Health Nursing,A46010,Medical consumables,R0019007,"DCC Business Entities (Sole Trade, Partnership, Ltd)"
18,Devon County Council,23/06/2026,22106991,"1,110.00",SAM CASTLEHOUSE,371724,342940112,"Chief Exec, Legal & Democratic services",A44968,Legal & Conveyancing Charges,R0276001,"DCC Business Entities (Sole Trade, Partnership, Ltd)"
18,Devon County Council,23/06/2026,22107063,"2,465.00",POLES APART AP LIMITED,382940,415121054,Dedicated Schools Grant,A44185,Other professional Services (Schools),R0082007,"DCC Business Entities (Sole Trade, Partnership, Ltd)"
18,Devon County Council,23/06/2026,22107128,767.44,OCEAN HEALTHCARE,371633,776836374,Operations,A11015,Other Agency Staff,R0253002,"DCC Business Entities (Sole Trade, Partnership, Ltd)"
18,Devon County Council,23/06/2026,22107221,"3,000.00",CONRAD HALLIN,375972,888003801,"Chief Exec, Legal & Democratic services",A44968,Legal & Conveyancing Charges,R0274001,"DCC Business Entities (Sole Trade, Partnership, Ltd)"
18,Devon County Council,23/06/2026,22107302,"1,361.34",Chloe Walker,605341,,"Chief Exec, Legal & Democratic services",A44038,Fees,R0276001,"DCC Business Entities (Sole Trade, Partnership, Ltd)"
18,Devon County Council,24/06/2026,22095372,"4,392.59",NORSE SOUTH WEST LIMITED,279741,785421021,Transformation & Business Services,A46100,Main / Term Contractor,R0334004,"DCC Business Entities (Sole Trade, Partnership, Ltd)"
18,Devon County Council,24/06/2026,22100457,"1,284.36",Elmtree Learning Partnership Ltd,601452,494225084,Dedicated Schools Grant,A44185,Other professional Services (Schools),R0082007,"DCC Business Entities (Sole Trade, Partnership, Ltd)"
18,Devon County Council,24/06/2026,22100462,"9,183.83",Elmtree Learning Partnership Ltd,601452,494225084,Dedicated Schools Grant,A44185,Other professional Services (Schools),R0082007,"DCC Business Entities (Sole Trade, Partnership, Ltd)"
18,Devon County Council,24/06/2026,22101926,"22,180.08",EAT THAT FROG COMMUNITY INTEREST COMPANY,313920,310725148,Dedicated Schools Grant,A61052,Independent Special School Fees,R0089003,"DCC Business Entities (Sole Trade, Partnership, Ltd)"
18,Devon County Council,24/06/2026,22102200,"1,775.53",HELEN SMART,373015,,"Transport Operations, Environment and Waste",A44038,Fees,R0615001,"DCC Business Entities (Sole Trade, Partnership, Ltd)"
18,Devon County Council,24/06/2026,22102262,800.00,PROGRESSION SERVICES LIMITED,390181,439882639,Dedicated Schools Grant,A44185,Other professional Services (Schools),R0082007,"DCC Business Entities (Sole Trade, Partnership, Ltd)"
18,Devon County Council,24/06/2026,22102265,"1,242.00",TUTE EDUCATION LIMITED,307284,902188441,Dedicated Schools Grant,A44180,Services for Educational Estabs - Devon,R0010004,"DCC Business Entities (Sole Trade, Partnership, Ltd)"
18,Devon County Council,24/06/2026,22102274,"8,353.66",SPORTS CLUBHOUSES,370863,171688381,"Capital - Planning, Transportation and Environment",C02011,External Professional Fees,C0671003,"DCC Business Entities (Sole Trade, Partnership, Ltd)"
18,Devon County Council,25/06/2026,22107760,"2,836.58",DISABILITY FOCUS,196975,222560930,Operations,A61135,Direct Payments (Adults),R0453031,"DCC Business Entities (Sole Trade, Partnership, Ltd)"
18,Devon County Council,25/06/2026,22107767,"1,302.79",DISABILITY FOCUS,196975,222560930,Operations,A61135,Direct Payments (Adults),R0453031,"DCC Business Entities (Sole Trade, Partnership, Ltd)"
18,Devon County Council,25/06/2026,22107776,"1,230.25",DISABILITY FOCUS,196975,222560930,Operations,A61135,Direct Payments (Adults),R0453031,"DCC Business Entities (Sole Trade, Partnership, Ltd)"
18,Devon County Council,25/06/2026,22107797,"3,920.94",THE LIBRA SCHOOL,136211,478671242,Dedicated Schools Grant,A61052,Independent Special School Fees,R0089003,"DCC Business Entities (Sole Trade, Partnership, Ltd)"
18,Devon County Council,25/06/2026,22107839,"2,268.00",THE APRICOT CENTRE CIC,341760,227454701,"Economy, Enterprise and Skills",A44038,Fees,R0546004,"DCC Business Entities (Sole Trade, Partnership, Ltd)"
18,Devon County Council,25/06/2026,22108117,"44,232.42",TRINITY SCHOOL,62170,481002235,Dedicated Schools Grant,A61052,Independent Special School Fees,R0089003,"DCC Business Entities (Sole Trade, Partnership, Ltd)"
18,Devon County Council,25/06/2026,22108184,503.20,GUINNESS PARTNERSHIP (OLDHAM),331198,603998709,Operations,A49105,Other Supplies & Services,R0489019,"DCC Business Entities (Sole Trade, Partnership, Ltd)"
18,Devon County Council,25/06/2026,150504502,"11,094.81",M Group Highways Limited,375383,927200546,Capital - Highways,C02051,Term Maintenance Contract,C0652001,"DCC Business Entities (Sole Trade, Partnership, Ltd)"
18,Devon County Council,26/06/2026,22013592,"-1,500.00",TEMPCON INSTRUMENTATION LIMITED,5375,322039106,"Economy, Enterprise and Skills",A44038,Fees,R0547001,"DCC Business Entities (Sole Trade, Partnership, Ltd)"
18,Devon County Council,26/06/2026,22103013,"2,376.00",TUTE EDUCATION LIMITED,307284,902188441,Dedicated Schools Grant,A44185,Other professional Services (Schools),R0082007,"DCC Business Entities (Sole Trade, Partnership, Ltd)"
18,Devon County Council,26/06/2026,22103061,"4,000.00",Mpd Executive Consultants Ltd,600791,,"Chief Exec, Legal & Democratic services",A44038,Fees,R0282001,"DCC Business Entities (Sole Trade, Partnership, Ltd)"
18,Devon County Council,26/06/2026,22103126,"2,372.72",JEREMY BENN ASSOCIATES LIMITED,321667,665300941,"Capital - Planning, Transportation and Environment",C02009,Works,C0671012,"DCC Business Entities (Sole Trade, Partnership, Ltd)"
18,Devon County Council,26/06/2026,22103162,"2,540.61",COSMIC (HONITON),103322,684759473,"Economy, Enterprise and Skills",A44038,Fees,R0546004,"DCC Business Entities (Sole Trade, Partnership, Ltd)"
18,Devon County Council,26/06/2026,22103163,731.80,FIVE STAR MAINTENANCE,69842,679580867,Transformation & Business Services,A20005,"Property Repairs, Maintenance & Alterations (programmed)",R0333026,DCC CIS Suppliers
18,Devon County Council,26/06/2026,22104298,"6,088.97",N H S PROPERTY SERVICES LIMITED,348466,156725100,Children's Social Care,A22005,Building Rents,R0095005,"DCC Business Entities (Sole Trade, Partnership, Ltd)"
18,Devon County Council,26/06/2026,22104303,"2,450.01",N H S PROPERTY SERVICES LIMITED,348466,156725100,Children's Social Care,A22005,Building Rents,R0095004,"DCC Business Entities (Sole Trade, Partnership, Ltd)"
18,Devon County Council,26/06/2026,22104801,756.00,OCEAN HEALTHCARE (TRADING AS TAHER LIMITED),346692,776836374,Children's Social Care,A61200,Community based care,R0044004,"DCC Business Entities (Sole Trade, Partnership, Ltd)"
18,Devon County Council,26/06/2026,22105030,"10,568.91",WESTCOUNTRY HOUSING,264341,918221242,Children's Social Care,A62000,Supported Accommodation - Child,R0026003,"DCC Business Entities (Sole Trade, Partnership, Ltd)"
18,Devon County Council,26/06/2026,22108176,"32,887.50",NEVADA CONSTRUCTION LIMITED,274778,101379251,Capital - Children & Schools Expansions,C02009,Works,C0657001,DCC CIS Suppliers
18,Devon County Council,26/06/2026,22108248,"5,813.06",M Group Highways Limited,375383,927200546,Capital - Highways,C02009,Works,C0652001,"DCC Business Entities (Sole Trade, Partnership, Ltd)"
18,Devon County Council,26/06/2026,22108268,"-1,090.25",NORSE SOUTH WEST LIMITED,279741,785421021,Finance & Public Value,A93370,Admin Income,R0214001,"DCC Business Entities (Sole Trade, Partnership, Ltd)"
18,Devon County Council,29/06/2026,22103410,500.00,HAIR AT THE ACADEMY LIMITED,321949,,Children's Social Care,A44038,Fees,R0015003,"DCC Business Entities (Sole Trade, Partnership, Ltd)"
18,Devon County Council,29/06/2026,22103506,"2,100.00",NIGEL WRAITH,169881,860877194,Other PH Services,A44968,Legal & Conveyancing Charges,R0548001,"DCC Business Entities (Sole Trade, Partnership, Ltd)"
18,Devon County Council,29/06/2026,22103511,"4,043.04",CLEANSING SERVICE GROUP LIMITED,18365,369922701,"Transport Operations, Environment and Waste",A46100,Main / Term Contractor,R0601001,"DCC Business Entities (Sole Trade, Partnership, Ltd)"
18,Devon County Council,29/06/2026,22103514,"1,471.75",TEAM EDUCATE LIMITED BACS,374563,336808777,Dedicated Schools Grant,A44185,Other professional Services (Schools),R0082007,"DCC Business Entities (Sole Trade, Partnership, Ltd)"
18,Devon County Council,29/06/2026,22103515,"1,446.50",TEAM EDUCATE LIMITED BACS,374563,336808777,Dedicated Schools Grant,A44185,Other professional Services (Schools),R0082007,"DCC Business Entities (Sole Trade, Partnership, Ltd)"
18,Devon County Council,29/06/2026,22103517,"1,069.37",TEAM EDUCATE LIMITED BACS,374563,336808777,Dedicated Schools Grant,A44185,Other professional Services (Schools),R0082007,"DCC Business Entities (Sole Trade, Partnership, Ltd)"
18,Devon County Council,29/06/2026,22103522,761.25,TEAM EDUCATE LIMITED BACS,374563,336808777,Dedicated Schools Grant,A49006,Bought in Professnl Servs-Curric,R0107001,"DCC Business Entities (Sole Trade, Partnership, Ltd)"
18,Devon County Council,29/06/2026,22103524,"1,323.92",TEAM EDUCATE LIMITED BACS,374563,336808777,Dedicated Schools Grant,A44185,Other professional Services (Schools),R0082007,"DCC Business Entities (Sole Trade, Partnership, Ltd)"
18,Devon County Council,29/06/2026,22103663,"2,990.00",DEVON PATHWAYS LTD,383486,392542678,Dedicated Schools Grant,A44180,Services for Educational Estabs - Devon,R0010004,"DCC Business Entities (Sole Trade, Partnership, Ltd)"
18,Devon County Council,29/06/2026,22103665,"2,392.00",DEVON PATHWAYS LTD,383486,392542678,Dedicated Schools Grant,A44185,Other professional Services (Schools),R0082007,"DCC Business Entities (Sole Trade, Partnership, Ltd)"
18,Devon County Council,29/06/2026,22103685,897.00,DEVON PATHWAYS LTD,383486,392542678,Dedicated Schools Grant,A44185,Other professional Services (Schools),R0082007,"DCC Business Entities (Sole Trade, Partnership, Ltd)"
18,Devon County Council,29/06/2026,22103842,"2,050.00",SYMMONS MADGE ASSOCIATES LLP,172265,540856832,Highways & Infrastructure Development,A16015,Staff Training Expenses - Non Payroll,R0558001,"DCC Business Entities (Sole Trade, Partnership, Ltd)"
18,Devon County Council,29/06/2026,22103881,"4,424.00",DEVON PATHWAYS LTD,383486,392542678,Dedicated Schools Grant,A44185,Other professional Services (Schools),R0082007,"DCC Business Entities (Sole Trade, Partnership, Ltd)"
18,Devon County Council,29/06/2026,22103887,"1,053.22",DEVON PATHWAYS LTD,383486,392542678,Dedicated Schools Grant,A44185,Other professional Services (Schools),R0082007,"DCC Business Entities (Sole Trade, Partnership, Ltd)"
18,Devon County Council,29/06/2026,22103919,540.00,SARAH BADGER,357059,,P-Ledger - Separate Legal Entity,A61060,Support for Children in Care,P0432008,"DCC Business Entities (Sole Trade, Partnership, Ltd)"
18,Devon County Council,29/06/2026,22104101,"1,236.67",Corffe Limited,379296,261087120,Dedicated Schools Grant,A44185,Other professional Services (Schools),R0082002,"DCC Business Entities (Sole Trade, Partnership, Ltd)"
18,Devon County Council,29/06/2026,22104481,952.00,LIBRARIES UNLIMITED SOUTH WEST,334595,235429115,Public Health Nursing,A22010,Hire of Rooms,R0019004,"DCC Business Entities (Sole Trade, Partnership, Ltd)"
18,Devon County Council,29/06/2026,22104849,568.00,HOGREFE LIMITED,283280,385794588,Inclusion & Learning,A43015,Stationery,R0061001,"DCC Business Entities (Sole Trade, Partnership, Ltd)"
18,Devon County Council,29/06/2026,22104911,595.00,I Design,601440,475642367,Inclusion & Learning,A43010,Printing,R0029011,"DCC Business Entities (Sole Trade, Partnership, Ltd)"
18,Devon County Council,29/06/2026,22105152,"4,000.00",JIES INTERVENTION & ENABLING,389460,,Dedicated Schools Grant,A44185,Other professional Services (Schools),R0082007,"DCC Business Entities (Sole Trade, Partnership, Ltd)"
18,Devon County Council,24/06/2026,22102275,883.20,TUTE EDUCATION LIMITED,307284,902188441,Dedicated Schools Grant,A44180,Services for Educational Estabs - Devon,R0010004,"DCC Business Entities (Sole Trade, Partnership, Ltd)"
18,Devon County Council,24/06/2026,22102281,735.00,TREE TOPS PLANNING,381214,,"Transport Operations, Environment and Waste",A44038,Fees,R0640007,"DCC Business Entities (Sole Trade, Partnership, Ltd)"
18,Devon County Council,24/06/2026,22102284,900.00,LIVE TO LEARN EDUCATION LIMITED,380514,444356785,Dedicated Schools Grant,A44185,Other professional Services (Schools),R0082007,"DCC Business Entities (Sole Trade, Partnership, Ltd)"
18,Devon County Council,24/06/2026,22102287,"2,510.00",LIVE TO LEARN EDUCATION LIMITED,380514,444356785,Dedicated Schools Grant,A44185,Other professional Services (Schools),R0082007,"DCC Business Entities (Sole Trade, Partnership, Ltd)"
18,Devon County Council,24/06/2026,22102290,"1,465.00",LIVE TO LEARN EDUCATION LIMITED,380514,444356785,Dedicated Schools Grant,A44185,Other professional Services (Schools),R0082007,"DCC Business Entities (Sole Trade, Partnership, Ltd)"
18,Devon County Council,24/06/2026,22102294,"2,608.00",LIVE TO LEARN EDUCATION LIMITED,380514,444356785,Dedicated Schools Grant,A44185,Other professional Services (Schools),R0082007,"DCC Business Entities (Sole Trade, Partnership, Ltd)"
18,Devon County Council,24/06/2026,22102306,"2,308.00",LIVE TO LEARN EDUCATION LIMITED,380514,444356785,Dedicated Schools Grant,A44185,Other professional Services (Schools),R0082007,"DCC Business Entities (Sole Trade, Partnership, Ltd)"
18,Devon County Council,24/06/2026,22102330,"1,050.00",Sarah Phillimore,293270,726113168,"Chief Exec, Legal & Democratic services",A44968,Legal & Conveyancing Charges,R0276001,"DCC Business Entities (Sole Trade, Partnership, Ltd)"
18,Devon County Council,24/06/2026,22102334,536.64,PATHFIELD ACTIVITIES CLUB YTH GP,201320,,Children's Social Care,A61200,Community based care,R0046004,"DCC Business Entities (Sole Trade, Partnership, Ltd)"
18,Devon County Council,24/06/2026,22102346,"73,882.96",SOUTH DEVON COLLEGE,23677,585836291,Capital - SEND Schools,C02009,Works,C0660001,"DCC Business Entities (Sole Trade, Partnership, Ltd)"
18,Devon County Council,24/06/2026,22102392,"4,948.10",HORWOOD COOMBE INSPIRE LIMITED,315946,481864066,Dedicated Schools Grant,A61052,Independent Special School Fees,R0089003,"DCC Business Entities (Sole Trade, Partnership, Ltd)"
18,Devon County Council,24/06/2026,22102395,"6,618.84",HORWOOD COOMBE INSPIRE LIMITED,315946,481864066,Dedicated Schools Grant,A61052,Independent Special School Fees,R0089003,"DCC Business Entities (Sole Trade, Partnership, Ltd)"
18,Devon County Council,24/06/2026,22102457,"1,504.51",SWIFT CARE SERVICES LIMITED,403733,,Children's Social Care,A61200,Community based care,R0044004,"DCC Business Entities (Sole Trade, Partnership, Ltd)"
18,Devon County Council,29/06/2026,22105231,-924.00,SOUTHWEST INTERVENTION SERVICES,333291,440830321,Children's Social Care,A61200,Community based care,R0044004,"DCC Business Entities (Sole Trade, Partnership, Ltd)"
18,Devon County Council,29/06/2026,22105975,650.00,Daisy Barrows,605273,513252038,"Chief Exec, Legal & Democratic services",A44968,Legal & Conveyancing Charges,R0276001,"DCC Business Entities (Sole Trade, Partnership, Ltd)"
18,Devon County Council,29/06/2026,22106421,906.00,A & T SERVICES LIMITED,404480,557473118,"Transport Operations, Environment and Waste",A46100,Main / Term Contractor,R0601001,"DCC Business Entities (Sole Trade, Partnership, Ltd)"
18,Devon County Council,29/06/2026,22107011,"1,694.60",ASPIRE SOCIAL WORK SERVICES LIMITED,329159,261463708,"Chief Exec, Legal & Democratic services",A44038,Fees,R0276001,"DCC Business Entities (Sole Trade, Partnership, Ltd)"
18,Devon County Council,29/06/2026,22107020,"1,230.00",ASPIRE SOCIAL WORK SERVICES LIMITED,329159,261463708,"Chief Exec, Legal & Democratic services",A44038,Fees,R0276001,"DCC Business Entities (Sole Trade, Partnership, Ltd)"
18,Devon County Council,29/06/2026,22107048,"2,500.00",UX2 LIMITED,388014,235329022,Dedicated Schools Grant,A44180,Services for Educational Estabs - Devon,R0010004,"DCC Business Entities (Sole Trade, Partnership, Ltd)"
18,Devon County Council,29/06/2026,22107436,"27,382.45",CORMAC CONTRACTING LIMITED,364276,247160514,Capital - Highways,C02009,Works,C0671008,"DCC Business Entities (Sole Trade, Partnership, Ltd)"
18,Devon County Council,29/06/2026,22107499,"3,872.90",THE COLOUR WORKS INTERNATIONAL LIMITED,394321,825444822,Children's Social Care,A16015,Staff Training Expenses - Non Payroll,R0129001,"DCC Business Entities (Sole Trade, Partnership, Ltd)"
18,Devon County Council,29/06/2026,22107754,"2,501.58",TEIGN TREES & LANDSCAPES SOUTH WEST LIMITED,209228,250371238,Highways & Infrastructure Development,A46100,Main / Term Contractor,R0567007,DCC CIS Suppliers
18,Devon County Council,29/06/2026,22108265,941.38,NETWORK RAIL,195364,798650956,Capital - Highways,C02009,Works,C0652001,"DCC Business Entities (Sole Trade, Partnership, Ltd)"
18,Devon County Council,29/06/2026,22108463,"1,000.00",Bideford Amateur Rowing Club,605481,,Communities,A52010,"Grants to voluntary, community and social enterprise organisations",R0535002,"DCC Business Entities (Sole Trade, Partnership, Ltd)"
18,Devon County Council,29/06/2026,22108466,"1,000.00",DTC Youth Theatre,605482,,Communities,A52010,"Grants to voluntary, community and social enterprise organisations",R0535002,"DCC Business Entities (Sole Trade, Partnership, Ltd)"
18,Devon County Council,29/06/2026,22108469,"1,000.00",KINGSTON PARISH COUNCIL,100672,,Communities,A52010,"Grants to voluntary, community and social enterprise organisations",R0535002,"DCC Business Entities (Sole Trade, Partnership, Ltd)"
18,Devon County Council,24/06/2026,22102607,"25,321.26",MOUNTJOY SCHOOL,307212,,Dedicated Schools Grant,A53035,Other Recoupment Expenditure (3rd),R0111004,"DCC Business Entities (Sole Trade, Partnership, Ltd)"
18,Devon County Council,24/06/2026,22102647,"1,080.00",SWIFT CARE SERVICES LIMITED,403733,,Children's Social Care,A61200,Community based care,R0044004,"DCC Business Entities (Sole Trade, Partnership, Ltd)"
18,Devon County Council,24/06/2026,22102727,"1,977.60",THE HUSBANDRY SCHOOL,304475,333694095,Dedicated Schools Grant,A44185,Other professional Services (Schools),R0082007,"DCC Business Entities (Sole Trade, Partnership, Ltd)"
18,Devon County Council,24/06/2026,22102893,"10,649.92",SME HCI LIMITED TRADING AS VIVUP,397379,477991617,People and Culture,A44038,Fees,R0502001,"DCC Business Entities (Sole Trade, Partnership, Ltd)"
18,Devon County Council,24/06/2026,22103032,"1,384.87",ARMADA SOCIAL WORK SERVICES LIMITED,382784,395853540,"Chief Exec, Legal & Democratic services",A44038,Fees,R0276001,"DCC Business Entities (Sole Trade, Partnership, Ltd)"
18,Devon County Council,24/06/2026,22103662,"1,410.60",CLEARCARE SOLUTIONS LIMITED,338141,181537403,Children's Social Care,A45040,IT Software,R0095007,"DCC Business Entities (Sole Trade, Partnership, Ltd)"
18,Devon County Council,24/06/2026,22103867,"3,750.00",COOK D S DR,288001,250074342,"Chief Exec, Legal & Democratic services",A44038,Fees,R0506002,"DCC Business Entities (Sole Trade, Partnership, Ltd)"
18,Devon County Council,24/06/2026,22104861,"2,938.30",DR JOHN JACKSON,403926,,"Chief Exec, Legal & Democratic services",A44038,Fees,R0506002,"DCC Business Entities (Sole Trade, Partnership, Ltd)"
18,Devon County Council,24/06/2026,22106150,"22,882.94",MERCURY CONSTRUCTION (SOUTH WEST)  LIMITED,250527,892673673,Capital - Schools Maintenance & Improvements,C02009,Works,C0658001,DCC CIS Suppliers
18,Devon County Council,24/06/2026,22106262,"1,121.49",KENT COUNTY COUNCIL,83992,204269191,Transformation & Business Services,A21005,Electricity,R0333026,"DCC Business Entities (Sole Trade, Partnership, Ltd)"
18,Devon County Council,24/06/2026,22106271,"1,427.89",KENT COUNTY COUNCIL,83992,204269191,Transformation & Business Services,A21005,Electricity,R0333026,"DCC Business Entities (Sole Trade, Partnership, Ltd)"
18,Devon County Council,24/06/2026,22106285,"3,754.51",KENT COUNTY COUNCIL,83992,204269191,Transformation & Business Services,A21005,Electricity,R0333026,"DCC Business Entities (Sole Trade, Partnership, Ltd)"
18,Devon County Council,24/06/2026,22107308,750.00,COMMUNITY RESOURCES (DEVON) COMMUNITY INTEREST COMPANY,203879,,Communities,A52010,"Grants to voluntary, community and social enterprise organisations",R0535002,"DCC Business Entities (Sole Trade, Partnership, Ltd)"
18,Devon County Council,24/06/2026,22107310,600.00,WILLOWBANK PARENTS TEACHERS AND FRIENDS ASSOCIATION,601126,,Communities,A52010,"Grants to voluntary, community and social enterprise organisations",R0535002,"DCC Business Entities (Sole Trade, Partnership, Ltd)"
18,Devon County Council,26/06/2026,22104034,"10,888.50",PROMOTING INDEPENDENT CARE LIMITED,376159,,Children's Social Care,A11005,Agency Supply Staff,R0095009,"DCC Business Entities (Sole Trade, Partnership, Ltd)"
18,Devon County Council,26/06/2026,22104290,"7,018.26",N H S PROPERTY SERVICES LIMITED,348466,156725100,Children's Social Care,A22005,Building Rents,R0095009,"DCC Business Entities (Sole Trade, Partnership, Ltd)"
18,Devon County Council,26/06/2026,22104291,"8,787.50",N H S PROPERTY SERVICES LIMITED,348466,156725100,Children's Social Care,A22005,Building Rents,R0095004,"DCC Business Entities (Sole Trade, Partnership, Ltd)"
18,Devon County Council,26/06/2026,22104302,"2,225.14",N H S PROPERTY SERVICES LIMITED,348466,156725100,Public Health Nursing,A22005,Building Rents,R0019003,"DCC Business Entities (Sole Trade, Partnership, Ltd)"
18,Devon County Council,26/06/2026,22106512,"24,300.00",TEIGN TREES & LANDSCAPES SOUTH WEST LIMITED,209228,250371238,"Capital - Planning, Transportation and Environment",C02009,Works,C0671003,DCC CIS Suppliers
18,Devon County Council,26/06/2026,22107515,"1,105.41",TEMPCON INSTRUMENTATION LIMITED,5375,322039106,"Economy, Enterprise and Skills",A44038,Fees,R0547001,"DCC Business Entities (Sole Trade, Partnership, Ltd)"
18,Devon County Council,29/06/2026,22097034,-635.04,ST SIDWELLS CENTRE,65554,,Communities,A44038,Fees,R0530004,"DCC Business Entities (Sole Trade, Partnership, Ltd)"
18,Devon County Council,29/06/2026,22101910,"-2,480.00",PHOENIX LEARNING AND CARE LIMITED,88421,480641981,Dedicated Schools Grant,A61052,Independent Special School Fees,R0089003,"DCC Business Entities (Sole Trade, Partnership, Ltd)"
18,Devon County Council,29/06/2026,22103512,"9,697.76",AIDS4DAILYLIVING,139021,143365478,P-Ledger - Separate Legal Entity,A61054,Equipment (Care),P0391002,"DCC Business Entities (Sole Trade, Partnership, Ltd)"
18,Devon County Council,29/06/2026,22103533,964.32,TEAM EDUCATE LIMITED BACS,374563,336808777,Dedicated Schools Grant,A44185,Other professional Services (Schools),R0082007,"DCC Business Entities (Sole Trade, Partnership, Ltd)"
18,Devon County Council,29/06/2026,22103548,"1,794.00",DEVON PATHWAYS LTD,383486,392542678,Dedicated Schools Grant,A44185,Other professional Services (Schools),R0082007,"DCC Business Entities (Sole Trade, Partnership, Ltd)"
18,Devon County Council,29/06/2026,22103572,750.00,Sarah Phillimore,293270,726113168,"Chief Exec, Legal & Democratic services",A44968,Legal & Conveyancing Charges,R0276001,"DCC Business Entities (Sole Trade, Partnership, Ltd)"
18,Devon County Council,29/06/2026,22103592,"1,153.48",NORTH DEVON COUNCIL (AC 03953785),326313,144711092,Transformation & Business Services,A27015,Refuse Collection,R0333026,"DCC Business Entities (Sole Trade, Partnership, Ltd)"
18,Devon County Council,29/06/2026,22103666,"1,495.00",DEVON PATHWAYS LTD,383486,392542678,Dedicated Schools Grant,A44185,Other professional Services (Schools),R0082007,"DCC Business Entities (Sole Trade, Partnership, Ltd)"
18,Devon County Council,29/06/2026,22108494,"1,000.00",SOUTH DEVON STREET BAND COMMUNITY INTEREST COMPANY,394237,,Communities,A52010,"Grants to voluntary, community and social enterprise organisations",R0535002,"DCC Business Entities (Sole Trade, Partnership, Ltd)"
18,Devon County Council,29/06/2026,22108495,"1,000.00",MUSIC IN DEVON INITIATIVE COMMUNITY INTEREST COMPANY,370296,,Communities,A52010,"Grants to voluntary, community and social enterprise organisations",R0535002,"DCC Business Entities (Sole Trade, Partnership, Ltd)"
18,Devon County Council,29/06/2026,22108497,"1,000.00",MAKE SOUTHWEST,383175,372136705,Communities,A52010,"Grants to voluntary, community and social enterprise organisations",R0535002,"DCC Business Entities (Sole Trade, Partnership, Ltd)"
18,Devon County Council,29/06/2026,22108515,"1,000.00",TEACHERS ROCK CHOIR LIMITED,345725,,Communities,A52010,"Grants to voluntary, community and social enterprise organisations",R0535002,"DCC Business Entities (Sole Trade, Partnership, Ltd)"
18,Devon County Council,29/06/2026,22108519,"1,000.00",DAWLISH ACTION FOR YOUTH,186203,,Communities,A52010,"Grants to voluntary, community and social enterprise organisations",R0535002,"DCC Business Entities (Sole Trade, Partnership, Ltd)"
18,Devon County Council,29/06/2026,22108522,"1,000.00",Talk Action,602559,,Communities,A52010,"Grants to voluntary, community and social enterprise organisations",R0535002,"DCC Business Entities (Sole Trade, Partnership, Ltd)"
18,Devon County Council,29/06/2026,22108667,"6,750.00",ST SIDWELLS CENTRE,65554,,Communities,A52010,"Grants to voluntary, community and social enterprise organisations",R0530012,"DCC Business Entities (Sole Trade, Partnership, Ltd)"
18,Devon County Council,29/06/2026,22108669,"2,000.00",REFUGEE SUPPORT (DEVON) LIMITED,105938,,Communities,A52010,"Grants to voluntary, community and social enterprise organisations",R0530012,"DCC Business Entities (Sole Trade, Partnership, Ltd)"
18,Devon County Council,30/06/2026,22100738,"321,923.20",BELONG LEARNING CIC,368219,308560410,Dedicated Schools Grant,A61052,Independent Special School Fees,R0089003,"DCC Business Entities (Sole Trade, Partnership, Ltd)"
18,Devon County Council,30/06/2026,22104091,841.00,DANIEL RAMSAY,316733,,Highways & Infrastructure Development,A49005,Other Hired & Contracting Services,R0557017,DCC CIS Suppliers
18,Devon County Council,30/06/2026,22106542,"10,600.00",Devon Pension Fund,601124,142208113,IFCA,A18000,Pension Payments,M0382001,IFCA Suppliers
18,Devon County Council,30/06/2026,22107454,"2,053.00",TEIGNBRIDGE DISTRICT COUNCIL,4872,142214023,"Transport Operations, Environment and Waste",A46100,Main / Term Contractor,R0596001,"DCC Business Entities (Sole Trade, Partnership, Ltd)"
18,Devon County Council,30/06/2026,22107757,"2,452.00",EXETER PAEDIATRIC I C S LIMITED,373429,,P-Ledger - Separate Legal Entity,A61060,Support for Children in Care,P0432008,"DCC Business Entities (Sole Trade, Partnership, Ltd)"
18,Devon County Council,29/06/2026,22103795,"1,794.00",DEVON PATHWAYS LTD,383486,392542678,Dedicated Schools Grant,A44185,Other professional Services (Schools),R0082007,"DCC Business Entities (Sole Trade, Partnership, Ltd)"
18,Devon County Council,29/06/2026,22103903,"3,871.00",DEVON PATHWAYS LTD,383486,392542678,Dedicated Schools Grant,A44185,Other professional Services (Schools),R0082007,"DCC Business Entities (Sole Trade, Partnership, Ltd)"
18,Devon County Council,29/06/2026,22103914,"4,977.00",DEVON PATHWAYS LTD,383486,392542678,Dedicated Schools Grant,A44185,Other professional Services (Schools),R0082007,"DCC Business Entities (Sole Trade, Partnership, Ltd)"
18,Devon County Council,29/06/2026,22103915,"4,200.00",SPARKS LEARNING LIMITED,394786,,Dedicated Schools Grant,A44185,Other professional Services (Schools),R0082007,"DCC Business Entities (Sole Trade, Partnership, Ltd)"
18,Devon County Council,29/06/2026,22103917,"2,637.00",DEVON PATHWAYS LTD,383486,392542678,Dedicated Schools Grant,A44185,Other professional Services (Schools),R0082007,"DCC Business Entities (Sole Trade, Partnership, Ltd)"
18,Devon County Council,29/06/2026,22103920,897.00,DEVON PATHWAYS LTD,383486,392542678,Dedicated Schools Grant,A44185,Other professional Services (Schools),R0082007,"DCC Business Entities (Sole Trade, Partnership, Ltd)"
18,Devon County Council,29/06/2026,22103953,812.50,D B D CONTRACTS LIMITED,207940,643588901,Inclusion & Learning,A31005,Courier Service,R0121001,"DCC Business Entities (Sole Trade, Partnership, Ltd)"
18,Devon County Council,29/06/2026,22104043,"9,100.00",ALASDAIR CANT & ASSOCIATES LIMITED,388281,720066278,Children's Social Care,A16015,Staff Training Expenses - Non Payroll,R0116004,"DCC Business Entities (Sole Trade, Partnership, Ltd)"
18,Devon County Council,29/06/2026,22104134,670.00,St Thomas Training Ltd,600178,130660644,P-Ledger - Separate Legal Entity,A44038,Fees,P0425001,"DCC Business Entities (Sole Trade, Partnership, Ltd)"
18,Devon County Council,29/06/2026,22104492,"4,000.00",MAN WITH A VAN SERVICES,316053,,Mental Health,A20010,"Property Repairs, Maintenance & Alterations (Reactive)",R0221002,"DCC Business Entities (Sole Trade, Partnership, Ltd)"
18,Devon County Council,29/06/2026,22104935,534.58,CHUBB FIRE & SECURITY LIMITED,19705,439475808,Operations,A20020,Health and Safety,R0268001,"DCC Business Entities (Sole Trade, Partnership, Ltd)"
18,Devon County Council,29/06/2026,22105085,"35,505.37",MILLBROOK HEALTHCARE LIMITED,117031,675991080,P-Ledger - Separate Legal Entity,A61054,Equipment (Care),P0391002,"DCC Business Entities (Sole Trade, Partnership, Ltd)"
18,Devon County Council,29/06/2026,22105558,"712,503.19",MILLBROOK HEALTHCARE LIMITED,117031,675991080,P-Ledger - Separate Legal Entity,A61054,Equipment (Care),P0391002,"DCC Business Entities (Sole Trade, Partnership, Ltd)"
18,Devon County Council,24/06/2026,22107333,780.00,Lred Psychological And Medical Consulting Limited,605337,,"Chief Exec, Legal & Democratic services",A44038,Fees,R0276001,"DCC Business Entities (Sole Trade, Partnership, Ltd)"
18,Devon County Council,24/06/2026,22107371,"5,250.00",ASPIRE ACADEMY TRUST,336984,,Dedicated Schools Grant,A53040,Contributions to Educational Estabs (3rd,R0107001,"DCC Business Entities (Sole Trade, Partnership, Ltd)"
18,Devon County Council,24/06/2026,22107412,"4,340.00",SOUTH EAST CORNWALL M.A.R.T,329905,,Dedicated Schools Grant,A53040,Contributions to Educational Estabs (3rd,R0107001,"DCC Business Entities (Sole Trade, Partnership, Ltd)"
18,Devon County Council,24/06/2026,22107477,"12,896.21",SEVERN TRENT GREEN POWER,322030,876098474,"Transport Operations, Environment and Waste",A46100,Main / Term Contractor,R0598001,"DCC Business Entities (Sole Trade, Partnership, Ltd)"
18,Devon County Council,24/06/2026,150502255,"29,335.31",M Group Highways Limited,375383,927200546,Highways & Infrastructure Development,A46100,Main / Term Contractor,R0553003,"DCC Business Entities (Sole Trade, Partnership, Ltd)"
18,Devon County Council,24/06/2026,150502268,"3,124.83",M Group Highways Limited,375383,927200546,Capital - Highways,C02051,Term Maintenance Contract,C0671007,"DCC Business Entities (Sole Trade, Partnership, Ltd)"
18,Devon County Council,24/06/2026,150502269,"6,584.07",M Group Highways Limited,375383,927200546,Capital - Highways,C02051,Term Maintenance Contract,C0671007,"DCC Business Entities (Sole Trade, Partnership, Ltd)"
18,Devon County Council,24/06/2026,150502308,"1,809.36",M Group Highways Limited,375383,927200546,Capital - Highways,C02051,Term Maintenance Contract,C0652001,"DCC Business Entities (Sole Trade, Partnership, Ltd)"
18,Devon County Council,24/06/2026,150502312,"6,575.17",M Group Highways Limited,375383,927200546,Capital - Highways,C02051,Term Maintenance Contract,C0652001,"DCC Business Entities (Sole Trade, Partnership, Ltd)"
18,Devon County Council,24/06/2026,150502318,"28,828.84",M Group Highways Limited,375383,927200546,Capital - Highways,C02051,Term Maintenance Contract,C0652001,"DCC Business Entities (Sole Trade, Partnership, Ltd)"
18,Devon County Council,25/06/2026,22101244,"3,210.53",SOUTH WEST WATER LIMITED,8450,540465165,"Transport Operations, Environment and Waste",A49005,Other Hired & Contracting Services,R0601001,"DCC Business Entities (Sole Trade, Partnership, Ltd)"
18,Devon County Council,25/06/2026,22102551,"5,279.35",CAR BODY SHOP EXETER LIMITED,313414,404443528,TRAMS Suspense,A30010,Vehicles Repairs,R0549019,"DCC Business Entities (Sole Trade, Partnership, Ltd)"
18,Devon County Council,25/06/2026,22102561,"1,345.00",INSPIRE INTERVENTIONS LIMITED,359039,,Dedicated Schools Grant,A44180,Services for Educational Estabs - Devon,R0010004,"DCC Business Entities (Sole Trade, Partnership, Ltd)"
18,Devon County Council,25/06/2026,22102789,"2,925.00",UX2 LIMITED,388014,235329022,Dedicated Schools Grant,A44185,Other professional Services (Schools),R0082007,"DCC Business Entities (Sole Trade, Partnership, Ltd)"
18,Devon County Council,25/06/2026,22102843,"4,550.00",NATURE'S CHALLENGE COMMUNITY INTEREST COMPANY,351251,,Dedicated Schools Grant,A44180,Services for Educational Estabs - Devon,R0010004,"DCC Business Entities (Sole Trade, Partnership, Ltd)"
18,Devon County Council,25/06/2026,22103144,"1,389.00",S C C,161520,313651680,Transformation & Business Services,A45040,IT Software,R0353008,"DCC Business Entities (Sole Trade, Partnership, Ltd)"
18,Devon County Council,25/06/2026,22103148,750.00,I T S A LIMITED,139384,795862660,P-Ledger - Separate Legal Entity,A46050,Conference Expenses,P0414001,"DCC Business Entities (Sole Trade, Partnership, Ltd)"
18,Devon County Council,25/06/2026,22104959,680.83,ACT Trading Activities - The Hub at Foulston Park,601017,478581341,Communities,A44038,Fees,R0536010,"DCC Business Entities (Sole Trade, Partnership, Ltd)"
18,Devon County Council,25/06/2026,22104968,600.00,WESTCOUNTRY RIVERS TRUST,17211,115136941,"Capital - Planning, Transportation and Environment",C02009,Works,C0656001,"DCC Business Entities (Sole Trade, Partnership, Ltd)"
18,Devon County Council,25/06/2026,22105928,609.18,CANSFORD LABORATORIES LIMITED,321040,104878015,"Chief Exec, Legal & Democratic services",A44038,Fees,R0276001,"DCC Business Entities (Sole Trade, Partnership, Ltd)"
18,Devon County Council,25/06/2026,22106486,"2,140.20",Royal Institute of Chartered Suppliers,605349,584940013,Transformation & Business Services,A44038,Fees,R0334004,"DCC Business Entities (Sole Trade, Partnership, Ltd)"
18,Devon County Council,25/06/2026,22106543,"39,341.93",ASPRIS CHILDRENS SERVICES,269558,411348137,Dedicated Schools Grant,A61052,Independent Special School Fees,R0089003,"DCC Business Entities (Sole Trade, Partnership, Ltd)"
18,Devon County Council,25/06/2026,22106637,"1,349.00",BSI ASSURANCE UK LIMITED,267460,243457071,Highways & Infrastructure Development,A44038,Fees,R0570001,"DCC Business Entities (Sole Trade, Partnership, Ltd)"
18,Devon County Council,25/06/2026,22106846,"317,282.77",KENNFORD TARMACADAM LIMITED,24534,976391178,"Capital - Planning, Transportation and Environment",C02009,Works,C0671003,DCC CIS Suppliers
18,Devon County Council,25/06/2026,22107453,"5,391.45",MARTIN H W SAFETY FENCING LIMITED,14879,352838537,Highways & Infrastructure Development,C02009,Works,R0571003,DCC CIS Suppliers
18,Devon County Council,25/06/2026,22107465,"259,137.84",ARQUE LIMITED,200370,844830418,Capital - SEND Schools,C02009,Works,C0660001,DCC CIS Suppliers
18,Devon County Council,25/06/2026,22107514,"19,308.75",OPTIMUM HEATING LIMITED,81356,728974284,Capital - Schools Maintenance & Improvements,C02009,Works,C0658001,DCC CIS Suppliers
18,Devon County Council,25/06/2026,22107679,660.00,ST STEPHENS PRIMARY SCHOOL,52476,,Dedicated Schools Grant,A53040,Contributions to Educational Estabs (3rd,R0107001,"DCC Business Entities (Sole Trade, Partnership, Ltd)"
18,Devon County Council,25/06/2026,22107708,"1,430.83",DISABILITY FOCUS,196975,222560930,Operations,B29020,VAT Incomings (Output Tax),R0453031,"DCC Business Entities (Sole Trade, Partnership, Ltd)"
18,Devon County Council,25/06/2026,22107713,"2,525.08",DISABILITY FOCUS,196975,222560930,Operations,B29020,VAT Incomings (Output Tax),R0453031,"DCC Business Entities (Sole Trade, Partnership, Ltd)"
18,Devon County Council,25/06/2026,22107715,621.60,SAVILLS,186570,577657579,Capital - Highways,C01010,Acquisitions - Purchase Cost - Legal Fees,C0671008,"DCC Business Entities (Sole Trade, Partnership, Ltd)"
18,Devon County Council,25/06/2026,22107724,"2,484.60",DISABILITY FOCUS,196975,222560930,Operations,A61135,Direct Payments (Adults),R0453031,"DCC Business Entities (Sole Trade, Partnership, Ltd)"
18,Devon County Council,25/06/2026,22107727,"2,513.77",DISABILITY FOCUS,196975,222560930,Operations,B29020,VAT Incomings (Output Tax),R0453031,"DCC Business Entities (Sole Trade, Partnership, Ltd)"
18,Devon County Council,25/06/2026,22107728,"1,315.32",DISABILITY FOCUS,196975,222560930,Operations,A61135,Direct Payments (Adults),R0453031,"DCC Business Entities (Sole Trade, Partnership, Ltd)"
18,Devon County Council,25/06/2026,22107736,"2,553.45",DISABILITY FOCUS,196975,222560930,Operations,B29020,VAT Incomings (Output Tax),R0453031,"DCC Business Entities (Sole Trade, Partnership, Ltd)"
18,Devon County Council,25/06/2026,150502310,"10,915.90",M Group Highways Limited,375383,927200546,Capital - Highways,C02051,Term Maintenance Contract,C0671007,"DCC Business Entities (Sole Trade, Partnership, Ltd)"
18,Devon County Council,25/06/2026,150502315,"35,607.56",M Group Highways Limited,375383,927200546,Capital - Highways,C02051,Term Maintenance Contract,C0652001,"DCC Business Entities (Sole Trade, Partnership, Ltd)"
18,Devon County Council,26/06/2026,22086577,792.00,PROSPERO RECRUITMENT LIMITED,352539,486704947,Dedicated Schools Grant,A44185,Other professional Services (Schools),R0082007,"DCC Business Entities (Sole Trade, Partnership, Ltd)"
18,Devon County Council,26/06/2026,22102045,936.00,PROSPERO RECRUITMENT LIMITED,352539,486704947,Dedicated Schools Grant,A44185,Other professional Services (Schools),R0082007,"DCC Business Entities (Sole Trade, Partnership, Ltd)"
18,Devon County Council,26/06/2026,22102845,"2,000.00",Emberlense,602663,,Communities,A44038,Fees,R0536015,"DCC Business Entities (Sole Trade, Partnership, Ltd)"
18,Devon County Council,26/06/2026,22102926,"7,334.20",CHARTERED TRADING STANDARDS INSTITUTE,20816,795862660,Other PH Services,A47010,Subscriptions,R0548001,"DCC Business Entities (Sole Trade, Partnership, Ltd)"
18,Devon County Council,29/06/2026,22105943,"70,048.32",MILLBROOK HEALTHCARE LIMITED,117031,675991080,P-Ledger - Separate Legal Entity,A61054,Equipment (Care),P0391006,"DCC Business Entities (Sole Trade, Partnership, Ltd)"
18,Devon County Council,29/06/2026,22107375,"1,946.70",SOUTHWEST INTERVENTION SERVICES,333291,440830321,Children's Social Care,A61200,Community based care,R0044004,"DCC Business Entities (Sole Trade, Partnership, Ltd)"
18,Devon County Council,29/06/2026,22107673,"-3,751.70",PHOENIX LEARNING AND CARE LIMITED,88421,480641981,Finance & Public Value,A93370,Admin Income,R0214001,"DCC Business Entities (Sole Trade, Partnership, Ltd)"
18,Devon County Council,29/06/2026,22108208,845.30,ENVIRONMENT AGENCY,184941,662490134,Inclusion & Learning,A23005,Rates,R0102001,"DCC Business Entities (Sole Trade, Partnership, Ltd)"
18,Devon County Council,29/06/2026,22108306,"4,297.12",ON TRACK EDUCATION (BURSARY PMTS),286081,478730844,Dedicated Schools Grant,A53035,Other Recoupment Expenditure (3rd),R0111002,"DCC Business Entities (Sole Trade, Partnership, Ltd)"
18,Devon County Council,29/06/2026,22108464,"1,000.00",TEIGNBRIDGE COMMUNITY PROJECT CIC,402007,,Communities,A52010,"Grants to voluntary, community and social enterprise organisations",R0535002,"DCC Business Entities (Sole Trade, Partnership, Ltd)"
18,Devon County Council,29/06/2026,22108471,"1,000.00",LIFE CHANCE TRUST,392637,,Communities,A52010,"Grants to voluntary, community and social enterprise organisations",R0535002,"DCC Business Entities (Sole Trade, Partnership, Ltd)"
18,Devon County Council,29/06/2026,22108496,"1,000.00",HATHERLEIGH FESTIVAL,281292,,Communities,A52010,"Grants to voluntary, community and social enterprise organisations",R0535002,"DCC Business Entities (Sole Trade, Partnership, Ltd)"
18,Devon County Council,29/06/2026,22108514,"1,000.00",HORSEMANSHIP FOR HEALTH UK,335262,,Communities,A52010,"Grants to voluntary, community and social enterprise organisations",R0535002,"DCC Business Entities (Sole Trade, Partnership, Ltd)"
18,Devon County Council,29/06/2026,22108518,800.00,Newtown Community Centre,605006,,Communities,A52010,"Grants to voluntary, community and social enterprise organisations",R0535002,"DCC Business Entities (Sole Trade, Partnership, Ltd)"
18,Devon County Council,29/06/2026,22108520,500.00,Chulmleigh Positive Projects,605485,,Communities,A52010,"Grants to voluntary, community and social enterprise organisations",R0535002,"DCC Business Entities (Sole Trade, Partnership, Ltd)"
18,Devon County Council,29/06/2026,22108526,"1,000.00",ROTARY CLUB OF SIDMOUTH TRUST FUND,395524,,Communities,A52010,"Grants to voluntary, community and social enterprise organisations",R0535002,"DCC Business Entities (Sole Trade, Partnership, Ltd)"
18,Devon County Council,29/06/2026,22108527,500.00,SIGNIFICANT SEAMS COMMUNITY INTEREST COMPANY,362442,,Communities,A52010,"Grants to voluntary, community and social enterprise organisations",R0535002,"DCC Business Entities (Sole Trade, Partnership, Ltd)"
18,Devon County Council,29/06/2026,22108528,"1,000.00",Focused Light,602099,,Communities,A52010,"Grants to voluntary, community and social enterprise organisations",R0535002,"DCC Business Entities (Sole Trade, Partnership, Ltd)"
18,Devon County Council,29/06/2026,22108532,500.00,Axminster Musical Theatre,605322,,Communities,A52010,"Grants to voluntary, community and social enterprise organisations",R0535002,"DCC Business Entities (Sole Trade, Partnership, Ltd)"
18,Devon County Council,29/06/2026,22108534,"1,000.00",ST SIDWELLS CENTRE,65554,,Communities,A52010,"Grants to voluntary, community and social enterprise organisations",R0535002,"DCC Business Entities (Sole Trade, Partnership, Ltd)"
18,Devon County Council,29/06/2026,22108535,"1,000.00",THE PENGUIN SPORTS FOUNDATION,395380,,Communities,A52010,"Grants to voluntary, community and social enterprise organisations",R0535002,"DCC Business Entities (Sole Trade, Partnership, Ltd)"
18,Devon County Council,29/06/2026,22108536,500.00,Colebrooke Parish Hall,605500,,Communities,A52010,"Grants to voluntary, community and social enterprise organisations",R0535002,"DCC Business Entities (Sole Trade, Partnership, Ltd)"
18,Devon County Council,29/06/2026,22108538,841.00,IVYBRIDGE & DISTRICT C T A,87650,279771345,Communities,A52010,"Grants to voluntary, community and social enterprise organisations",R0535002,"DCC Business Entities (Sole Trade, Partnership, Ltd)"
18,Devon County Council,29/06/2026,22108632,"1,000.00",HATHERLEIGH YOUTH FOOTBALL CLUB,388895,,Communities,A52010,"Grants to voluntary, community and social enterprise organisations",R0535002,"DCC Business Entities (Sole Trade, Partnership, Ltd)"
18,Devon County Council,29/06/2026,22108668,"4,000.00",ST SIDWELLS CENTRE,65554,,Communities,A52010,"Grants to voluntary, community and social enterprise organisations",R0530009,"DCC Business Entities (Sole Trade, Partnership, Ltd)"
18,Devon County Council,30/06/2026,22099359,"2,000.00",HYPER-MOUSE LIMITED,401436,337560296,"Transport Operations, Environment and Waste",A44038,Fees,R0644001,"DCC Business Entities (Sole Trade, Partnership, Ltd)"
18,Devon County Council,30/06/2026,22102597,"3,197.50",WESTBANK COMMUNITY HEALTH & CARE,65217,277497150,P-Ledger - Separate Legal Entity,A62110,Payments to Charities & Vol Providers,P0391004,"DCC Business Entities (Sole Trade, Partnership, Ltd)"
18,Devon County Council,30/06/2026,22103483,520.00,BLUE SAILS PSYCHOLOGY LIMITED,335430,,P-Ledger - Separate Legal Entity,A61060,Support for Children in Care,P0432008,"DCC Business Entities (Sole Trade, Partnership, Ltd)"
18,Devon County Council,30/06/2026,22104475,650.00,PSYCHOLOGY ASSOCIATES LIMITED,147932,912873418,P-Ledger - Separate Legal Entity,A61060,Support for Children in Care,P0432008,"DCC Business Entities (Sole Trade, Partnership, Ltd)"
18,Devon County Council,30/06/2026,22108243,"1,779.84",TUBERS ACADEMY LIMITED,348033,300702466,Children's Social Care,A61200,Community based care,R0044004,"DCC Business Entities (Sole Trade, Partnership, Ltd)"
18,Devon County Council,30/06/2026,22108375,510.00,CHANDRA KANTHA CHILD COUNSELLOR,369997,,P-Ledger - Separate Legal Entity,A61060,Support for Children in Care,P0432008,"DCC Business Entities (Sole Trade, Partnership, Ltd)"
18,Devon County Council,30/06/2026,22108951,505.60,OCEAN HEALTHCARE (TRADING AS TAHER LIMITED),346692,776836374,Children's Social Care,A61200,Community based care,R0044004,"DCC Business Entities (Sole Trade, Partnership, Ltd)"
18,Devon County Council,30/06/2026,22109125,850.00,RHYS JENKINS,367140,322180836,"Chief Exec, Legal & Democratic services",A44968,Legal & Conveyancing Charges,R0276001,"DCC Business Entities (Sole Trade, Partnership, Ltd)"
18,Devon County Council,30/06/2026,22109151,"20,723.00",HEATHLANDS SCHOOL,101569,214527877,Dedicated Schools Grant,A53035,Other Recoupment Expenditure (3rd),R0111006,"DCC Business Entities (Sole Trade, Partnership, Ltd)"
18,Devon County Council,26/06/2026,22103091,603.00,THE OUTDOORS GROUP *57*,362971,312604642,Dedicated Schools Grant,A44185,Other professional Services (Schools),R0082007,"DCC Business Entities (Sole Trade, Partnership, Ltd)"
18,Devon County Council,26/06/2026,22103094,990.00,TUTE EDUCATION LIMITED,307284,902188441,Dedicated Schools Grant,A44185,Other professional Services (Schools),R0082007,"DCC Business Entities (Sole Trade, Partnership, Ltd)"
18,Devon County Council,26/06/2026,22103095,744.00,THE OUTDOORS GROUP *57*,362971,312604642,Dedicated Schools Grant,A44185,Other professional Services (Schools),R0082007,"DCC Business Entities (Sole Trade, Partnership, Ltd)"
18,Devon County Council,26/06/2026,22103103,"1,306.00",THE OUTDOORS GROUP *57*,362971,312604642,Dedicated Schools Grant,A44185,Other professional Services (Schools),R0082002,"DCC Business Entities (Sole Trade, Partnership, Ltd)"
18,Devon County Council,26/06/2026,22103159,840.00,DIGITAL PENINSULA NETWORK LIMITED,394926,,"Economy, Enterprise and Skills",A44038,Fees,R0546004,"DCC Business Entities (Sole Trade, Partnership, Ltd)"
18,Devon County Council,26/06/2026,22103337,"2,100.00",SMART DRAINAGE LIMITED,379131,313306841,Capital - Highways,C02009,Works,C0671004,DCC CIS Suppliers
18,Devon County Council,26/06/2026,22103364,900.00,PLYMOUTH CITY COUNCIL (RADIUS ACCOUNT,87504,144675845,"Economy, Enterprise and Skills",A22005,Building Rents,R0542001,"DCC Business Entities (Sole Trade, Partnership, Ltd)"
18,Devon County Council,26/06/2026,22104088,"505,298.37",SUEZ RECYCLING & RECOVERY UK LIMITED,208690,444085847,"Transport Operations, Environment and Waste",A46100,Main / Term Contractor,R0595009,"DCC Business Entities (Sole Trade, Partnership, Ltd)"
18,Devon County Council,26/06/2026,22104301,902.89,N H S PROPERTY SERVICES LIMITED,348466,156725100,Children's Social Care,A22005,Building Rents,R0095005,"DCC Business Entities (Sole Trade, Partnership, Ltd)"
18,Devon County Council,26/06/2026,22104721,"2,128.56",PROSPERO RECRUITMENT LIMITED,352539,486704947,Dedicated Schools Grant,A44185,Other professional Services (Schools),R0082007,"DCC Business Entities (Sole Trade, Partnership, Ltd)"
18,Devon County Council,26/06/2026,22105478,"3,000.00",Robin de Carteret,604658,,"Transport Operations, Environment and Waste",A44038,Fees,R0611003,"DCC Business Entities (Sole Trade, Partnership, Ltd)"
18,Devon County Council,26/06/2026,22108137,"3,176.17",GE-CONSULTING LTD,602546,160595992,Capital - Highways,C02011,External Professional Fees,C0671004,"DCC Business Entities (Sole Trade, Partnership, Ltd)"
18,Devon County Council,26/06/2026,22108228,"3,065.85",SOUTHWEST INTERVENTION SERVICES,333291,440830321,Dedicated Schools Grant,A44185,Other professional Services (Schools),R0082007,"DCC Business Entities (Sole Trade, Partnership, Ltd)"
18,Devon County Council,26/06/2026,22108270,-942.33,NORSE SOUTH WEST LIMITED,279741,785421021,Finance & Public Value,A93370,Admin Income,R0214001,"DCC Business Entities (Sole Trade, Partnership, Ltd)"
18,Devon County Council,26/06/2026,22108430,"19,500.00",Disability Together,140334,436098381,People and Culture,A44038,Fees,R0303004,"DCC Business Entities (Sole Trade, Partnership, Ltd)"
18,Devon County Council,29/06/2026,22102253,"2,250.00",TUTE EDUCATION LIMITED,307284,902188441,Dedicated Schools Grant,A44180,Services for Educational Estabs - Devon,R0010004,"DCC Business Entities (Sole Trade, Partnership, Ltd)"
18,Devon County Council,29/06/2026,22103518,916.56,TEAM EDUCATE LIMITED BACS,374563,336808777,Dedicated Schools Grant,A44180,Services for Educational Estabs - Devon,R0010004,"DCC Business Entities (Sole Trade, Partnership, Ltd)"
18,Devon County Council,29/06/2026,22103523,814.73,TEAM EDUCATE LIMITED BACS,374563,336808777,Dedicated Schools Grant,A44185,Other professional Services (Schools),R0082007,"DCC Business Entities (Sole Trade, Partnership, Ltd)"
18,Devon County Council,29/06/2026,22103526,550.00,TEAM EDUCATE LIMITED BACS,374563,336808777,Dedicated Schools Grant,A49006,Bought in Professnl Servs-Curric,R0107001,"DCC Business Entities (Sole Trade, Partnership, Ltd)"
18,Devon County Council,29/06/2026,22103549,"1,196.00",DEVON PATHWAYS LTD,383486,392542678,Dedicated Schools Grant,A44185,Other professional Services (Schools),R0082007,"DCC Business Entities (Sole Trade, Partnership, Ltd)"
18,Devon County Council,29/06/2026,22103668,"11,799.06",UNIVERSITY OF PLYMOUTH,5446,168287859,"Economy, Enterprise and Skills",A44038,Fees,R0546004,"DCC Business Entities (Sole Trade, Partnership, Ltd)"
18,Devon County Council,29/06/2026,22103669,598.00,DEVON PATHWAYS LTD,383486,392542678,Dedicated Schools Grant,A44180,Services for Educational Estabs - Devon,R0010004,"DCC Business Entities (Sole Trade, Partnership, Ltd)"
18,Devon County Council,29/06/2026,22103771,"112,555.00",FERNBANK LIMITED,374854,367119288,"Capital - Planning, Transportation and Environment",C02009,Works,C0671011,DCC CIS Suppliers
18,Devon County Council,29/06/2026,22103823,"1,300.00",DWS CONSULTANCY LIMITED,401968,489248632,Children's Social Care,A44065,Consultancy Services,R0129001,"DCC Business Entities (Sole Trade, Partnership, Ltd)"
18,Devon County Council,29/06/2026,22103872,"2,700.00",EXETER CITY COMMUNITY TRUST,102760,,Children's Social Care,A44315,Education Services,R0095010,"DCC Business Entities (Sole Trade, Partnership, Ltd)"
18,Devon County Council,29/06/2026,22103885,"1,299.60",SKYGUARD,351428,285808854,Highways & Infrastructure Development,A40080,Health & Safety Equipment,R0556001,"DCC Business Entities (Sole Trade, Partnership, Ltd)"
18,Devon County Council,29/06/2026,22103900,"2,060.93",WESTCOUNTRY WOODLAND & E M LIMITED,377304,426201240,Highways & Infrastructure Development,A49005,Other Hired & Contracting Services,R0557022,DCC CIS Suppliers
18,Devon County Council,29/06/2026,22103928,600.00,SPARKS LEARNING LIMITED,394786,,Dedicated Schools Grant,A44185,Other professional Services (Schools),R0082007,"DCC Business Entities (Sole Trade, Partnership, Ltd)"
18,Devon County Council,29/06/2026,22103931,897.00,DEVON PATHWAYS LTD,383486,392542678,Dedicated Schools Grant,A44185,Other professional Services (Schools),R0082007,"DCC Business Entities (Sole Trade, Partnership, Ltd)"
18,Devon County Council,29/06/2026,22103946,"41,795.91",LIBRARIES UNLIMITED SOUTH WEST,334595,235429115,Communities,A49045,Books and Publications,R0325001,"DCC Business Entities (Sole Trade, Partnership, Ltd)"
18,Devon County Council,29/06/2026,22104044,"11,750.00",WHEELS 2 WORK SOUTH WEST,208344,936523807,Highways & Infrastructure Development,A52010,"Grants to voluntary, community and social enterprise organisations",R0556037,"DCC Business Entities (Sole Trade, Partnership, Ltd)"
18,Devon County Council,29/06/2026,22104482,"1,044.40",LIBRARIES UNLIMITED SOUTH WEST,334595,235429115,Public Health Nursing,A22010,Hire of Rooms,R0019004,"DCC Business Entities (Sole Trade, Partnership, Ltd)"
18,Devon County Council,29/06/2026,22104483,"1,164.80",LIBRARIES UNLIMITED SOUTH WEST,334595,235429115,Public Health Nursing,A22010,Hire of Rooms,R0019004,"DCC Business Entities (Sole Trade, Partnership, Ltd)"
18,Devon County Council,29/06/2026,22104538,"2,372.20",AYRE CONTRACTORS & PLANT HIRE,209433,996310885,Capital - Highways,C02009,Works,C0652001,DCC CIS Suppliers
18,Devon County Council,29/06/2026,22105133,"62,017.00",TORRIDGE DISTRICT COUNCIL,4707,144666062,Commissioning,A44140,Accommodation/Housing,R0218001,"DCC Business Entities (Sole Trade, Partnership, Ltd)"
18,Devon County Council,29/06/2026,22105150,"289,601.30",PHOENIX LEARNING AND CARE LIMITED,88421,480641981,Dedicated Schools Grant,A61052,Independent Special School Fees,R0089003,"DCC Business Entities (Sole Trade, Partnership, Ltd)"
18,Devon County Council,29/06/2026,22105712,649.00,"Devon, Exeter and Plymouth Chamber of Commerce",22813,643529530,"Economy, Enterprise and Skills",A43020,General Office Expenses,R0546003,"DCC Business Entities (Sole Trade, Partnership, Ltd)"
18,Devon County Council,29/06/2026,22107336,"8,459.10",Eco Sustainable Solutions Ltd,404318,673902910,"Transport Operations, Environment and Waste",A46100,Main / Term Contractor,R0600001,"DCC Business Entities (Sole Trade, Partnership, Ltd)"
18,Devon County Council,29/06/2026,22107346,"2,025.00",VICKI MARTIN,399668,,"Chief Exec, Legal & Democratic services",A44038,Fees,R0276001,"DCC Business Entities (Sole Trade, Partnership, Ltd)"
18,Devon County Council,29/06/2026,22107456,"1,570.00",G E CONSULTING SERVICES (UK) LIMITED,198631,160595992,Capital - Children & Schools Expansions,C02011,External Professional Fees,C0657001,"DCC Business Entities (Sole Trade, Partnership, Ltd)"
18,Devon County Council,29/06/2026,22108385,"166,591.42",ENVIRONMENT AGENCY,184941,662490134,Below the line,A81000,Levies,R0524050,"DCC Business Entities (Sole Trade, Partnership, Ltd)"
18,Devon County Council,29/06/2026,22108506,"1,000.00",Bright Bridge Enabling SW CIC,602681,,Communities,A52010,"Grants to voluntary, community and social enterprise organisations",R0535002,"DCC Business Entities (Sole Trade, Partnership, Ltd)"
18,Devon County Council,29/06/2026,22108525,800.00,Next Steps Tutors CIC,603171,,Communities,A52010,"Grants to voluntary, community and social enterprise organisations",R0535002,"DCC Business Entities (Sole Trade, Partnership, Ltd)"
18,Devon County Council,29/06/2026,22108541,"1,000.00",EARTH ACTION NORTH DEVON,354567,,Communities,A52010,"Grants to voluntary, community and social enterprise organisations",R0535002,"DCC Business Entities (Sole Trade, Partnership, Ltd)"
18,Devon County Council,29/06/2026,22108634,700.00,Exmouth Rugby Football Club,605484,,Communities,A52010,"Grants to voluntary, community and social enterprise organisations",R0535002,"DCC Business Entities (Sole Trade, Partnership, Ltd)"
18,Devon County Council,29/06/2026,22108666,"9,000.00",ST SIDWELLS CENTRE,65554,,Communities,A52010,"Grants to voluntary, community and social enterprise organisations",R0530012,"DCC Business Entities (Sole Trade, Partnership, Ltd)"
18,Devon County Council,29/06/2026,22108677,"262,698.99",THE LIBRA SCHOOL,136211,478671242,Dedicated Schools Grant,A61052,Independent Special School Fees,R0089003,"DCC Business Entities (Sole Trade, Partnership, Ltd)"
18,Devon County Council,30/06/2026,22105073,559.80,BLEEP 360 CARE LIMITED,360406,355167685,Children's Social Care,A61200,Community based care,R0044004,"DCC Business Entities (Sole Trade, Partnership, Ltd)"
18,Devon County Council,30/06/2026,22105590,756.00,OCEAN HEALTHCARE (TRADING AS TAHER LIMITED),346692,776836374,Children's Social Care,A61200,Community based care,R0044004,"DCC Business Entities (Sole Trade, Partnership, Ltd)"
18,Devon County Council,30/06/2026,22105991,"2,746.67",SOUTH DEVON STEINER SCHOOL,146217,478546734,Dedicated Schools Grant,A61052,Independent Special School Fees,R0089003,"DCC Business Entities (Sole Trade, Partnership, Ltd)"
18,Devon County Council,30/06/2026,22106195,"2,191.32",DR JHETAM LIMITED,319682,,Operations,A44038,Fees,R0222002,"DCC Business Entities (Sole Trade, Partnership, Ltd)"
18,Devon County Council,30/06/2026,22106830,564.18,C E D A,12641,,Children's Social Care,A61200,Community based care,R0046004,"DCC Business Entities (Sole Trade, Partnership, Ltd)"
18,Devon County Council,30/06/2026,22107433,"41,258.83",D W M L HOLDINGS LIMITED,345026,823821047,"Transport Operations, Environment and Waste",A46100,Main / Term Contractor,R0595004,"DCC Business Entities (Sole Trade, Partnership, Ltd)"
18,Devon County Council,30/06/2026,22105142,"1,247.19",SEFTON PARK,89168,,Public Health,A57115,Payments to Private Contractors,R0316042,"DCC Business Entities (Sole Trade, Partnership, Ltd)"
18,Devon County Council,30/06/2026,22106059,"87,005.47",TOTNES INDEPENDENT SCHOOL,320930,481548763,Dedicated Schools Grant,A61052,Independent Special School Fees,R0089003,"DCC Business Entities (Sole Trade, Partnership, Ltd)"
18,Devon County Council,30/06/2026,22107373,"1,486.95",OCEAN HEALTHCARE,371633,776836374,Operations,A11005,Agency Supply Staff,R0268001,"DCC Business Entities (Sole Trade, Partnership, Ltd)"
18,Devon County Council,30/06/2026,22107455,"219,129.51",TEIGNBRIDGE DISTRICT COUNCIL,4872,142214023,"Transport Operations, Environment and Waste",A49005,Other Hired & Contracting Services,R0590001,"DCC Business Entities (Sole Trade, Partnership, Ltd)"
18,Devon County Council,30/06/2026,22107695,"18,395.27",KENNFORD TARMACADAM LIMITED,24534,976391178,Capital - Highways,C02009,Works,C0671007,DCC CIS Suppliers
18,Devon County Council,30/06/2026,22108028,"3,948.21",CORMAC CONTRACTING LIMITED,364276,247160514,Capital - Highways,C02009,Works,C0671004,"DCC Business Entities (Sole Trade, Partnership, Ltd)"
18,Devon County Council,30/06/2026,22108378,555.20,CHANDRA KANTHA CHILD COUNSELLOR,369997,,P-Ledger - Separate Legal Entity,A61060,Support for Children in Care,P0432008,"DCC Business Entities (Sole Trade, Partnership, Ltd)"
18,Devon County Council,30/06/2026,22108767,"1,438.13",DR KASU KIRAN,401187,,Operations,A44038,Fees,R0222002,"DCC Business Entities (Sole Trade, Partnership, Ltd)"
18,Devon County Council,30/06/2026,22108374,551.25,CHANDRA KANTHA CHILD COUNSELLOR,369997,,P-Ledger - Separate Legal Entity,A61060,Support for Children in Care,P0432008,"DCC Business Entities (Sole Trade, Partnership, Ltd)"
18,Devon County Council,30/06/2026,22108427,"20,482.00",Linbert Spencer Consultancy Ltd,605423,511718023,People and Culture,A44065,Consultancy Services,R0503002,"DCC Business Entities (Sole Trade, Partnership, Ltd)"
18,Devon County Council,30/06/2026,22108957,726.80,OCEAN HEALTHCARE (TRADING AS TAHER LIMITED),346692,776836374,Children's Social Care,A61200,Community based care,R0044004,"DCC Business Entities (Sole Trade, Partnership, Ltd)"
18,Devon County Council,30/06/2026,22109022,508.00,DEVON PATHWAYS LTD,383486,392542678,Dedicated Schools Grant,A44185,Other professional Services (Schools),R0082007,"DCC Business Entities (Sole Trade, Partnership, Ltd)"
18,Devon County Council,30/06/2026,22109043,550.00,BALES FARM OUTDOOR LEARNING LTD,377260,505816692,Dedicated Schools Grant,A44180,Services for Educational Estabs - Devon,R0010004,"DCC Business Entities (Sole Trade, Partnership, Ltd)"
18,Devon County Council,02/06/2026,22097012,"4,300.78",GCI NETWORK SOLUTIONS TA NASSTAR,380659,199872429,Transformation & Business Services,A45020,Telephones,R0353008,"DCC Business Entities (Sole Trade, Partnership, Ltd)"
18,Devon County Council,02/06/2026,22097157,"1,950.00",DWS CONSULTANCY LIMITED,401968,489248632,Children's Social Care,A44065,Consultancy Services,R0129001,"DCC Business Entities (Sole Trade, Partnership, Ltd)"
18,Devon County Council,02/06/2026,22099330,"5,396.91",SPAGHETTI BRIDGE LIMITED,377380,478673138,Dedicated Schools Grant,A61052,Independent Special School Fees,R0089003,"DCC Business Entities (Sole Trade, Partnership, Ltd)"
18,Devon County Council,02/06/2026,22099393,756.00,OCEAN HEALTHCARE (TRADING AS TAHER LIMITED),346692,776836374,Children's Social Care,A61200,Community based care,R0044004,"DCC Business Entities (Sole Trade, Partnership, Ltd)"
18,Devon County Council,02/06/2026,22099551,"538,568.00",PLYMOUTH CITY COUNCIL (RADIUS ACCOUNT,87504,144675845,"Transport Operations, Environment and Waste",A46100,Main / Term Contractor,R0594003,"DCC Business Entities (Sole Trade, Partnership, Ltd)"
18,Devon County Council,02/06/2026,22100746,"2,263.84",E & J W GLENDINNING LIMITED,62732,668406312,Capital - Highways,C02009,Works,C0652001,DCC CIS Suppliers
18,Devon County Council,02/06/2026,22100752,"2,263.84",E & J W GLENDINNING LIMITED,62732,668406312,Capital - Highways,C02009,Works,C0652001,DCC CIS Suppliers
18,Devon County Council,02/06/2026,22100814,"5,677.17",SHEBBEAR COLLEGE,30583,482233008,Dedicated Schools Grant,A61052,Independent Special School Fees,R0089003,"DCC Business Entities (Sole Trade, Partnership, Ltd)"
18,Devon County Council,02/06/2026,22100827,"5,677.17",SHEBBEAR COLLEGE,30583,482233008,Dedicated Schools Grant,A61052,Independent Special School Fees,R0089003,"DCC Business Entities (Sole Trade, Partnership, Ltd)"
18,Devon County Council,02/06/2026,22101524,700.00,SWIFT CARE SERVICES LIMITED,403733,,Children's Social Care,A61200,Community based care,R0044004,"DCC Business Entities (Sole Trade, Partnership, Ltd)"
18,Devon County Council,02/06/2026,22101914,"5,864.66",EXETER CATHEDRAL SCHOOL,34278,479574820,Dedicated Schools Grant,A53012,Payments to Independent Units,R0089003,"DCC Business Entities (Sole Trade, Partnership, Ltd)"
18,Devon County Council,02/06/2026,22101922,"4,251.70",THE COLOUR WORKS INTERNATIONAL LIMITED,394321,825444822,Finance & Public Value,A44175,Training/Workshops - Non Staff,R0209001,"DCC Business Entities (Sole Trade, Partnership, Ltd)"
18,Devon County Council,02/06/2026,22102276,"1,030.83",HEARNS DARTMOOR BUTCHERY LIMITED,391950,,Inclusion & Learning,A44030,Provisions,R0102001,"DCC Business Entities (Sole Trade, Partnership, Ltd)"
18,Devon County Council,02/06/2026,150470615,"1,578.55",M Group Highways Limited,375383,927200546,Capital - Highways,C02051,Term Maintenance Contract,C0652001,"DCC Business Entities (Sole Trade, Partnership, Ltd)"
18,Devon County Council,02/06/2026,150470623,"2,193.16",M Group Highways Limited,375383,927200546,Highways & Infrastructure Development,A46100,Main / Term Contractor,R0560003,"DCC Business Entities (Sole Trade, Partnership, Ltd)"
18,Devon County Council,02/06/2026,150470624,"5,003.90",M Group Highways Limited,375383,927200546,Highways & Infrastructure Development,A46100,Main / Term Contractor,R0560004,"DCC Business Entities (Sole Trade, Partnership, Ltd)"
18,Devon County Council,02/06/2026,150470625,"3,599.29",M Group Highways Limited,375383,927200546,Highways & Infrastructure Development,A46100,Main / Term Contractor,R0560004,"DCC Business Entities (Sole Trade, Partnership, Ltd)"
18,Devon County Council,02/06/2026,150470626,"13,384.20",M Group Highways Limited,375383,927200546,Highways & Infrastructure Development,A46100,Main / Term Contractor,R0554004,"DCC Business Entities (Sole Trade, Partnership, Ltd)"
18,Devon County Council,02/06/2026,150470629,"26,109.19",M Group Highways Limited,375383,927200546,Highways & Infrastructure Development,A46100,Main / Term Contractor,R0554004,"DCC Business Entities (Sole Trade, Partnership, Ltd)"
18,Devon County Council,02/06/2026,150470636,"61,799.07",M Group Highways Limited,375383,927200546,Highways & Infrastructure Development,A46100,Main / Term Contractor,R0554004,"DCC Business Entities (Sole Trade, Partnership, Ltd)"
18,Devon County Council,02/06/2026,150470637,"5,303.49",M Group Highways Limited,375383,927200546,Highways & Infrastructure Development,A46100,Main / Term Contractor,R0560004,"DCC Business Entities (Sole Trade, Partnership, Ltd)"
18,Devon County Council,02/06/2026,150470643,"14,128.23",M Group Highways Limited,375383,927200546,Capital - Highways,C02051,Term Maintenance Contract,C0671005,"DCC Business Entities (Sole Trade, Partnership, Ltd)"
18,Devon County Council,02/06/2026,150470645,"123,384.22",M Group Highways Limited,375383,927200546,Capital - Highways,C02051,Term Maintenance Contract,C0671005,"DCC Business Entities (Sole Trade, Partnership, Ltd)"
18,Devon County Council,02/06/2026,150470657,"11,086.07",M Group Highways Limited,375383,927200546,Capital - Highways,C02051,Term Maintenance Contract,C0652001,"DCC Business Entities (Sole Trade, Partnership, Ltd)"
18,Devon County Council,02/06/2026,150470663,-600.00,M Group Highways Limited,375383,927200546,Capital - Highways,C02051,Term Maintenance Contract,C0671007,"DCC Business Entities (Sole Trade, Partnership, Ltd)"
18,Devon County Council,02/06/2026,150470664,"-18,737.21",M Group Highways Limited,375383,927200546,Highways & Infrastructure Development,A46100,Main / Term Contractor,R0554004,"DCC Business Entities (Sole Trade, Partnership, Ltd)"
18,Devon County Council,02/06/2026,150470665,"-20,508.85",M Group Highways Limited,375383,927200546,Highways & Infrastructure Development,A46100,Main / Term Contractor,R0554004,"DCC Business Entities (Sole Trade, Partnership, Ltd)"
18,Devon County Council,02/06/2026,150470671,"2,691.95",M Group Highways Limited,375383,927200546,Capital - Highways,C02051,Term Maintenance Contract,C0652001,"DCC Business Entities (Sole Trade, Partnership, Ltd)"
18,Devon County Council,03/06/2026,22096499,746.20,SOUTHWEST INTERVENTION SERVICES,333291,440830321,Children's Social Care,A61200,Community based care,R0046004,"DCC Business Entities (Sole Trade, Partnership, Ltd)"
18,Devon County Council,03/06/2026,22097229,"9,016.21",STONEWATER LIMITED,308997,918433320,Children's Social Care,A62000,Supported Accommodation - Child,R0026003,"DCC Business Entities (Sole Trade, Partnership, Ltd)"
18,Devon County Council,03/06/2026,22097286,"5,872.50",WESTPOINT CENTRE (DEVON) LIMITED,6392,585601525,Children's Social Care,A22010,Hire of Rooms,R0116004,"DCC Business Entities (Sole Trade, Partnership, Ltd)"
18,Devon County Council,03/06/2026,22097288,"124,129.00",SPECIAL PARTNERSHIP TRUST,367681,,Inclusion & Learning,A44180,Services for Educational Estabs - Devon,R0680004,"DCC Business Entities (Sole Trade, Partnership, Ltd)"
18,Devon County Council,03/06/2026,22097301,"26,922.50",SOUTH DEVON COLLEGE,23677,585836291,"Economy, Enterprise and Skills",A44038,Fees,R0546004,"DCC Business Entities (Sole Trade, Partnership, Ltd)"
18,Devon County Council,03/06/2026,22097440,"1,250.00",DODDS SOLICITORS LLP,394172,729928286,"Chief Exec, Legal & Democratic services",A44968,Legal & Conveyancing Charges,R0276001,"DCC Business Entities (Sole Trade, Partnership, Ltd)"
18,Devon County Council,03/06/2026,22097467,"2,800.00",SOUTH HAMS DISTRICT COUNCIL,8255,142204125,Other PH Services,A44038,Fees,R0548001,"DCC Business Entities (Sole Trade, Partnership, Ltd)"
18,Devon County Council,03/06/2026,22097617,531.20,NORFOLK COUNTY COUNCIL,49959,106995152,Other PH Services,A44038,Fees,R0548001,"DCC Business Entities (Sole Trade, Partnership, Ltd)"
18,Devon County Council,03/06/2026,22097726,"3,150.00",MOOR TO LIFE E & W COMMUNITY INTEREST COMPANY,393010,,Dedicated Schools Grant,A44185,Other professional Services (Schools),R0082007,"DCC Business Entities (Sole Trade, Partnership, Ltd)"
18,Devon County Council,03/06/2026,22097732,666.67,MAN WITH A VAN SERVICES,316053,,Transformation & Business Services,A49005,Other Hired & Contracting Services,R0334004,"DCC Business Entities (Sole Trade, Partnership, Ltd)"
18,Devon County Council,03/06/2026,22097771,"4,200.00",SPARKS LEARNING LIMITED,394786,,Dedicated Schools Grant,A44185,Other professional Services (Schools),R0082007,"DCC Business Entities (Sole Trade, Partnership, Ltd)"
18,Devon County Council,03/06/2026,22097777,"2,166.67",SPARKS LEARNING LIMITED,394786,,Dedicated Schools Grant,A44185,Other professional Services (Schools),R0082007,"DCC Business Entities (Sole Trade, Partnership, Ltd)"
18,Devon County Council,03/06/2026,22097886,"4,139.30",STONEWATER LIMITED,308997,918433320,Children's Social Care,A62000,Supported Accommodation - Child,R0026003,"DCC Business Entities (Sole Trade, Partnership, Ltd)"
18,Devon County Council,03/06/2026,22098922,"3,706.00",PROMOTING INDEPENDENT CARE LIMITED,376159,,Children's Social Care,A11005,Agency Supply Staff,R0095011,"DCC Business Entities (Sole Trade, Partnership, Ltd)"
18,Devon County Council,03/06/2026,22098923,"11,968.00",PROMOTING INDEPENDENT CARE LIMITED,376159,,Children's Social Care,A11005,Agency Supply Staff,R0095010,"DCC Business Entities (Sole Trade, Partnership, Ltd)"
18,Devon County Council,03/06/2026,22099322,"3,834.65",SPAGHETTI BRIDGE LIMITED,377380,478673138,Dedicated Schools Grant,A61052,Independent Special School Fees,R0089003,"DCC Business Entities (Sole Trade, Partnership, Ltd)"
18,Devon County Council,03/06/2026,22099332,"5,396.91",SPAGHETTI BRIDGE LIMITED,377380,478673138,Dedicated Schools Grant,A61052,Independent Special School Fees,R0089003,"DCC Business Entities (Sole Trade, Partnership, Ltd)"
18,Devon County Council,03/06/2026,22099342,"4,976.59",SPAGHETTI BRIDGE LIMITED,377380,478673138,Dedicated Schools Grant,A61052,Independent Special School Fees,R0089003,"DCC Business Entities (Sole Trade, Partnership, Ltd)"
18,Devon County Council,03/06/2026,22100046,"5,355.00",NICHOLAS BRADLEY CARE OF DEVON CHAMBERS,337021,198466153,"Chief Exec, Legal & Democratic services",A44968,Legal & Conveyancing Charges,R0276001,"DCC Business Entities (Sole Trade, Partnership, Ltd)"
18,Devon County Council,03/06/2026,22100501,"1,018.48",BE YOUR BEST MENTORING LIMITED,385179,426486966,Dedicated Schools Grant,A44185,Other professional Services (Schools),R0082007,"DCC Business Entities (Sole Trade, Partnership, Ltd)"
18,Devon County Council,03/06/2026,22100741,"268,269.33",BELONG LEARNING CIC,368219,308560410,Dedicated Schools Grant,A61052,Independent Special School Fees,R0089003,"DCC Business Entities (Sole Trade, Partnership, Ltd)"
18,Devon County Council,03/06/2026,22101186,"1,242.19",ENVIRONMENT AGENCY,184941,662490134,"Transport Operations, Environment and Waste",A44038,Fees,R0601001,"DCC Business Entities (Sole Trade, Partnership, Ltd)"
18,Devon County Council,03/06/2026,22101947,"11,700.00",WAVE MULTI ACADEMY TRUST,356576,163418709,Dedicated Schools Grant,A44180,Services for Educational Estabs - Devon,R0010013,"DCC Business Entities (Sole Trade, Partnership, Ltd)"
18,Devon County Council,03/06/2026,22102353,"8,580.00",ASHFORDS LLP,88874,140836186,"Capital - Planning, Transportation and Environment",C02011,External Professional Fees,C0671003,"DCC Business Entities (Sole Trade, Partnership, Ltd)"
18,Devon County Council,03/06/2026,22102493,553.79,Ella Khafaji,605148,,"Economy, Enterprise and Skills",A94015,Rent Income,R0540006,DCC Non-Business Individuals
18,Devon County Council,03/06/2026,22102506,"1,697.90",I J Cannings & Son Limited,14467,192803203,Capital - Schools Maintenance & Improvements,C02009,Works,C0658001,DCC CIS Suppliers
18,Devon County Council,03/06/2026,22102565,"1,662.50",SIMPLY GREAT MEDIA,367788,479704936,Dedicated Schools Grant,A44185,Other professional Services (Schools),R0082007,"DCC Business Entities (Sole Trade, Partnership, Ltd)"
18,Devon County Council,03/06/2026,22102667,785.31,PENNON T/A SOURCE FOR BUSINESS,344710,312629416,Transformation & Business Services,A24005,Water Services,R0333026,"DCC Business Entities (Sole Trade, Partnership, Ltd)"
18,Devon County Council,03/06/2026,22102704,"1,000.00",STRAW PATCH PROJECT COMMUNITY INTEREST COMPANY,379838,,Communities,A52010,"Grants to voluntary, community and social enterprise organisations",R0535002,"DCC Business Entities (Sole Trade, Partnership, Ltd)"
18,Devon County Council,03/06/2026,22102707,500.00,WEST DEVON ART WORKSHOPS,328885,,Communities,A52010,"Grants to voluntary, community and social enterprise organisations",R0535002,"DCC Business Entities (Sole Trade, Partnership, Ltd)"
18,Devon County Council,03/06/2026,22102709,"1,000.00",DOUBLE ELEPHANT PRINT WORKSHOP,74054,,Communities,A52010,"Grants to voluntary, community and social enterprise organisations",R0535002,"DCC Business Entities (Sole Trade, Partnership, Ltd)"
18,Devon County Council,03/06/2026,22102711,"1,000.00",YEALMPTON COMMUNITY ASSOCIATION,53711,,Communities,A52010,"Grants to voluntary, community and social enterprise organisations",R0535002,"DCC Business Entities (Sole Trade, Partnership, Ltd)"
18,Devon County Council,03/06/2026,22102712,"1,000.00",Ivybridge Community Food,602433,,Communities,A52010,"Grants to voluntary, community and social enterprise organisations",R0535002,"DCC Business Entities (Sole Trade, Partnership, Ltd)"
18,Devon County Council,03/06/2026,22102736,"3,652.50",BEVAN BRITTAN LLP,237146,840723148,Children's Social Care,A44025,Legal Expenses,R0129001,"DCC Business Entities (Sole Trade, Partnership, Ltd)"
18,Devon County Council,03/06/2026,22102851,"1,707.50",EXETER CATHEDRAL SCHOOL,34278,479574820,Dedicated Schools Grant,A53012,Payments to Independent Units,R0089003,"DCC Business Entities (Sole Trade, Partnership, Ltd)"
18,Devon County Council,04/06/2026,22077970,"2,400.00",PROGRESSION SERVICES LIMITED,390181,439882639,Dedicated Schools Grant,A44185,Other professional Services (Schools),R0082007,"DCC Business Entities (Sole Trade, Partnership, Ltd)"
18,Devon County Council,04/06/2026,22082424,"3,840.00",PROGRESSION SERVICES LIMITED,390181,439882639,Dedicated Schools Grant,A44185,Other professional Services (Schools),R0082007,"DCC Business Entities (Sole Trade, Partnership, Ltd)"
18,Devon County Council,04/06/2026,22088886,"4,733.00",ARTS UNIVERSITY PLYMOUTH,23700,881184803,Dedicated Schools Grant,A53040,Contributions to Educational Estabs (3rd,R0105001,"DCC Business Entities (Sole Trade, Partnership, Ltd)"
18,Devon County Council,04/06/2026,22097442,567.00,Exeter College (Exeter and North Devon Colleges Group),6141,125451632,"Economy, Enterprise and Skills",A44038,Fees,R0546004,"DCC Business Entities (Sole Trade, Partnership, Ltd)"
18,Devon County Council,04/06/2026,22097471,750.00,Phoenix Training and Consultancy Ltd,600177,515889648,People and Culture,A44038,Fees,R0303008,"DCC Business Entities (Sole Trade, Partnership, Ltd)"
18,Devon County Council,04/06/2026,22097508,"55,000.00",JOURNEO PASSENGER SYSTEMS LIMITED,293178,676700026,"Transport Operations, Environment and Waste",A45045,IT Software Maintenance,R0579005,"DCC Business Entities (Sole Trade, Partnership, Ltd)"
18,Devon County Council,04/06/2026,22097597,"8,367.36",PARK SCHOOL,59368,482797730,Dedicated Schools Grant,A61052,Independent Special School Fees,R0089003,"DCC Business Entities (Sole Trade, Partnership, Ltd)"
18,Devon County Council,04/06/2026,22097600,"10,687.50",NCB RIP LIMITED,399788,645183336,People and Culture,A16015,Staff Training Expenses - Non Payroll,R0303005,"DCC Business Entities (Sole Trade, Partnership, Ltd)"
18,Devon County Council,04/06/2026,22097714,"2,400.00",SPARKS LEARNING LIMITED,394786,,Dedicated Schools Grant,A44185,Other professional Services (Schools),R0082007,"DCC Business Entities (Sole Trade, Partnership, Ltd)"
18,Devon County Council,04/06/2026,22097715,875.00,BRIDIE KENNERLEY,396603,,"Transport Operations, Environment and Waste",A44038,Fees,R0643001,"DCC Business Entities (Sole Trade, Partnership, Ltd)"
18,Devon County Council,04/06/2026,22097738,"2,761.38",UNIVERSITY OF EXETER-FINANCE OFF,4630,142047795,"Transport Operations, Environment and Waste",A49105,Other Supplies & Services,R0579007,"DCC Business Entities (Sole Trade, Partnership, Ltd)"
18,Devon County Council,04/06/2026,22098143,560.00,CATHERINE GIFFORD,389811,,Children's Social Care,A61060,Support for Children in Care,R0106002,"DCC Business Entities (Sole Trade, Partnership, Ltd)"
18,Devon County Council,04/06/2026,22099441,"5,931.30",CHRIS DRAKE,387212,,Transformation & Business Services,A62000,Supported Accommodation - Child,R0333028,"DCC Business Entities (Sole Trade, Partnership, Ltd)"
18,Devon County Council,04/06/2026,22100577,749.67,CHUBB FIRE & SECURITY LIMITED,19705,439475808,Inclusion & Learning,A44038,Fees,R0102001,"DCC Business Entities (Sole Trade, Partnership, Ltd)"
18,Devon County Council,04/06/2026,22101531,"5,151.00",MONICA Y ZAPATA LOPEZ,392518,,Transformation & Business Services,A62000,Supported Accommodation - Child,R0333028,"DCC Business Entities (Sole Trade, Partnership, Ltd)"
18,Devon County Council,04/06/2026,22101602,-564.10,KENT COUNTY COUNCIL,83992,204269191,Transformation & Business Services,A21005,Electricity,R0333026,"DCC Business Entities (Sole Trade, Partnership, Ltd)"
18,Devon County Council,04/06/2026,22101603,-547.60,KENT COUNTY COUNCIL,83992,204269191,Transformation & Business Services,A21005,Electricity,R0333026,"DCC Business Entities (Sole Trade, Partnership, Ltd)"
18,Devon County Council,04/06/2026,22102617,600.00,TOAD COUNSELLING LIMITED,376330,,Children's Social Care,A61240,Section 17 Payments,R0044014,"DCC Business Entities (Sole Trade, Partnership, Ltd)"
18,Devon County Council,04/06/2026,22102640,"3,600.00",DENE TERRY TRADING AS SPACE ADAPT LEARN GROW,404230,,Dedicated Schools Grant,A44185,Other professional Services (Schools),R0082007,"DCC Business Entities (Sole Trade, Partnership, Ltd)"
18,Devon County Council,04/06/2026,22102937,864.00,HAYES CR UK LIMITED,396875,,Children's Social Care,A61200,Community based care,R0044004,"DCC Business Entities (Sole Trade, Partnership, Ltd)"
18,Devon County Council,04/06/2026,22103007,"15,851.42",AFIT COMMERCIAL LIMITED,384623,206655022,Capital - Schools Maintenance & Improvements,C02009,Works,C0658001,DCC CIS Suppliers
18,Devon County Council,04/06/2026,22103112,"3,002.40",WEIGHTMANS LLP,220105,974825769,"Chief Exec, Legal & Democratic services",A44968,Legal & Conveyancing Charges,R0288002,"DCC Business Entities (Sole Trade, Partnership, Ltd)"
18,Devon County Council,04/06/2026,22103173,"3,213.49",SEVERN TRENT GREEN POWER,322030,876098474,"Transport Operations, Environment and Waste",A46100,Main / Term Contractor,R0598001,"DCC Business Entities (Sole Trade, Partnership, Ltd)"
18,Devon County Council,04/06/2026,22103190,"741,000.00",M Group Highways Limited,375383,927200546,Highways & Infrastructure Development,A46100,Main / Term Contractor,R0552001,"DCC Business Entities (Sole Trade, Partnership, Ltd)"
18,Devon County Council,04/06/2026,150470667,"-45,455.58",M Group Highways Limited,375383,927200546,Capital - Highways,C02051,Term Maintenance Contract,C0671005,"DCC Business Entities (Sole Trade, Partnership, Ltd)"
18,Devon County Council,04/06/2026,150473771,"6,719.52",M Group Highways Limited,375383,927200546,Capital - Highways,C02051,Term Maintenance Contract,C0671006,"DCC Business Entities (Sole Trade, Partnership, Ltd)"
18,Devon County Council,04/06/2026,150473773,"3,975.60",M Group Highways Limited,375383,927200546,Capital - Highways,C02051,Term Maintenance Contract,C0671006,"DCC Business Entities (Sole Trade, Partnership, Ltd)"
18,Devon County Council,04/06/2026,150473777,"34,786.79",M Group Highways Limited,375383,927200546,Highways & Infrastructure Development,A46100,Main / Term Contractor,R0552003,"DCC Business Entities (Sole Trade, Partnership, Ltd)"
18,Devon County Council,04/06/2026,150473785,"4,354.64",M Group Highways Limited,375383,927200546,Highways & Infrastructure Development,A46100,Main / Term Contractor,R0556009,"DCC Business Entities (Sole Trade, Partnership, Ltd)"
18,Devon County Council,05/06/2026,22094692,"5,890.37",ORION MEDICAL SUPPLIES LIMITED,355162,142018357,Public Health,A57115,Payments to Private Contractors,R0316037,"DCC Business Entities (Sole Trade, Partnership, Ltd)"
18,Devon County Council,05/06/2026,22097936,"1,280.00",PROGRESSION SERVICES LIMITED,390181,439882639,Dedicated Schools Grant,A44185,Other professional Services (Schools),R0082007,"DCC Business Entities (Sole Trade, Partnership, Ltd)"
18,Devon County Council,05/06/2026,22097943,800.00,PROGRESSION SERVICES LIMITED,390181,439882639,Dedicated Schools Grant,A44185,Other professional Services (Schools),R0082007,"DCC Business Entities (Sole Trade, Partnership, Ltd)"
18,Devon County Council,05/06/2026,22098001,"23,226.00",WAVE MULTI ACADEMY TRUST,356576,163418709,Dedicated Schools Grant,A44180,Services for Educational Estabs - Devon,R0010003,"DCC Business Entities (Sole Trade, Partnership, Ltd)"
18,Devon County Council,05/06/2026,22098012,"7,551.00",WAVE MULTI ACADEMY TRUST,356576,163418709,Dedicated Schools Grant,A44180,Services for Educational Estabs - Devon,R0010003,"DCC Business Entities (Sole Trade, Partnership, Ltd)"
18,Devon County Council,05/06/2026,22098196,"5,100.00",COMPLETE WEED CONTROL,180242,207783201,Capital - Highways,C02009,Works,C0671006,"DCC Business Entities (Sole Trade, Partnership, Ltd)"
18,Devon County Council,05/06/2026,22098306,582.35,Xtreme Vegetation Clearance,317338,368639347,Capital - Highways,C02009,Works,C0652001,DCC CIS Suppliers
18,Devon County Council,05/06/2026,22098348,"1,520.00",LIMITED ACCESS,211442,,"Transport Operations, Environment and Waste",A30010,Vehicles Repairs,R0584003,"DCC Business Entities (Sole Trade, Partnership, Ltd)"
18,Devon County Council,05/06/2026,22098360,"30,000.00",DEVON COMMUNITY FOUNDATION,191796,,Public Health,A57115,Payments to Private Contractors,R0316083,"DCC Business Entities (Sole Trade, Partnership, Ltd)"
18,Devon County Council,05/06/2026,22098678,"58,616.04",AVMT BUSES LIMITED,387397,365800646,TRAMS Suspense,A32505,Hired Transport Recharges - FPP,R0549002,"DCC Business Entities (Sole Trade, Partnership, Ltd)"
18,Devon County Council,05/06/2026,22099673,"62,623.40",BREAKTHROUGH TRANSFORMATION TRUST,248117,480468080,Dedicated Schools Grant,A61052,Independent Special School Fees,R0089003,"DCC Business Entities (Sole Trade, Partnership, Ltd)"
18,Devon County Council,05/06/2026,22099734,850.00,NEWZAPP COMMUNICATIONS,276623,723696218,Finance & Public Value,A45045,IT Software Maintenance,R0202001,"DCC Business Entities (Sole Trade, Partnership, Ltd)"
18,Devon County Council,05/06/2026,22100361,"1,384.00",DR CAS SCHNEIDER,396745,,Children's Social Care,A44175,Training/Workshops - Non Staff,R0095007,"DCC Business Entities (Sole Trade, Partnership, Ltd)"
18,Devon County Council,05/06/2026,22100416,"1,611.40",SOUTHWEST INTERVENTION SERVICES,333291,440830321,Dedicated Schools Grant,A44185,Other professional Services (Schools),R0082007,"DCC Business Entities (Sole Trade, Partnership, Ltd)"
18,Devon County Council,05/06/2026,22101205,-930.00,HORWOOD COOMBE INSPIRE LIMITED,315946,481864066,Dedicated Schools Grant,A44180,Services for Educational Estabs - Devon,R0010004,"DCC Business Entities (Sole Trade, Partnership, Ltd)"
18,Devon County Council,05/06/2026,22101229,"1,335.00",WESTBANK COMMUNITY HEALTH & CARE,65217,277497150,Public Health Nursing,A22010,Hire of Rooms,R0019003,"DCC Business Entities (Sole Trade, Partnership, Ltd)"
18,Devon County Council,05/06/2026,22101917,559.34,EXETER CATHEDRAL SCHOOL,34278,479574820,Dedicated Schools Grant,A53012,Payments to Independent Units,R0089003,"DCC Business Entities (Sole Trade, Partnership, Ltd)"
18,Devon County Council,05/06/2026,22102208,"542,592.34",WAYTHROUGH,394680,413208832,Public Health,A57115,Payments to Private Contractors,R0316047,"DCC Business Entities (Sole Trade, Partnership, Ltd)"
18,Devon County Council,05/06/2026,22102216,"9,299.75",CO-LAB EXETER,90202,186186963,Public Health,A57115,Payments to Private Contractors,R0316047,"DCC Business Entities (Sole Trade, Partnership, Ltd)"
18,Devon County Council,05/06/2026,22102218,"4,925.25",REAL LIFE PSYCHOLOGY COMMUNITY INTEREST COMPANY,361509,,Public Health,A57115,Payments to Private Contractors,R0316047,"DCC Business Entities (Sole Trade, Partnership, Ltd)"
18,Devon County Council,05/06/2026,22102224,"19,610.55",NHS DEVON ICB,306113,654443336,Public Health,A57115,Payments to Private Contractors,R0316047,"DCC Business Entities (Sole Trade, Partnership, Ltd)"
18,Devon County Council,05/06/2026,22102258,"23,931.66",PETE'S DRAGONS,335403,,Public Health,A62105,Miscellaneous expenditure,R0316043,"DCC Business Entities (Sole Trade, Partnership, Ltd)"
18,Devon County Council,05/06/2026,22102365,"2,339.22",NETWORK RAIL,195364,798650956,Highways & Infrastructure Development,A49005,Other Hired & Contracting Services,R0553005,"DCC Business Entities (Sole Trade, Partnership, Ltd)"
18,Devon County Council,05/06/2026,22102513,"3,929.00",I & F LIMITED TRADING AS SKILLS4PHARMA,401744,,"Economy, Enterprise and Skills",A44038,Fees,R0546004,"DCC Business Entities (Sole Trade, Partnership, Ltd)"
18,Devon County Council,05/06/2026,22102800,"9,540.00",CHERISHEDCARE DEVON,304476,,Children's Social Care,A61044,Residential Short Breaks,R0044004,"DCC Business Entities (Sole Trade, Partnership, Ltd)"
18,Devon County Council,05/06/2026,22102947,"3,364.24",STEPHENSONS SOLICITORS,394642,294832719,"Chief Exec, Legal & Democratic services",A44968,Legal & Conveyancing Charges,R0276001,"DCC Business Entities (Sole Trade, Partnership, Ltd)"
18,Devon County Council,05/06/2026,22103200,"74,346.84",IAN WILLIAMS LIMITED,157927,137879028,"Capital - Planning, Transportation and Environment",C02009,Works,C0649001,DCC CIS Suppliers
18,Devon County Council,05/06/2026,22103226,"43,590.77",D W M L HOLDINGS LIMITED,345026,823821047,"Transport Operations, Environment and Waste",A46100,Main / Term Contractor,R0595004,"DCC Business Entities (Sole Trade, Partnership, Ltd)"
18,Devon County Council,05/06/2026,22103316,"4,080.62",SEVERN TRENT GREEN POWER,322030,876098474,"Transport Operations, Environment and Waste",A46100,Main / Term Contractor,R0598001,"DCC Business Entities (Sole Trade, Partnership, Ltd)"
18,Devon County Council,05/06/2026,22103440,"1,817.60",OCULAR INTEGRATION LIMITED,368413,417069846,Capital - Highways,C02009,Works,C0671005,"DCC Business Entities (Sole Trade, Partnership, Ltd)"
18,Devon County Council,05/06/2026,22103467,"3,548.00",BRITISH TELECOM (BILL PAYMNTS),4558,245719348,Capital - Highways,C02009,Works,C0671004,"DCC Business Entities (Sole Trade, Partnership, Ltd)"
18,Devon County Council,05/06/2026,22103484,903.00,THE APRICOT CENTRE CIC,341760,227454701,"Economy, Enterprise and Skills",A44038,Fees,R0546004,"DCC Business Entities (Sole Trade, Partnership, Ltd)"
18,Devon County Council,05/06/2026,22103659,"1,694.00",ESTEEM TEAM COMMUNITY INTEREST COMPANY,366509,491597739,Dedicated Schools Grant,A44185,Other professional Services (Schools),R0082007,"DCC Business Entities (Sole Trade, Partnership, Ltd)"
18,Devon County Council,08/06/2026,22098129,"62,618.00",UNIVERSITY HOSPITALS BIRMINGHAM NHS FOUNDATION TRUST,315349,654965101,Other PH Services,A16015,Staff Training Expenses - Non Payroll,R0352008,"DCC Business Entities (Sole Trade, Partnership, Ltd)"
18,Devon County Council,08/06/2026,22098546,853.58,NEXT STEPS EDUCATION LIMITED,389810,440621822,Dedicated Schools Grant,A44185,Other professional Services (Schools),R0082007,"DCC Business Entities (Sole Trade, Partnership, Ltd)"
18,Devon County Council,08/06/2026,22098791,"7,726.26",UNIVERSITY OF PLYMOUTH ENTERPRIS,314993,168287859,"Economy, Enterprise and Skills",A44038,Fees,R0546004,"DCC Business Entities (Sole Trade, Partnership, Ltd)"
18,Devon County Council,08/06/2026,22098809,"1,463.28",NEXT STEPS EDUCATION LIMITED,389810,440621822,Dedicated Schools Grant,A44180,Services for Educational Estabs - Devon,R0010004,"DCC Business Entities (Sole Trade, Partnership, Ltd)"
18,Devon County Council,08/06/2026,22098816,"109,004.97",STORMFORCE ROOFING & MAINTENANCE,101900,813484923,Capital - Schools Maintenance & Improvements,C02009,Works,C0658001,DCC CIS Suppliers
18,Devon County Council,08/06/2026,22098847,"21,250.00",HAYMARKET MEDIA GROUP LIMITED,23548,232584272,"Chief Exec, Legal & Democratic services",A47010,Subscriptions,R0288001,"DCC Business Entities (Sole Trade, Partnership, Ltd)"
18,Devon County Council,08/06/2026,22098888,667.92,NEXT STEPS EDUCATION LIMITED,389810,440621822,Dedicated Schools Grant,A44180,Services for Educational Estabs - Devon,R0010004,"DCC Business Entities (Sole Trade, Partnership, Ltd)"
18,Devon County Council,08/06/2026,22098899,"3,168.00",MULBERRY BUSH ORGANISATION LIMITED,397351,480204225,Children's Social Care,A44175,Training/Workshops - Non Staff,R0095007,"DCC Business Entities (Sole Trade, Partnership, Ltd)"
18,Devon County Council,08/06/2026,22098906,"1,646.19",NEXT STEPS EDUCATION LIMITED,389810,440621822,Dedicated Schools Grant,A44180,Services for Educational Estabs - Devon,R0010004,"DCC Business Entities (Sole Trade, Partnership, Ltd)"
18,Devon County Council,08/06/2026,22099051,"3,218.01",NEXT STEPS EDUCATION LIMITED,389810,440621822,Dedicated Schools Grant,A44180,Services for Educational Estabs - Devon,R0010004,"DCC Business Entities (Sole Trade, Partnership, Ltd)"
18,Devon County Council,08/06/2026,22099060,"1,341.34",NEXT STEPS EDUCATION LIMITED,389810,440621822,Dedicated Schools Grant,A44180,Services for Educational Estabs - Devon,R0010004,"DCC Business Entities (Sole Trade, Partnership, Ltd)"
18,Devon County Council,08/06/2026,22099073,"1,707.16",NEXT STEPS EDUCATION LIMITED,389810,440621822,Dedicated Schools Grant,A44180,Services for Educational Estabs - Devon,R0010004,"DCC Business Entities (Sole Trade, Partnership, Ltd)"
18,Devon County Council,08/06/2026,22099080,"1,341.33",NEXT STEPS EDUCATION LIMITED,389810,440621822,Dedicated Schools Grant,A44180,Services for Educational Estabs - Devon,R0010004,"DCC Business Entities (Sole Trade, Partnership, Ltd)"
18,Devon County Council,08/06/2026,22099082,"25,082.72",TRADING STANDARDS SOUTH WEST COMMUNITY INTEREST COMPANY,350412,291165695,Other PH Services,A47010,Subscriptions,R0548001,"DCC Business Entities (Sole Trade, Partnership, Ltd)"
18,Devon County Council,08/06/2026,22099111,"2,638.95",FOCUS TRAINING SOUTH WEST LIMITED,334251,158953365,"Economy, Enterprise and Skills",A44038,Fees,R0546004,"DCC Business Entities (Sole Trade, Partnership, Ltd)"
18,Devon County Council,08/06/2026,22099178,"10,864.00",S C C,161520,313651680,Transformation & Business Services,A45008,IT Hardware Maintenance,R0505006,"DCC Business Entities (Sole Trade, Partnership, Ltd)"
18,Devon County Council,08/06/2026,22099209,"3,266.00",RED ELEPHANT GROUP LIMITED,322497,305375125,Transformation & Business Services,A44095,Employee Security Checks,R0333026,"DCC Business Entities (Sole Trade, Partnership, Ltd)"
18,Devon County Council,08/06/2026,22099405,"241,785.03",SPAGHETTI BRIDGE LIMITED,377380,478673138,Dedicated Schools Grant,A61052,Independent Special School Fees,R0089003,"DCC Business Entities (Sole Trade, Partnership, Ltd)"
18,Devon County Council,08/06/2026,22099414,"99,521.90",SPAGHETTI BRIDGE LIMITED,377380,478673138,Dedicated Schools Grant,A61052,Independent Special School Fees,R0089003,"DCC Business Entities (Sole Trade, Partnership, Ltd)"
18,Devon County Council,08/06/2026,22099764,"1,100.00",LONDON BUILDING CONTROL LIMITED,318551,895840176,Capital - Schools Maintenance & Improvements,C02011,External Professional Fees,C0658001,"DCC Business Entities (Sole Trade, Partnership, Ltd)"
18,Devon County Council,08/06/2026,22100300,"4,425.87",STORMPRESS,122181,321041328,Children's Social Care,A44942,Promotions and Events,R0076002,"DCC Business Entities (Sole Trade, Partnership, Ltd)"
18,Devon County Council,08/06/2026,22100616,"9,865.80",TEIGN TREES & LANDSCAPES SOUTH WEST LIMITED,209228,250371238,Capital - Highways,C02009,Works,C0652001,DCC CIS Suppliers
18,Devon County Council,08/06/2026,22101913,960.00,Sam Watts,601477,,P-Ledger - Separate Legal Entity,A44038,Fees,P0416001,"DCC Business Entities (Sole Trade, Partnership, Ltd)"
18,Devon County Council,08/06/2026,22102251,"20,945.00",ICE CREATES LIMITED,121640,732833240,Public Health,A57115,Payments to Private Contractors,R0316030,"DCC Business Entities (Sole Trade, Partnership, Ltd)"
18,Devon County Council,08/06/2026,22102605,"8,351.46",Enerveo Limited,14967,382894546,"Capital - Planning, Transportation and Environment",C02009,Works,C0671003,DCC CIS Suppliers
18,Devon County Council,08/06/2026,22102802,"1,511.19",FUELCARD SERVICES LIMITED,326358,447765312,"Transport Operations, Environment and Waste",A30015,Vehicle Fuel,R0584003,"DCC Business Entities (Sole Trade, Partnership, Ltd)"
18,Devon County Council,08/06/2026,22103214,"5,040.00",DAN WOOLLACOTT FENCING,358106,278397149,Highways & Infrastructure Development,A49005,Other Hired & Contracting Services,R0557016,DCC CIS Suppliers
18,Devon County Council,08/06/2026,22103508,"3,072.91",S C C,161520,313651680,Transformation & Business Services,A43010,Printing,R0353008,"DCC Business Entities (Sole Trade, Partnership, Ltd)"
18,Devon County Council,08/06/2026,22103692,"3,246.50",D B S BASIC CHECKS,350747,,People and Culture,A12510,Other Employee Expenses,R0472004,"DCC Business Entities (Sole Trade, Partnership, Ltd)"
18,Devon County Council,08/06/2026,22103790,770.00,MARIE DEROME,394520,,P-Ledger - Separate Legal Entity,A61060,Support for Children in Care,P0432008,"DCC Business Entities (Sole Trade, Partnership, Ltd)"
18,Devon County Council,08/06/2026,22103825,"95,983.97",QUBE CONSTRUCT LIMITED,402750,931188818,Capital - Children & Schools Expansions,C02009,Works,C0657001,DCC CIS Suppliers
18,Devon County Council,08/06/2026,22103890,"3,500.00",HATCH GREEN GARAGE LIMITED,249457,927463209,"Transport Operations, Environment and Waste",A32010,Contract Hire Scheme,R0575001,"DCC Business Entities (Sole Trade, Partnership, Ltd)"
18,Devon County Council,08/06/2026,22103895,"1,000.00",TOTNES & RURAL COMMUNITY BUSINESS ASSOCIATION,107537,862026344,"Transport Operations, Environment and Waste",A32010,Contract Hire Scheme,R0575001,"DCC Business Entities (Sole Trade, Partnership, Ltd)"
18,Devon County Council,08/06/2026,22103942,"68,567.26",MIME HEURISTICS COMMUNITY INTEREST COMPANY,397303,,Dedicated Schools Grant,A61052,Independent Special School Fees,R0089003,"DCC Business Entities (Sole Trade, Partnership, Ltd)"
18,Devon County Council,08/06/2026,22104028,"2,250.00",ESTEEM TEAM COMMUNITY INTEREST COMPANY,366509,491597739,Dedicated Schools Grant,A44185,Other professional Services (Schools),R0082007,"DCC Business Entities (Sole Trade, Partnership, Ltd)"
18,Devon County Council,09/06/2026,22083929,"1,100.00",BALES FARM OUTDOOR LEARNING LTD,377260,505816692,Dedicated Schools Grant,A44185,Other professional Services (Schools),R0082007,"DCC Business Entities (Sole Trade, Partnership, Ltd)"
18,Devon County Council,09/06/2026,22096290,"6,180.77",BLACKDOWN SUPPORT GROUP,24669,,Operations,A52010,"Grants to voluntary, community and social enterprise organisations",R0480093,"DCC Business Entities (Sole Trade, Partnership, Ltd)"
18,Devon County Council,09/06/2026,22098516,"1,794.00",DEVON PATHWAYS LTD,383486,392542678,Dedicated Schools Grant,A44180,Services for Educational Estabs - Devon,R0010004,"DCC Business Entities (Sole Trade, Partnership, Ltd)"
18,Devon County Council,09/06/2026,22099034,"2,392.00",DEVON PATHWAYS LTD,383486,392542678,Dedicated Schools Grant,A44185,Other professional Services (Schools),R0082007,"DCC Business Entities (Sole Trade, Partnership, Ltd)"
18,Devon County Council,09/06/2026,22099323,513.00,PRIORTON VENN LIMITED TRADING AS NORTHFIELD,230676,390267976,Highways & Infrastructure Development,A49005,Other Hired & Contracting Services,R0557014,DCC CIS Suppliers
18,Devon County Council,09/06/2026,22099381,"2,541.00",DAN WOOLLACOTT FENCING,358106,278397149,Highways & Infrastructure Development,A49005,Other Hired & Contracting Services,R0552002,DCC CIS Suppliers
18,Devon County Council,09/06/2026,22099962,"18,214.90",SOUTHWEST ESTATE MAINTENANCE LIMITED,401880,506499273,Capital - Highways,C02009,Works,C0652001,DCC CIS Suppliers
18,Devon County Council,09/06/2026,22101034,"1,557.40",OCEAN HEALTHCARE,371633,776836374,Operations,A11005,Agency Supply Staff,R0269001,"DCC Business Entities (Sole Trade, Partnership, Ltd)"
18,Devon County Council,09/06/2026,22102987,"12,489.44",EVANS HEATING & PLUMBING LIMITED,51317,142922969,Capital - Schools Maintenance & Improvements,C02009,Works,C0658001,DCC CIS Suppliers
18,Devon County Council,09/06/2026,22103476,"2,742.00",BISCOES,359427,284553870,"Chief Exec, Legal & Democratic services",A44968,Legal & Conveyancing Charges,R0274001,"DCC Business Entities (Sole Trade, Partnership, Ltd)"
18,Devon County Council,09/06/2026,22103487,"1,065.00",SAM CASTLEHOUSE,371724,342940112,"Chief Exec, Legal & Democratic services",A44968,Legal & Conveyancing Charges,R0276001,"DCC Business Entities (Sole Trade, Partnership, Ltd)"
18,Devon County Council,09/06/2026,22103870,"5,669.35",THE COLOUR WORKS INTERNATIONAL LIMITED,394321,825444822,"Economy, Enterprise and Skills",A16015,Staff Training Expenses - Non Payroll,R0543001,"DCC Business Entities (Sole Trade, Partnership, Ltd)"
18,Devon County Council,09/06/2026,22103892,"575,000.00",STAGECOACH DEVON LIMITED,21413,435757819,"Transport Operations, Environment and Waste",A32010,Contract Hire Scheme,R0575001,"DCC Business Entities (Sole Trade, Partnership, Ltd)"
18,Devon County Council,09/06/2026,22104035,"2,200.00",Thomas Challacombe at KBG,605117,,"Chief Exec, Legal & Democratic services",A44968,Legal & Conveyancing Charges,R0274001,"DCC Business Entities (Sole Trade, Partnership, Ltd)"
18,Devon County Council,09/06/2026,22104078,"1,129,187.98",M Group Highways Limited,375383,927200546,Capital - Highways,C02009,Works,C0671008,"DCC Business Entities (Sole Trade, Partnership, Ltd)"
18,Devon County Council,09/06/2026,22104220,"6,349.04",ACORN CARE & EDUCATION LIMITED,333557,902188441,Dedicated Schools Grant,A61052,Independent Special School Fees,R0089003,"DCC Business Entities (Sole Trade, Partnership, Ltd)"
18,Devon County Council,09/06/2026,22104274,"1,750.00",EXE EXEC & S.W.A.T,380714,,"Chief Exec, Legal & Democratic services",A32005,Hire of Transport - Non Staff,R0285001,"DCC Business Entities (Sole Trade, Partnership, Ltd)"
18,Devon County Council,09/06/2026,22104393,"1,160.00",Coram Construction Training Ltd,603973,285329182,Highways & Infrastructure Development,A16015,Staff Training Expenses - Non Payroll,R0558001,"DCC Business Entities (Sole Trade, Partnership, Ltd)"
18,Devon County Council,09/06/2026,150477025,"5,976.39",M Group Highways Limited,375383,927200546,Capital - Highways,C02051,Term Maintenance Contract,C0671007,"DCC Business Entities (Sole Trade, Partnership, Ltd)"
18,Devon County Council,09/06/2026,150477031,"12,579.40",M Group Highways Limited,375383,927200546,Highways & Infrastructure Development,A46100,Main / Term Contractor,R0554004,"DCC Business Entities (Sole Trade, Partnership, Ltd)"
18,Devon County Council,09/06/2026,150477033,"8,413.68",M Group Highways Limited,375383,927200546,Highways & Infrastructure Development,A46100,Main / Term Contractor,R0554004,"DCC Business Entities (Sole Trade, Partnership, Ltd)"
18,Devon County Council,09/06/2026,150477034,"26,812.92",M Group Highways Limited,375383,927200546,Capital - Highways,C02051,Term Maintenance Contract,C0671006,"DCC Business Entities (Sole Trade, Partnership, Ltd)"
18,Devon County Council,09/06/2026,150477039,"60,564.25",M Group Highways Limited,375383,927200546,Highways & Infrastructure Development,A46100,Main / Term Contractor,R0554004,"DCC Business Entities (Sole Trade, Partnership, Ltd)"
18,Devon County Council,09/06/2026,150477040,"68,891.84",M Group Highways Limited,375383,927200546,Highways & Infrastructure Development,A46100,Main / Term Contractor,R0554004,"DCC Business Entities (Sole Trade, Partnership, Ltd)"
18,Devon County Council,09/06/2026,150477042,"-68,378.07",M Group Highways Limited,375383,927200546,Highways & Infrastructure Development,A46100,Main / Term Contractor,R0554004,"DCC Business Entities (Sole Trade, Partnership, Ltd)"
18,Devon County Council,09/06/2026,150477048,"1,423.00",M Group Highways Limited,375383,927200546,Highways & Infrastructure Development,A46100,Main / Term Contractor,R0554004,"DCC Business Entities (Sole Trade, Partnership, Ltd)"
18,Devon County Council,09/06/2026,150477050,"6,508.20",M Group Highways Limited,375383,927200546,Capital - Highways,C02051,Term Maintenance Contract,C0652001,"DCC Business Entities (Sole Trade, Partnership, Ltd)"
18,Devon County Council,10/06/2026,22080988,"3,055.50",BE YOUR BEST MENTORING LIMITED,385179,426486966,Dedicated Schools Grant,A44185,Other professional Services (Schools),R0082007,"DCC Business Entities (Sole Trade, Partnership, Ltd)"
18,Devon County Council,10/06/2026,22082619,"3,840.00",PROGRESSION SERVICES LIMITED,390181,439882639,Dedicated Schools Grant,A44185,Other professional Services (Schools),R0082007,"DCC Business Entities (Sole Trade, Partnership, Ltd)"
18,Devon County Council,10/06/2026,22089465,"1,589.04",GLOBAL MEDIA GROUP SERVICES LIMITED,235805,649417019,"Economy, Enterprise and Skills",A44005,Publicity/Advertising,R0539003,"DCC Business Entities (Sole Trade, Partnership, Ltd)"
18,Devon County Council,10/06/2026,22098893,"1,821.08",NORSE SOUTH WEST LIMITED,279741,785421021,Transformation & Business Services,A20015,Security / Surveillance Equipment Maintenance,R0333026,"DCC Business Entities (Sole Trade, Partnership, Ltd)"
18,Devon County Council,10/06/2026,22098947,520.00,WOOLWELL CENTRE,58349,,Public Health Nursing,A22010,Hire of Rooms,R0019003,"DCC Business Entities (Sole Trade, Partnership, Ltd)"
18,Devon County Council,10/06/2026,22099044,"56,444.27",Aureos Energy Ltd,603925,472695552,Capital other - Digital Technology & Business Services,C02009,Works,C0651001,DCC CIS Suppliers
18,Devon County Council,10/06/2026,22099046,"3,890.29",TARMAC TRADING LIMITED,200725,532367943,Capital - Highways,C02009,Works,C0652001,"DCC Business Entities (Sole Trade, Partnership, Ltd)"
18,Devon County Council,10/06/2026,22099217,"1,655.84",NORSE SOUTH WEST LIMITED,279741,785421021,Transformation & Business Services,A20010,"Property Repairs, Maintenance & Alterations (Reactive)",R0333026,"DCC Business Entities (Sole Trade, Partnership, Ltd)"
18,Devon County Council,10/06/2026,22099238,"2,946.43",UNIVERSITY OF EXETER-FINANCE OFF,4630,142047795,"Transport Operations, Environment and Waste",A44038,Fees,R0611003,"DCC Business Entities (Sole Trade, Partnership, Ltd)"
18,Devon County Council,10/06/2026,22099747,550.00,PSYCHOLOGY ASSOCIATES LIMITED,147932,912873418,P-Ledger - Separate Legal Entity,A61060,Support for Children in Care,P0432008,"DCC Business Entities (Sole Trade, Partnership, Ltd)"
18,Devon County Council,10/06/2026,22100530,850.00,AYSE VAHIB,182208,868784254,"Chief Exec, Legal & Democratic services",A44968,Legal & Conveyancing Charges,R0276001,"DCC Business Entities (Sole Trade, Partnership, Ltd)"
18,Devon County Council,10/06/2026,22100539,850.00,ANITA NOERR,396823,257831970,"Chief Exec, Legal & Democratic services",A44968,Legal & Conveyancing Charges,R0276001,"DCC Business Entities (Sole Trade, Partnership, Ltd)"
18,Devon County Council,10/06/2026,22100705,833.00,PROMOTING INDEPENDENT CARE LIMITED,376159,,Children's Social Care,A11005,Agency Supply Staff,R0095005,"DCC Business Entities (Sole Trade, Partnership, Ltd)"
18,Devon County Council,10/06/2026,22100748,808.35,NORSE SOUTH WEST LIMITED,279741,785421021,Transformation & Business Services,A44095,Employee Security Checks,R0333026,"DCC Business Entities (Sole Trade, Partnership, Ltd)"
18,Devon County Council,10/06/2026,22100889,"8,007.00",PROMOTING INDEPENDENT CARE LIMITED,376159,,Children's Social Care,A11005,Agency Supply Staff,R0095011,"DCC Business Entities (Sole Trade, Partnership, Ltd)"
18,Devon County Council,10/06/2026,22101375,"2,186.28",LEXIA EDUCATION SERVICES LIMITED,376344,376218677,Dedicated Schools Grant,A44185,Other professional Services (Schools),R0082007,"DCC Business Entities (Sole Trade, Partnership, Ltd)"
18,Devon County Council,10/06/2026,22101398,"2,680.43",LEXIA EDUCATION SERVICES LIMITED,376344,376218677,Dedicated Schools Grant,A44185,Other professional Services (Schools),R0082007,"DCC Business Entities (Sole Trade, Partnership, Ltd)"
18,Devon County Council,10/06/2026,22101400,"1,663.36",LEXIA EDUCATION SERVICES LIMITED,376344,376218677,Dedicated Schools Grant,A44185,Other professional Services (Schools),R0082007,"DCC Business Entities (Sole Trade, Partnership, Ltd)"
18,Devon County Council,10/06/2026,22101407,727.72,LEXIA EDUCATION SERVICES LIMITED,376344,376218677,Dedicated Schools Grant,A44185,Other professional Services (Schools),R0082007,"DCC Business Entities (Sole Trade, Partnership, Ltd)"
18,Devon County Council,10/06/2026,22101408,623.75,LEXIA EDUCATION SERVICES LIMITED,376344,376218677,Dedicated Schools Grant,A44180,Services for Educational Estabs - Devon,R0010004,"DCC Business Entities (Sole Trade, Partnership, Ltd)"
18,Devon County Council,10/06/2026,22101410,831.68,LEXIA EDUCATION SERVICES LIMITED,376344,376218677,Dedicated Schools Grant,A44185,Other professional Services (Schools),R0082007,"DCC Business Entities (Sole Trade, Partnership, Ltd)"
18,Devon County Council,10/06/2026,22101412,"1,013.61",LEXIA EDUCATION SERVICES LIMITED,376344,376218677,Dedicated Schools Grant,A44180,Services for Educational Estabs - Devon,R0010004,"DCC Business Entities (Sole Trade, Partnership, Ltd)"
18,Devon County Council,10/06/2026,22101421,935.65,LEXIA EDUCATION SERVICES LIMITED,376344,376218677,Dedicated Schools Grant,A44185,Other professional Services (Schools),R0082007,"DCC Business Entities (Sole Trade, Partnership, Ltd)"
18,Devon County Council,10/06/2026,22101427,"1,559.40",LEXIA EDUCATION SERVICES LIMITED,376344,376218677,Dedicated Schools Grant,A44185,Other professional Services (Schools),R0082007,"DCC Business Entities (Sole Trade, Partnership, Ltd)"
18,Devon County Council,10/06/2026,22101443,883.66,LEXIA EDUCATION SERVICES LIMITED,376344,376218677,Dedicated Schools Grant,A44185,Other professional Services (Schools),R0082007,"DCC Business Entities (Sole Trade, Partnership, Ltd)"
18,Devon County Council,10/06/2026,22101475,779.70,LEXIA EDUCATION SERVICES LIMITED,376344,376218677,Dedicated Schools Grant,A44185,Other professional Services (Schools),R0082007,"DCC Business Entities (Sole Trade, Partnership, Ltd)"
18,Devon County Council,10/06/2026,22101476,"1,923.27",LEXIA EDUCATION SERVICES LIMITED,376344,376218677,Dedicated Schools Grant,A44180,Services for Educational Estabs - Devon,R0010004,"DCC Business Entities (Sole Trade, Partnership, Ltd)"
18,Devon County Council,10/06/2026,22101649,"1,019.70",LEXIA EDUCATION SERVICES LIMITED,376344,376218677,Dedicated Schools Grant,A44185,Other professional Services (Schools),R0082007,"DCC Business Entities (Sole Trade, Partnership, Ltd)"
18,Devon County Council,10/06/2026,22102476,931.88,SOUTHWEST ESTATE MAINTENANCE LIMITED,401880,506499273,Capital - Highways,C02009,Works,C0652001,DCC CIS Suppliers
18,Devon County Council,10/06/2026,22103070,"6,074.39",WESTCOUNTRY MAINTENANCE SERVICES LIMITED,229952,915005854,Other PH Services,A20010,"Property Repairs, Maintenance & Alterations (Reactive)",R0548001,DCC CIS Suppliers
18,Devon County Council,10/06/2026,22103119,"3,456.00",MARINE & CIVIL SOLUTIONS LIMITED,283395,431868383,Capital - Highways,C02009,Works,C0671004,DCC CIS Suppliers
18,Devon County Council,10/06/2026,22103180,"1,050.00",LEEP TALENT LIMITED,601804,469035473,"Economy, Enterprise and Skills",A44038,Fees,R0546004,"DCC Business Entities (Sole Trade, Partnership, Ltd)"
18,Devon County Council,10/06/2026,22104706,"3,040.80",PROSPERO RECRUITMENT LIMITED,352539,486704947,Dedicated Schools Grant,A44185,Other professional Services (Schools),R0082007,"DCC Business Entities (Sole Trade, Partnership, Ltd)"
18,Devon County Council,10/06/2026,22104728,810.88,PROSPERO RECRUITMENT LIMITED,352539,486704947,Dedicated Schools Grant,A44185,Other professional Services (Schools),R0082007,"DCC Business Entities (Sole Trade, Partnership, Ltd)"
18,Devon County Council,10/06/2026,22104732,"3,040.80",PROSPERO RECRUITMENT LIMITED,352539,486704947,Dedicated Schools Grant,A44185,Other professional Services (Schools),R0082007,"DCC Business Entities (Sole Trade, Partnership, Ltd)"
18,Devon County Council,11/06/2026,22085950,"4,464.00",NORSE SOUTH WEST LIMITED,279741,785421021,Transformation & Business Services,A20015,Security / Surveillance Equipment Maintenance,R0333004,"DCC Business Entities (Sole Trade, Partnership, Ltd)"
18,Devon County Council,11/06/2026,22097905,"1,500.00",RHYS JENKINS,367140,322180836,"Chief Exec, Legal & Democratic services",A44968,Legal & Conveyancing Charges,R0276001,"DCC Business Entities (Sole Trade, Partnership, Ltd)"
18,Devon County Council,11/06/2026,22099237,"6,683.03",THE OUTDOORS GROUP *57*,362971,312604642,Dedicated Schools Grant,A61052,Independent Special School Fees,R0089003,"DCC Business Entities (Sole Trade, Partnership, Ltd)"
18,Devon County Council,11/06/2026,22099252,"4,893.69",THE OUTDOORS GROUP *57*,362971,312604642,Dedicated Schools Grant,A61052,Independent Special School Fees,R0089003,"DCC Business Entities (Sole Trade, Partnership, Ltd)"
18,Devon County Council,11/06/2026,22099256,"6,945.97",THE OUTDOORS GROUP *57*,362971,312604642,Dedicated Schools Grant,A61052,Independent Special School Fees,R0089003,"DCC Business Entities (Sole Trade, Partnership, Ltd)"
18,Devon County Council,11/06/2026,22099264,"4,864.08",THE OUTDOORS GROUP *57*,362971,312604642,Dedicated Schools Grant,A61052,Independent Special School Fees,R0089003,"DCC Business Entities (Sole Trade, Partnership, Ltd)"
18,Devon County Council,11/06/2026,22099269,"4,866.92",THE OUTDOORS GROUP *57*,362971,312604642,Dedicated Schools Grant,A61052,Independent Special School Fees,R0089003,"DCC Business Entities (Sole Trade, Partnership, Ltd)"
18,Devon County Council,11/06/2026,22099273,"4,864.08",THE OUTDOORS GROUP *57*,362971,312604642,Dedicated Schools Grant,A61052,Independent Special School Fees,R0089003,"DCC Business Entities (Sole Trade, Partnership, Ltd)"
18,Devon County Council,11/06/2026,22099286,"4,864.08",THE OUTDOORS GROUP *57*,362971,312604642,Dedicated Schools Grant,A61052,Independent Special School Fees,R0089003,"DCC Business Entities (Sole Trade, Partnership, Ltd)"
18,Devon County Council,11/06/2026,22099302,"4,864.08",THE OUTDOORS GROUP *57*,362971,312604642,Dedicated Schools Grant,A61052,Independent Special School Fees,R0089003,"DCC Business Entities (Sole Trade, Partnership, Ltd)"
18,Devon County Council,11/06/2026,22099308,"4,866.92",THE OUTDOORS GROUP *57*,362971,312604642,Dedicated Schools Grant,A61052,Independent Special School Fees,R0089003,"DCC Business Entities (Sole Trade, Partnership, Ltd)"
18,Devon County Council,11/06/2026,22099309,"4,864.08",THE OUTDOORS GROUP *57*,362971,312604642,Dedicated Schools Grant,A61052,Independent Special School Fees,R0089003,"DCC Business Entities (Sole Trade, Partnership, Ltd)"
18,Devon County Council,11/06/2026,22099315,"4,864.08",THE OUTDOORS GROUP *57*,362971,312604642,Dedicated Schools Grant,A61052,Independent Special School Fees,R0089003,"DCC Business Entities (Sole Trade, Partnership, Ltd)"
18,Devon County Council,11/06/2026,22099466,"2,450.00",JOHN LIFE ENGINEERING LIMITED,22014,423454219,Capital - Highways,C02009,Works,C0671004,DCC CIS Suppliers
18,Devon County Council,11/06/2026,22099595,"4,864.17",THE OUTDOORS GROUP *57*,362971,312604642,Dedicated Schools Grant,A61052,Independent Special School Fees,R0089003,"DCC Business Entities (Sole Trade, Partnership, Ltd)"
18,Devon County Council,11/06/2026,22099601,"6,683.58",THE OUTDOORS GROUP *57*,362971,312604642,Dedicated Schools Grant,A61052,Independent Special School Fees,R0089003,"DCC Business Entities (Sole Trade, Partnership, Ltd)"
18,Devon County Council,11/06/2026,22099605,"6,827.06",THE OUTDOORS GROUP *57*,362971,312604642,Dedicated Schools Grant,A61052,Independent Special School Fees,R0089003,"DCC Business Entities (Sole Trade, Partnership, Ltd)"
18,Devon County Council,11/06/2026,22099614,"4,864.08",THE OUTDOORS GROUP *57*,362971,312604642,Dedicated Schools Grant,A61052,Independent Special School Fees,R0089003,"DCC Business Entities (Sole Trade, Partnership, Ltd)"
18,Devon County Council,11/06/2026,22099630,"4,864.08",THE OUTDOORS GROUP *57*,362971,312604642,Dedicated Schools Grant,A61052,Independent Special School Fees,R0089003,"DCC Business Entities (Sole Trade, Partnership, Ltd)"
18,Devon County Council,11/06/2026,22099633,"4,864.08",THE OUTDOORS GROUP *57*,362971,312604642,Dedicated Schools Grant,A61052,Independent Special School Fees,R0089003,"DCC Business Entities (Sole Trade, Partnership, Ltd)"
18,Devon County Council,11/06/2026,22099722,"6,005.41",NORSE SOUTH WEST LIMITED,279741,785421021,"Capital - Economy, Enterprise & Skills",C02011,External Professional Fees,C0648001,"DCC Business Entities (Sole Trade, Partnership, Ltd)"
18,Devon County Council,11/06/2026,22099743,"2,109.19",Blue and Orange Limited,603904,,"Capital - Planning, Transportation and Environment",C02011,External Professional Fees,C0649001,"DCC Business Entities (Sole Trade, Partnership, Ltd)"
18,Devon County Council,11/06/2026,22101111,"6,000.00",Beam Up Ltd,602701,325653502,Transformation & Business Services,A45040,IT Software,R0353006,"DCC Business Entities (Sole Trade, Partnership, Ltd)"
18,Devon County Council,11/06/2026,22101472,"1,803.80",Dr Natalia Iavu,601316,,"Chief Exec, Legal & Democratic services",A44038,Fees,R0506002,"DCC Business Entities (Sole Trade, Partnership, Ltd)"
18,Devon County Council,11/06/2026,22102533,"1,533.00",TEIGN TREES & LANDSCAPES SOUTH WEST LIMITED,209228,250371238,Highways & Infrastructure Development,A46100,Main / Term Contractor,R0567007,DCC CIS Suppliers
18,Devon County Council,11/06/2026,22102585,"8,802.00",PLYMOUTH HOSPITALS NHS TRUST,27710,654936600,"Chief Exec, Legal & Democratic services",A44086,Mortuary Facilities,R0506002,"DCC Business Entities (Sole Trade, Partnership, Ltd)"
18,Devon County Council,11/06/2026,22102645,"1,526.90",DR ROBERT HADDEN,325506,,"Chief Exec, Legal & Democratic services",A44038,Fees,R0506002,"DCC Business Entities (Sole Trade, Partnership, Ltd)"
18,Devon County Council,11/06/2026,22103584,"1,290.00",KENNFORD TARMACADAM LIMITED,24534,976391178,Capital - Highways,C02009,Works,C0652001,DCC CIS Suppliers
18,Devon County Council,11/06/2026,22103587,"1,290.00",KENNFORD TARMACADAM LIMITED,24534,976391178,Capital - Highways,C02009,Works,C0652001,DCC CIS Suppliers
18,Devon County Council,11/06/2026,22104012,"1,800.00",TORBAY COUNCIL FINANCE,6411,142208211,Other PH Services,A44038,Fees,R0548001,"DCC Business Entities (Sole Trade, Partnership, Ltd)"
18,Devon County Council,11/06/2026,22104571,825.00,BALES FARM OUTDOOR LEARNING LTD,377260,505816692,Dedicated Schools Grant,A44185,Other professional Services (Schools),R0082007,"DCC Business Entities (Sole Trade, Partnership, Ltd)"
18,Devon County Council,11/06/2026,22104669,"2,027.20",PROSPERO RECRUITMENT LIMITED,352539,486704947,Dedicated Schools Grant,A44185,Other professional Services (Schools),R0082007,"DCC Business Entities (Sole Trade, Partnership, Ltd)"
18,Devon County Council,11/06/2026,22104678,810.88,PROSPERO RECRUITMENT LIMITED,352539,486704947,Dedicated Schools Grant,A44185,Other professional Services (Schools),R0082007,"DCC Business Entities (Sole Trade, Partnership, Ltd)"
18,Devon County Council,11/06/2026,22104714,"2,200.00",CRAWFORD & COMPANY ADJUSTERS UK LIMITED,328674,447217351,"Chief Exec, Legal & Democratic services",A44165,Compensation Claims payments,R0283001,"DCC Business Entities (Sole Trade, Partnership, Ltd)"
18,Devon County Council,11/06/2026,22104718,"3,312.11",PROSPERO RECRUITMENT LIMITED,352539,486704947,Dedicated Schools Grant,A44185,Other professional Services (Schools),R0082007,"DCC Business Entities (Sole Trade, Partnership, Ltd)"
18,Devon County Council,11/06/2026,22104736,"2,027.20",PROSPERO RECRUITMENT LIMITED,352539,486704947,Dedicated Schools Grant,A44185,Other professional Services (Schools),R0082007,"DCC Business Entities (Sole Trade, Partnership, Ltd)"
18,Devon County Council,11/06/2026,22104748,"1,114.96",PROSPERO RECRUITMENT LIMITED,352539,486704947,Dedicated Schools Grant,A44185,Other professional Services (Schools),R0082007,"DCC Business Entities (Sole Trade, Partnership, Ltd)"
18,Devon County Council,11/06/2026,22104762,"3,040.80",PROSPERO RECRUITMENT LIMITED,352539,486704947,Dedicated Schools Grant,A44180,Services for Educational Estabs - Devon,R0010004,"DCC Business Entities (Sole Trade, Partnership, Ltd)"
18,Devon County Council,11/06/2026,22104817,"3,040.80",PROSPERO RECRUITMENT LIMITED,352539,486704947,Dedicated Schools Grant,A44185,Other professional Services (Schools),R0082007,"DCC Business Entities (Sole Trade, Partnership, Ltd)"
18,Devon County Council,11/06/2026,22105002,660.00,TRANSFORMING FUTURES TRUST,181267,,Dedicated Schools Grant,A53040,Contributions to Educational Estabs (3rd,R0107001,"DCC Business Entities (Sole Trade, Partnership, Ltd)"
18,Devon County Council,11/06/2026,22105010,"1,110.00",TORQUAY ACADEMY,294935,,Dedicated Schools Grant,A53040,Contributions to Educational Estabs (3rd,R0107001,"DCC Business Entities (Sole Trade, Partnership, Ltd)"
18,Devon County Council,11/06/2026,150482372,"28,127.59",M Group Highways Limited,375383,927200546,Highways & Infrastructure Development,A46100,Main / Term Contractor,R0554004,"DCC Business Entities (Sole Trade, Partnership, Ltd)"
18,Devon County Council,11/06/2026,150482379,"4,447.60",M Group Highways Limited,375383,927200546,Highways & Infrastructure Development,A46100,Main / Term Contractor,R0554001,"DCC Business Entities (Sole Trade, Partnership, Ltd)"
18,Devon County Council,11/06/2026,150482383,"19,781.13",M Group Highways Limited,375383,927200546,Capital - Highways,C02051,Term Maintenance Contract,C0671005,"DCC Business Entities (Sole Trade, Partnership, Ltd)"
18,Devon County Council,11/06/2026,150482393,"32,407.80",M Group Highways Limited,375383,927200546,Capital - Highways,C02051,Term Maintenance Contract,C0671007,"DCC Business Entities (Sole Trade, Partnership, Ltd)"
18,Devon County Council,11/06/2026,150482395,"13,275.14",M Group Highways Limited,375383,927200546,Capital - Highways,C02051,Term Maintenance Contract,C0671006,"DCC Business Entities (Sole Trade, Partnership, Ltd)"
18,Devon County Council,12/06/2026,22085585,"31,738.69",Altogether Care - Care at Home Ltd,600796,373708870,Operations,A57136,Personal Care Block,R0234001,"DCC Business Entities (Sole Trade, Partnership, Ltd)"
18,Devon County Council,12/06/2026,22094941,"1,875.85",NORSE SOUTH WEST LIMITED,279741,785421021,Transformation & Business Services,A20005,"Property Repairs, Maintenance & Alterations (programmed)",R0333026,"DCC Business Entities (Sole Trade, Partnership, Ltd)"
18,Devon County Council,12/06/2026,22098734,794.16,NORSE SOUTH WEST LIMITED,279741,785421021,Transformation & Business Services,A20005,"Property Repairs, Maintenance & Alterations (programmed)",R0333026,"DCC Business Entities (Sole Trade, Partnership, Ltd)"
18,Devon County Council,12/06/2026,22099690,"1,920.00",PROGRESSION SERVICES LIMITED,390181,439882639,Dedicated Schools Grant,A44180,Services for Educational Estabs - Devon,R0010004,"DCC Business Entities (Sole Trade, Partnership, Ltd)"
18,Devon County Council,12/06/2026,22099729,"4,599.84",BOSENCE FARM COMMUNITY LIMITED,110443,,Public Health,A57115,Payments to Private Contractors,R0316042,"DCC Business Entities (Sole Trade, Partnership, Ltd)"
18,Devon County Council,12/06/2026,22099750,"3,715.00",WALES & WEST UTILITIES LIMITED,178421,851008849,Transformation & Business Services,A44038,Fees,R0333004,"DCC Business Entities (Sole Trade, Partnership, Ltd)"
18,Devon County Council,12/06/2026,22099759,"2,960.78",BREAKTHROUGH TRANSFORMATION TRUST,248117,480468080,Dedicated Schools Grant,A44185,Other professional Services (Schools),R0082007,"DCC Business Entities (Sole Trade, Partnership, Ltd)"
18,Devon County Council,12/06/2026,22099805,887.50,NEXT STEPS TRAINING COMMUNITY INTEREST COMPANY,392107,444102632,Highways & Infrastructure Development,A44038,Fees,R0551001,"DCC Business Entities (Sole Trade, Partnership, Ltd)"
18,Devon County Council,12/06/2026,22100074,"2,995.00",I AM MORE ACADEMY LIMITED,400828,,P-Ledger - Separate Legal Entity,A49105,Other Supplies & Services,P0393021,"DCC Business Entities (Sole Trade, Partnership, Ltd)"
18,Devon County Council,12/06/2026,22100541,882.90,DODDS SOLICITORS LLP,394172,729928286,"Chief Exec, Legal & Democratic services",A44968,Legal & Conveyancing Charges,R0276001,"DCC Business Entities (Sole Trade, Partnership, Ltd)"
18,Devon County Council,12/06/2026,22101168,"1,329.88",WESSEX TREE SURGEONS LIMITED,18324,382780231,Highways & Infrastructure Development,A49005,Other Hired & Contracting Services,R0553005,"DCC Business Entities (Sole Trade, Partnership, Ltd)"
18,Devon County Council,12/06/2026,22104286,616.13,GR POOK ENGINEERING LIMITED,387085,529754215,"Transport Operations, Environment and Waste",A30010,Vehicles Repairs,R0584003,"DCC Business Entities (Sole Trade, Partnership, Ltd)"
18,Devon County Council,12/06/2026,22104313,532.54,E D F ENERGY,157926,523041202,Highways & Infrastructure Development,A21005,Electricity,R0562004,"DCC Business Entities (Sole Trade, Partnership, Ltd)"
18,Devon County Council,12/06/2026,22104556,"6,856.44",Stags (9901),4337,141429000,Capital - Highways,C01010,Acquisitions - Purchase Cost - Legal Fees,C0671008,"DCC Business Entities (Sole Trade, Partnership, Ltd)"
18,Devon County Council,12/06/2026,22104747,886.90,PROSPERO RECRUITMENT LIMITED,352539,486704947,Dedicated Schools Grant,A44185,Other professional Services (Schools),R0082007,"DCC Business Entities (Sole Trade, Partnership, Ltd)"
18,Devon County Council,12/06/2026,22104751,"3,040.80",PROSPERO RECRUITMENT LIMITED,352539,486704947,Dedicated Schools Grant,A44185,Other professional Services (Schools),R0082007,"DCC Business Entities (Sole Trade, Partnership, Ltd)"
18,Devon County Council,12/06/2026,22104882,"1,422.72",Altogether Care - Care at Home Ltd,600796,373708870,Operations,A57136,Personal Care Block,R0234001,"DCC Business Entities (Sole Trade, Partnership, Ltd)"
18,Devon County Council,12/06/2026,22105082,"7,555.00",Velociti Solutions Limited,604524,441474405,"Transport Operations, Environment and Waste",A45045,IT Software Maintenance,R0582001,"DCC Business Entities (Sole Trade, Partnership, Ltd)"
18,Devon County Council,12/06/2026,22105296,"1,150.00",Julie Mackenzie,601567,303165109,"Chief Exec, Legal & Democratic services",A44968,Legal & Conveyancing Charges,R0276001,"DCC Business Entities (Sole Trade, Partnership, Ltd)"
18,Devon County Council,15/06/2026,22082985,"2,242.00",ESTEEM TEAM COMMUNITY INTEREST COMPANY,366509,491597739,Dedicated Schools Grant,A44185,Other professional Services (Schools),R0082007,"DCC Business Entities (Sole Trade, Partnership, Ltd)"
18,Devon County Council,15/06/2026,22083945,"170,826.09",DEVON PARTNERSHIP NHS TRUST,92211,654400557,Operations,A12510,Other Employee Expenses,R0225001,"DCC Business Entities (Sole Trade, Partnership, Ltd)"
18,Devon County Council,15/06/2026,22090352,"5,715.21",GCI NETWORK SOLUTIONS TA NASSTAR,380659,199872429,Transformation & Business Services,A45020,Telephones,R0353008,"DCC Business Entities (Sole Trade, Partnership, Ltd)"
18,Devon County Council,15/06/2026,22099924,689.04,Complete Training (Devon) Ltd,601803,454736080,"Economy, Enterprise and Skills",A44038,Fees,R0546004,"DCC Business Entities (Sole Trade, Partnership, Ltd)"
18,Devon County Council,15/06/2026,22100267,"8,741.00",NHS DEVON ICB,306113,654443336,Operations,A57145,Residential Care - Short Stay,R0234001,"DCC Business Entities (Sole Trade, Partnership, Ltd)"
18,Devon County Council,15/06/2026,22100357,"430,972.92",NTH DEVON AGAINST DOMESTIC ABUSE,99702,,Communities,A46100,Main / Term Contractor,R0533001,"DCC Business Entities (Sole Trade, Partnership, Ltd)"
18,Devon County Council,15/06/2026,22100376,540.00,LILIAN WAKE TRADING AS KOALA TREE CHILD THERAPY,374384,,P-Ledger - Separate Legal Entity,A61060,Support for Children in Care,P0432008,"DCC Business Entities (Sole Trade, Partnership, Ltd)"
18,Devon County Council,15/06/2026,22100414,500.00,Louise Brown trading as Louise Brown Therapeutic Services,604620,,P-Ledger - Separate Legal Entity,A61060,Support for Children in Care,P0432008,"DCC Business Entities (Sole Trade, Partnership, Ltd)"
18,Devon County Council,15/06/2026,22100420,"2,083.33",ALD,352810,,Children's Social Care,A45049,WEBSITE,R0076001,"DCC Business Entities (Sole Trade, Partnership, Ltd)"
18,Devon County Council,15/06/2026,22100427,"3,025.00",BALES FARM OUTDOOR LEARNING LTD,377260,505816692,Dedicated Schools Grant,A44185,Other professional Services (Schools),R0082007,"DCC Business Entities (Sole Trade, Partnership, Ltd)"
18,Devon County Council,15/06/2026,22100460,"9,933.34",AVC WISE LIMITED TRADING AS MY MONEY MATTERS,386397,298413370,People and Culture,A44038,Fees,R0502001,"DCC Business Entities (Sole Trade, Partnership, Ltd)"
18,Devon County Council,15/06/2026,22100465,"1,341.35",NEXT STEPS EDUCATION LIMITED,389810,440621822,Dedicated Schools Grant,A44185,Other professional Services (Schools),R0082007,"DCC Business Entities (Sole Trade, Partnership, Ltd)"
18,Devon County Council,15/06/2026,22100474,"1,463.28",NEXT STEPS EDUCATION LIMITED,389810,440621822,Dedicated Schools Grant,A44180,Services for Educational Estabs - Devon,R0010004,"DCC Business Entities (Sole Trade, Partnership, Ltd)"
18,Devon County Council,15/06/2026,22100497,700.00,FUN-TASIA,254725,,Children's Social Care,A44176,Educational / Residential Visits,R0015001,"DCC Business Entities (Sole Trade, Partnership, Ltd)"
18,Devon County Council,15/06/2026,22100514,"1,950.00",BENCHMARK (EXETER) LIMITED,81481,631397831,Capital - Highways,C02009,Works,C0652001,"DCC Business Entities (Sole Trade, Partnership, Ltd)"
18,Devon County Council,15/06/2026,22100569,524.52,BE YOUR BEST MENTORING LIMITED,385179,426486966,Dedicated Schools Grant,A44185,Other professional Services (Schools),R0082007,"DCC Business Entities (Sole Trade, Partnership, Ltd)"
18,Devon County Council,15/06/2026,22100920,"1,020.00",COMMUNITY SUPPORT TEAM COMMUNITY INTEREST COMPANY,302088,,Dedicated Schools Grant,A44185,Other professional Services (Schools),R0082007,"DCC Business Entities (Sole Trade, Partnership, Ltd)"
18,Devon County Council,15/06/2026,22100990,"1,160.00",EAD ECOLOGY,336229,812537837,Capital - Highways,C02011,External Professional Fees,C0671008,"DCC Business Entities (Sole Trade, Partnership, Ltd)"
18,Devon County Council,15/06/2026,22101391,"1,494.27",SUEZ RECYCLING & RECOVERY UK LIMITED,208690,444085847,"Transport Operations, Environment and Waste",A44038,Fees,R0594001,"DCC Business Entities (Sole Trade, Partnership, Ltd)"
18,Devon County Council,15/06/2026,22101562,"279,668.85",CORNWALL COUNCIL,4190,132746770,Dedicated Schools Grant,A53030,OLA Recoupment Expenditure (3rd),R0111003,"DCC Business Entities (Sole Trade, Partnership, Ltd)"
18,Devon County Council,15/06/2026,22102201,621.00,WESTCOTEC LIMITED,146884,775395874,Highways & Infrastructure Development,A49005,Other Hired & Contracting Services,R0556014,DCC CIS Suppliers
18,Devon County Council,15/06/2026,22102691,"1,181.00",INVOLVE CARE SOLUTIONS LIMITED,402831,,Children's Social Care,A61200,Community based care,R0044007,"DCC Business Entities (Sole Trade, Partnership, Ltd)"
18,Devon County Council,15/06/2026,22102729,"2,295.00",FARMING&WILDLIFE ADVISORY GROUP SOUTH WEST,290044,127629304,"Transport Operations, Environment and Waste",A44038,Fees,R0645001,"DCC Business Entities (Sole Trade, Partnership, Ltd)"
18,Devon County Council,15/06/2026,22102878,900.00,HELEN BRAY,396752,948819170,"Chief Exec, Legal & Democratic services",A44968,Legal & Conveyancing Charges,R0276001,"DCC Business Entities (Sole Trade, Partnership, Ltd)"
18,Devon County Council,15/06/2026,22103133,"1,375.00",BALES FARM OUTDOOR LEARNING LTD,377260,505816692,Dedicated Schools Grant,A44185,Other professional Services (Schools),R0082007,"DCC Business Entities (Sole Trade, Partnership, Ltd)"
18,Devon County Council,15/06/2026,22103142,687.50,BALES FARM OUTDOOR LEARNING LTD,377260,505816692,Dedicated Schools Grant,A44185,Other professional Services (Schools),R0082007,"DCC Business Entities (Sole Trade, Partnership, Ltd)"
18,Devon County Council,15/06/2026,22103143,"1,375.00",BALES FARM OUTDOOR LEARNING LTD,377260,505816692,Dedicated Schools Grant,A44185,Other professional Services (Schools),R0082007,"DCC Business Entities (Sole Trade, Partnership, Ltd)"
18,Devon County Council,15/06/2026,22103151,"1,650.00",BALES FARM OUTDOOR LEARNING LTD,377260,505816692,Dedicated Schools Grant,A44185,Other professional Services (Schools),R0082007,"DCC Business Entities (Sole Trade, Partnership, Ltd)"
18,Devon County Council,15/06/2026,22103170,"3,948.00",DIGITAL PENINSULA NETWORK LIMITED,394926,,"Economy, Enterprise and Skills",A44038,Fees,R0546004,"DCC Business Entities (Sole Trade, Partnership, Ltd)"
18,Devon County Council,15/06/2026,22103177,"1,650.00",BALES FARM OUTDOOR LEARNING LTD,377260,505816692,Dedicated Schools Grant,A44185,Other professional Services (Schools),R0082007,"DCC Business Entities (Sole Trade, Partnership, Ltd)"
18,Devon County Council,15/06/2026,22104146,"2,196.94",DR KASU KIRAN,401187,,Operations,A44038,Fees,R0222002,"DCC Business Entities (Sole Trade, Partnership, Ltd)"
18,Devon County Council,15/06/2026,22104567,825.00,BALES FARM OUTDOOR LEARNING LTD,377260,505816692,Dedicated Schools Grant,A44185,Other professional Services (Schools),R0082007,"DCC Business Entities (Sole Trade, Partnership, Ltd)"
18,Devon County Council,15/06/2026,22104820,"13,474.77",WESTCOUNTRY MAINTENANCE SERVICES LIMITED,229952,915005854,Capital - Schools Maintenance & Improvements,C02009,Works,C0658001,DCC CIS Suppliers
18,Devon County Council,15/06/2026,22105334,"1,993.95",BRAVO BENEFITS LIMITED,398207,998570251,People and Culture,A49105,Other Supplies & Services,R0502001,"DCC Business Entities (Sole Trade, Partnership, Ltd)"
18,Devon County Council,15/06/2026,22105451,"1,746.39",AURORA FE LIMITED,386363,244804509,Operations,A57135,Day Care Services,R0227033,"DCC Business Entities (Sole Trade, Partnership, Ltd)"
18,Devon County Council,15/06/2026,22105499,850.00,WAVE CONNECTION,357133,,P-Ledger - Separate Legal Entity,A61060,Support for Children in Care,P0432008,"DCC Business Entities (Sole Trade, Partnership, Ltd)"
18,Devon County Council,16/06/2026,22091911,"15,495.11",INFOCUS CHARITY,5243,271614806,Dedicated Schools Grant,A61052,Independent Special School Fees,R0089003,"DCC Business Entities (Sole Trade, Partnership, Ltd)"
18,Devon County Council,16/06/2026,22093637,"170,256.00",HAIR AT THE ACADEMY LIMITED,321949,,Dedicated Schools Grant,A53040,Contributions to Educational Estabs (3rd,R0105001,"DCC Business Entities (Sole Trade, Partnership, Ltd)"
18,Devon County Council,16/06/2026,22095046,"1,922.58",NORSE SOUTH WEST LIMITED,279741,785421021,Transformation & Business Services,A46100,Main / Term Contractor,R0334004,"DCC Business Entities (Sole Trade, Partnership, Ltd)"
18,Devon County Council,16/06/2026,22095237,"1,081.80",BE YOUR BEST MENTORING LIMITED,385179,426486966,Dedicated Schools Grant,A44185,Other professional Services (Schools),R0082007,"DCC Business Entities (Sole Trade, Partnership, Ltd)"
18,Devon County Council,16/06/2026,22097591,741.21,Rosalind Children's Home Imprest Account,600831,,Children's Social Care,A62105,Miscellaneous expenditure,R0095010,DCC Intercompany
18,Devon County Council,16/06/2026,22099089,-582.76,PUBLIC ANALYST SCIENTIFIC SERVICES,292661,887127683,Other PH Services,A44038,Fees,R0548001,"DCC Business Entities (Sole Trade, Partnership, Ltd)"
18,Devon County Council,16/06/2026,22100590,540.00,CO ADVENTURERS LIMITED,369278,394138084,Dedicated Schools Grant,A44185,Other professional Services (Schools),R0082007,"DCC Business Entities (Sole Trade, Partnership, Ltd)"
18,Devon County Council,16/06/2026,22100601,"1,296.00",CO ADVENTURERS LIMITED,369278,394138084,Dedicated Schools Grant,A44185,Other professional Services (Schools),R0082007,"DCC Business Entities (Sole Trade, Partnership, Ltd)"
18,Devon County Council,16/06/2026,22105190,"16,148.49",BRITISH TELECOM (BILL PAYMNTS),4558,245719348,"Capital - Planning, Transportation and Environment",C02011,External Professional Fees,C0671003,"DCC Business Entities (Sole Trade, Partnership, Ltd)"
18,Devon County Council,16/06/2026,22105341,"4,941.91",KENNFORD TARMACADAM LIMITED,24534,976391178,Capital - Highways,C02009,Works,C0652001,DCC CIS Suppliers
18,Devon County Council,16/06/2026,22105474,"21,051.00",BREDON SCHOOL LIMITED,369088,335565293,Dedicated Schools Grant,A61052,Independent Special School Fees,R0089003,"DCC Business Entities (Sole Trade, Partnership, Ltd)"
18,Devon County Council,16/06/2026,22105497,"24,188.33",CAMBIAN CHILDCARE LIMITED,299178,190023541,Dedicated Schools Grant,A61052,Independent Special School Fees,R0089003,"DCC Business Entities (Sole Trade, Partnership, Ltd)"
18,Devon County Council,16/06/2026,22105522,"8,650.00",LIBRARIES UNLIMITED SOUTH WEST,334595,235429115,"Economy, Enterprise and Skills",A22005,Building Rents,R0539001,"DCC Business Entities (Sole Trade, Partnership, Ltd)"
18,Devon County Council,16/06/2026,22105539,972.84,QUALITY MARKING SERVICES LIMITED,86608,777323994,Highways & Infrastructure Development,A49005,Other Hired & Contracting Services,R0550002,DCC CIS Suppliers
18,Devon County Council,16/06/2026,22105707,"4,820.34",WEST DEVON BOROUGH COUNCIL,8280,144823273,Inclusion & Learning,A22005,Building Rents,R0102001,"DCC Business Entities (Sole Trade, Partnership, Ltd)"
18,Devon County Council,16/06/2026,22105967,"1,050.00",DAVID SAPIECHA,405894,691715121,Other PH Services,A44968,Legal & Conveyancing Charges,R0548001,"DCC Business Entities (Sole Trade, Partnership, Ltd)"
18,Devon County Council,16/06/2026,22105983,"3,999.00",HEMMING GROUP LIMITED,401789,342023408,Finance & Public Value,A46050,Conference Expenses,R0209001,"DCC Business Entities (Sole Trade, Partnership, Ltd)"
18,Devon County Council,17/06/2026,22060886,"1,050.30",BE YOUR BEST MENTORING LIMITED,385179,426486966,Dedicated Schools Grant,A44185,Other professional Services (Schools),R0082007,"DCC Business Entities (Sole Trade, Partnership, Ltd)"
18,Devon County Council,17/06/2026,22100496,"2,520.00",Exeter College (Exeter and North Devon Colleges Group),6141,125451632,"Economy, Enterprise and Skills",A44038,Fees,R0546004,"DCC Business Entities (Sole Trade, Partnership, Ltd)"
18,Devon County Council,17/06/2026,22100506,"2,520.00",Exeter College (Exeter and North Devon Colleges Group),6141,125451632,"Economy, Enterprise and Skills",A44038,Fees,R0546004,"DCC Business Entities (Sole Trade, Partnership, Ltd)"
18,Devon County Council,17/06/2026,22100509,"2,520.00",Exeter College (Exeter and North Devon Colleges Group),6141,125451632,"Economy, Enterprise and Skills",A44038,Fees,R0546004,"DCC Business Entities (Sole Trade, Partnership, Ltd)"
18,Devon County Council,17/06/2026,22100683,"139,637.50",KINGSLEY SCHOOL,223710,479040477,Dedicated Schools Grant,A61052,Independent Special School Fees,R0089003,"DCC Business Entities (Sole Trade, Partnership, Ltd)"
18,Devon County Council,17/06/2026,22102311,"7,794.50",PROMOTING INDEPENDENT CARE LIMITED,376159,,Children's Social Care,A11005,Agency Supply Staff,R0095006,"DCC Business Entities (Sole Trade, Partnership, Ltd)"
18,Devon County Council,17/06/2026,22102580,"62,991.04",NETWORK HEALTHCARE,394158,844278506,P-Ledger - Separate Legal Entity,B29020,VAT Incomings (Output Tax),P0392001,"DCC Business Entities (Sole Trade, Partnership, Ltd)"
18,Devon County Council,17/06/2026,22102653,"3,539.00",PROMOTING INDEPENDENT CARE LIMITED,376159,,Children's Social Care,A61200,Community based care,R0044004,"DCC Business Entities (Sole Trade, Partnership, Ltd)"
18,Devon County Council,17/06/2026,22103436,"38,868.19",M3 GLOBAL FLOOD TECHNOLOGIES LIMITED,372565,304632533,"Capital - Planning, Transportation and Environment",C02009,Works,C0671012,DCC CIS Suppliers
18,Devon County Council,17/06/2026,22104796,"3,040.00",MEENA ENTERPRISES LIMITED,360477,,Operations,A44038,Fees,R0222002,"DCC Business Entities (Sole Trade, Partnership, Ltd)"
18,Devon County Council,17/06/2026,22105091,"10,428.40",WARWICK CORPORATE EVENTS LIMITED,21821,472250169,"Chief Exec, Legal & Democratic services",A62105,Miscellaneous expenditure,R0317001,"DCC Business Entities (Sole Trade, Partnership, Ltd)"
18,Devon County Council,17/06/2026,22105306,"2,133.80",FIRST CARE AMBULANCE LIMITED,98315,238628481,"Chief Exec, Legal & Democratic services",A49005,Other Hired & Contracting Services,R0506002,"DCC Business Entities (Sole Trade, Partnership, Ltd)"
18,Devon County Council,17/06/2026,22105349,950.00,ROYAL DEVON UNIVERSITY HEALTHCAR,21280,654938887,"Chief Exec, Legal & Democratic services",A44086,Mortuary Facilities,R0506002,"DCC Business Entities (Sole Trade, Partnership, Ltd)"
18,Devon County Council,17/06/2026,22105699,"4,670.30",RESTORE DIGITAL LIMITED,286930,807445919,Transformation & Business Services,A44038,Fees,R0363001,"DCC Business Entities (Sole Trade, Partnership, Ltd)"
18,Devon County Council,17/06/2026,22105715,"6,025.43",WEST DEVON BOROUGH COUNCIL,8280,144823273,Inclusion & Learning,A23005,Rates,R0102001,"DCC Business Entities (Sole Trade, Partnership, Ltd)"
18,Devon County Council,17/06/2026,22105720,770.52,ARMADA SOCIAL WORK SERVICES LIMITED,382784,395853540,"Chief Exec, Legal & Democratic services",A44038,Fees,R0276001,"DCC Business Entities (Sole Trade, Partnership, Ltd)"
18,Devon County Council,17/06/2026,22105871,"3,825.01",NEWZAPP COMMUNICATIONS,276623,723696218,Inclusion & Learning,A45045,IT Software Maintenance,R0020006,"DCC Business Entities (Sole Trade, Partnership, Ltd)"
18,Devon County Council,17/06/2026,22105977,"179,775.15",MODERN SCHOOLS (EXETER) LIMITED,176325,838739084,Transformation & Business Services,A47505,PFI Charges,R0360004,"DCC Business Entities (Sole Trade, Partnership, Ltd)"
18,Devon County Council,17/06/2026,22105979,660.00,CORNWALL EDUCATION LEARNING TRUST,363774,,Dedicated Schools Grant,A53040,Contributions to Educational Estabs (3rd,R0107001,"DCC Business Entities (Sole Trade, Partnership, Ltd)"
18,Devon County Council,17/06/2026,22105993,"204,725.61",MODERN SCHOOLS (EXETER) LIMITED,176325,838739084,Transformation & Business Services,A47505,PFI Charges,R0360007,"DCC Business Entities (Sole Trade, Partnership, Ltd)"
18,Devon County Council,17/06/2026,22106072,"1,981.55",FIRST CARE AMBULANCE LIMITED,98315,238628481,"Chief Exec, Legal & Democratic services",A44038,Fees,R0506002,"DCC Business Entities (Sole Trade, Partnership, Ltd)"
18,Devon County Council,17/06/2026,22106105,925.00,Sustainable Community Solutions Ltd,600808,491699434,"Capital - Planning, Transportation and Environment",C02011,External Professional Fees,C0649001,"DCC Business Entities (Sole Trade, Partnership, Ltd)"
18,Devon County Council,17/06/2026,22106106,"3,060.00",Sustainable Community Solutions Ltd,600808,491699434,"Capital - Planning, Transportation and Environment",C02011,External Professional Fees,C0649001,"DCC Business Entities (Sole Trade, Partnership, Ltd)"
18,Devon County Council,17/06/2026,22106245,"5,393.79",YTKO LIMITED,346985,242694942,"Economy, Enterprise and Skills",A52010,"Grants to voluntary, community and social enterprise organisations",R0547002,"DCC Business Entities (Sole Trade, Partnership, Ltd)"
18,Devon County Council,22/06/2026,22073424,"1,680.00",TUTE EDUCATION LIMITED,307284,902188441,Dedicated Schools Grant,A44185,Other professional Services (Schools),R0082007,"DCC Business Entities (Sole Trade, Partnership, Ltd)"
18,Devon County Council,22/06/2026,22078749,"1,551.00",THE OUTDOORS GROUP *57*,362971,312604642,Dedicated Schools Grant,A44185,Other professional Services (Schools),R0082002,"DCC Business Entities (Sole Trade, Partnership, Ltd)"
18,Devon County Council,22/06/2026,22095728,"1,000.00",KETTLE AND KEYBOARD LIMITED,360342,208307039,Operations,A44038,Fees,R0268001,"DCC Business Entities (Sole Trade, Partnership, Ltd)"
18,Devon County Council,22/06/2026,22098418,705.58,ELEMENTS THERAPY,403495,,Children's Social Care,A61060,Support for Children in Care,R0106002,"DCC Business Entities (Sole Trade, Partnership, Ltd)"
18,Devon County Council,22/06/2026,22100685,651.56,NORTH DEVON TYRES LIMITED,100826,800423877,"Transport Operations, Environment and Waste",A30010,Vehicles Repairs,R0584003,"DCC Business Entities (Sole Trade, Partnership, Ltd)"
18,Devon County Council,22/06/2026,22100770,844.41,INSTARMAC GROUP PLC,302188,295973982,Highways & Infrastructure Development,A40070,Stock Materials,R0554004,"DCC Business Entities (Sole Trade, Partnership, Ltd)"
18,Devon County Council,22/06/2026,22100804,886.50,NORSE SOUTH WEST LIMITED,279741,785421021,People and Culture,A41905,Catering,R0303003,"DCC Business Entities (Sole Trade, Partnership, Ltd)"
18,Devon County Council,22/06/2026,22100840,"1,166.25",ACCESS TO COMMUNICATION,368058,,Dedicated Schools Grant,A44185,Other professional Services (Schools),R0082006,"DCC Business Entities (Sole Trade, Partnership, Ltd)"
18,Devon County Council,22/06/2026,22100959,500.00,CRAGGATAK CONSULTING,374825,,"Transport Operations, Environment and Waste",A44038,Fees,R0640006,"DCC Business Entities (Sole Trade, Partnership, Ltd)"
18,Devon County Council,22/06/2026,22101042,"1,860.00",DEVON WILDLIFE TRUST,4736,585473501,"Transport Operations, Environment and Waste",A44038,Fees,R0645001,"DCC Business Entities (Sole Trade, Partnership, Ltd)"
18,Devon County Council,22/06/2026,22101048,"13,712.87",QUALITY MARKING SERVICES LIMITED,86608,777323994,Highways & Infrastructure Development,A49005,Other Hired & Contracting Services,R0552003,DCC CIS Suppliers
18,Devon County Council,22/06/2026,22101069,685.00,NORSE SOUTH WEST LIMITED,279741,785421021,"Economy, Enterprise and Skills",A46100,Main / Term Contractor,R0540002,"DCC Business Entities (Sole Trade, Partnership, Ltd)"
18,Devon County Council,22/06/2026,22101144,"1,636.66",LANDSCAPE CONSTRUCTION & DESIGN,169024,888518266,Capital - Highways,C02009,Works,C0652001,DCC CIS Suppliers
18,Devon County Council,22/06/2026,22101159,900.00,ACTION FIRST ASSESMENT LIMITED,388434,313339624,Operations,A44038,Fees,R0222002,"DCC Business Entities (Sole Trade, Partnership, Ltd)"
18,Devon County Council,22/06/2026,22101170,"1,590.00",TOTNES DIRECTORY,364875,,"Economy, Enterprise and Skills",A44005,Publicity/Advertising,R0539001,"DCC Business Entities (Sole Trade, Partnership, Ltd)"
18,Devon County Council,22/06/2026,22101178,580.00,TEIGN TREES & LANDSCAPES SOUTH WEST LIMITED,209228,250371238,Highways & Infrastructure Development,A46100,Main / Term Contractor,R0567002,DCC CIS Suppliers
18,Devon County Council,22/06/2026,22101181,"3,900.00",SOUND COMMUNITIES COMMUNITY INTEREST COMPANY,340925,,Dedicated Schools Grant,A44185,Other professional Services (Schools),R0082002,"DCC Business Entities (Sole Trade, Partnership, Ltd)"
18,Devon County Council,22/06/2026,22101194,732.05,COASTAL GARDEN SERVICES,370116,350630332,"Transport Operations, Environment and Waste",A49005,Other Hired & Contracting Services,R0614001,"DCC Business Entities (Sole Trade, Partnership, Ltd)"
18,Devon County Council,22/06/2026,22101199,548.10,KELTIC LIMITED,180135,754080733,Highways & Infrastructure Development,A42005,Clothing & Uniforms,R0556001,"DCC Business Entities (Sole Trade, Partnership, Ltd)"
18,Devon County Council,22/06/2026,22101221,712.53,SWARCO UK & IRELAND LIMITED,13690,568335022,Capital - Highways,C02009,Works,C0671005,DCC CIS Suppliers
18,Devon County Council,22/06/2026,22101237,945.00,Rebecca Dowell Tuition,602086,,Dedicated Schools Grant,A44185,Other professional Services (Schools),R0082002,"DCC Business Entities (Sole Trade, Partnership, Ltd)"
18,Devon County Council,22/06/2026,22101271,"15,932.00",Analytical Services International Ltd,307650,363423802,"Chief Exec, Legal & Democratic services",A44038,Fees,R0506002,"DCC Business Entities (Sole Trade, Partnership, Ltd)"
18,Devon County Council,22/06/2026,22101319,"1,248.00",Bee Kind Support Limited,601174,,Children's Social Care,A61200,Community based care,R0044004,"DCC Business Entities (Sole Trade, Partnership, Ltd)"
18,Devon County Council,22/06/2026,22101329,"34,704.00",HGV Training Services Limited,601845,329272394,"Economy, Enterprise and Skills",A44038,Fees,R0546004,"DCC Business Entities (Sole Trade, Partnership, Ltd)"
18,Devon County Council,22/06/2026,22101345,"38,287.37",NHS DEVON ICB,306113,654443336,Operations,A57140,Residential Care - Long Stay,R0228009,"DCC Business Entities (Sole Trade, Partnership, Ltd)"
18,Devon County Council,22/06/2026,22101384,"2,925.00",SOUND COMMUNITIES COMMUNITY INTEREST COMPANY,340925,,Dedicated Schools Grant,A44185,Other professional Services (Schools),R0082007,"DCC Business Entities (Sole Trade, Partnership, Ltd)"
18,Devon County Council,22/06/2026,22101417,"2,000.00",NEW ROOTS WORKSHOP COMMUNITY INTEREST COMPANY,397830,,Dedicated Schools Grant,A44185,Other professional Services (Schools),R0082007,"DCC Business Entities (Sole Trade, Partnership, Ltd)"
18,Devon County Council,22/06/2026,22101434,"2,159.08",WESSEX TREE SURGEONS LIMITED,18324,382780231,Highways & Infrastructure Development,A49005,Other Hired & Contracting Services,R0553005,"DCC Business Entities (Sole Trade, Partnership, Ltd)"
18,Devon County Council,22/06/2026,22101491,"2,000.00",NEW ROOTS WORKSHOP COMMUNITY INTEREST COMPANY,397830,,Dedicated Schools Grant,A44185,Other professional Services (Schools),R0082007,"DCC Business Entities (Sole Trade, Partnership, Ltd)"
18,Devon County Council,22/06/2026,22101576,900.00,NEW ROOTS WORKSHOP COMMUNITY INTEREST COMPANY,397830,,Dedicated Schools Grant,A44185,Other professional Services (Schools),R0082007,"DCC Business Entities (Sole Trade, Partnership, Ltd)"
18,Devon County Council,22/06/2026,22101634,"1,666.67",NEW ROOTS WORKSHOP COMMUNITY INTEREST COMPANY,397830,,Dedicated Schools Grant,A44185,Other professional Services (Schools),R0082007,"DCC Business Entities (Sole Trade, Partnership, Ltd)"
18,Devon County Council,22/06/2026,22101645,"1,800.00",NEW ROOTS WORKSHOP COMMUNITY INTEREST COMPANY,397830,,Dedicated Schools Grant,A44185,Other professional Services (Schools),R0082007,"DCC Business Entities (Sole Trade, Partnership, Ltd)"
18,Devon County Council,22/06/2026,22101670,"1,003.15",Bee Kind Support Limited,601174,,Children's Social Care,A61200,Community based care,R0044004,"DCC Business Entities (Sole Trade, Partnership, Ltd)"
18,Devon County Council,22/06/2026,22101677,"2,580.00",NORSE SOUTH WEST LIMITED,279741,785421021,Highways & Infrastructure Development,A46100,Main / Term Contractor,R0574001,"DCC Business Entities (Sole Trade, Partnership, Ltd)"
18,Devon County Council,22/06/2026,22101690,"11,890.25",NORSE SOUTH WEST LIMITED,279741,785421021,Transformation & Business Services,A46100,Main / Term Contractor,R0334004,"DCC Business Entities (Sole Trade, Partnership, Ltd)"
18,Devon County Council,22/06/2026,22101714,"2,034.72",NORSE SOUTH WEST LIMITED,279741,785421021,"Capital - Planning, Transportation and Environment",C02011,External Professional Fees,C0671003,"DCC Business Entities (Sole Trade, Partnership, Ltd)"
18,Devon County Council,22/06/2026,22101726,"1,900.00",NORSE SOUTH WEST LIMITED,279741,785421021,Highways & Infrastructure Development,A46100,Main / Term Contractor,R0574001,"DCC Business Entities (Sole Trade, Partnership, Ltd)"
18,Devon County Council,22/06/2026,22101729,504.97,NORSE SOUTH WEST LIMITED,279741,785421021,Transformation & Business Services,A46100,Main / Term Contractor,R0334004,"DCC Business Entities (Sole Trade, Partnership, Ltd)"
18,Devon County Council,22/06/2026,22101732,"3,944.08",P A S SOUND & COMMUNICATIONS LIMITED,6271,142420805,Transformation & Business Services,A49005,Other Hired & Contracting Services,R0353008,"DCC Business Entities (Sole Trade, Partnership, Ltd)"
18,Devon County Council,22/06/2026,22101788,"1,474.26",NORSE SOUTH WEST LIMITED,279741,785421021,Capital other - Digital Technology & Business Services,C02011,External Professional Fees,C0647001,"DCC Business Entities (Sole Trade, Partnership, Ltd)"
18,Devon County Council,22/06/2026,22101795,597.56,NORSE SOUTH WEST LIMITED,279741,785421021,Capital - Highways,C02011,External Professional Fees,C0671008,"DCC Business Entities (Sole Trade, Partnership, Ltd)"
18,Devon County Council,22/06/2026,22101811,777.16,NORSE SOUTH WEST LIMITED,279741,785421021,"Economy, Enterprise and Skills",A46100,Main / Term Contractor,R0540006,"DCC Business Entities (Sole Trade, Partnership, Ltd)"
18,Devon County Council,22/06/2026,22101812,"1,176.14",NORSE SOUTH WEST LIMITED,279741,785421021,Transformation & Business Services,A46100,Main / Term Contractor,R0334004,"DCC Business Entities (Sole Trade, Partnership, Ltd)"
18,Devon County Council,22/06/2026,22101818,"7,045.20",NORSE SOUTH WEST LIMITED,279741,785421021,Capital other - Digital Technology & Business Services,C02011,External Professional Fees,C0647001,"DCC Business Entities (Sole Trade, Partnership, Ltd)"
18,Devon County Council,22/06/2026,22101945,540.00,Lilcott Farm CiC,600980,,Dedicated Schools Grant,A44185,Other professional Services (Schools),R0082006,"DCC Business Entities (Sole Trade, Partnership, Ltd)"
18,Devon County Council,22/06/2026,22101971,"1,666.67",RESOURCE FUTURES LIMITED,203252,879559738,"Transport Operations, Environment and Waste",A44038,Fees,R0611003,"DCC Business Entities (Sole Trade, Partnership, Ltd)"
18,Devon County Council,22/06/2026,22101974,739.44,INSTARMAC GROUP PLC,302188,295973982,Highways & Infrastructure Development,A40070,Stock Materials,R0554004,"DCC Business Entities (Sole Trade, Partnership, Ltd)"
18,Devon County Council,22/06/2026,22101986,850.00,LISA BARRACLOUGH CARE OF,169880,742080752,"Chief Exec, Legal & Democratic services",A44968,Legal & Conveyancing Charges,R0276001,"DCC Business Entities (Sole Trade, Partnership, Ltd)"
18,Devon County Council,22/06/2026,22101988,"6,896.80",RESOURCE FUTURES LIMITED,203252,879559738,"Transport Operations, Environment and Waste",A46100,Main / Term Contractor,R0606004,"DCC Business Entities (Sole Trade, Partnership, Ltd)"
18,Devon County Council,22/06/2026,22102001,"4,185.00",G P M COUNTRYSIDE SERVICES LIMITED,360051,992035314,Capital - Highways,C02011,External Professional Fees,C0652001,DCC CIS Suppliers
18,Devon County Council,22/06/2026,22102086,"2,475.00",SIMPLY GREAT MEDIA,367788,479704936,Dedicated Schools Grant,A44185,Other professional Services (Schools),R0082007,"DCC Business Entities (Sole Trade, Partnership, Ltd)"
18,Devon County Council,22/06/2026,22102102,"2,475.00",SIMPLY GREAT MEDIA,367788,479704936,Dedicated Schools Grant,A44185,Other professional Services (Schools),R0082007,"DCC Business Entities (Sole Trade, Partnership, Ltd)"
18,Devon County Council,22/06/2026,22102108,"2,475.00",SIMPLY GREAT MEDIA,367788,479704936,Dedicated Schools Grant,A44185,Other professional Services (Schools),R0082007,"DCC Business Entities (Sole Trade, Partnership, Ltd)"
18,Devon County Council,22/06/2026,22102214,954.66,CLEAR DATA LIMITED,362158,747259794,Public Health Nursing,A49105,Other Supplies & Services,R0019003,"DCC Business Entities (Sole Trade, Partnership, Ltd)"
18,Devon County Council,22/06/2026,22102249,"11,205.25",THE EDUCATION COMPANY LIMITED,80154,573768493,Transformation & Business Services,A45045,IT Software Maintenance,R0353008,"DCC Business Entities (Sole Trade, Partnership, Ltd)"
18,Devon County Council,22/06/2026,22102318,"1,094.15",AMBITIOUS PR LIMITED,376669,166062415,Finance & Public Value,A44065,Consultancy Services,R0202001,"DCC Business Entities (Sole Trade, Partnership, Ltd)"
18,Devon County Council,22/06/2026,22102436,"2,444.40",PLYMOUTH CITY COUNCIL (RADIUS ACCOUNT,87504,144675845,"Economy, Enterprise and Skills",A44038,Fees,R0546004,"DCC Business Entities (Sole Trade, Partnership, Ltd)"
18,Devon County Council,22/06/2026,22102440,"2,535.00",EAD ECOLOGY,336229,812537837,Capital - Highways,C02009,Works,C0671008,"DCC Business Entities (Sole Trade, Partnership, Ltd)"
18,Devon County Council,22/06/2026,22102448,651.89,PLYMOUTH CITY COUNCIL (RADIUS ACCOUNT,87504,144675845,"Economy, Enterprise and Skills",A44038,Fees,R0546004,"DCC Business Entities (Sole Trade, Partnership, Ltd)"
18,Devon County Council,22/06/2026,22102474,"3,886.62",DEVON TREE SERVICES LIMITED,4838,164412427,Highways & Infrastructure Development,A49005,Other Hired & Contracting Services,R0553005,"DCC Business Entities (Sole Trade, Partnership, Ltd)"
18,Devon County Council,22/06/2026,22102503,"1,150.00",CLEAR DATA LIMITED,362158,747259794,Public Health Nursing,A62105,Miscellaneous expenditure,R0019010,"DCC Business Entities (Sole Trade, Partnership, Ltd)"
18,Devon County Council,22/06/2026,22102524,"5,479.10",ACCESS COMMUNICATION SERVICES,352622,,Children's Social Care,A61200,Community based care,R0044004,"DCC Business Entities (Sole Trade, Partnership, Ltd)"
18,Devon County Council,22/06/2026,22102596,630.00,CHROMA THERAPIES LIMITED TRADING AS CHROMA,350258,,P-Ledger - Separate Legal Entity,A61060,Support for Children in Care,P0432008,"DCC Business Entities (Sole Trade, Partnership, Ltd)"
18,Devon County Council,22/06/2026,22102658,"1,188.00",HAYES CR UK LIMITED,396875,,Children's Social Care,A61200,Community based care,R0044004,"DCC Business Entities (Sole Trade, Partnership, Ltd)"
18,Devon County Council,22/06/2026,22102752,551.78,WSP UK LIMITED,85394,905054942,Highways & Infrastructure Development,A44038,Fees,R0550002,"DCC Business Entities (Sole Trade, Partnership, Ltd)"
18,Devon County Council,22/06/2026,22102806,536.17,SUEZ RECYCLING & RECOVERY UK LIMITED,208690,444085847,Transformation & Business Services,A27015,Refuse Collection,R0333026,"DCC Business Entities (Sole Trade, Partnership, Ltd)"
18,Devon County Council,22/06/2026,22102814,"3,645.00",FIRST CARE AMBULANCE LIMITED,98315,238628481,"Transport Operations, Environment and Waste",A45045,IT Software Maintenance,R0576001,"DCC Business Entities (Sole Trade, Partnership, Ltd)"
18,Devon County Council,22/06/2026,22102825,800.00,HEALTHY BABIES UK COMMUNITY INTEREST COMPANY,281087,,Public Health Nursing,A44175,Training/Workshops - Non Staff,R0019003,"DCC Business Entities (Sole Trade, Partnership, Ltd)"
18,Devon County Council,22/06/2026,22102844,"2,200.00",NORSE SOUTH WEST LIMITED,279741,785421021,Transformation & Business Services,A27005,Window Cleaning,R0333026,"DCC Business Entities (Sole Trade, Partnership, Ltd)"
18,Devon County Council,22/06/2026,22102880,"2,376.57",WSP UK LIMITED,85394,905054942,Capital - Highways,C02011,External Professional Fees,C0671004,"DCC Business Entities (Sole Trade, Partnership, Ltd)"
18,Devon County Council,22/06/2026,22102882,"2,800.00",TUBERS ACADEMY LIMITED,348033,300702466,Dedicated Schools Grant,A44185,Other professional Services (Schools),R0082007,"DCC Business Entities (Sole Trade, Partnership, Ltd)"
18,Devon County Council,22/06/2026,22102918,"5,143.21",WSP UK LIMITED,85394,905054942,Planning,A44038,Fees,R0620002,"DCC Business Entities (Sole Trade, Partnership, Ltd)"
18,Devon County Council,22/06/2026,22102923,"3,275.54",WSP UK LIMITED,85394,905054942,"Capital - Planning, Transportation and Environment",C02011,External Professional Fees,C0671003,"DCC Business Entities (Sole Trade, Partnership, Ltd)"
18,Devon County Council,22/06/2026,22102928,"3,673.39",WSP UK LIMITED,85394,905054942,Capital - Highways,C02011,External Professional Fees,C0671004,"DCC Business Entities (Sole Trade, Partnership, Ltd)"
18,Devon County Council,22/06/2026,22102932,"1,180.58",WSP UK LIMITED,85394,905054942,Capital - Highways,C02011,External Professional Fees,C0671004,"DCC Business Entities (Sole Trade, Partnership, Ltd)"
18,Devon County Council,22/06/2026,22102934,"34,568.56",WSP UK LIMITED,85394,905054942,"Capital - Planning, Transportation and Environment",C02011,External Professional Fees,C0671003,"DCC Business Entities (Sole Trade, Partnership, Ltd)"
18,Devon County Council,22/06/2026,22102948,625.22,WSP UK LIMITED,85394,905054942,Highways & Infrastructure Development,A44038,Fees,R0552003,"DCC Business Entities (Sole Trade, Partnership, Ltd)"
18,Devon County Council,22/06/2026,22102952,"7,877.00",WSP UK LIMITED,85394,905054942,Highways & Infrastructure Development,A44038,Fees,R0571003,"DCC Business Entities (Sole Trade, Partnership, Ltd)"
18,Devon County Council,22/06/2026,22102979,"8,690.00",SOLWAY RECYCLING LIMITED,392022,372869746,Capital - Highways,C02009,Works,C0652001,"DCC Business Entities (Sole Trade, Partnership, Ltd)"
18,Devon County Council,22/06/2026,22102984,"3,614.33",WSP UK LIMITED,85394,905054942,Capital - Highways,C02011,External Professional Fees,C0671004,"DCC Business Entities (Sole Trade, Partnership, Ltd)"
18,Devon County Council,22/06/2026,22103019,"4,771.51",WSP UK LIMITED,85394,905054942,"Capital - Planning, Transportation and Environment",C02011,External Professional Fees,C0671003,"DCC Business Entities (Sole Trade, Partnership, Ltd)"
18,Devon County Council,22/06/2026,22103021,"1,029.68",WSP UK LIMITED,85394,905054942,Highways & Infrastructure Development,A44038,Fees,R0556026,"DCC Business Entities (Sole Trade, Partnership, Ltd)"
18,Devon County Council,22/06/2026,22103022,"9,734.20",WSP UK LIMITED,85394,905054942,"Capital - Planning, Transportation and Environment",C02011,External Professional Fees,C0671003,"DCC Business Entities (Sole Trade, Partnership, Ltd)"
18,Devon County Council,22/06/2026,22103025,"8,297.65",WSP UK LIMITED,85394,905054942,Capital - Highways,C02011,External Professional Fees,C0671008,"DCC Business Entities (Sole Trade, Partnership, Ltd)"
18,Devon County Council,22/06/2026,22103026,"6,107.71",WSP UK LIMITED,85394,905054942,Highways & Infrastructure Development,A44038,Fees,R0572001,"DCC Business Entities (Sole Trade, Partnership, Ltd)"
18,Devon County Council,22/06/2026,22103029,"2,615.59",WSP UK LIMITED,85394,905054942,Highways & Infrastructure Development,A44038,Fees,R0550003,"DCC Business Entities (Sole Trade, Partnership, Ltd)"
18,Devon County Council,22/06/2026,22103031,"7,819.52",WSP UK LIMITED,85394,905054942,"Transport Operations, Environment and Waste",A44038,Fees,R0611004,"DCC Business Entities (Sole Trade, Partnership, Ltd)"
18,Devon County Council,22/06/2026,22103038,"9,846.57",WSP UK LIMITED,85394,905054942,Capital - Highways,C02011,External Professional Fees,C0652001,"DCC Business Entities (Sole Trade, Partnership, Ltd)"
18,Devon County Council,22/06/2026,22103040,"3,476.67",WSP UK LIMITED,85394,905054942,Planning,A44038,Fees,R0620002,"DCC Business Entities (Sole Trade, Partnership, Ltd)"
18,Devon County Council,22/06/2026,22103041,"15,190.56",WSP UK LIMITED,85394,905054942,Capital - Highways,C02011,External Professional Fees,C0671005,"DCC Business Entities (Sole Trade, Partnership, Ltd)"
18,Devon County Council,22/06/2026,22103042,"1,682.85",WSP UK LIMITED,85394,905054942,Planning,A44038,Fees,R0577002,"DCC Business Entities (Sole Trade, Partnership, Ltd)"
18,Devon County Council,22/06/2026,22103043,"2,717.80",ARMADA SOCIAL WORK SERVICES LIMITED,382784,395853540,"Chief Exec, Legal & Democratic services",A44038,Fees,R0276001,"DCC Business Entities (Sole Trade, Partnership, Ltd)"
18,Devon County Council,22/06/2026,22103056,824.82,WSP UK LIMITED,85394,905054942,"Capital - Planning, Transportation and Environment",C02011,External Professional Fees,C0654001,"DCC Business Entities (Sole Trade, Partnership, Ltd)"
18,Devon County Council,22/06/2026,22103062,809.80,WSP UK LIMITED,85394,905054942,Capital - Highways,C02011,External Professional Fees,C0671004,"DCC Business Entities (Sole Trade, Partnership, Ltd)"
18,Devon County Council,22/06/2026,22103075,"18,115.82",WSP UK LIMITED,85394,905054942,"Capital - Planning, Transportation and Environment",C02011,External Professional Fees,C0654001,"DCC Business Entities (Sole Trade, Partnership, Ltd)"
18,Devon County Council,22/06/2026,22103076,"1,539.82",WSP UK LIMITED,85394,905054942,"Capital - Planning, Transportation and Environment",C02011,External Professional Fees,C0671003,"DCC Business Entities (Sole Trade, Partnership, Ltd)"
18,Devon County Council,22/06/2026,22103077,"2,919.91",WSP UK LIMITED,85394,905054942,Highways & Infrastructure Development,A44038,Fees,R0560002,"DCC Business Entities (Sole Trade, Partnership, Ltd)"
18,Devon County Council,22/06/2026,22103080,"5,813.38",WSP UK LIMITED,85394,905054942,Capital - Highways,C02011,External Professional Fees,C0671004,"DCC Business Entities (Sole Trade, Partnership, Ltd)"
18,Devon County Council,22/06/2026,22103081,"4,166.30",WSP UK LIMITED,85394,905054942,Capital - Highways,C02011,External Professional Fees,C0671004,"DCC Business Entities (Sole Trade, Partnership, Ltd)"
18,Devon County Council,22/06/2026,22103114,"19,706.79",WSP UK LIMITED,85394,905054942,Capital - Highways,C02011,External Professional Fees,C0671004,"DCC Business Entities (Sole Trade, Partnership, Ltd)"
18,Devon County Council,22/06/2026,22103127,"8,133.79",WSP UK LIMITED,85394,905054942,Highways & Infrastructure Development,A44038,Fees,R0566003,"DCC Business Entities (Sole Trade, Partnership, Ltd)"
18,Devon County Council,22/06/2026,22103141,"1,482.30",ASHFORDS LLP,88874,140836186,Capital - Children & Schools Expansions,C02011,External Professional Fees,C0657001,"DCC Business Entities (Sole Trade, Partnership, Ltd)"
18,Devon County Council,22/06/2026,22103145,582.04,WSP UK LIMITED,85394,905054942,Capital - Highways,C02011,External Professional Fees,C0671004,"DCC Business Entities (Sole Trade, Partnership, Ltd)"
18,Devon County Council,22/06/2026,22103149,559.80,BLEEP 360 CARE LIMITED,360406,355167685,Children's Social Care,A61200,Community based care,R0044004,"DCC Business Entities (Sole Trade, Partnership, Ltd)"
18,Devon County Council,22/06/2026,22103154,"22,890.75",W J SOUTH WEST LIMITED,308541,970783388,Capital - Highways,C02009,Works,C0652001,"DCC Business Entities (Sole Trade, Partnership, Ltd)"
18,Devon County Council,22/06/2026,22103155,"22,705.30",WHITE HORSE CONTRACTORS LIMITED,402378,316040056,"Capital - Planning, Transportation and Environment",C02009,Works,C0671003,DCC CIS Suppliers
18,Devon County Council,22/06/2026,22103194,"2,639.26",WSP UK LIMITED,85394,905054942,"Transport Operations, Environment and Waste",A44038,Fees,R0614001,"DCC Business Entities (Sole Trade, Partnership, Ltd)"
18,Devon County Council,22/06/2026,22103198,"1,769.67",WSP UK LIMITED,85394,905054942,"Capital - Planning, Transportation and Environment",C02011,External Professional Fees,C0671003,"DCC Business Entities (Sole Trade, Partnership, Ltd)"
18,Devon County Council,22/06/2026,22103205,"16,671.82",WSP UK LIMITED,85394,905054942,Capital - Highways,C02011,External Professional Fees,C0671005,"DCC Business Entities (Sole Trade, Partnership, Ltd)"
18,Devon County Council,22/06/2026,22103206,"6,891.68",WSP UK LIMITED,85394,905054942,"Transport Operations, Environment and Waste",A44038,Fees,R0614001,"DCC Business Entities (Sole Trade, Partnership, Ltd)"
18,Devon County Council,22/06/2026,22103217,"3,120.29",WSP UK LIMITED,85394,905054942,"Transport Operations, Environment and Waste",A44038,Fees,R0615001,"DCC Business Entities (Sole Trade, Partnership, Ltd)"
18,Devon County Council,22/06/2026,22103322,"2,792.58",C E D A,12641,,Children's Social Care,A61200,Community based care,R0046004,"DCC Business Entities (Sole Trade, Partnership, Ltd)"
18,Devon County Council,22/06/2026,22103370,652.22,C E D A,12641,,Children's Social Care,A61200,Community based care,R0046004,"DCC Business Entities (Sole Trade, Partnership, Ltd)"
18,Devon County Council,22/06/2026,22103451,"2,186.22",YOUNG DEVON (IVYBRIDGE),120708,,Children's Social Care,A40080,Health & Safety Equipment,R0139002,"DCC Business Entities (Sole Trade, Partnership, Ltd)"
18,Devon County Council,22/06/2026,22103736,"1,392.91",OCEAN HEALTHCARE,371633,776836374,Operations,A11005,Agency Supply Staff,R0268001,"DCC Business Entities (Sole Trade, Partnership, Ltd)"
18,Devon County Council,22/06/2026,22103746,"2,584.00",DWF LAW LLP,397184,258955939,"Capital - Planning, Transportation and Environment",C02011,External Professional Fees,C0654001,"DCC Business Entities (Sole Trade, Partnership, Ltd)"
18,Devon County Council,22/06/2026,22103754,"3,163.66",DWF LAW LLP,397184,258955939,"Capital - Planning, Transportation and Environment",C02011,External Professional Fees,C0654001,"DCC Business Entities (Sole Trade, Partnership, Ltd)"
18,Devon County Council,22/06/2026,22103794,915.00,ESTEEM TEAM COMMUNITY INTEREST COMPANY,366509,491597739,Dedicated Schools Grant,A44185,Other professional Services (Schools),R0082007,"DCC Business Entities (Sole Trade, Partnership, Ltd)"
18,Devon County Council,22/06/2026,22103802,"2,220.00",ESTEEM TEAM COMMUNITY INTEREST COMPANY,366509,491597739,Dedicated Schools Grant,A44185,Other professional Services (Schools),R0082007,"DCC Business Entities (Sole Trade, Partnership, Ltd)"
18,Devon County Council,22/06/2026,22103831,717.45,Routeways Centre Ltd,603198,,Children's Social Care,A61200,Community based care,R0046004,"DCC Business Entities (Sole Trade, Partnership, Ltd)"
18,Devon County Council,22/06/2026,22103841,681.30,SOUTHWEST INTERVENTION SERVICES,333291,440830321,Children's Social Care,A61200,Community based care,R0044004,"DCC Business Entities (Sole Trade, Partnership, Ltd)"
18,Devon County Council,22/06/2026,22103939,595.90,DR A J JEFFERY,340640,,"Chief Exec, Legal & Democratic services",A44038,Fees,R0506002,"DCC Business Entities (Sole Trade, Partnership, Ltd)"
18,Devon County Council,22/06/2026,22103976,"2,596.00",DODD E A & SON/FUNERAL DIRECTOR,245863,185725238,"Chief Exec, Legal & Democratic services",A49005,Other Hired & Contracting Services,R0506002,"DCC Business Entities (Sole Trade, Partnership, Ltd)"
18,Devon County Council,22/06/2026,22104345,"1,632.48",LATCHAM DIRECT,298309,942185912,Finance & Public Value,A43010,Printing,R0493001,"DCC Business Entities (Sole Trade, Partnership, Ltd)"
18,Devon County Council,22/06/2026,22104349,"1,477.66",LATCHAM DIRECT,298309,942185912,Finance & Public Value,A43010,Printing,R0493001,"DCC Business Entities (Sole Trade, Partnership, Ltd)"
18,Devon County Council,22/06/2026,22104374,"2,230.70",G4S CASH SOLUTIONS (UK) LIMITED,21827,238560256,Highways & Infrastructure Development,A44038,Fees,R0556016,"DCC Business Entities (Sole Trade, Partnership, Ltd)"
18,Devon County Council,22/06/2026,22104565,"12,921.00",Analytical Services International Ltd,307650,363423802,"Chief Exec, Legal & Democratic services",A44038,Fees,R0506002,"DCC Business Entities (Sole Trade, Partnership, Ltd)"
18,Devon County Council,22/06/2026,22104707,"2,250.00",ESTEEM TEAM COMMUNITY INTEREST COMPANY,366509,491597739,Dedicated Schools Grant,A44185,Other professional Services (Schools),R0082007,"DCC Business Entities (Sole Trade, Partnership, Ltd)"
18,Devon County Council,22/06/2026,22104752,"3,648.96",PROSPERO RECRUITMENT LIMITED,352539,486704947,Dedicated Schools Grant,A44185,Other professional Services (Schools),R0082007,"DCC Business Entities (Sole Trade, Partnership, Ltd)"
18,Devon County Council,22/06/2026,22105137,"1,213.46",NORSE SOUTH WEST LIMITED,279741,785421021,Transformation & Business Services,A46100,Main / Term Contractor,R0334004,"DCC Business Entities (Sole Trade, Partnership, Ltd)"
18,Devon County Council,22/06/2026,22105144,"1,247.19",SEFTON PARK,89168,,Public Health,A57115,Payments to Private Contractors,R0316042,"DCC Business Entities (Sole Trade, Partnership, Ltd)"
18,Devon County Council,22/06/2026,22105159,666.92,KENT COUNTY COUNCIL,83992,204269191,Operations,A21010,Gas,R0252001,"DCC Business Entities (Sole Trade, Partnership, Ltd)"
18,Devon County Council,22/06/2026,22105221,"7,865.10",D W M L HOLDINGS LIMITED,345026,823821047,"Transport Operations, Environment and Waste",A46100,Main / Term Contractor,R0605002,"DCC Business Entities (Sole Trade, Partnership, Ltd)"
18,Devon County Council,22/06/2026,22105254,504.80,PLATINUM PROFESSIONAL (SOUTH WEST) LIMITED,266082,993189074,Operations,A40080,Health & Safety Equipment,R0268001,"DCC Business Entities (Sole Trade, Partnership, Ltd)"
18,Devon County Council,22/06/2026,22105283,"15,245.12",D W M L HOLDINGS LIMITED,345026,823821047,"Transport Operations, Environment and Waste",A46100,Main / Term Contractor,R0597002,"DCC Business Entities (Sole Trade, Partnership, Ltd)"
18,Devon County Council,22/06/2026,22105321,"100,409.81",CORMAC CONTRACTING LIMITED,364276,247160514,"Capital - Planning, Transportation and Environment",C02009,Works,C0671003,"DCC Business Entities (Sole Trade, Partnership, Ltd)"
18,Devon County Council,22/06/2026,22105585,"1,328.39",TWIL CIVILS SOUTH WEST (Taylor Woodrow Infrastructure Ltd.),396590,321931874,Capital - Highways,C02009,Works,C0652001,DCC CIS Suppliers
18,Devon County Council,22/06/2026,22105588,"1,328.39",TWIL CIVILS SOUTH WEST (Taylor Woodrow Infrastructure Ltd.),396590,321931874,Capital - Highways,C02009,Works,C0652001,DCC CIS Suppliers
18,Devon County Council,22/06/2026,22105591,"1,328.39",TWIL CIVILS SOUTH WEST (Taylor Woodrow Infrastructure Ltd.),396590,321931874,Capital - Highways,C02009,Works,C0652001,DCC CIS Suppliers
18,Devon County Council,22/06/2026,22105680,"2,434.00",TOPP TREE CARE LTD,389748,434623407,Highways & Infrastructure Development,A49005,Other Hired & Contracting Services,R0553005,"DCC Business Entities (Sole Trade, Partnership, Ltd)"
18,Devon County Council,22/06/2026,22106057,-521.10,KENT COUNTY COUNCIL,83992,204269191,Operations,A21010,Gas,R0238001,"DCC Business Entities (Sole Trade, Partnership, Ltd)"
18,Devon County Council,22/06/2026,22106117,"38,996.22",COVY LIMITED/ TRADING AS GARAGE SERVICES,390598,429102322,"Transport Operations, Environment and Waste",A30010,Vehicles Repairs,R0584003,"DCC Business Entities (Sole Trade, Partnership, Ltd)"
18,Devon County Council,22/06/2026,22106122,"10,975.34",CORAMBAAF,329443,974974551,Children's Social Care,A45522,Members Subsistence,R0076005,"DCC Business Entities (Sole Trade, Partnership, Ltd)"
18,Devon County Council,22/06/2026,22106158,942.73,JB RADFORD PLANT HIRE AND HAULAG,18952,141002147,Highways & Infrastructure Development,A49005,Other Hired & Contracting Services,R0557016,DCC CIS Suppliers
18,Devon County Council,22/06/2026,22106174,"10,579.89",TJH AUTO LIMITED,295813,801202403,"Transport Operations, Environment and Waste",A30010,Vehicles Repairs,R0584003,"DCC Business Entities (Sole Trade, Partnership, Ltd)"
18,Devon County Council,22/06/2026,22106238,"7,651.88",SWARCO UK & IRELAND LIMITED,13690,568335022,Highways & Infrastructure Development,A46100,Main / Term Contractor,R0560005,DCC CIS Suppliers
18,Devon County Council,22/06/2026,22106356,900.00,Sam Green KBG,604068,493792928,"Chief Exec, Legal & Democratic services",A44968,Legal & Conveyancing Charges,R0274001,"DCC Business Entities (Sole Trade, Partnership, Ltd)"
18,Devon County Council,22/06/2026,22106363,"55,840.00",NATIONAL PUBLIC TRANSPORT INFORMATION LIMITED,75623,777780763,"Transport Operations, Environment and Waste",A49105,Other Supplies & Services,R0579005,"DCC Business Entities (Sole Trade, Partnership, Ltd)"
18,Devon County Council,22/06/2026,22106388,930.00,Down St Mary Parish Council,605371,,"Capital - Planning, Transportation and Environment",C02009,Works,C0671011,"DCC Business Entities (Sole Trade, Partnership, Ltd)"
18,Devon County Council,22/06/2026,22106400,"2,250.00",G E CONSULTING SERVICES (UK) LIMITED,198631,160595992,Capital - Highways,C02011,External Professional Fees,C0652001,"DCC Business Entities (Sole Trade, Partnership, Ltd)"
18,Devon County Council,22/06/2026,22106418,774.00,THE OUTDOORS GROUP *57*,362971,312604642,Dedicated Schools Grant,A44185,Other professional Services (Schools),R0082002,"DCC Business Entities (Sole Trade, Partnership, Ltd)"
18,Devon County Council,22/06/2026,22106697,"1,134.25",YCET Community Interest Company,600446,,Highways & Infrastructure Development,A49005,Other Hired & Contracting Services,R0557007,"DCC Business Entities (Sole Trade, Partnership, Ltd)"
18,Devon County Council,22/06/2026,22106724,"1,479.00",BLUE SCREEN IT TRADING AS BIT GROUP,228948,855461116,"Economy, Enterprise and Skills",A44038,Fees,R0546004,"DCC Business Entities (Sole Trade, Partnership, Ltd)"
18,Devon County Council,22/06/2026,22106725,"1,322.50",WEIGHTMANS LLP,220105,974825769,"Chief Exec, Legal & Democratic services",A44038,Fees,R0274001,"DCC Business Entities (Sole Trade, Partnership, Ltd)"
18,Devon County Council,22/06/2026,22106761,500.00,TIVERTON TOWN COUNCIL,5845,869831860,Communities,A52005,Payments to Other Local Authorities,R0534003,"DCC Business Entities (Sole Trade, Partnership, Ltd)"
18,Devon County Council,22/06/2026,22106765,970.00,1st Chulmleigh Guides,603432,,Communities,A52010,"Grants to voluntary, community and social enterprise organisations",R0534004,"DCC Business Entities (Sole Trade, Partnership, Ltd)"
18,Devon County Council,22/06/2026,22106767,500.00,WHIMPLE VICTORY HALL,146150,,Communities,A52010,"Grants to voluntary, community and social enterprise organisations",R0534001,"DCC Business Entities (Sole Trade, Partnership, Ltd)"
18,Devon County Council,22/06/2026,22106775,750.00,All Saints Sidmouth Youth Fund,605192,,Communities,A52010,"Grants to voluntary, community and social enterprise organisations",R0534001,"DCC Business Entities (Sole Trade, Partnership, Ltd)"
18,Devon County Council,22/06/2026,22106776,"1,250.00",Heavitree Local History Society,605193,,Communities,A52010,"Grants to voluntary, community and social enterprise organisations",R0534002,"DCC Business Entities (Sole Trade, Partnership, Ltd)"
18,Devon County Council,22/06/2026,22106800,"1,949.40",361 ENERGY,292101,492367853,"Transport Operations, Environment and Waste",A44038,Fees,R0611004,"DCC Business Entities (Sole Trade, Partnership, Ltd)"
18,Devon County Council,22/06/2026,22106803,500.00,Friends Of Winkleigh,605352,,Communities,A52010,"Grants to voluntary, community and social enterprise organisations",R0534007,"DCC Business Entities (Sole Trade, Partnership, Ltd)"
18,Devon County Council,22/06/2026,22106809,500.00,Wild About Loddiswell,605356,,Communities,A52010,"Grants to voluntary, community and social enterprise organisations",R0534005,"DCC Business Entities (Sole Trade, Partnership, Ltd)"
18,Devon County Council,23/06/2026,22101654,"-9,109.82",Phoenix Children's Homes Ltd,605130,480641981,Dedicated Schools Grant,A61052,Independent Special School Fees,R0089003,"DCC Business Entities (Sole Trade, Partnership, Ltd)"
18,Devon County Council,23/06/2026,22101944,"6,750.00",LIBRARIES UNLIMITED SOUTH WEST,334595,235429115,"Economy, Enterprise and Skills",A22010,Hire of Rooms,R0539003,"DCC Business Entities (Sole Trade, Partnership, Ltd)"
18,Devon County Council,23/06/2026,22105226,"7,777.95",Eco Sustainable Solutions Ltd,404318,673902910,"Transport Operations, Environment and Waste",A46100,Main / Term Contractor,R0600001,"DCC Business Entities (Sole Trade, Partnership, Ltd)"
18,Devon County Council,23/06/2026,22105839,"36,176.83",KENNFORD TARMACADAM LIMITED,24534,976391178,Capital - Highways,C02009,Works,C0652001,DCC CIS Suppliers
18,Devon County Council,23/06/2026,22105934,"5,500.00",Friends of the River Axe,381798,,"Transport Operations, Environment and Waste",A52010,"Grants to voluntary, community and social enterprise organisations",R0639012,"DCC Business Entities (Sole Trade, Partnership, Ltd)"
18,Devon County Council,23/06/2026,22105989,"10,500.00",EXETER CITY COUNCIL (FINANCE),4272,142335594,"Transport Operations, Environment and Waste",A22005,Building Rents,R0604001,"DCC Business Entities (Sole Trade, Partnership, Ltd)"
18,Devon County Council,23/06/2026,22106645,515.20,LIBRARIES UNLIMITED SOUTH WEST,334595,235429115,Communities,A44038,Fees,R0533001,"DCC Business Entities (Sole Trade, Partnership, Ltd)"
18,Devon County Council,23/06/2026,22106726,"2,754.00",BLUE SCREEN IT TRADING AS BIT GROUP,228948,855461116,"Economy, Enterprise and Skills",A44038,Fees,R0546004,"DCC Business Entities (Sole Trade, Partnership, Ltd)"
18,Devon County Council,23/06/2026,22106727,"1,836.00",BLUE SCREEN IT TRADING AS BIT GROUP,228948,855461116,"Economy, Enterprise and Skills",A44038,Fees,R0546004,"DCC Business Entities (Sole Trade, Partnership, Ltd)"
18,Devon County Council,23/06/2026,22106730,"1,836.00",BLUE SCREEN IT TRADING AS BIT GROUP,228948,855461116,"Economy, Enterprise and Skills",A44038,Fees,R0546004,"DCC Business Entities (Sole Trade, Partnership, Ltd)"
18,Devon County Council,23/06/2026,22106942,954.00,BROWNE JACOBSON LLP,190677,116396270,"Chief Exec, Legal & Democratic services",A44968,Legal & Conveyancing Charges,R0288001,"DCC Business Entities (Sole Trade, Partnership, Ltd)"
18,Devon County Council,23/06/2026,22106950,850.00,361 ENERGY,292101,492367853,"Capital - Planning, Transportation and Environment",C02011,External Professional Fees,C0649001,"DCC Business Entities (Sole Trade, Partnership, Ltd)"
18,Devon County Council,23/06/2026,22106988,"1,290.00",KENNFORD TARMACADAM LIMITED,24534,976391178,Capital - Highways,C02009,Works,C0652001,DCC CIS Suppliers
18,Devon County Council,23/06/2026,22107013,"2,224.80",THE HUSBANDRY SCHOOL,304475,333694095,Dedicated Schools Grant,A44185,Other professional Services (Schools),R0082007,"DCC Business Entities (Sole Trade, Partnership, Ltd)"
18,Devon County Council,23/06/2026,22107110,"32,000.00",LIBRARIES UNLIMITED SOUTH WEST,334595,235429115,Communities,A22005,Building Rents,R0529001,"DCC Business Entities (Sole Trade, Partnership, Ltd)"
18,Devon County Council,23/06/2026,150498454,"26,637.51",M Group Highways Limited,375383,927200546,Highways & Infrastructure Development,A46100,Main / Term Contractor,R0553006,"DCC Business Entities (Sole Trade, Partnership, Ltd)"
18,Devon County Council,23/06/2026,150498456,"4,274.59",M Group Highways Limited,375383,927200546,Highways & Infrastructure Development,A46100,Main / Term Contractor,R0553006,"DCC Business Entities (Sole Trade, Partnership, Ltd)"
18,Devon County Council,24/06/2026,22100443,"3,731.00",Elmtree Learning Partnership Ltd,601452,494225084,Dedicated Schools Grant,A44185,Other professional Services (Schools),R0082007,"DCC Business Entities (Sole Trade, Partnership, Ltd)"
18,Devon County Council,24/06/2026,22100495,"6,697.63",Elmtree Learning Partnership Ltd,601452,494225084,Dedicated Schools Grant,A44185,Other professional Services (Schools),R0082007,"DCC Business Entities (Sole Trade, Partnership, Ltd)"
18,Devon County Council,24/06/2026,22100502,"5,655.63",Elmtree Learning Partnership Ltd,601452,494225084,Dedicated Schools Grant,A44185,Other professional Services (Schools),R0082007,"DCC Business Entities (Sole Trade, Partnership, Ltd)"
18,Devon County Council,24/06/2026,22102293,"3,788.00",LIVE TO LEARN EDUCATION LIMITED,380514,444356785,Dedicated Schools Grant,A44185,Other professional Services (Schools),R0082007,"DCC Business Entities (Sole Trade, Partnership, Ltd)"
18,Devon County Council,24/06/2026,22102387,583.33,CORE CREATIVE EDUCATION COMMUNITY INTEREST COMPANY,388378,,Dedicated Schools Grant,A44185,Other professional Services (Schools),R0082007,"DCC Business Entities (Sole Trade, Partnership, Ltd)"
18,Devon County Council,24/06/2026,22102458,"7,299.60",Dr Adi Cooper,603983,,Commissioning,A44038,Fees,R0459005,"DCC Business Entities (Sole Trade, Partnership, Ltd)"
18,Devon County Council,24/06/2026,22102512,"3,120.00",SENSORY CONNECTIONS LIMITED (C.WEST),383865,,Children's Social Care,A44038,Fees,R0015004,"DCC Business Entities (Sole Trade, Partnership, Ltd)"
18,Devon County Council,24/06/2026,22102537,"2,589.83",BREAKTHROUGH TRANSFORMATION TRUST,248117,480468080,Dedicated Schools Grant,A44185,Other professional Services (Schools),R0082007,"DCC Business Entities (Sole Trade, Partnership, Ltd)"
18,Devon County Council,24/06/2026,22102625,"9,689.60",SOUTHWEST INTERVENTION SERVICES,333291,440830321,Dedicated Schools Grant,A44185,Other professional Services (Schools),R0082007,"DCC Business Entities (Sole Trade, Partnership, Ltd)"
18,Devon County Council,24/06/2026,22102699,"3,053.80",Dr Natalia Iavu,601316,,"Chief Exec, Legal & Democratic services",A44038,Fees,R0506002,"DCC Business Entities (Sole Trade, Partnership, Ltd)"
18,Devon County Council,24/06/2026,22102731,"1,977.60",THE HUSBANDRY SCHOOL,304475,333694095,Dedicated Schools Grant,A44185,Other professional Services (Schools),R0082007,"DCC Business Entities (Sole Trade, Partnership, Ltd)"
18,Devon County Council,24/06/2026,22102742,820.00,TORRIDGE GATES LIMITED,293636,981319504,Children's Social Care,A45015,Postages,R0015001,"DCC Business Entities (Sole Trade, Partnership, Ltd)"
18,Devon County Council,24/06/2026,22102743,"1,236.00",THE HUSBANDRY SCHOOL,304475,333694095,Dedicated Schools Grant,A44185,Other professional Services (Schools),R0082007,"DCC Business Entities (Sole Trade, Partnership, Ltd)"
18,Devon County Council,24/06/2026,22103087,"2,463.50",DIALOGUE CONSULTANTS LIMITED,305861,178637852,P-Ledger - Separate Legal Entity,A44175,Training/Workshops - Non Staff,P0426002,"DCC Business Entities (Sole Trade, Partnership, Ltd)"
18,Devon County Council,24/06/2026,22103499,"3,695.18",STORMPRESS,122181,321041328,"Chief Exec, Legal & Democratic services",A43010,Printing,R0285001,"DCC Business Entities (Sole Trade, Partnership, Ltd)"
18,Devon County Council,24/06/2026,22104030,"14,958.40",PROMOTING INDEPENDENT CARE LIMITED,376159,,Children's Social Care,A11005,Agency Supply Staff,R0095010,"DCC Business Entities (Sole Trade, Partnership, Ltd)"
18,Devon County Council,24/06/2026,22104446,"18,725.00",REDWOOD RIVER SCHOOL LTD,604132,489138935,Dedicated Schools Grant,A61052,Independent Special School Fees,R0089003,"DCC Business Entities (Sole Trade, Partnership, Ltd)"
18,Devon County Council,24/06/2026,22105487,"1,178.16",Velox Healthcare Ltd,601950,422950016,Children's Social Care,A61200,Community based care,R0044004,"DCC Business Entities (Sole Trade, Partnership, Ltd)"
18,Devon County Council,24/06/2026,22105898,500.00,Daya Mann,602921,699081679,"Chief Exec, Legal & Democratic services",A44968,Legal & Conveyancing Charges,R0276001,"DCC Business Entities (Sole Trade, Partnership, Ltd)"
18,Devon County Council,24/06/2026,22106270,"1,307.20",KENT COUNTY COUNCIL,83992,204269191,Transformation & Business Services,A21005,Electricity,R0333026,"DCC Business Entities (Sole Trade, Partnership, Ltd)"
18,Devon County Council,24/06/2026,22106290,"1,230.64",KENT COUNTY COUNCIL,83992,204269191,Operations,A21005,Electricity,R0268001,"DCC Business Entities (Sole Trade, Partnership, Ltd)"
18,Devon County Council,24/06/2026,22106323,"1,751.49",KENT COUNTY COUNCIL,83992,204269191,Highways & Infrastructure Development,A21005,Electricity,R0567003,"DCC Business Entities (Sole Trade, Partnership, Ltd)"
18,Devon County Council,24/06/2026,22106558,"4,601.47",KENT COUNTY COUNCIL,83992,204269191,Children's Social Care,A21005,Electricity,R0015001,"DCC Business Entities (Sole Trade, Partnership, Ltd)"
18,Devon County Council,24/06/2026,22106650,"1,900.00",ROYAL DEVON UNIVERSITY HEALTHCAR,21280,654938887,"Chief Exec, Legal & Democratic services",A44086,Mortuary Facilities,R0506002,"DCC Business Entities (Sole Trade, Partnership, Ltd)"
18,Devon County Council,24/06/2026,22106684,"78,406.56",KENT COUNTY COUNCIL,83992,204269191,Highways & Infrastructure Development,A21005,Electricity,R0567003,"DCC Business Entities (Sole Trade, Partnership, Ltd)"
18,Devon County Council,24/06/2026,22107106,"1,350.00",Charlotte Haley,603009,,Dedicated Schools Grant,A44185,Other professional Services (Schools),R0082007,"DCC Business Entities (Sole Trade, Partnership, Ltd)"
18,Devon County Council,24/06/2026,22107226,505.97,NRM LABORATORIES,382902,125509721,"Capital - Planning, Transportation and Environment",C02009,Works,C0656001,"DCC Business Entities (Sole Trade, Partnership, Ltd)"
18,Devon County Council,24/06/2026,22107344,"3,500.79",NORTH DEVON COUNCIL,8252,144711092,"Transport Operations, Environment and Waste",A46100,Main / Term Contractor,R0596002,"DCC Business Entities (Sole Trade, Partnership, Ltd)"
18,Devon County Council,24/06/2026,22107462,"3,137.53",SEVERN TRENT GREEN POWER,322030,876098474,"Transport Operations, Environment and Waste",A46100,Main / Term Contractor,R0598001,"DCC Business Entities (Sole Trade, Partnership, Ltd)"
18,Devon County Council,24/06/2026,22107466,"3,844.76",SEVERN TRENT GREEN POWER,322030,876098474,"Transport Operations, Environment and Waste",A46100,Main / Term Contractor,R0598001,"DCC Business Entities (Sole Trade, Partnership, Ltd)"
18,Devon County Council,24/06/2026,22107478,"8,368.27",SEVERN TRENT GREEN POWER,322030,876098474,"Transport Operations, Environment and Waste",A46100,Main / Term Contractor,R0598001,"DCC Business Entities (Sole Trade, Partnership, Ltd)"
18,Devon County Council,24/06/2026,22107510,"2,080.00",RACHEL SEGAL,405340,265596167,"Chief Exec, Legal & Democratic services",A44968,Legal & Conveyancing Charges,R0506002,"DCC Business Entities (Sole Trade, Partnership, Ltd)"
18,Devon County Council,24/06/2026,150502253,"21,173.38",M Group Highways Limited,375383,927200546,Capital - Highways,C02051,Term Maintenance Contract,C0671007,"DCC Business Entities (Sole Trade, Partnership, Ltd)"
18,Devon County Council,24/06/2026,150502261,"3,015.33",M Group Highways Limited,375383,927200546,Highways & Infrastructure Development,A46100,Main / Term Contractor,R0553006,"DCC Business Entities (Sole Trade, Partnership, Ltd)"
18,Devon County Council,24/06/2026,150502264,"5,815.83",M Group Highways Limited,375383,927200546,Highways & Infrastructure Development,A46100,Main / Term Contractor,R0553006,"DCC Business Entities (Sole Trade, Partnership, Ltd)"
18,Devon County Council,24/06/2026,150502270,"5,104.87",M Group Highways Limited,375383,927200546,Capital - Highways,C02051,Term Maintenance Contract,C0671007,"DCC Business Entities (Sole Trade, Partnership, Ltd)"
18,Devon County Council,24/06/2026,150502271,"1,989.03",M Group Highways Limited,375383,927200546,Capital - Highways,C02051,Term Maintenance Contract,C0671007,"DCC Business Entities (Sole Trade, Partnership, Ltd)"
18,Devon County Council,24/06/2026,150502273,"21,885.64",M Group Highways Limited,375383,927200546,Capital - Highways,C02051,Term Maintenance Contract,C0671007,"DCC Business Entities (Sole Trade, Partnership, Ltd)"
18,Devon County Council,25/06/2026,22094447,"1,294.02",MCCONNELLS (MIDLANDS) LIMITED,271811,126055983,Capital - Highways,C02011,External Professional Fees,C0671005,"DCC Business Entities (Sole Trade, Partnership, Ltd)"
18,Devon County Council,25/06/2026,22101411,"33,033.23",RUNNING DEER COMMUNITY INTEREST COMPANY,293947,289345260,Dedicated Schools Grant,A61052,Independent Special School Fees,R0089003,"DCC Business Entities (Sole Trade, Partnership, Ltd)"
18,Devon County Council,25/06/2026,22101675,"1,185.50",NORSE SOUTH WEST LIMITED,279741,785421021,Capital other - Digital Technology & Business Services,C02009,Works,C0651001,"DCC Business Entities (Sole Trade, Partnership, Ltd)"
18,Devon County Council,25/06/2026,22101938,"10,888.75",HYDRO INTERNATIONAL (UK) LIMITED,190264,609548909,"Capital - Planning, Transportation and Environment",C02009,Works,C0671012,"DCC Business Entities (Sole Trade, Partnership, Ltd)"
18,Devon County Council,25/06/2026,22102559,"2,717.60",QUALITY MARKING SERVICES LIMITED,86608,777323994,Capital - Highways,C02009,Works,C0671005,DCC CIS Suppliers
18,Devon County Council,25/06/2026,22102589,"25,000.00",WESTBANK COMMUNITY HEALTH & CARE,65217,277497150,P-Ledger - Separate Legal Entity,A54000,Better Care Fund Expense,P0394021,"DCC Business Entities (Sole Trade, Partnership, Ltd)"
18,Devon County Council,25/06/2026,22102672,"1,600.00",PROGRESSION SERVICES LIMITED,390181,439882639,Dedicated Schools Grant,A44185,Other professional Services (Schools),R0082007,"DCC Business Entities (Sole Trade, Partnership, Ltd)"
18,Devon County Council,25/06/2026,22102795,"3,575.00",UX2 LIMITED,388014,235329022,Dedicated Schools Grant,A44185,Other professional Services (Schools),R0082007,"DCC Business Entities (Sole Trade, Partnership, Ltd)"
18,Devon County Council,25/06/2026,22102826,"1,526.56",TIDES PSYCHOLOGY,333039,,"Chief Exec, Legal & Democratic services",A44038,Fees,R0276001,"DCC Business Entities (Sole Trade, Partnership, Ltd)"
18,Devon County Council,25/06/2026,22103089,"2,114.61",PHIL COLLINS ASSOCIATES,359339,,"Transport Operations, Environment and Waste",A44038,Fees,R0644001,"DCC Business Entities (Sole Trade, Partnership, Ltd)"
18,Devon County Council,25/06/2026,22103224,689.85,TORRIDGE DISTRICT COUNCIL,4707,144666062,"Transport Operations, Environment and Waste",A46100,Main / Term Contractor,R0596002,"DCC Business Entities (Sole Trade, Partnership, Ltd)"
18,Devon County Council,25/06/2026,22103613,"3,750.00",ROYAL DEVON UNIVERSITY HEALTHCAR,21280,654938887,Operations,A53005,Payments to Health Authorities,R0481034,"DCC Business Entities (Sole Trade, Partnership, Ltd)"
18,Devon County Council,25/06/2026,22104255,577.53,STORMPRESS,122181,321041328,Public Health,A43010,Printing,R0316031,"DCC Business Entities (Sole Trade, Partnership, Ltd)"
18,Devon County Council,25/06/2026,22104257,"2,199.63",STORMPRESS,122181,321041328,Public Health,A43010,Printing,R0316031,"DCC Business Entities (Sole Trade, Partnership, Ltd)"
18,Devon County Council,25/06/2026,22104347,"2,161.50",A C S TESTING LIMITED,232744,423818846,Highways & Infrastructure Development,A44038,Fees,R0550008,"DCC Business Entities (Sole Trade, Partnership, Ltd)"
18,Devon County Council,25/06/2026,22104422,660.15,DAISY PRE-SCHOOL,40313,,Transformation & Business Services,A62000,Supported Accommodation - Child,R0333028,"DCC Business Entities (Sole Trade, Partnership, Ltd)"
18,Devon County Council,25/06/2026,22106625,"8,056.00",PLYMOUTH HOSPITALS NHS TRUST,27710,654936600,"Chief Exec, Legal & Democratic services",A44086,Mortuary Facilities,R0506002,"DCC Business Entities (Sole Trade, Partnership, Ltd)"
18,Devon County Council,25/06/2026,22106819,"9,574.10",ACTION FOR CHILDREN,86729,589629566,Children's Social Care,A61044,Residential Short Breaks,R0044004,"DCC Business Entities (Sole Trade, Partnership, Ltd)"
18,Devon County Council,25/06/2026,22106938,855.00,ADVANCED ARBORICULTURE LIMITED,349564,282879645,"Capital - Planning, Transportation and Environment",C02009,Works,C0671003,"DCC Business Entities (Sole Trade, Partnership, Ltd)"
18,Devon County Council,25/06/2026,22107313,630.55,Lred Psychological And Medical Consulting Limited,605337,,"Chief Exec, Legal & Democratic services",A44038,Fees,R0276001,"DCC Business Entities (Sole Trade, Partnership, Ltd)"
18,Devon County Council,25/06/2026,22107374,"2,100.00",EXETER PAEDIATRIC I C S LIMITED,373429,,P-Ledger - Separate Legal Entity,A61060,Support for Children in Care,P0432008,"DCC Business Entities (Sole Trade, Partnership, Ltd)"
18,Devon County Council,25/06/2026,22107655,660.00,LIGHTHOUSE SCHOOLS PARTNERSHIP,361795,194347873,Dedicated Schools Grant,A53040,Contributions to Educational Estabs (3rd,R0107001,"DCC Business Entities (Sole Trade, Partnership, Ltd)"
18,Devon County Council,25/06/2026,22107678,585.00,ATHENA LEARNING TRUST,43056,169178271,Dedicated Schools Grant,A53040,Contributions to Educational Estabs (3rd,R0107001,"DCC Business Entities (Sole Trade, Partnership, Ltd)"
18,Devon County Council,25/06/2026,22107680,660.00,STRATTON PRIMARY SCHOOL,52623,132746770,Dedicated Schools Grant,A53040,Contributions to Educational Estabs (3rd,R0107001,"DCC Business Entities (Sole Trade, Partnership, Ltd)"
18,Devon County Council,25/06/2026,22107725,"1,300.59",DISABILITY FOCUS,196975,222560930,Operations,A61135,Direct Payments (Adults),R0453031,"DCC Business Entities (Sole Trade, Partnership, Ltd)"
18,Devon County Council,25/06/2026,22107731,"2,513.54",DISABILITY FOCUS,196975,222560930,Operations,A61135,Direct Payments (Adults),R0453031,"DCC Business Entities (Sole Trade, Partnership, Ltd)"
18,Devon County Council,25/06/2026,22107734,"1,303.21",DISABILITY FOCUS,196975,222560930,Operations,A61135,Direct Payments (Adults),R0453031,"DCC Business Entities (Sole Trade, Partnership, Ltd)"
18,Devon County Council,25/06/2026,22107737,"4,218.00",DISABILITY FOCUS,196975,222560930,Operations,A61135,Direct Payments (Adults),R0453031,"DCC Business Entities (Sole Trade, Partnership, Ltd)"
18,Devon County Council,25/06/2026,22107738,"1,279.77",DISABILITY FOCUS,196975,222560930,Operations,A61135,Direct Payments (Adults),R0453031,"DCC Business Entities (Sole Trade, Partnership, Ltd)"
18,Devon County Council,25/06/2026,22107739,"1,805.79",DISABILITY FOCUS,196975,222560930,Operations,A61135,Direct Payments (Adults),R0453031,"DCC Business Entities (Sole Trade, Partnership, Ltd)"
18,Devon County Council,25/06/2026,22107768,"2,651.83",DISABILITY FOCUS,196975,222560930,Operations,B29020,VAT Incomings (Output Tax),R0453031,"DCC Business Entities (Sole Trade, Partnership, Ltd)"
18,Devon County Council,25/06/2026,22107778,"2,447.89",DISABILITY FOCUS,196975,222560930,Operations,A61135,Direct Payments (Adults),R0453031,"DCC Business Entities (Sole Trade, Partnership, Ltd)"
18,Devon County Council,25/06/2026,22108055,903.00,THE APRICOT CENTRE CIC,341760,227454701,"Economy, Enterprise and Skills",A44038,Fees,R0546004,"DCC Business Entities (Sole Trade, Partnership, Ltd)"
18,Devon County Council,25/06/2026,22108056,"22,876.00",THE APRICOT CENTRE CIC,341760,227454701,"Economy, Enterprise and Skills",A44038,Fees,R0546009,"DCC Business Entities (Sole Trade, Partnership, Ltd)"
18,Devon County Council,25/06/2026,150502421,"1,003,343.49",M Group Highways Limited,375383,927200546,Highways & Infrastructure Development,A46100,Main / Term Contractor,R0552005,"DCC Business Entities (Sole Trade, Partnership, Ltd)"
18,Devon County Council,26/06/2026,22098814,"24,079.64",SANDS SCHOOL,53993,479775905,Dedicated Schools Grant,A61052,Independent Special School Fees,R0089003,"DCC Business Entities (Sole Trade, Partnership, Ltd)"
18,Devon County Council,26/06/2026,22102841,750.00,Derek Perry,604195,891798749,Other PH Services,A44968,Legal & Conveyancing Charges,R0548001,"DCC Business Entities (Sole Trade, Partnership, Ltd)"
18,Devon County Council,26/06/2026,22102983,"3,600.00",Centre for Mental Health,604311,974860278,"Economy, Enterprise and Skills",A44175,Training/Workshops - Non Staff,R0546003,"DCC Business Entities (Sole Trade, Partnership, Ltd)"
18,Devon County Council,26/06/2026,22103065,950.00,TRAFFIC G B LIMITED,358414,295338860,Planning,A49005,Other Hired & Contracting Services,R0616001,DCC CIS Suppliers
18,Devon County Council,26/06/2026,22103097,"24,694.81",NATIONAL STAR COLLEGE,198286,184541203,Dedicated Schools Grant,A61052,Independent Special School Fees,R0089001,"DCC Business Entities (Sole Trade, Partnership, Ltd)"
18,Devon County Council,26/06/2026,22103165,840.00,DIGITAL PENINSULA NETWORK LIMITED,394926,,"Economy, Enterprise and Skills",A44038,Fees,R0546004,"DCC Business Entities (Sole Trade, Partnership, Ltd)"
18,Devon County Council,26/06/2026,22103166,"1,680.00",DIGITAL PENINSULA NETWORK LIMITED,394926,,"Economy, Enterprise and Skills",A44038,Fees,R0546004,"DCC Business Entities (Sole Trade, Partnership, Ltd)"
18,Devon County Council,26/06/2026,22104284,"1,431.03",N H S PROPERTY SERVICES LIMITED,348466,156725100,Public Health Nursing,A22005,Building Rents,R0019003,"DCC Business Entities (Sole Trade, Partnership, Ltd)"
18,Devon County Council,26/06/2026,22104287,"1,943.99",N H S PROPERTY SERVICES LIMITED,348466,156725100,Public Health Nursing,A22005,Building Rents,R0019003,"DCC Business Entities (Sole Trade, Partnership, Ltd)"
18,Devon County Council,26/06/2026,22104304,"1,551.99",N H S PROPERTY SERVICES LIMITED,348466,156725100,Public Health Nursing,A22005,Building Rents,R0019003,"DCC Business Entities (Sole Trade, Partnership, Ltd)"
18,Devon County Council,26/06/2026,22107418,747.05,I J Cannings & Son Limited,14467,192803203,P-Ledger - Separate Legal Entity,A20005,"Property Repairs, Maintenance & Alterations (programmed)",P0416001,DCC CIS Suppliers
18,Devon County Council,26/06/2026,22107840,897.21,THE APRICOT CENTRE CIC,341760,227454701,"Economy, Enterprise and Skills",A44038,Fees,R0546004,"DCC Business Entities (Sole Trade, Partnership, Ltd)"
18,Devon County Council,26/06/2026,22108173,"2,217.50",BRITISH TELECOM (BILL PAYMNTS),4558,245719348,"Capital - Planning, Transportation and Environment",C02011,External Professional Fees,C0671012,"DCC Business Entities (Sole Trade, Partnership, Ltd)"
18,Devon County Council,26/06/2026,22108183,503.62,NORSE SOUTH WEST LIMITED,279741,785421021,Capital - Highways,C02011,External Professional Fees,C0671004,"DCC Business Entities (Sole Trade, Partnership, Ltd)"
18,Devon County Council,26/06/2026,22108230,"2,539.42",TAUNTON SCHOOL,383726,131074708,Dedicated Schools Grant,A61052,Independent Special School Fees,R0089003,"DCC Business Entities (Sole Trade, Partnership, Ltd)"
18,Devon County Council,26/06/2026,22108261,"53,718.38",EAT THAT FROG COMMUNITY INTEREST COMPANY,313920,310725148,Dedicated Schools Grant,A53012,Payments to Independent Units,R0089003,"DCC Business Entities (Sole Trade, Partnership, Ltd)"
18,Devon County Council,26/06/2026,22108269,-967.28,NORSE SOUTH WEST LIMITED,279741,785421021,Finance & Public Value,A93370,Admin Income,R0214001,"DCC Business Entities (Sole Trade, Partnership, Ltd)"
18,Devon County Council,26/06/2026,22108400,"6,373.25",YEALMPSTONE ESTATE,605332,,"Capital - Planning, Transportation and Environment",C02011,External Professional Fees,C0654001,"DCC Business Entities (Sole Trade, Partnership, Ltd)"
18,Devon County Council,26/06/2026,22108423,"6,373.25",YEALMPSTONE ESTATE,605332,,"Capital - Planning, Transportation and Environment",C02011,External Professional Fees,C0654001,"DCC Business Entities (Sole Trade, Partnership, Ltd)"
18,Devon County Council,29/06/2026,22097878,"2,120.00",YELLO STUDIO LIMITED,375466,974748659,Inclusion & Learning,A45049,WEBSITE,R0060007,"DCC Business Entities (Sole Trade, Partnership, Ltd)"
18,Devon County Council,29/06/2026,22102051,846.00,PROSPERO RECRUITMENT LIMITED,352539,486704947,Dedicated Schools Grant,A44185,Other professional Services (Schools),R0082007,"DCC Business Entities (Sole Trade, Partnership, Ltd)"
18,Devon County Council,29/06/2026,22102510,656.40,ILFRACOMBE TOWN COUNCIL,206679,174579075,Mental Health,A62105,Miscellaneous expenditure,R0221004,"DCC Business Entities (Sole Trade, Partnership, Ltd)"
18,Devon County Council,29/06/2026,22103521,"5,271.65",CANTIUM BUSINESS SOLUTIONS LIMITED,354810,294540288,People and Culture,A12510,Other Employee Expenses,R0472004,"DCC Business Entities (Sole Trade, Partnership, Ltd)"
18,Devon County Council,29/06/2026,22103552,"1,490.00",EVERGREEN SERVICES (DEVON) LIMITED,360540,245640215,Children's Social Care,A20010,"Property Repairs, Maintenance & Alterations (Reactive)",R0095005,DCC CIS Suppliers
18,Devon County Council,29/06/2026,22103556,"9,366.00",SOUTH DEVON COLLEGE,23677,585836291,"Economy, Enterprise and Skills",A44038,Fees,R0546004,"DCC Business Entities (Sole Trade, Partnership, Ltd)"
18,Devon County Council,29/06/2026,22103560,"1,794.00",DEVON PATHWAYS LTD,383486,392542678,Dedicated Schools Grant,A44180,Services for Educational Estabs - Devon,R0010004,"DCC Business Entities (Sole Trade, Partnership, Ltd)"
18,Devon County Council,29/06/2026,22103579,567.15,NETWORK RAIL,195364,798650956,Capital - Highways,C02011,External Professional Fees,C0671004,"DCC Business Entities (Sole Trade, Partnership, Ltd)"
18,Devon County Council,29/06/2026,22103672,"2,093.00",DEVON PATHWAYS LTD,383486,392542678,Dedicated Schools Grant,A44180,Services for Educational Estabs - Devon,R0010004,"DCC Business Entities (Sole Trade, Partnership, Ltd)"
18,Devon County Council,29/06/2026,22103681,"2,930.00",DEVON PATHWAYS LTD,383486,392542678,Dedicated Schools Grant,A44185,Other professional Services (Schools),R0082007,"DCC Business Entities (Sole Trade, Partnership, Ltd)"
18,Devon County Council,29/06/2026,22103776,"3,657.00",COBWEB INFORMATION LIMITED,156428,796990153,"Economy, Enterprise and Skills",A45045,IT Software Maintenance,R0547001,"DCC Business Entities (Sole Trade, Partnership, Ltd)"
18,Devon County Council,29/06/2026,22103882,"2,870.40",DEVON PATHWAYS LTD,383486,392542678,Dedicated Schools Grant,A44180,Services for Educational Estabs - Devon,R0010003,"DCC Business Entities (Sole Trade, Partnership, Ltd)"
18,Devon County Council,29/06/2026,22103932,990.00,SARAH BADGER,357059,,P-Ledger - Separate Legal Entity,A61060,Support for Children in Care,P0432008,"DCC Business Entities (Sole Trade, Partnership, Ltd)"
18,Devon County Council,29/06/2026,22103950,"3,568.48",A M CARE,169807,831850435,P-Ledger - Separate Legal Entity,A61054,Equipment (Care),P0391002,"DCC Business Entities (Sole Trade, Partnership, Ltd)"
18,Devon County Council,29/06/2026,22104163,640.00,ANDY SMITH,388550,,Communities,A44038,Fees,R0536008,"DCC Business Entities (Sole Trade, Partnership, Ltd)"
18,Devon County Council,29/06/2026,22104866,"1,200.00",LEADERSHIP SKILLS FOUNDATION,396407,,Communities,A44038,Fees,R0536007,"DCC Business Entities (Sole Trade, Partnership, Ltd)"
18,Devon County Council,29/06/2026,22105055,"48,867.13",MILLBROOK HEALTHCARE LIMITED,117031,675991080,P-Ledger - Separate Legal Entity,A61054,Equipment (Care),P0391002,"DCC Business Entities (Sole Trade, Partnership, Ltd)"
18,Devon County Council,29/06/2026,22105089,"1,501.23",MILLBROOK HEALTHCARE LIMITED,117031,675991080,P-Ledger - Separate Legal Entity,A61054,Equipment (Care),P0391002,"DCC Business Entities (Sole Trade, Partnership, Ltd)"
18,Devon County Council,29/06/2026,22105861,"2,320.00",TOPP TREE CARE LTD,389748,434623407,Highways & Infrastructure Development,A49005,Other Hired & Contracting Services,R0553005,"DCC Business Entities (Sole Trade, Partnership, Ltd)"
18,Devon County Council,29/06/2026,22106731,"182,296.18",Royal Deaf Education Trust,8245,478920838,Dedicated Schools Grant,A61052,Independent Special School Fees,R0089003,"DCC Business Entities (Sole Trade, Partnership, Ltd)"
18,Devon County Council,29/06/2026,22107672,"-4,282.79",PHOENIX LEARNING AND CARE LIMITED,88421,480641981,Finance & Public Value,A93370,Admin Income,R0214001,"DCC Business Entities (Sole Trade, Partnership, Ltd)"
18,Devon County Council,29/06/2026,22107748,-506.40,LEXIA EDUCATION SERVICES LIMITED,376344,376218677,Finance & Public Value,A93370,Admin Income,R0214001,"DCC Business Entities (Sole Trade, Partnership, Ltd)"
18,Devon County Council,29/06/2026,22107752,900.00,James Rees KBG,602817,676185890,"Chief Exec, Legal & Democratic services",A44968,Legal & Conveyancing Charges,R0276001,"DCC Business Entities (Sole Trade, Partnership, Ltd)"
18,Devon County Council,29/06/2026,22108266,803.25,NETWORK RAIL,195364,798650956,Capital - Highways,C02009,Works,C0652001,"DCC Business Entities (Sole Trade, Partnership, Ltd)"
18,Devon County Council,29/06/2026,22108470,"1,000.00",MOOR OUTDOOR,397292,,Communities,A52010,"Grants to voluntary, community and social enterprise organisations",R0535002,"DCC Business Entities (Sole Trade, Partnership, Ltd)"
18,Devon County Council,29/06/2026,22108483,980.00,North Devon District Scouts,605483,,Communities,A52010,"Grants to voluntary, community and social enterprise organisations",R0535002,"DCC Business Entities (Sole Trade, Partnership, Ltd)"
18,Devon County Council,29/06/2026,22108670,"8,250.00",HIKMAT DEVON COMMUNITY INTEREST COMPANY,190181,,Communities,A52010,"Grants to voluntary, community and social enterprise organisations",R0530012,"DCC Business Entities (Sole Trade, Partnership, Ltd)"
18,Devon County Council,29/06/2026,22108885,"16,739.00",H M REVENUE & CUSTOMS,43301,,Capital - Highways,C02006,Stamp Duty,C0671008,"DCC Business Entities (Sole Trade, Partnership, Ltd)"
18,Devon County Council,30/06/2026,22099162,702.75,DEPARTMENT OF WORK & PENSIONS,243607,,Operations,A93025,Service User Cont Residential Care Long Term,R0485022,"DCC Business Entities (Sole Trade, Partnership, Ltd)"
18,Devon County Council,30/06/2026,22102835,770.00,ROOTS AND BLOOMS,398675,,Children's Social Care,A61060,Support for Children in Care,R0106002,"DCC Business Entities (Sole Trade, Partnership, Ltd)"
18,Devon County Council,30/06/2026,22104140,568.00,PSYCHOLOGY ASSOCIATES LIMITED,147932,912873418,P-Ledger - Separate Legal Entity,A61060,Support for Children in Care,P0432008,"DCC Business Entities (Sole Trade, Partnership, Ltd)"
18,Devon County Council,30/06/2026,22106922,"21,042.80",MARINE & CIVIL SOLUTIONS LIMITED,283395,431868383,Capital - Highways,C02009,Works,C0671004,DCC CIS Suppliers
18,Devon County Council,30/06/2026,22107726,950.00,EXETER CITY COUNCIL (FINANCE),4272,142335594,"Transport Operations, Environment and Waste",A44968,Legal & Conveyancing Charges,R0604001,"DCC Business Entities (Sole Trade, Partnership, Ltd)"
18,Devon County Council,30/06/2026,22108381,514.00,CHANDRA KANTHA CHILD COUNSELLOR,369997,,P-Ledger - Separate Legal Entity,A61060,Support for Children in Care,P0432008,"DCC Business Entities (Sole Trade, Partnership, Ltd)"
18,Devon County Council,30/06/2026,22108686,"1,896.00",OCEAN HEALTHCARE (TRADING AS TAHER LIMITED),346692,776836374,Children's Social Care,A61200,Community based care,R0044004,"DCC Business Entities (Sole Trade, Partnership, Ltd)"
18,Devon County Council,30/06/2026,22108687,"1,113.60",TUTE EDUCATION LIMITED,307284,902188441,Dedicated Schools Grant,A44185,Other professional Services (Schools),R0082007,"DCC Business Entities (Sole Trade, Partnership, Ltd)"
18,Devon County Council,30/06/2026,22108886,"11,128.71",IDVERDE LIMITED,24676,190173669,Finance & Public Value,A20030,Service Term Contracts,R0213002,DCC CIS Suppliers
18,Devon County Council,30/06/2026,22108985,"12,707.50",MID DEVON DISTRICT COUNCIL,19708,142203912,Transformation & Business Services,A23005,Rates,R0333026,"DCC Business Entities (Sole Trade, Partnership, Ltd)"
18,Devon County Council,30/06/2026,22109044,561.00,ACADEMY21 LIMITED,337165,112432760,Dedicated Schools Grant,A44185,Other professional Services (Schools),R0082007,"DCC Business Entities (Sole Trade, Partnership, Ltd)"
18,Devon County Council,30/06/2026,22109104,"360,760.11",VRANCH HOUSE SCHOOL,52422,,Dedicated Schools Grant,A61052,Independent Special School Fees,R0089003,"DCC Business Entities (Sole Trade, Partnership, Ltd)"
18,Devon County Council,30/06/2026,22109127,"1,000.00",DAVID SAPIECHA,405894,691715121,Other PH Services,A44968,Legal & Conveyancing Charges,R0548001,"DCC Business Entities (Sole Trade, Partnership, Ltd)"
18,Devon County Council,30/06/2026,22109268,"2,650.00",NICHOLAS BRADLEY CARE OF DEVON CHAMBERS,337021,198466153,"Chief Exec, Legal & Democratic services",A44968,Legal & Conveyancing Charges,R0276001,"DCC Business Entities (Sole Trade, Partnership, Ltd)"
