Body,Name of Body,Date,Transaction number,Amount,Supplier name,Supplier ID,VAT reg no,Expense area,Expense code,Expense type,Costcuk,Creditor type
18,Devon County Council,01/05/2026,22089421,"9,600.00",MOOR TO LIFE E & W COMMUNITY INTEREST COMPANY,393010,,Dedicated Schools Grant,A44185,Other professional Services (Schools),R0082007,"DCC Business Entities (Sole Trade, Partnership, Ltd)"
18,Devon County Council,01/05/2026,22090346,"18,544.00",EVERGREEN SERVICES (DEVON) LIMITED,360540,245640215,Children's Social Care,A20010,"Property Repairs, Maintenance & Alterations (Reactive)",R0095003,DCC CIS Suppliers
18,Devon County Council,01/05/2026,22090412,"270,257.00",Exeter College (Exeter and North Devon Colleges Group),6141,125451632,Capital - SEND Schools,C02009,Works,C0660001,"DCC Business Entities (Sole Trade, Partnership, Ltd)"
18,Devon County Council,01/05/2026,22092905,"105,524.19",D W M L HOLDINGS LIMITED,345026,823821047,"Transport Operations, Environment and Waste",A46100,Main / Term Contractor,R0597001,"DCC Business Entities (Sole Trade, Partnership, Ltd)"
18,Devon County Council,01/05/2026,22094361,"64,072.73",M Group Highways Limited,375383,927200546,"Capital - Planning, Transportation and Environment",C02009,Works,C0654001,"DCC Business Entities (Sole Trade, Partnership, Ltd)"
18,Devon County Council,01/05/2026,22094498,"111,150.00",MID DEVON DISTRICT COUNCIL,19708,142203912,Communities,A52005,Payments to Other Local Authorities,R0530010,"DCC Business Entities (Sole Trade, Partnership, Ltd)"
18,Devon County Council,01/05/2026,22094555,"12,283.33",TOTNES INDEPENDENT SCHOOL,320930,481548763,Dedicated Schools Grant,A61052,Independent Special School Fees,R0089003,"DCC Business Entities (Sole Trade, Partnership, Ltd)"
18,Devon County Council,05/05/2026,22082220,"11,826.66",Groundwork South Trust,603975,,"Transport Operations, Environment and Waste",A44065,Consultancy Services,R0579007,"DCC Business Entities (Sole Trade, Partnership, Ltd)"
18,Devon County Council,05/05/2026,22088008,715,Youth Arts and Health Trust,340754,,P-Ledger - Separate Legal Entity,A61060,Support for Children in Care,P0432008,"DCC Business Entities (Sole Trade, Partnership, Ltd)"
18,Devon County Council,05/05/2026,22088521,"18,270.75",WESTBANK COMMUNITY HEALTH & CARE,65217,277497150,P-Ledger - Separate Legal Entity,A62110,Payments to Charities & Vol Providers,P0391004,"DCC Business Entities (Sole Trade, Partnership, Ltd)"
18,Devon County Council,05/05/2026,22090215,"1,100.00",TRANSOFT SOLUTIONS (UK) LIMITED,384169,708697590,Highways & Infrastructure Development,A40075,Road & Other Signs,R0567002,"DCC Business Entities (Sole Trade, Partnership, Ltd)"
18,Devon County Council,05/05/2026,22090292,"1,729.15",TAVYSIDE HEALTH CENTRE,266516,978506863,Children's Social Care,A20005,"Property Repairs, Maintenance & Alterations (programmed)",R0028001,"DCC Business Entities (Sole Trade, Partnership, Ltd)"
18,Devon County Council,05/05/2026,22090297,900,UX2 LIMITED,388014,235329022,Dedicated Schools Grant,A44185,Other professional Services (Schools),R0082007,"DCC Business Entities (Sole Trade, Partnership, Ltd)"
18,Devon County Council,01/05/2026,22088768,"1,535.14",CARRICK SPORTS CONSTRUCTION LIMITED,600550,292330609,"Capital - Planning, Transportation and Environment",C02009,Works,C0671003,"DCC Business Entities (Sole Trade, Partnership, Ltd)"
18,Devon County Council,01/05/2026,22090205,930,ESSENTIAL 6 LIMITED,219393,941534529,Children's Social Care,A44175,Training/Workshops - Non Staff,R0095007,"DCC Business Entities (Sole Trade, Partnership, Ltd)"
18,Devon County Council,01/05/2026,22090329,"3,571.14",TEIGNBRIDGE DISTRICT COUNCIL,4872,142214023,Communities,A52005,Payments to Other Local Authorities,R0530002,"DCC Business Entities (Sole Trade, Partnership, Ltd)"
18,Devon County Council,01/05/2026,22090455,"4,219.00",PAY.UK LIMITED,393156,317649482,People and Culture,A44038,Fees,R0502002,"DCC Business Entities (Sole Trade, Partnership, Ltd)"
18,Devon County Council,01/05/2026,22090655,"26,573.28",CLEANSING SERVICE GROUP LIMITED,18365,369922701,"Transport Operations, Environment and Waste",A46100,Main / Term Contractor,R0601001,"DCC Business Entities (Sole Trade, Partnership, Ltd)"
18,Devon County Council,01/05/2026,22090855,"1,584.13",F W A G SOUTH WEST,316031,127629304,"Transport Operations, Environment and Waste",A44038,Fees,R0644001,"DCC Business Entities (Sole Trade, Partnership, Ltd)"
18,Devon County Council,01/05/2026,22091145,885,DR SHARON MAYER,351898,,P-Ledger - Separate Legal Entity,A61060,Support for Children in Care,P0432008,"DCC Business Entities (Sole Trade, Partnership, Ltd)"
18,Devon County Council,01/05/2026,22094236,"3,694.81",IMC Analysts LLP,313069,,Operations,A44038,Fees,R0222002,"DCC Business Entities (Sole Trade, Partnership, Ltd)"
18,Devon County Council,01/05/2026,22094239,"1,962.96",IMC Analysts LLP,313069,,Operations,A44038,Fees,R0222002,"DCC Business Entities (Sole Trade, Partnership, Ltd)"
18,Devon County Council,01/05/2026,22094402,"1,397.84",ACTION FOR CHILDREN,86729,589629566,Children's Social Care,A61044,Residential Short Breaks,R0044004,"DCC Business Entities (Sole Trade, Partnership, Ltd)"
18,Devon County Council,01/05/2026,22094482,"86,520.00",EAST DEVON DISTRICT COUNCIL (GEN ACCOUNT),96091,142218990,Communities,A52005,Payments to Other Local Authorities,R0530010,"DCC Business Entities (Sole Trade, Partnership, Ltd)"
18,Devon County Council,01/05/2026,22094483,"70,240.00",EXETER CITY COUNCIL (FINANCE),4272,142335594,Communities,A52005,Payments to Other Local Authorities,R0530010,"DCC Business Entities (Sole Trade, Partnership, Ltd)"
18,Devon County Council,01/05/2026,22094504,"80,310.00",NORTH DEVON COUNCIL (AC 03953785),326313,144711092,Communities,A52005,Payments to Other Local Authorities,R0530010,"DCC Business Entities (Sole Trade, Partnership, Ltd)"
18,Devon County Council,01/05/2026,22094506,"39,030.00",SOUTH HAMS DISTRICT COUNCIL,8255,142204125,Communities,A52005,Payments to Other Local Authorities,R0530010,"DCC Business Entities (Sole Trade, Partnership, Ltd)"
18,Devon County Council,01/05/2026,22087191,"41,346.49",MAGDALEN COURT SCHOOL,228429,479823044,Dedicated Schools Grant,A61052,Independent Special School Fees,R0089003,"DCC Business Entities (Sole Trade, Partnership, Ltd)"
18,Devon County Council,01/05/2026,22090335,"1,297.50",WESTPOINT CENTRE (DEVON) LIMITED,6392,585601525,Inclusion & Learning,A41905,Catering,R0029016,"DCC Business Entities (Sole Trade, Partnership, Ltd)"
18,Devon County Council,01/05/2026,22090343,"4,541.67",DSI BILLING SERVICES LIMITED,338643,739980671,Public Health Nursing,A49105,Other Supplies & Services,R0019003,"DCC Business Entities (Sole Trade, Partnership, Ltd)"
18,Devon County Council,01/05/2026,22090366,"2,918.56",VALLEY MOBILITY SERVICES LIMITED,87203,728762990,P-Ledger - Separate Legal Entity,A61054,Equipment (Care),P0391002,"DCC Business Entities (Sole Trade, Partnership, Ltd)"
18,Devon County Council,01/05/2026,22090673,900,NeuroConnect CIC,382604,,P-Ledger - Separate Legal Entity,A61060,Support for Children in Care,P0432008,"DCC Business Entities (Sole Trade, Partnership, Ltd)"
18,Devon County Council,01/05/2026,22090847,"28,667.00","BOURNEMOUTH, CHRISTCHURCH AND",38627,313088034,P-Ledger - Separate Legal Entity,A52005,Payments to Other Local Authorities,P0432006,"DCC Business Entities (Sole Trade, Partnership, Ltd)"
18,Devon County Council,01/05/2026,22091340,500,DIAMOND CARE 2000 LIMITED,88681,,Operations,A61045,Personal Allowance,R0227012,"DCC Business Entities (Sole Trade, Partnership, Ltd)"
18,Devon County Council,01/05/2026,22091766,"1,225.75",TUTORS AND EXAMS LIMITED,383959,306959378,Dedicated Schools Grant,A44185,Other professional Services (Schools),R0082007,"DCC Business Entities (Sole Trade, Partnership, Ltd)"
18,Devon County Council,01/05/2026,22093950,741.6,TUBERS ACADEMY LIMITED,348033,300702466,Dedicated Schools Grant,A44185,Other professional Services (Schools),R0082007,"DCC Business Entities (Sole Trade, Partnership, Ltd)"
18,Devon County Council,01/05/2026,22094080,592.15,MEENA ENTERPRISES LIMITED,360477,,Operations,A44038,Fees,R0222002,"DCC Business Entities (Sole Trade, Partnership, Ltd)"
18,Devon County Council,01/05/2026,22094315,759.14,Youth Arts and Health Trust,340754,,P-Ledger - Separate Legal Entity,A61060,Support for Children in Care,P0432008,"DCC Business Entities (Sole Trade, Partnership, Ltd)"
18,Devon County Council,01/05/2026,22094512,"13,650.00",WEST DEVON BOROUGH COUNCIL,8280,144823273,Communities,A52005,Payments to Other Local Authorities,R0530010,"DCC Business Entities (Sole Trade, Partnership, Ltd)"
18,Devon County Council,01/05/2026,22094562,"3,451.47",TOTNES INDEPENDENT SCHOOL,320930,481548763,Dedicated Schools Grant,A61052,Independent Special School Fees,R0089003,"DCC Business Entities (Sole Trade, Partnership, Ltd)"
18,Devon County Council,01/05/2026,22094578,669.3,PLATINUM PROFESSIONAL (SOUTH WEST) LIMITED,266082,993189074,Operations,A40080,Health & Safety Equipment,R0268001,"DCC Business Entities (Sole Trade, Partnership, Ltd)"
18,Devon County Council,05/05/2026,22090307,"12,092.66",KEYCHANGE ROSE LAWN SIDMOUTH,90174,,Children's Social Care,A62000,Supported Accommodation - Child,R0026003,"DCC Business Entities (Sole Trade, Partnership, Ltd)"
18,Devon County Council,05/05/2026,22090309,"2,400.00",G R K FLOOD DEFENCE,327597,152652714,"Capital - Planning, Transportation and Environment",C02009,Works,C0671012,DCC CIS Suppliers
18,Devon County Council,05/05/2026,22090618,"1,988.68",NORSE SOUTH WEST LIMITED,279741,785421021,Finance & Public Value,A46100,Main / Term Contractor,R0202001,"DCC Business Entities (Sole Trade, Partnership, Ltd)"
18,Devon County Council,05/05/2026,22090636,"5,768.69",NORSE SOUTH WEST LIMITED,279741,785421021,"Capital - Economy, Enterprise & Skills",C02011,External Professional Fees,C0648001,"DCC Business Entities (Sole Trade, Partnership, Ltd)"
18,Devon County Council,05/05/2026,22090643,"4,032.90",NORSE SOUTH WEST LIMITED,279741,785421021,Finance & Public Value,A46100,Main / Term Contractor,R0202001,"DCC Business Entities (Sole Trade, Partnership, Ltd)"
18,Devon County Council,05/05/2026,22090857,"6,070.00",North Devon College (Exeter and North Devon Colleges Group),603346,125451632,Dedicated Schools Grant,A44185,Other professional Services (Schools),R0082007,"DCC Business Entities (Sole Trade, Partnership, Ltd)"
18,Devon County Council,05/05/2026,22090906,"621,316.63",MILLBROOK HEALTHCARE LIMITED,117031,675991080,P-Ledger - Separate Legal Entity,A61054,Equipment (Care),P0391002,"DCC Business Entities (Sole Trade, Partnership, Ltd)"
18,Devon County Council,05/05/2026,22090990,"2,000.00",NEW ROOTS WORKSHOP COMMUNITY INTEREST COMPANY,397830,,Dedicated Schools Grant,A44180,Services for Educational Estabs - Devon,R0010004,"DCC Business Entities (Sole Trade, Partnership, Ltd)"
18,Devon County Council,05/05/2026,22091025,530.11,CIVIL SOLUTIONS LIMITED,100386,760477419,Highways & Infrastructure Development,A49005,Other Hired & Contracting Services,R0557017,"DCC Business Entities (Sole Trade, Partnership, Ltd)"
18,Devon County Council,05/05/2026,22091026,"4,700.00",SMARTSURVEY LIMITED,203950,840574625,Transformation & Business Services,A45040,IT Software,R0353008,"DCC Business Entities (Sole Trade, Partnership, Ltd)"
18,Devon County Council,05/05/2026,22091050,"1,000.00",EXETER CITY COMMUNITY TRUST,102760,,Inclusion & Learning,A47005,"Grants, Contributions & Donations",R0029011,"DCC Business Entities (Sole Trade, Partnership, Ltd)"
18,Devon County Council,05/05/2026,22091730,756,OCEAN HEALTHCARE (TRADING AS TAHER LIMITED),346692,776836374,Children's Social Care,A61200,Community based care,R0044004,"DCC Business Entities (Sole Trade, Partnership, Ltd)"
18,Devon County Council,05/05/2026,22092542,"2,160.00",EXETER CITY COMMUNITY TRUST,102760,,Communities,A44038,Fees,R0536008,"DCC Business Entities (Sole Trade, Partnership, Ltd)"
18,Devon County Council,01/05/2026,22094508,"45,210.00",TEIGNBRIDGE DISTRICT COUNCIL,4872,142214023,Communities,A52005,Payments to Other Local Authorities,R0530010,"DCC Business Entities (Sole Trade, Partnership, Ltd)"
18,Devon County Council,01/05/2026,22094510,"31,740.00",TORRIDGE DISTRICT COUNCIL,4707,144666062,Communities,A52005,Payments to Other Local Authorities,R0530010,"DCC Business Entities (Sole Trade, Partnership, Ltd)"
18,Devon County Council,01/05/2026,22094522,"1,250.00",MESSRS HOLE & PUGSLEY,5972,140898646,"Capital - Planning, Transportation and Environment",C01010,Acquisitions - Purchase Cost - Legal Fees,C0671003,"DCC Business Entities (Sole Trade, Partnership, Ltd)"
18,Devon County Council,01/05/2026,22094558,527.25,TOTNES INDEPENDENT SCHOOL,320930,481548763,Dedicated Schools Grant,A61052,Independent Special School Fees,R0089003,"DCC Business Entities (Sole Trade, Partnership, Ltd)"
18,Devon County Council,01/05/2026,22094566,"7,032.23",TOTNES INDEPENDENT SCHOOL,320930,481548763,Dedicated Schools Grant,A61052,Independent Special School Fees,R0089003,"DCC Business Entities (Sole Trade, Partnership, Ltd)"
18,Devon County Council,01/05/2026,22094569,"3,000.00",ADAM BOYLE,402809,182118128,Capital - Highways,C02011,External Professional Fees,C0652001,"DCC Business Entities (Sole Trade, Partnership, Ltd)"
18,Devon County Council,01/05/2026,22094574,"194,882.92",UNITED RESPONSE SERVICES LIMITED,86977,317764974,Dedicated Schools Grant,A61052,Independent Special School Fees,R0089003,"DCC Business Entities (Sole Trade, Partnership, Ltd)"
18,Devon County Council,01/05/2026,22094596,"14,825.00",MATTHEW ANGUS,402427,467386839,"Chief Exec, Legal & Democratic services",A44968,Legal & Conveyancing Charges,R0274001,"DCC Business Entities (Sole Trade, Partnership, Ltd)"
18,Devon County Council,05/05/2026,22082531,575.23,THE ADVOCACY PEOPLE,257570,,Operations,A44038,Fees,R0222002,"DCC Business Entities (Sole Trade, Partnership, Ltd)"
18,Devon County Council,05/05/2026,22085977,"1,500.00",LEONE ELLIS THERAPEUTIC SERVICES,398323,,Children's Social Care,A61060,Support for Children in Care,R0106002,"DCC Business Entities (Sole Trade, Partnership, Ltd)"
18,Devon County Council,05/05/2026,22087174,"52,369.60",NETWORK HEALTHCARE,394158,844278506,Operations,A57136,Personal Care Block,R0234001,"DCC Business Entities (Sole Trade, Partnership, Ltd)"
18,Devon County Council,05/05/2026,22089036,648,CO ADVENTURERS LIMITED,369278,394138084,Dedicated Schools Grant,A44180,Services for Educational Estabs - Devon,R0010004,"DCC Business Entities (Sole Trade, Partnership, Ltd)"
18,Devon County Council,05/05/2026,22090287,"1,625.00",UX2 LIMITED,388014,235329022,Dedicated Schools Grant,A44185,Other professional Services (Schools),R0082007,"DCC Business Entities (Sole Trade, Partnership, Ltd)"
18,Devon County Council,01/05/2026,22094624,"3,357.60",DR PAUL HILEY,357684,,"Chief Exec, Legal & Democratic services",A44038,Fees,R0506002,"DCC Business Entities (Sole Trade, Partnership, Ltd)"
18,Devon County Council,05/05/2026,22062998,"1,617.00",SOUTHWEST INTERVENTION SERVICES,333291,440830321,Children's Social Care,A61200,Community based care,R0044004,"DCC Business Entities (Sole Trade, Partnership, Ltd)"
18,Devon County Council,05/05/2026,22070895,792.75,SOUTHWEST INTERVENTION SERVICES,333291,440830321,Children's Social Care,A61200,Community based care,R0044004,"DCC Business Entities (Sole Trade, Partnership, Ltd)"
18,Devon County Council,05/05/2026,22088164,559.7,THE ADVOCACY PEOPLE,257570,,Operations,A44038,Fees,R0222002,"DCC Business Entities (Sole Trade, Partnership, Ltd)"
18,Devon County Council,05/05/2026,22089885,"1,200.00",SARAH RUSSELL,398046,,"Transport Operations, Environment and Waste",A44038,Fees,R0643001,"DCC Business Entities (Sole Trade, Partnership, Ltd)"
18,Devon County Council,05/05/2026,22089951,545,Michelle Blundy T/A Blossoming Minds,360726,,P-Ledger - Separate Legal Entity,A61060,Support for Children in Care,P0432008,"DCC Business Entities (Sole Trade, Partnership, Ltd)"
18,Devon County Council,05/05/2026,22090211,"950,250.00",VIRIDOR EXETER WASTE SERVICES LIMITED,84253,736636511,"Transport Operations, Environment and Waste",A46100,Main / Term Contractor,R0593001,"DCC Business Entities (Sole Trade, Partnership, Ltd)"
18,Devon County Council,05/05/2026,22090533,"1,000.00",EXETER PRIDE,301484,,"Chief Exec, Legal & Democratic services",A52010,"Grants to voluntary, community and social enterprise organisations",R0281001,"DCC Business Entities (Sole Trade, Partnership, Ltd)"
18,Devon County Council,05/05/2026,22090619,"12,490.12",NORSE SOUTH WEST LIMITED,279741,785421021,Transformation & Business Services,A46100,Main / Term Contractor,R0334005,"DCC Business Entities (Sole Trade, Partnership, Ltd)"
18,Devon County Council,05/05/2026,22090639,"10,167.97",NORSE SOUTH WEST LIMITED,279741,785421021,Finance & Public Value,A46100,Main / Term Contractor,R0202001,"DCC Business Entities (Sole Trade, Partnership, Ltd)"
18,Devon County Council,05/05/2026,22090641,599.79,NORSE SOUTH WEST LIMITED,279741,785421021,Finance & Public Value,A46100,Main / Term Contractor,R0202001,"DCC Business Entities (Sole Trade, Partnership, Ltd)"
18,Devon County Council,05/05/2026,22090739,580,Michelle Blundy T/A Blossoming Minds,360726,,P-Ledger - Separate Legal Entity,A61060,Support for Children in Care,P0432008,"DCC Business Entities (Sole Trade, Partnership, Ltd)"
18,Devon County Council,05/05/2026,22090842,"6,070.00",North Devon College (Exeter and North Devon Colleges Group),603346,125451632,Dedicated Schools Grant,A44185,Other professional Services (Schools),R0082007,"DCC Business Entities (Sole Trade, Partnership, Ltd)"
18,Devon County Council,05/05/2026,22092558,"2,480.00",EXETER CITY COMMUNITY TRUST,102760,,Communities,A44038,Fees,R0536008,"DCC Business Entities (Sole Trade, Partnership, Ltd)"
18,Devon County Council,05/05/2026,22092660,720,PERSON CENTRED SOFTWARE LIMITED,340281,162981976,Operations,A44038,Fees,R0269001,"DCC Business Entities (Sole Trade, Partnership, Ltd)"
18,Devon County Council,05/05/2026,22094199,"1,744.00",MERCURY CONSTRUCTION (SOUTH WEST)  LIMITED,250527,892673673,Capital - Schools Maintenance & Improvements,C02009,Works,C0658001,DCC CIS Suppliers
18,Devon County Council,05/05/2026,22094387,"-1,173.95",PENNON T/A SOURCE FOR BUSINESS,344710,312629416,Transformation & Business Services,A24005,Water Services,R0333026,"DCC Business Entities (Sole Trade, Partnership, Ltd)"
18,Devon County Council,05/05/2026,22094406,"2,343.70",CARTER BROWN - THE EXPERT S LIMITED,292905,281653589,"Chief Exec, Legal & Democratic services",A44038,Fees,R0276001,"DCC Business Entities (Sole Trade, Partnership, Ltd)"
18,Devon County Council,05/05/2026,22094509,"1,042.66",OCEAN HEALTHCARE,371633,776836374,Operations,A11015,Other Agency Staff,R0253002,"DCC Business Entities (Sole Trade, Partnership, Ltd)"
18,Devon County Council,05/05/2026,22094546,"1,120.00",BISCOES,359427,284553870,"Chief Exec, Legal & Democratic services",A44968,Legal & Conveyancing Charges,R0274001,"DCC Business Entities (Sole Trade, Partnership, Ltd)"
18,Devon County Council,05/05/2026,22094552,880,BISCOES,359427,284553870,"Chief Exec, Legal & Democratic services",A44968,Legal & Conveyancing Charges,R0274001,"DCC Business Entities (Sole Trade, Partnership, Ltd)"
18,Devon County Council,05/05/2026,22094556,755,D W F LAW LLP CLIENT ACCOUNT,359937,258955939,"Chief Exec, Legal & Democratic services",A44165,Compensation Claims payments,R0283001,"DCC Business Entities (Sole Trade, Partnership, Ltd)"
18,Devon County Council,05/05/2026,22094653,"6,129.01",CHRIS DRAKE,387212,,Transformation & Business Services,A62000,Supported Accommodation - Child,R0333028,"DCC Business Entities (Sole Trade, Partnership, Ltd)"
18,Devon County Council,05/05/2026,22094911,"1,500.00",LEONE ELLIS THERAPEUTIC SERVICES,398323,,Children's Social Care,A61060,Support for Children in Care,R0106002,"DCC Business Entities (Sole Trade, Partnership, Ltd)"
18,Devon County Council,05/05/2026,22094914,"1,000.00",LEONE ELLIS THERAPEUTIC SERVICES,398323,,Children's Social Care,A61060,Support for Children in Care,R0106002,"DCC Business Entities (Sole Trade, Partnership, Ltd)"
18,Devon County Council,05/05/2026,22094946,750,SEARLE LAURA,333959,252412732,"Chief Exec, Legal & Democratic services",A44968,Legal & Conveyancing Charges,R0276001,"DCC Business Entities (Sole Trade, Partnership, Ltd)"
18,Devon County Council,05/05/2026,22095032,"1,946.56",ONE ILFRACOMBE,323232,,Communities,A44038,Fees,R0536015,"DCC Business Entities (Sole Trade, Partnership, Ltd)"
18,Devon County Council,05/05/2026,22090614,680.74,NORSE SOUTH WEST LIMITED,279741,785421021,"Capital - Economy, Enterprise & Skills",C02011,External Professional Fees,C0648001,"DCC Business Entities (Sole Trade, Partnership, Ltd)"
18,Devon County Council,05/05/2026,22090640,"6,576.23",NORSE SOUTH WEST LIMITED,279741,785421021,Finance & Public Value,A46100,Main / Term Contractor,R0202001,"DCC Business Entities (Sole Trade, Partnership, Ltd)"
18,Devon County Council,05/05/2026,22090737,580,Michelle Blundy T/A Blossoming Minds,360726,,P-Ledger - Separate Legal Entity,A61060,Support for Children in Care,P0432008,"DCC Business Entities (Sole Trade, Partnership, Ltd)"
18,Devon County Council,05/05/2026,22090799,"3,000.00",SOUTH HAMS DISTRICT COUNCIL,8255,142204125,P-Ledger - Separate Legal Entity,A62105,Miscellaneous expenditure,P0419001,"DCC Business Entities (Sole Trade, Partnership, Ltd)"
18,Devon County Council,05/05/2026,22090869,"5,670.00",AMBITIOUS PR LIMITED,376669,166062415,Finance & Public Value,A44065,Consultancy Services,R0202001,"DCC Business Entities (Sole Trade, Partnership, Ltd)"
18,Devon County Council,05/05/2026,22091239,"2,475.00",FAMILY COMPASS,348346,392295664,P-Ledger - Separate Legal Entity,A61060,Support for Children in Care,P0432008,"DCC Business Entities (Sole Trade, Partnership, Ltd)"
18,Devon County Council,05/05/2026,22092017,"8,668.00",PROMOTING INDEPENDENT CARE LIMITED,376159,,Children's Social Care,A11005,Agency Supply Staff,R0095006,"DCC Business Entities (Sole Trade, Partnership, Ltd)"
18,Devon County Council,05/05/2026,22092063,"3,496.66",BRIDGE & LINDSEY,272202,185664426,P-Ledger - Separate Legal Entity,A61054,Equipment (Care),P0391002,"DCC Business Entities (Sole Trade, Partnership, Ltd)"
18,Devon County Council,05/05/2026,22092416,"10,557.00",WEST DEVON BOROUGH COUNCIL,8280,144823273,Children's Social Care,A52005,Payments to Other Local Authorities,R0026003,"DCC Business Entities (Sole Trade, Partnership, Ltd)"
18,Devon County Council,05/05/2026,22092602,851.99,OCEAN HEALTHCARE,371633,776836374,Operations,A11005,Agency Supply Staff,R0269001,"DCC Business Entities (Sole Trade, Partnership, Ltd)"
18,Devon County Council,05/05/2026,22093387,850,SARA TRUMPER CARE OF COLLETON CHAMBERS,396751,768680867,"Chief Exec, Legal & Democratic services",A44968,Legal & Conveyancing Charges,R0276001,"DCC Business Entities (Sole Trade, Partnership, Ltd)"
18,Devon County Council,05/05/2026,22094034,"6,045.82",WESTCOUNTRY MAINTENANCE SERVICES LIMITED,229952,915005854,Children's Social Care,A20005,"Property Repairs, Maintenance & Alterations (programmed)",R0015001,DCC CIS Suppliers
18,Devon County Council,05/05/2026,22094547,660,BISCOES,359427,284553870,"Chief Exec, Legal & Democratic services",A44968,Legal & Conveyancing Charges,R0274001,"DCC Business Entities (Sole Trade, Partnership, Ltd)"
18,Devon County Council,05/05/2026,22095202,"62,795.00",STORMFORCE ROOFING & MAINTENANCE,101900,813484923,Capital - Schools Maintenance & Improvements,C02009,Works,C0658001,DCC CIS Suppliers
18,Devon County Council,05/05/2026,22095529,"9,861.70",INTOHEAT LIMITED,312189,449215345,Capital - Schools Maintenance & Improvements,C02009,Works,C0658001,DCC CIS Suppliers
18,Devon County Council,06/05/2026,22072860,"1,200.00",The Empower School t/a Contact Success,397825,438034602,Dedicated Schools Grant,A44185,Other professional Services (Schools),R0082007,"DCC Business Entities (Sole Trade, Partnership, Ltd)"
18,Devon County Council,06/05/2026,22087442,"4,962.72",CITY COLLEGE PLYMOUTH,13507,591390916,"Economy, Enterprise and Skills",A44038,Fees,R0546004,"DCC Business Entities (Sole Trade, Partnership, Ltd)"
18,Devon County Council,06/05/2026,22087683,"11,248.16",STONEWATER LIMITED,308997,918433320,Children's Social Care,A62000,Supported Accommodation - Child,R0026003,"DCC Business Entities (Sole Trade, Partnership, Ltd)"
18,Devon County Council,06/05/2026,22088218,"4,550.00",PENINSULA CASUALTY RDCT PRTNRSHP,304422,384845159,Planning,A44038,Fees,R0627001,"DCC Business Entities (Sole Trade, Partnership, Ltd)"
18,Devon County Council,06/05/2026,22088946,"55,219.36",E & J W GLENDINNING LIMITED,62732,668406312,Capital - Highways,C02009,Works,C0652001,DCC CIS Suppliers
18,Devon County Council,06/05/2026,22089463,"7,697.20",LIBRARIES UNLIMITED SOUTH WEST,334595,235429115,Public Health Nursing,A22010,Hire of Rooms,R0019003,"DCC Business Entities (Sole Trade, Partnership, Ltd)"
18,Devon County Council,06/05/2026,22089858,"3,213.60",THE HUSBANDRY SCHOOL,304475,333694095,Dedicated Schools Grant,A44185,Other professional Services (Schools),R0082007,"DCC Business Entities (Sole Trade, Partnership, Ltd)"
18,Devon County Council,06/05/2026,22090035,878.4,J E C HIGHWAY CONSULTANTS LIMITED,359658,283515690,Capital - Highways,C02011,External Professional Fees,C0652001,"DCC Business Entities (Sole Trade, Partnership, Ltd)"
18,Devon County Council,06/05/2026,22090202,"3,899.00",ROYAL DEVON UNIVERSITY HEALTHCAR,21280,654938887,Public Health,A53005,Payments to Health Authorities,R0316033,"DCC Business Entities (Sole Trade, Partnership, Ltd)"
18,Devon County Council,06/05/2026,22090460,635.03,S C C,161520,313651680,Children's Social Care,A45005,IT Hardware,R0098001,"DCC Business Entities (Sole Trade, Partnership, Ltd)"
18,Devon County Council,06/05/2026,22090690,"5,102.38",North Devon College (Exeter and North Devon Colleges Group),603346,125451632,Capital - SEND Schools,C02009,Works,C0660001,"DCC Business Entities (Sole Trade, Partnership, Ltd)"
18,Devon County Council,06/05/2026,22090695,"17,519.94",North Devon College (Exeter and North Devon Colleges Group),603346,125451632,Capital - SEND Schools,C02009,Works,C0660001,"DCC Business Entities (Sole Trade, Partnership, Ltd)"
18,Devon County Council,06/05/2026,22090790,"11,160.00",WAVE MULTI ACADEMY TRUST,356576,163418709,Dedicated Schools Grant,A44180,Services for Educational Estabs - Devon,R0010013,"DCC Business Entities (Sole Trade, Partnership, Ltd)"
18,Devon County Council,06/05/2026,22090793,"1,200.00",The Empower School t/a Contact Success,397825,438034602,Dedicated Schools Grant,A44185,Other professional Services (Schools),R0082007,"DCC Business Entities (Sole Trade, Partnership, Ltd)"
18,Devon County Council,06/05/2026,22090902,"3,031.62",S C C,161520,313651680,Transformation & Business Services,A45040,IT Software,R0353008,"DCC Business Entities (Sole Trade, Partnership, Ltd)"
18,Devon County Council,06/05/2026,22091207,"1,057.28",Kate Boot,603678,,Operations,A57133,Enabling,R0227021,"DCC Business Entities (Sole Trade, Partnership, Ltd)"
18,Devon County Council,06/05/2026,22091753,"1,139.64",FLOGAS,23399,164494584,Children's Social Care,A21010,Gas,R0095002,"DCC Business Entities (Sole Trade, Partnership, Ltd)"
18,Devon County Council,06/05/2026,22091829,"1,684.27",TOTNES & RURAL COMMUNITY BUSINESS ASSOCIATION,107537,862026344,"Transport Operations, Environment and Waste",A32010,Contract Hire Scheme,R0575001,"DCC Business Entities (Sole Trade, Partnership, Ltd)"
18,Devon County Council,06/05/2026,22092529,"2,924.00",PROMOTING INDEPENDENT CARE LIMITED,376159,,Children's Social Care,A11005,Agency Supply Staff,R0095001,"DCC Business Entities (Sole Trade, Partnership, Ltd)"
18,Devon County Council,06/05/2026,22093642,532.5,I J Cannings & Son Limited,14467,192803203,Children's Social Care,A20010,"Property Repairs, Maintenance & Alterations (Reactive)",R0074001,DCC CIS Suppliers
18,Devon County Council,06/05/2026,22093858,655,SPORTS CLUBHOUSES,370863,171688381,"Capital - Planning, Transportation and Environment",C02011,External Professional Fees,C0671003,"DCC Business Entities (Sole Trade, Partnership, Ltd)"
18,Devon County Council,06/05/2026,22095449,"2,461.52",WEST HILL PARISH COUNCIL,353815,,Below the line,B29020,VAT Incomings (Output Tax),R0515084,"DCC Business Entities (Sole Trade, Partnership, Ltd)"
18,Devon County Council,06/05/2026,22095475,"-5,104.82",HIGHGATE HILL HOUSE SCHOOL LIMITED,346763,509395958,Dedicated Schools Grant,A61052,Independent Special School Fees,R0089003,"DCC Business Entities (Sole Trade, Partnership, Ltd)"
18,Devon County Council,06/05/2026,22095704,"8,743.32",BELL GROUP LIMITED,320709,469453353,Capital other - Digital Technology & Business Services,C02009,Works,C0651001,DCC CIS Suppliers
18,Devon County Council,06/05/2026,22095916,762.5,Daya Mann,602921,699081679,"Chief Exec, Legal & Democratic services",A44968,Legal & Conveyancing Charges,R0276001,"DCC Business Entities (Sole Trade, Partnership, Ltd)"
18,Devon County Council,06/05/2026,22095927,"3,360.00",AIDEN VINE,404697,,"Chief Exec, Legal & Democratic services",A44968,Legal & Conveyancing Charges,R0276001,"DCC Business Entities (Sole Trade, Partnership, Ltd)"
18,Devon County Council,05/05/2026,22094693,560,DOVE PLAY THERAPY LIMITED,376441,,P-Ledger - Separate Legal Entity,A61060,Support for Children in Care,P0432008,"DCC Business Entities (Sole Trade, Partnership, Ltd)"
18,Devon County Council,05/05/2026,22094862,"1,194.78",Youth Arts and Health Trust,340754,,P-Ledger - Separate Legal Entity,A61120,Adoptions Allowances,P0432008,"DCC Business Entities (Sole Trade, Partnership, Ltd)"
18,Devon County Council,05/05/2026,22094912,"1,700.00",LEONE ELLIS THERAPEUTIC SERVICES,398323,,Children's Social Care,A61060,Support for Children in Care,R0106002,"DCC Business Entities (Sole Trade, Partnership, Ltd)"
18,Devon County Council,05/05/2026,22094957,"52,688.41",EAT THAT FROG COMMUNITY INTEREST COMPANY,313920,310725148,Dedicated Schools Grant,A61052,Independent Special School Fees,R0089003,"DCC Business Entities (Sole Trade, Partnership, Ltd)"
18,Devon County Council,05/05/2026,22095212,"28,475.08",YTKO LIMITED,346985,242694942,"Economy, Enterprise and Skills",A52010,"Grants to voluntary, community and social enterprise organisations",R0547002,"DCC Business Entities (Sole Trade, Partnership, Ltd)"
18,Devon County Council,05/05/2026,22095442,885,OUT OF THE WOODS PLAY & CREATIVE THERAPY COMMUNITY INTEREST COMPANY,392176,,P-Ledger - Separate Legal Entity,A61060,Support for Children in Care,P0432008,"DCC Business Entities (Sole Trade, Partnership, Ltd)"
18,Devon County Council,05/05/2026,22095446,"1,684.71",OUT OF THE WOODS PLAY & CREATIVE THERAPY COMMUNITY INTEREST COMPANY,392176,,P-Ledger - Separate Legal Entity,A61060,Support for Children in Care,P0432008,"DCC Business Entities (Sole Trade, Partnership, Ltd)"
18,Devon County Council,06/05/2026,22081523,"1,299.60",SKYGUARD,351428,285808854,Highways & Infrastructure Development,A40080,Health & Safety Equipment,R0556001,"DCC Business Entities (Sole Trade, Partnership, Ltd)"
18,Devon County Council,06/05/2026,22087749,"12,500.00",E & J W GLENDINNING LIMITED,62732,668406312,Capital - Highways,C02009,Works,C0652001,DCC CIS Suppliers
18,Devon County Council,06/05/2026,22087820,603.2,BLAZE CONCEPTS LIMITED,361469,214035065,Finance & Public Value,A44318,Design and Technical Services DNP,R0202001,"DCC Business Entities (Sole Trade, Partnership, Ltd)"
18,Devon County Council,06/05/2026,22089755,"4,741.50",LEAF COMPLEX CARE LIMITED,360974,,Children's Social Care,A61200,Community based care,R0044004,"DCC Business Entities (Sole Trade, Partnership, Ltd)"
18,Devon County Council,06/05/2026,22089930,"2,760.50",TOPP TREE CARE LTD,389748,434623407,Highways & Infrastructure Development,A49005,Other Hired & Contracting Services,R0557010,"DCC Business Entities (Sole Trade, Partnership, Ltd)"
18,Devon County Council,06/05/2026,22090027,875.7,J E C HIGHWAY CONSULTANTS LIMITED,359658,283515690,Capital - Highways,C02011,External Professional Fees,C0652001,"DCC Business Entities (Sole Trade, Partnership, Ltd)"
18,Devon County Council,06/05/2026,22090464,828,IDVERDE LIMITED,24676,190173669,Capital - Highways,C02009,Works,C0652001,DCC CIS Suppliers
18,Devon County Council,06/05/2026,22090472,757,IDVERDE LIMITED,24676,190173669,Capital - Highways,C02009,Works,C0671004,DCC CIS Suppliers
18,Devon County Council,06/05/2026,22091233,"7,920.00",WAVE MULTI ACADEMY TRUST,356576,163418709,Dedicated Schools Grant,A44180,Services for Educational Estabs - Devon,R0010013,"DCC Business Entities (Sole Trade, Partnership, Ltd)"
18,Devon County Council,06/05/2026,22091300,"17,903.80",PROMOTING INDEPENDENT CARE LIMITED,376159,,Children's Social Care,A11005,Agency Supply Staff,R0095010,"DCC Business Entities (Sole Trade, Partnership, Ltd)"
18,Devon County Council,06/05/2026,22091667,"7,804.33",PHOENIX LEARNING AND CARE LIMITED,88421,480641981,Dedicated Schools Grant,A53035,Other Recoupment Expenditure (3rd),R0111002,"DCC Business Entities (Sole Trade, Partnership, Ltd)"
18,Devon County Council,06/05/2026,22092122,"49,724.07",IAN WILLIAMS LIMITED,157927,137879028,"Capital - Planning, Transportation and Environment",C02009,Works,C0649001,DCC CIS Suppliers
18,Devon County Council,06/05/2026,22092224,"-2,435.72",S C C,161520,313651680,Transformation & Business Services,A43010,Printing,R0353008,"DCC Business Entities (Sole Trade, Partnership, Ltd)"
18,Devon County Council,06/05/2026,22092523,"12,240.00",PROMOTING INDEPENDENT CARE LIMITED,376159,,Children's Social Care,A11005,Agency Supply Staff,R0095006,"DCC Business Entities (Sole Trade, Partnership, Ltd)"
18,Devon County Council,06/05/2026,22092725,"2,482.00",PROMOTING INDEPENDENT CARE LIMITED,376159,,Children's Social Care,A61200,Community based care,R0044004,"DCC Business Entities (Sole Trade, Partnership, Ltd)"
18,Devon County Council,06/05/2026,22093393,585.5,K K CONTROLS & EQUIPMENT LIMITED,23297,381518839,"Transport Operations, Environment and Waste",A44038,Fees,R0611004,DCC CIS Suppliers
18,Devon County Council,06/05/2026,22094091,"231,407.47",CORMAC CONTRACTING LIMITED,364276,247160514,Capital - Highways,C02009,Works,C0652001,"DCC Business Entities (Sole Trade, Partnership, Ltd)"
18,Devon County Council,06/05/2026,22094332,"55,535.07",MARINE & CIVIL SOLUTIONS LIMITED,283395,431868383,Capital - Highways,C02009,Works,C0652001,DCC CIS Suppliers
18,Devon County Council,06/05/2026,22094675,"10,199.57",D W M L HOLDINGS LIMITED,345026,823821047,"Transport Operations, Environment and Waste",A46100,Main / Term Contractor,R0597002,"DCC Business Entities (Sole Trade, Partnership, Ltd)"
18,Devon County Council,06/05/2026,22095404,"140,958.96",GALLAGHER BASSETT INTERNATIONAL LIMITED,314249,484746209,"Chief Exec, Legal & Democratic services",A44165,Compensation Claims payments,R0283001,"DCC Business Entities (Sole Trade, Partnership, Ltd)"
18,Devon County Council,06/05/2026,22095962,"5,194.16",PETE'S DRAGONS,335403,,Public Health,A62105,Miscellaneous expenditure,R0316043,"DCC Business Entities (Sole Trade, Partnership, Ltd)"
18,Devon County Council,06/05/2026,22095970,"2,622.00",GE-CONSULTING LTD,602546,160595992,Capital - Highways,C02011,External Professional Fees,C0671004,"DCC Business Entities (Sole Trade, Partnership, Ltd)"
18,Devon County Council,06/05/2026,150437860,"11,716.43",M Group Highways Limited,375383,927200546,Highways & Infrastructure Development,A46100,Main / Term Contractor,R0554004,"DCC Business Entities (Sole Trade, Partnership, Ltd)"
18,Devon County Council,06/05/2026,150437864,"10,802.60",M Group Highways Limited,375383,927200546,Capital - Highways,C02051,Term Maintenance Contract,C0671005,"DCC Business Entities (Sole Trade, Partnership, Ltd)"
18,Devon County Council,06/05/2026,150437865,"42,656.59",M Group Highways Limited,375383,927200546,Capital - Highways,C02051,Term Maintenance Contract,C0652001,"DCC Business Entities (Sole Trade, Partnership, Ltd)"
18,Devon County Council,06/05/2026,150437868,"1,123.24",M Group Highways Limited,375383,927200546,Highways & Infrastructure Development,A46100,Main / Term Contractor,R0554001,"DCC Business Entities (Sole Trade, Partnership, Ltd)"
18,Devon County Council,07/05/2026,22090281,"10,491.00",SOFTCAT LIMITED,263777,491848503,Finance & Public Value,A45040,IT Software,R0207001,"DCC Business Entities (Sole Trade, Partnership, Ltd)"
18,Devon County Council,07/05/2026,22090385,"45,568.22",SPAGHETTI BRIDGE LIMITED,377380,478673138,Dedicated Schools Grant,A61052,Independent Special School Fees,R0089003,"DCC Business Entities (Sole Trade, Partnership, Ltd)"
18,Devon County Council,07/05/2026,22090667,625,DR SHARON MAYER,351898,,P-Ledger - Separate Legal Entity,A61120,Adoptions Allowances,P0432008,"DCC Business Entities (Sole Trade, Partnership, Ltd)"
18,Devon County Council,07/05/2026,22091220,"2,475.00",FAMILY COMPASS,348346,392295664,P-Ledger - Separate Legal Entity,A61060,Support for Children in Care,P0432008,"DCC Business Entities (Sole Trade, Partnership, Ltd)"
18,Devon County Council,07/05/2026,22091231,756,FAMILY COMPASS,348346,392295664,Children's Social Care,A61060,Support for Children in Care,R0106002,"DCC Business Entities (Sole Trade, Partnership, Ltd)"
18,Devon County Council,07/05/2026,22091462,"4,202.77",QUALITY MARKING SERVICES LIMITED,86608,777323994,Highways & Infrastructure Development,A49005,Other Hired & Contracting Services,R0552003,DCC CIS Suppliers
18,Devon County Council,07/05/2026,22091476,"5,593.06",QUALITY MARKING SERVICES LIMITED,86608,777323994,Highways & Infrastructure Development,A49005,Other Hired & Contracting Services,R0552003,DCC CIS Suppliers
18,Devon County Council,07/05/2026,22091617,"20,743.88",QUALITY MARKING SERVICES LIMITED,86608,777323994,Capital - Highways,C02009,Works,C0652001,DCC CIS Suppliers
18,Devon County Council,06/05/2026,22095472,"1,170.30",K B S SIGNS & DESIGN LIMITED,5579,568951877,Children's Social Care,A40920,Equipment,R0076004,"DCC Business Entities (Sole Trade, Partnership, Ltd)"
18,Devon County Council,06/05/2026,22095485,"-4,434.50",HIGHGATE HILL HOUSE SCHOOL LIMITED,346763,509395958,Dedicated Schools Grant,A61052,Independent Special School Fees,R0089003,"DCC Business Entities (Sole Trade, Partnership, Ltd)"
18,Devon County Council,06/05/2026,22095501,"58,159.04",M Group Highways Limited,375383,927200546,"Capital - Planning, Transportation and Environment",C02009,Works,C0654001,"DCC Business Entities (Sole Trade, Partnership, Ltd)"
18,Devon County Council,06/05/2026,22095923,657.5,Daya Mann,602921,699081679,"Chief Exec, Legal & Democratic services",A44968,Legal & Conveyancing Charges,R0276001,"DCC Business Entities (Sole Trade, Partnership, Ltd)"
18,Devon County Council,06/05/2026,22095925,648.75,Daya Mann,602921,699081679,"Chief Exec, Legal & Democratic services",A44968,Legal & Conveyancing Charges,R0276001,"DCC Business Entities (Sole Trade, Partnership, Ltd)"
18,Devon County Council,06/05/2026,22095945,"375,000.00",Newton Consulting Limited,603169,435668565,Commissioning,A44065,Consultancy Services,R0218002,"DCC Business Entities (Sole Trade, Partnership, Ltd)"
18,Devon County Council,06/05/2026,150437859,"25,107.15",M Group Highways Limited,375383,927200546,Highways & Infrastructure Development,A46100,Main / Term Contractor,R0554004,"DCC Business Entities (Sole Trade, Partnership, Ltd)"
18,Devon County Council,06/05/2026,150437861,"16,926.43",M Group Highways Limited,375383,927200546,Highways & Infrastructure Development,A46100,Main / Term Contractor,R0554004,"DCC Business Entities (Sole Trade, Partnership, Ltd)"
18,Devon County Council,06/05/2026,150437867,778.92,M Group Highways Limited,375383,927200546,Highways & Infrastructure Development,A46100,Main / Term Contractor,R0554001,"DCC Business Entities (Sole Trade, Partnership, Ltd)"
18,Devon County Council,06/05/2026,150437869,"21,945.86",M Group Highways Limited,375383,927200546,Highways & Infrastructure Development,A46100,Main / Term Contractor,R0560003,"DCC Business Entities (Sole Trade, Partnership, Ltd)"
18,Devon County Council,06/05/2026,150437870,"30,690.40",M Group Highways Limited,375383,927200546,Highways & Infrastructure Development,A46100,Main / Term Contractor,R0560004,"DCC Business Entities (Sole Trade, Partnership, Ltd)"
18,Devon County Council,07/05/2026,22087183,"12,815.57",ST PETER'S PREPARATORY SCHOOL,52507,479250267,Dedicated Schools Grant,A61052,Independent Special School Fees,R0089003,"DCC Business Entities (Sole Trade, Partnership, Ltd)"
18,Devon County Council,07/05/2026,22087446,"634,832.85",HOLCIM UK LIMITED,21683,533260571,Capital - Highways,C02009,Works,C0652001,"DCC Business Entities (Sole Trade, Partnership, Ltd)"
18,Devon County Council,07/05/2026,22088375,"6,990.00",TAUNTON SCHOOL,383726,131074708,Dedicated Schools Grant,A61052,Independent Special School Fees,R0089003,"DCC Business Entities (Sole Trade, Partnership, Ltd)"
18,Devon County Council,07/05/2026,22089741,815,CATHERINE FITCH,365407,,Children's Social Care,A61060,Support for Children in Care,R0106002,"DCC Business Entities (Sole Trade, Partnership, Ltd)"
18,Devon County Council,07/05/2026,22090331,"99,521.90",SPAGHETTI BRIDGE LIMITED,377380,478673138,Dedicated Schools Grant,A61052,Independent Special School Fees,R0089003,"DCC Business Entities (Sole Trade, Partnership, Ltd)"
18,Devon County Council,07/05/2026,22090430,500,SOUTH MOLTON TOWN COUNCIL,4560,144441781,"Transport Operations, Environment and Waste",A22005,Building Rents,R0604001,"DCC Business Entities (Sole Trade, Partnership, Ltd)"
18,Devon County Council,07/05/2026,22090593,"11,665.62",HEYWOOD LIMITED,25829,862529800,Finance & Public Value,A45005,IT Hardware,R0493001,"DCC Business Entities (Sole Trade, Partnership, Ltd)"
18,Devon County Council,07/05/2026,22090868,567.69,OCEAN HEALTHCARE,371633,776836374,Operations,A11005,Agency Supply Staff,R0268001,"DCC Business Entities (Sole Trade, Partnership, Ltd)"
18,Devon County Council,07/05/2026,22090884,"246,770.89",SPAGHETTI BRIDGE LIMITED,377380,478673138,Dedicated Schools Grant,A61052,Independent Special School Fees,R0089003,"DCC Business Entities (Sole Trade, Partnership, Ltd)"
18,Devon County Council,07/05/2026,22091218,504,FAMILY COMPASS,348346,392295664,P-Ledger - Separate Legal Entity,A61060,Support for Children in Care,P0432008,"DCC Business Entities (Sole Trade, Partnership, Ltd)"
18,Devon County Council,07/05/2026,22091221,762,FAMILY COMPASS,348346,392295664,P-Ledger - Separate Legal Entity,A61060,Support for Children in Care,P0432008,"DCC Business Entities (Sole Trade, Partnership, Ltd)"
18,Devon County Council,07/05/2026,22091298,"13,452.00",PROMOTING INDEPENDENT CARE LIMITED,376159,,Children's Social Care,A11005,Agency Supply Staff,R0095009,"DCC Business Entities (Sole Trade, Partnership, Ltd)"
18,Devon County Council,07/05/2026,22091464,"9,461.19",QUALITY MARKING SERVICES LIMITED,86608,777323994,Highways & Infrastructure Development,A49005,Other Hired & Contracting Services,R0552003,DCC CIS Suppliers
18,Devon County Council,07/05/2026,22091506,"20,195.00",MEASURE 2 IMPROVE,277201,664206738,Highways & Infrastructure Development,A89060,Direct Revenue Funding,R0552007,"DCC Business Entities (Sole Trade, Partnership, Ltd)"
18,Devon County Council,07/05/2026,22091780,"2,530.50",SAMEE,602811,,Dedicated Schools Grant,A44185,Other professional Services (Schools),R0082002,"DCC Business Entities (Sole Trade, Partnership, Ltd)"
18,Devon County Council,07/05/2026,22094833,"8,414.55",Associated Asphalt Contracting Ltd,601829,400036959,Capital - Highways,C02009,Works,C0671004,"DCC Business Entities (Sole Trade, Partnership, Ltd)"
18,Devon County Council,07/05/2026,22095461,938.5,TEIGN TREES & LANDSCAPES SOUTH WEST LIMITED,209228,250371238,Highways & Infrastructure Development,A49005,Other Hired & Contracting Services,R0557010,DCC CIS Suppliers
18,Devon County Council,07/05/2026,22095518,"2,800.00",DENE TERRY TRADING AS SPACE ADAPT LEARN GROW,404230,,Dedicated Schools Grant,A44185,Other professional Services (Schools),R0082007,"DCC Business Entities (Sole Trade, Partnership, Ltd)"
18,Devon County Council,07/05/2026,22095787,"4,925.25",REAL LIFE PSYCHOLOGY COMMUNITY INTEREST COMPANY,361509,,Public Health,A57115,Payments to Private Contractors,R0316047,"DCC Business Entities (Sole Trade, Partnership, Ltd)"
18,Devon County Council,07/05/2026,22095879,"1,000.00",TOTNES & RURAL COMMUNITY BUSINESS ASSOCIATION,107537,862026344,"Transport Operations, Environment and Waste",A32010,Contract Hire Scheme,R0575001,"DCC Business Entities (Sole Trade, Partnership, Ltd)"
18,Devon County Council,07/05/2026,22095934,618.95,INFOTRACK LIMITED,337300,228530612,"Capital - Planning, Transportation and Environment",C02011,External Professional Fees,C0671003,"DCC Business Entities (Sole Trade, Partnership, Ltd)"
18,Devon County Council,07/05/2026,22096039,600,WAYMAKER THERAPIES,388961,,P-Ledger - Separate Legal Entity,A61060,Support for Children in Care,P0432008,"DCC Business Entities (Sole Trade, Partnership, Ltd)"
18,Devon County Council,07/05/2026,22096100,"18,875.69",WESTCOUNTRY MAINTENANCE SERVICES LIMITED,229952,915005854,Capital other - Digital Technology & Business Services,C02009,Works,C0651001,DCC CIS Suppliers
18,Devon County Council,07/05/2026,22096183,831.25,Derek Perry,604195,891798749,Other PH Services,A44968,Legal & Conveyancing Charges,R0548001,"DCC Business Entities (Sole Trade, Partnership, Ltd)"
18,Devon County Council,07/05/2026,22096256,"30,583.98",MERCURY CONSTRUCTION (SOUTH WEST)  LIMITED,250527,892673673,Capital - Schools Maintenance & Improvements,C02009,Works,C0658001,DCC CIS Suppliers
18,Devon County Council,07/05/2026,150439976,"30,163.15",M Group Highways Limited,375383,927200546,Highways & Infrastructure Development,A46100,Main / Term Contractor,R0553006,"DCC Business Entities (Sole Trade, Partnership, Ltd)"
18,Devon County Council,07/05/2026,150439981,"2,090.68",M Group Highways Limited,375383,927200546,Highways & Infrastructure Development,A46100,Main / Term Contractor,R0553006,"DCC Business Entities (Sole Trade, Partnership, Ltd)"
18,Devon County Council,08/05/2026,22089172,"3,673.63",CHIPSIDE LIMITED,280928,812080569,Highways & Infrastructure Development,A44038,Fees,R0556001,"DCC Business Entities (Sole Trade, Partnership, Ltd)"
18,Devon County Council,08/05/2026,22090426,"57,350.00",Crystal Pathways Ltd,603361,379637046,"Economy, Enterprise and Skills",A44038,Fees,R0539003,"DCC Business Entities (Sole Trade, Partnership, Ltd)"
18,Devon County Council,08/05/2026,22090524,627,SOMERSET COUNCIL,4696,131254412,Finance & Public Value,A12510,Other Employee Expenses,R0493001,"DCC Business Entities (Sole Trade, Partnership, Ltd)"
18,Devon County Council,08/05/2026,22090943,"2,666.95",G4S CASH SOLUTIONS (UK) LIMITED,21827,238560256,Highways & Infrastructure Development,A44038,Fees,R0556016,"DCC Business Entities (Sole Trade, Partnership, Ltd)"
18,Devon County Council,08/05/2026,22091756,"134,238.25",SOUTH HAMS DISTRICT COUNCIL,8255,142204125,"Transport Operations, Environment and Waste",A49005,Other Hired & Contracting Services,R0590001,"DCC Business Entities (Sole Trade, Partnership, Ltd)"
18,Devon County Council,08/05/2026,22091844,"79,846.19",WEST DEVON BOROUGH COUNCIL,8280,144823273,"Transport Operations, Environment and Waste",A49005,Other Hired & Contracting Services,R0590001,"DCC Business Entities (Sole Trade, Partnership, Ltd)"
18,Devon County Council,08/05/2026,22091850,"5,950.00",THE KEY SUPPORT SERVICES LIMITED,302133,185442884,Inclusion & Learning,A47010,Subscriptions,R0064002,"DCC Business Entities (Sole Trade, Partnership, Ltd)"
18,Devon County Council,08/05/2026,22091883,"4,770.00",NURTURE IN NATURE CHILDREN AND FAMILIES CIC,384801,,Dedicated Schools Grant,A44180,Services for Educational Estabs - Devon,R0010004,"DCC Business Entities (Sole Trade, Partnership, Ltd)"
18,Devon County Council,08/05/2026,22091922,504,Crockers Trophies and Engraving,604358,,People and Culture,A43020,General Office Expenses,R0303003,"DCC Business Entities (Sole Trade, Partnership, Ltd)"
18,Devon County Council,08/05/2026,22091949,830.6,DODDS SOLICITORS LLP,394172,729928286,"Chief Exec, Legal & Democratic services",A44968,Legal & Conveyancing Charges,R0276001,"DCC Business Entities (Sole Trade, Partnership, Ltd)"
18,Devon County Council,08/05/2026,22092128,"3,278.75",APPROPRIATE ADULT SERVICE LIMITED,348287,243580216,Children's Social Care,A44038,Fees,R0014001,"DCC Business Entities (Sole Trade, Partnership, Ltd)"
18,Devon County Council,08/05/2026,22092157,"2,318.75",NURTURE IN NATURE CHILDREN AND FAMILIES CIC,384801,,Dedicated Schools Grant,A44180,Services for Educational Estabs - Devon,R0010004,"DCC Business Entities (Sole Trade, Partnership, Ltd)"
18,Devon County Council,08/05/2026,22092517,"17,238.00",PROMOTING INDEPENDENT CARE LIMITED,376159,,Children's Social Care,A11005,Agency Supply Staff,R0095010,"DCC Business Entities (Sole Trade, Partnership, Ltd)"
18,Devon County Council,08/05/2026,22093274,"120,404.18",TEACHERS' PENSION SCHEME,281468,,"Economy, Enterprise and Skills",A18001,Pension Payments - Unfunded,R0539001,"DCC Business Entities (Sole Trade, Partnership, Ltd)"
18,Devon County Council,08/05/2026,22094159,730,PHOEBE WOODS LIMITED,367261,,Dedicated Schools Grant,A44185,Other professional Services (Schools),R0082006,"DCC Business Entities (Sole Trade, Partnership, Ltd)"
18,Devon County Council,07/05/2026,22091622,"84,117.55",TORRIDGE DISTRICT COUNCIL,4707,144666062,"Transport Operations, Environment and Waste",A49005,Other Hired & Contracting Services,R0590001,"DCC Business Entities (Sole Trade, Partnership, Ltd)"
18,Devon County Council,07/05/2026,22091898,936,FAMILY ADVICE SUPPORT TEAM,315005,320154260,Children's Social Care,A61200,Community based care,R0046004,"DCC Business Entities (Sole Trade, Partnership, Ltd)"
18,Devon County Council,07/05/2026,22092163,"2,600.00",GO EDUCATION LIMITED,104733,751850037,Finance & Public Value,A45005,IT Hardware,R0202001,"DCC Business Entities (Sole Trade, Partnership, Ltd)"
18,Devon County Council,07/05/2026,22092237,"1,134.25",YCET Community Interest Company,600446,,Highways & Infrastructure Development,A49005,Other Hired & Contracting Services,R0557007,"DCC Business Entities (Sole Trade, Partnership, Ltd)"
18,Devon County Council,07/05/2026,22092276,"29,271.14",YEOMANS LIMITED,22140,834871014,"Capital - Planning, Transportation and Environment",C03008,Vehicles - Cars & Vans,C0671010,"DCC Business Entities (Sole Trade, Partnership, Ltd)"
18,Devon County Council,07/05/2026,22093661,"-12,942.96",PHOENIX LEARNING AND CARE LIMITED,88421,480641981,Dedicated Schools Grant,A61052,Independent Special School Fees,R0089003,"DCC Business Entities (Sole Trade, Partnership, Ltd)"
18,Devon County Council,07/05/2026,22094162,725.34,LEXTOX,308992,111581940,"Chief Exec, Legal & Democratic services",A44038,Fees,R0276001,"DCC Business Entities (Sole Trade, Partnership, Ltd)"
18,Devon County Council,07/05/2026,22094333,"23,245.33",MARINE & CIVIL SOLUTIONS LIMITED,283395,431868383,Capital - Highways,C02009,Works,C0652001,DCC CIS Suppliers
18,Devon County Council,07/05/2026,22094689,"70,380.99",ARQUE LIMITED,200370,844830418,Capital - SEND Schools,C02009,Works,C0660001,DCC CIS Suppliers
18,Devon County Council,07/05/2026,22095036,"1,931.70",DAVID FOOT,391142,,Children's Social Care,A44038,Fees,R0095007,"DCC Business Entities (Sole Trade, Partnership, Ltd)"
18,Devon County Council,07/05/2026,22095521,"2,590.00",DENE TERRY TRADING AS SPACE ADAPT LEARN GROW,404230,,Dedicated Schools Grant,A44185,Other professional Services (Schools),R0082002,"DCC Business Entities (Sole Trade, Partnership, Ltd)"
18,Devon County Council,07/05/2026,22095584,"1,980.00",AMICUS PSYCHOLOGY LIMITED,400956,,P-Ledger - Separate Legal Entity,A44038,Fees,P0432002,"DCC Business Entities (Sole Trade, Partnership, Ltd)"
18,Devon County Council,07/05/2026,22095647,"18,295.30",BISCOES,359427,284553870,"Chief Exec, Legal & Democratic services",A44968,Legal & Conveyancing Charges,R0274001,"DCC Business Entities (Sole Trade, Partnership, Ltd)"
18,Devon County Council,07/05/2026,22095694,"1,470.00",BISCOES,359427,284553870,"Chief Exec, Legal & Democratic services",A44038,Fees,R0274001,"DCC Business Entities (Sole Trade, Partnership, Ltd)"
18,Devon County Council,08/05/2026,22094408,519.34,CANSFORD LABORATORIES LIMITED,321040,104878015,"Chief Exec, Legal & Democratic services",A44038,Fees,R0276001,"DCC Business Entities (Sole Trade, Partnership, Ltd)"
18,Devon County Council,08/05/2026,22095291,"1,176.21",SYNERTEC LIMITED,399433,736676494,Children's Social Care,A44038,Fees,R0076004,"DCC Business Entities (Sole Trade, Partnership, Ltd)"
18,Devon County Council,08/05/2026,22095785,"542,592.34",WAYTHROUGH,394680,413208832,Public Health,A57115,Payments to Private Contractors,R0316047,"DCC Business Entities (Sole Trade, Partnership, Ltd)"
18,Devon County Council,08/05/2026,22095789,736.45,SWIFT CARE SERVICES LIMITED,403733,,Children's Social Care,A61200,Community based care,R0044004,"DCC Business Entities (Sole Trade, Partnership, Ltd)"
18,Devon County Council,08/05/2026,22096196,"5,742.71",INDEED IRELAND OPERATIONS LIMITED,369112,,People and Culture,A44005,Publicity/Advertising,R0472002,DCC International
18,Devon County Council,08/05/2026,22096269,"1,200.00",W B W SOLICITORS,181423,140939074,Capital - Highways,C01010,Acquisitions - Purchase Cost - Legal Fees,C0671004,"DCC Business Entities (Sole Trade, Partnership, Ltd)"
18,Devon County Council,08/05/2026,22096321,980,JRM Farming Ltd,604207,786767945,"Economy, Enterprise and Skills",A44038,Fees,R0547004,"DCC Business Entities (Sole Trade, Partnership, Ltd)"
18,Devon County Council,08/05/2026,22096332,734.25,NORTH DEVON COUNCIL,8252,144711092,"Chief Exec, Legal & Democratic services",A49115,Council elections,R0279001,"DCC Business Entities (Sole Trade, Partnership, Ltd)"
18,Devon County Council,08/05/2026,22096345,"1,154.58",HARVEYS BUS LIMITED,228483,142714291,Inclusion & Learning,A33005,Hire of Transport - Staff,R0102001,"DCC Business Entities (Sole Trade, Partnership, Ltd)"
18,Devon County Council,11/05/2026,22069456,"2,910.88",LEXIA EDUCATION SERVICES LIMITED,376344,376218677,Dedicated Schools Grant,A44185,Other professional Services (Schools),R0082007,"DCC Business Entities (Sole Trade, Partnership, Ltd)"
18,Devon County Council,11/05/2026,22080396,"1,247.52",LEXIA EDUCATION SERVICES LIMITED,376344,376218677,Dedicated Schools Grant,A44185,Other professional Services (Schools),R0082007,"DCC Business Entities (Sole Trade, Partnership, Ltd)"
18,Devon County Council,11/05/2026,22088493,"1,663.36",LEXIA EDUCATION SERVICES LIMITED,376344,376218677,Dedicated Schools Grant,A44185,Other professional Services (Schools),R0082007,"DCC Business Entities (Sole Trade, Partnership, Ltd)"
18,Devon County Council,11/05/2026,22088520,"3,898.50",LEXIA EDUCATION SERVICES LIMITED,376344,376218677,Dedicated Schools Grant,A44185,Other professional Services (Schools),R0082007,"DCC Business Entities (Sole Trade, Partnership, Ltd)"
18,Devon County Council,11/05/2026,22088846,"1,430.16",SME HCI LIMITED TRADING AS VIVUP,397379,477991617,People and Culture,A49105,Other Supplies & Services,R0502001,"DCC Business Entities (Sole Trade, Partnership, Ltd)"
18,Devon County Council,11/05/2026,22091698,"1,950.00",DWS CONSULTANCY LIMITED,401968,489248632,Children's Social Care,A44065,Consultancy Services,R0129001,"DCC Business Entities (Sole Trade, Partnership, Ltd)"
18,Devon County Council,11/05/2026,22091748,"34,890.25",DEALTOP LIMITED TRADING AS DARTLINE COACHES,11216,456125651,"Transport Operations, Environment and Waste",A32010,Contract Hire Scheme,R0575001,"DCC Business Entities (Sole Trade, Partnership, Ltd)"
18,Devon County Council,11/05/2026,22091953,"10,097.27",BYTES SOFTWARE SERVICES,276928,823818226,Transformation & Business Services,A45040,IT Software,R0353008,"DCC Business Entities (Sole Trade, Partnership, Ltd)"
18,Devon County Council,11/05/2026,22091965,538.7,S C C,161520,313651680,Transformation & Business Services,A45005,IT Hardware,R0505006,"DCC Business Entities (Sole Trade, Partnership, Ltd)"
18,Devon County Council,11/05/2026,22092057,750,PHILIP PRICE SURVEYORS LIMITED,24889,655889765,Planning,C02009,Works,R0620001,"DCC Business Entities (Sole Trade, Partnership, Ltd)"
18,Devon County Council,11/05/2026,22092065,"5,880.00",Exeter College (Exeter and North Devon Colleges Group),6141,125451632,"Economy, Enterprise and Skills",A44038,Fees,R0546004,"DCC Business Entities (Sole Trade, Partnership, Ltd)"
18,Devon County Council,11/05/2026,22092073,840,Exeter College (Exeter and North Devon Colleges Group),6141,125451632,"Economy, Enterprise and Skills",A44038,Fees,R0546004,"DCC Business Entities (Sole Trade, Partnership, Ltd)"
18,Devon County Council,11/05/2026,22092159,"1,008.00",TRAFFIC DATA CENTRE,352519,627331844,Planning,A49005,Other Hired & Contracting Services,R0620001,"DCC Business Entities (Sole Trade, Partnership, Ltd)"
18,Devon County Council,11/05/2026,22092207,670,St Thomas Training Ltd,600178,130660644,People and Culture,A44038,Fees,R0303008,"DCC Business Entities (Sole Trade, Partnership, Ltd)"
18,Devon County Council,11/05/2026,22092247,527.04,NORSE SOUTH WEST LIMITED,279741,785421021,Transformation & Business Services,A20015,Security / Surveillance Equipment Maintenance,R0333026,"DCC Business Entities (Sole Trade, Partnership, Ltd)"
18,Devon County Council,11/05/2026,22092254,795.96,NORSE SOUTH WEST LIMITED,279741,785421021,Transformation & Business Services,A20015,Security / Surveillance Equipment Maintenance,R0333026,"DCC Business Entities (Sole Trade, Partnership, Ltd)"
18,Devon County Council,11/05/2026,22092458,691.6,INSTARMAC GROUP PLC,302188,295973982,Highways & Infrastructure Development,A40070,Stock Materials,R0554004,"DCC Business Entities (Sole Trade, Partnership, Ltd)"
18,Devon County Council,11/05/2026,22092541,980.13,WSP UK LIMITED,85394,905054942,Highways & Infrastructure Development,A44038,Fees,R0550002,"DCC Business Entities (Sole Trade, Partnership, Ltd)"
18,Devon County Council,07/05/2026,22095699,"6,115.00",BISCOES,359427,284553870,"Chief Exec, Legal & Democratic services",A44060,Court Fees,R0274001,"DCC Business Entities (Sole Trade, Partnership, Ltd)"
18,Devon County Council,07/05/2026,22095834,"19,610.55",NHS DEVON ICB,306113,654443336,Public Health,A57115,Payments to Private Contractors,R0316047,"DCC Business Entities (Sole Trade, Partnership, Ltd)"
18,Devon County Council,07/05/2026,22095863,"7,000.00",AXE VALLEY MINI TRAVEL LIMITED,8510,,"Transport Operations, Environment and Waste",A32010,Contract Hire Scheme,R0575001,"DCC Business Entities (Sole Trade, Partnership, Ltd)"
18,Devon County Council,07/05/2026,22095976,"1,510.00",BISCOES,359427,284553870,"Chief Exec, Legal & Democratic services",A44038,Fees,R0274001,"DCC Business Entities (Sole Trade, Partnership, Ltd)"
18,Devon County Council,07/05/2026,22096002,"32,528.25",Associated Asphalt Contracting Ltd,601829,400036959,Capital - Highways,C02009,Works,C0671004,"DCC Business Entities (Sole Trade, Partnership, Ltd)"
18,Devon County Council,07/05/2026,150410309,"1,675.00",Devon County Council,600862,142208113,IFCA,A44065,Consultancy Services,M0382001,IFCA Suppliers
18,Devon County Council,07/05/2026,150439968,"9,326.30",M Group Highways Limited,375383,927200546,Highways & Infrastructure Development,A46100,Main / Term Contractor,R0554003,"DCC Business Entities (Sole Trade, Partnership, Ltd)"
18,Devon County Council,07/05/2026,150439970,"5,550.80",M Group Highways Limited,375383,927200546,Highways & Infrastructure Development,A46100,Main / Term Contractor,R0554003,"DCC Business Entities (Sole Trade, Partnership, Ltd)"
18,Devon County Council,07/05/2026,150439972,876.12,M Group Highways Limited,375383,927200546,Capital - Highways,C02051,Term Maintenance Contract,C0671005,"DCC Business Entities (Sole Trade, Partnership, Ltd)"
18,Devon County Council,07/05/2026,150439974,"55,459.88",M Group Highways Limited,375383,927200546,Highways & Infrastructure Development,A46100,Main / Term Contractor,R0553004,"DCC Business Entities (Sole Trade, Partnership, Ltd)"
18,Devon County Council,07/05/2026,150439983,"34,977.52",M Group Highways Limited,375383,927200546,Highways & Infrastructure Development,A46100,Main / Term Contractor,R0553006,"DCC Business Entities (Sole Trade, Partnership, Ltd)"
18,Devon County Council,07/05/2026,150439985,574.88,M Group Highways Limited,375383,927200546,Highways & Infrastructure Development,A46100,Main / Term Contractor,R0554001,"DCC Business Entities (Sole Trade, Partnership, Ltd)"
18,Devon County Council,07/05/2026,150439991,"1,004.94",M Group Highways Limited,375383,927200546,Capital - Highways,C02051,Term Maintenance Contract,C0671007,"DCC Business Entities (Sole Trade, Partnership, Ltd)"
18,Devon County Council,08/05/2026,22089003,"203,728.77",ON TRACK EDUCATION (BURSARY PMTS),286081,478730844,Dedicated Schools Grant,A61052,Independent Special School Fees,R0089003,"DCC Business Entities (Sole Trade, Partnership, Ltd)"
18,Devon County Council,11/05/2026,22092560,"4,548.82",WSP UK LIMITED,85394,905054942,Highways & Infrastructure Development,A44038,Fees,R0550003,"DCC Business Entities (Sole Trade, Partnership, Ltd)"
18,Devon County Council,11/05/2026,22092561,"4,911.07",WSP UK LIMITED,85394,905054942,Capital - Highways,C02011,External Professional Fees,C0671005,"DCC Business Entities (Sole Trade, Partnership, Ltd)"
18,Devon County Council,11/05/2026,22092571,"1,975.61",WSP UK LIMITED,85394,905054942,Planning,A44038,Fees,R0620002,"DCC Business Entities (Sole Trade, Partnership, Ltd)"
18,Devon County Council,11/05/2026,22092610,"2,697.80",WSP UK LIMITED,85394,905054942,Capital - Highways,C02011,External Professional Fees,C0671004,"DCC Business Entities (Sole Trade, Partnership, Ltd)"
18,Devon County Council,11/05/2026,22092611,"9,049.20",WSP UK LIMITED,85394,905054942,Highways & Infrastructure Development,A44038,Fees,R0570001,"DCC Business Entities (Sole Trade, Partnership, Ltd)"
18,Devon County Council,11/05/2026,22092614,"3,916.97",WSP UK LIMITED,85394,905054942,Capital - Highways,C02011,External Professional Fees,C0671004,"DCC Business Entities (Sole Trade, Partnership, Ltd)"
18,Devon County Council,11/05/2026,22092618,"1,767.41",WSP UK LIMITED,85394,905054942,Highways & Infrastructure Development,A44038,Fees,R0556026,"DCC Business Entities (Sole Trade, Partnership, Ltd)"
18,Devon County Council,11/05/2026,22092622,"5,994.63",WSP UK LIMITED,85394,905054942,Capital - Highways,C02011,External Professional Fees,C0671004,"DCC Business Entities (Sole Trade, Partnership, Ltd)"
18,Devon County Council,11/05/2026,22092630,"4,935.25",WSP UK LIMITED,85394,905054942,"Transport Operations, Environment and Waste",A44038,Fees,R0611004,"DCC Business Entities (Sole Trade, Partnership, Ltd)"
18,Devon County Council,11/05/2026,22092673,"6,543.60",STORMFORCE ROOFING & MAINTENANCE,101900,813484923,Capital other - Digital Technology & Business Services,C02009,Works,C0651001,DCC CIS Suppliers
18,Devon County Council,11/05/2026,22092824,"4,070.75",WSP UK LIMITED,85394,905054942,P-Ledger - Separate Legal Entity,A44038,Fees,P0420001,"DCC Business Entities (Sole Trade, Partnership, Ltd)"
18,Devon County Council,11/05/2026,22092844,"5,251.86",WSP UK LIMITED,85394,905054942,"Capital - Planning, Transportation and Environment",C02011,External Professional Fees,C0671011,"DCC Business Entities (Sole Trade, Partnership, Ltd)"
18,Devon County Council,11/05/2026,22092864,"9,147.48",WSP UK LIMITED,85394,905054942,Planning,A44038,Fees,R0620001,"DCC Business Entities (Sole Trade, Partnership, Ltd)"
18,Devon County Council,11/05/2026,22092866,"1,485.73",WSP UK LIMITED,85394,905054942,Capital - Highways,C02011,External Professional Fees,C0671004,"DCC Business Entities (Sole Trade, Partnership, Ltd)"
18,Devon County Council,11/05/2026,22092869,"5,289.60",WSP UK LIMITED,85394,905054942,Highways & Infrastructure Development,A44038,Fees,R0570001,"DCC Business Entities (Sole Trade, Partnership, Ltd)"
18,Devon County Council,11/05/2026,22092878,"1,665.28",WSP UK LIMITED,85394,905054942,Capital - Highways,C02011,External Professional Fees,C0671004,"DCC Business Entities (Sole Trade, Partnership, Ltd)"
18,Devon County Council,11/05/2026,22092965,"9,575.99",WSP UK LIMITED,85394,905054942,Highways & Infrastructure Development,A44038,Fees,R0566003,"DCC Business Entities (Sole Trade, Partnership, Ltd)"
18,Devon County Council,11/05/2026,22092978,"2,787.06",WSP UK LIMITED,85394,905054942,Planning,A44038,Fees,R0620001,"DCC Business Entities (Sole Trade, Partnership, Ltd)"
18,Devon County Council,11/05/2026,22093116,866.25,MADE WITH OAK LIMITED,404668,287536949,Children's Social Care,A40045,Furniture,R0095011,"DCC Business Entities (Sole Trade, Partnership, Ltd)"
18,Devon County Council,11/05/2026,22093156,690.2,BLUE SCREEN IT TRADING AS BIT GROUP,228948,855461116,"Economy, Enterprise and Skills",A44038,Fees,R0546004,"DCC Business Entities (Sole Trade, Partnership, Ltd)"
18,Devon County Council,11/05/2026,22093301,"12,960.28",Ms Samantha Cutler,604430,,"Capital - Planning, Transportation and Environment",C06001,Capital Grants paid to other third parties (Not WGA/VCSE),C0656001,DCC CIS Suppliers
18,Devon County Council,11/05/2026,22093302,"2,568.87",Ms Samantha Cutler,604430,,"Capital - Planning, Transportation and Environment",C06001,Capital Grants paid to other third parties (Not WGA/VCSE),C0656001,DCC CIS Suppliers
18,Devon County Council,11/05/2026,22093517,899.66,WSP UK LIMITED,85394,905054942,"Capital - Planning, Transportation and Environment",C02011,External Professional Fees,C0671003,"DCC Business Entities (Sole Trade, Partnership, Ltd)"
18,Devon County Council,11/05/2026,22093646,694.5,SPECTRUM SENSORY THERAPIES LTD,406310,,Dedicated Schools Grant,A44185,Other professional Services (Schools),R0082006,"DCC Business Entities (Sole Trade, Partnership, Ltd)"
18,Devon County Council,11/05/2026,22095938,"11,684.00",RE & D SNELL,405476,130928578,"Capital - Planning, Transportation and Environment",C06001,Capital Grants paid to other third parties (Not WGA/VCSE),C0671012,"DCC Business Entities (Sole Trade, Partnership, Ltd)"
18,Devon County Council,11/05/2026,22096189,750,AYSE VAHIB,182208,868784254,"Chief Exec, Legal & Democratic services",A44968,Legal & Conveyancing Charges,R0276001,"DCC Business Entities (Sole Trade, Partnership, Ltd)"
18,Devon County Council,11/05/2026,22096268,"1,205.22",DARTINGTON HALL TRUST,20504,402196875,Transformation & Business Services,A24005,Water Services,R0333026,"DCC Business Entities (Sole Trade, Partnership, Ltd)"
18,Devon County Council,11/05/2026,22096409,981.8,Academy 21 Limited,604227,157206222,Dedicated Schools Grant,A44185,Other professional Services (Schools),R0082007,"DCC Business Entities (Sole Trade, Partnership, Ltd)"
18,Devon County Council,08/05/2026,22089145,"10,612.84",ACCESS COMMUNICATION SERVICES,352622,,Children's Social Care,A61200,Community based care,R0044004,"DCC Business Entities (Sole Trade, Partnership, Ltd)"
18,Devon County Council,08/05/2026,22089577,"1,550.00",PSYCHOLOGICAL MINDS LIMITED,405946,243962002,P-Ledger - Separate Legal Entity,A16015,Staff Training Expenses - Non Payroll,P0432002,"DCC Business Entities (Sole Trade, Partnership, Ltd)"
18,Devon County Council,08/05/2026,22089583,"1,800.15",CHIPSIDE LIMITED,280928,812080569,Highways & Infrastructure Development,A49075,Licences - General,R0556001,"DCC Business Entities (Sole Trade, Partnership, Ltd)"
18,Devon County Council,08/05/2026,22090019,525,ELEMENTS THERAPY,403495,,Children's Social Care,A61060,Support for Children in Care,R0106002,"DCC Business Entities (Sole Trade, Partnership, Ltd)"
18,Devon County Council,08/05/2026,22090730,"1,824.02",W J SOUTH WEST LIMITED,308541,970783388,Capital - Highways,C02009,Works,C0671005,"DCC Business Entities (Sole Trade, Partnership, Ltd)"
18,Devon County Council,08/05/2026,22091727,"7,309.92",PEOPLE PLACES LIVES LIMITED - FEES,393507,221000691,Children's Social Care,A45040,IT Software,R0090001,"DCC Business Entities (Sole Trade, Partnership, Ltd)"
18,Devon County Council,08/05/2026,22091835,"2,289.00",PENNA PLC,347388,605849719,People and Culture,A44005,Publicity/Advertising,R0472002,"DCC Business Entities (Sole Trade, Partnership, Ltd)"
18,Devon County Council,08/05/2026,22091842,"1,050.00",MOOR TO LIFE E & W COMMUNITY INTEREST COMPANY,393010,,Dedicated Schools Grant,A44185,Other professional Services (Schools),R0082007,"DCC Business Entities (Sole Trade, Partnership, Ltd)"
18,Devon County Council,08/05/2026,22091923,"13,756.11",CAUSEWAY TECHNOLOGIES LIMITED,22333,733718820,Highways & Infrastructure Development,A45040,IT Software,R0570001,"DCC Business Entities (Sole Trade, Partnership, Ltd)"
18,Devon County Council,08/05/2026,22092052,"2,738.05",VALLEY MOBILITY SERVICES LIMITED,87203,728762990,P-Ledger - Separate Legal Entity,A61054,Equipment (Care),P0391002,"DCC Business Entities (Sole Trade, Partnership, Ltd)"
18,Devon County Council,08/05/2026,22092160,"1,840.00",ANGUS CRUTCHFIELD,357064,,P-Ledger - Separate Legal Entity,A61060,Support for Children in Care,P0432008,"DCC Business Entities (Sole Trade, Partnership, Ltd)"
18,Devon County Council,08/05/2026,22093066,750,DODDS SOLICITORS LLP,394172,729928286,"Chief Exec, Legal & Democratic services",A44968,Legal & Conveyancing Charges,R0276001,"DCC Business Entities (Sole Trade, Partnership, Ltd)"
18,Devon County Council,08/05/2026,22093320,"22,469.50",Peopletoo Ltd,600414,983160509,Inclusion & Learning,A44065,Consultancy Services,R0680004,"DCC Business Entities (Sole Trade, Partnership, Ltd)"
18,Devon County Council,08/05/2026,22094792,"2,375.00",COVY LIMITED/ TRADING AS GARAGE SERVICES,390598,429102322,"Transport Operations, Environment and Waste",A30010,Vehicles Repairs,R0584003,"DCC Business Entities (Sole Trade, Partnership, Ltd)"
18,Devon County Council,11/05/2026,22096660,"2,597.81",DR JHETAM LIMITED,319682,,Operations,A44038,Fees,R0222002,"DCC Business Entities (Sole Trade, Partnership, Ltd)"
18,Devon County Council,11/05/2026,22096706,"2,832.36",RE & D SNELL,405476,130928578,"Capital - Planning, Transportation and Environment",C06001,Capital Grants paid to other third parties (Not WGA/VCSE),C0671012,"DCC Business Entities (Sole Trade, Partnership, Ltd)"
18,Devon County Council,11/05/2026,22096746,"6,218.00",UOE CONSULTING LIMITED,300224,631074569,Capital - Highways,C02011,External Professional Fees,C0671008,"DCC Business Entities (Sole Trade, Partnership, Ltd)"
18,Devon County Council,11/05/2026,22096813,"2,565.68",BYTES SOFTWARE SERVICES,276928,823818226,Other PH Services,A45045,IT Software Maintenance,R0548001,"DCC Business Entities (Sole Trade, Partnership, Ltd)"
18,Devon County Council,11/05/2026,22096817,"1,532.00",FREDERICK SHERRELL LIMITED,14402,591319333,Capital - Highways,C02011,External Professional Fees,C0671004,"DCC Business Entities (Sole Trade, Partnership, Ltd)"
18,Devon County Council,11/05/2026,22096839,"1,397.84",ACTION FOR CHILDREN,86729,589629566,Children's Social Care,A61044,Residential Short Breaks,R0044004,"DCC Business Entities (Sole Trade, Partnership, Ltd)"
18,Devon County Council,11/05/2026,22097020,"73,535.58",QUBE CONSTRUCT LIMITED,402750,931188818,Capital - Children & Schools Expansions,C02009,Works,C0657001,DCC CIS Suppliers
18,Devon County Council,12/05/2026,22084411,792,DIGITAL ID LIMITED,261060,560627739,Transformation & Business Services,A20015,Security / Surveillance Equipment Maintenance,R0333026,"DCC Business Entities (Sole Trade, Partnership, Ltd)"
18,Devon County Council,12/05/2026,22087483,750,NEXT STEPS TRAINING COMMUNITY INTEREST COMPANY,392107,444102632,Highways & Infrastructure Development,A44038,Fees,R0551001,"DCC Business Entities (Sole Trade, Partnership, Ltd)"
18,Devon County Council,12/05/2026,22091954,"1,685.40",FINASTRA GROUP HOLDINGS LIMITED,184169,794089971,Finance & Public Value,A45040,IT Software,R0201001,"DCC Business Entities (Sole Trade, Partnership, Ltd)"
18,Devon County Council,12/05/2026,22092297,"4,864.08",THE OUTDOORS GROUP *57*,362971,312604642,Dedicated Schools Grant,A61052,Independent Special School Fees,R0089003,"DCC Business Entities (Sole Trade, Partnership, Ltd)"
18,Devon County Council,12/05/2026,22092300,"4,864.08",THE OUTDOORS GROUP *57*,362971,312604642,Dedicated Schools Grant,A61052,Independent Special School Fees,R0089003,"DCC Business Entities (Sole Trade, Partnership, Ltd)"
18,Devon County Council,12/05/2026,22092310,"6,680.74",THE OUTDOORS GROUP *57*,362971,312604642,Dedicated Schools Grant,A61052,Independent Special School Fees,R0089003,"DCC Business Entities (Sole Trade, Partnership, Ltd)"
18,Devon County Council,12/05/2026,22092313,"4,864.08",THE OUTDOORS GROUP *57*,362971,312604642,Dedicated Schools Grant,A61052,Independent Special School Fees,R0089003,"DCC Business Entities (Sole Trade, Partnership, Ltd)"
18,Devon County Council,08/05/2026,22095105,"4,796.60",WESTCOUNTRY MAINTENANCE SERVICES LIMITED,229952,915005854,Capital other - Digital Technology & Business Services,C02009,Works,C0647001,DCC CIS Suppliers
18,Devon County Council,08/05/2026,22095531,932.83,MERCURY CONSTRUCTION (SOUTH WEST)  LIMITED,250527,892673673,Operations,A20010,"Property Repairs, Maintenance & Alterations (Reactive)",R0250001,DCC CIS Suppliers
18,Devon County Council,08/05/2026,22096369,909.5,ALLIUM ENVIRONMENTAL LIMITED,341507,207161637,Capital other - Digital Technology & Business Services,C02011,External Professional Fees,C0651001,"DCC Business Entities (Sole Trade, Partnership, Ltd)"
18,Devon County Council,08/05/2026,22096412,"46,959.17",COVY LIMITED/ TRADING AS GARAGE SERVICES,390598,429102322,"Transport Operations, Environment and Waste",A30010,Vehicles Repairs,R0584003,"DCC Business Entities (Sole Trade, Partnership, Ltd)"
18,Devon County Council,08/05/2026,22096517,"5,575.00",CLINTON DEVON ESTATES,4184,321152022,Transformation & Business Services,A22005,Building Rents,R0334005,"DCC Business Entities (Sole Trade, Partnership, Ltd)"
18,Devon County Council,08/05/2026,22096723,"46,494.83",SPAGHETTI BRIDGE LIMITED,377380,478673138,Dedicated Schools Grant,A61052,Independent Special School Fees,R0089003,"DCC Business Entities (Sole Trade, Partnership, Ltd)"
18,Devon County Council,08/05/2026,150441627,"3,375.08",M Group Highways Limited,375383,927200546,Highways & Infrastructure Development,A46100,Main / Term Contractor,R0554003,"DCC Business Entities (Sole Trade, Partnership, Ltd)"
18,Devon County Council,11/05/2026,22087196,"1,890.50",INVOLVE CARE SOLUTIONS LIMITED,402831,,Children's Social Care,A61200,Community based care,R0044007,"DCC Business Entities (Sole Trade, Partnership, Ltd)"
18,Devon County Council,11/05/2026,22088429,850,RIVIERA TUITION,344475,292439870,Dedicated Schools Grant,A44185,Other professional Services (Schools),R0082007,"DCC Business Entities (Sole Trade, Partnership, Ltd)"
18,Devon County Council,11/05/2026,22091054,"4,836.33",LEAF COMPLEX CARE LIMITED,360974,,Children's Social Care,A61200,Community based care,R0044004,"DCC Business Entities (Sole Trade, Partnership, Ltd)"
18,Devon County Council,11/05/2026,22091211,756,FAMILY COMPASS,348346,392295664,P-Ledger - Separate Legal Entity,A61060,Support for Children in Care,P0432008,"DCC Business Entities (Sole Trade, Partnership, Ltd)"
18,Devon County Council,11/05/2026,22091699,"1,950.00",DWS CONSULTANCY LIMITED,401968,489248632,Children's Social Care,A44065,Consultancy Services,R0129001,"DCC Business Entities (Sole Trade, Partnership, Ltd)"
18,Devon County Council,11/05/2026,22092027,700,PHILIP PRICE SURVEYORS LIMITED,24889,655889765,Planning,C02009,Works,R0620001,"DCC Business Entities (Sole Trade, Partnership, Ltd)"
18,Devon County Council,12/05/2026,22092319,"4,866.92",THE OUTDOORS GROUP *57*,362971,312604642,Dedicated Schools Grant,A61052,Independent Special School Fees,R0089003,"DCC Business Entities (Sole Trade, Partnership, Ltd)"
18,Devon County Council,12/05/2026,22092326,"4,864.08",THE OUTDOORS GROUP *57*,362971,312604642,Dedicated Schools Grant,A61052,Independent Special School Fees,R0089003,"DCC Business Entities (Sole Trade, Partnership, Ltd)"
18,Devon County Council,12/05/2026,22092332,"4,866.92",THE OUTDOORS GROUP *57*,362971,312604642,Dedicated Schools Grant,A61052,Independent Special School Fees,R0089003,"DCC Business Entities (Sole Trade, Partnership, Ltd)"
18,Devon County Council,12/05/2026,22092336,"4,864.03",THE OUTDOORS GROUP *57*,362971,312604642,Dedicated Schools Grant,A61052,Independent Special School Fees,R0089003,"DCC Business Entities (Sole Trade, Partnership, Ltd)"
18,Devon County Council,12/05/2026,22092339,"4,864.08",THE OUTDOORS GROUP *57*,362971,312604642,Dedicated Schools Grant,A61052,Independent Special School Fees,R0089003,"DCC Business Entities (Sole Trade, Partnership, Ltd)"
18,Devon County Council,12/05/2026,22092342,"4,864.08",THE OUTDOORS GROUP *57*,362971,312604642,Dedicated Schools Grant,A61052,Independent Special School Fees,R0089003,"DCC Business Entities (Sole Trade, Partnership, Ltd)"
18,Devon County Council,12/05/2026,22092344,"6,683.58",THE OUTDOORS GROUP *57*,362971,312604642,Dedicated Schools Grant,A61052,Independent Special School Fees,R0089003,"DCC Business Entities (Sole Trade, Partnership, Ltd)"
18,Devon County Council,12/05/2026,22092348,"4,864.08",THE OUTDOORS GROUP *57*,362971,312604642,Dedicated Schools Grant,A61052,Independent Special School Fees,R0089003,"DCC Business Entities (Sole Trade, Partnership, Ltd)"
18,Devon County Council,12/05/2026,22092359,"10,541.54",THE OUTDOORS GROUP *57*,362971,312604642,Dedicated Schools Grant,A61052,Independent Special School Fees,R0089003,"DCC Business Entities (Sole Trade, Partnership, Ltd)"
18,Devon County Council,12/05/2026,22092367,"5,939.07",THE OUTDOORS GROUP *57*,362971,312604642,Dedicated Schools Grant,A61052,Independent Special School Fees,R0089003,"DCC Business Entities (Sole Trade, Partnership, Ltd)"
18,Devon County Council,12/05/2026,22092371,"4,864.08",THE OUTDOORS GROUP *57*,362971,312604642,Dedicated Schools Grant,A61052,Independent Special School Fees,R0089003,"DCC Business Entities (Sole Trade, Partnership, Ltd)"
18,Devon County Council,12/05/2026,22092372,"5,010.01",THE OUTDOORS GROUP *57*,362971,312604642,Dedicated Schools Grant,A61052,Independent Special School Fees,R0089003,"DCC Business Entities (Sole Trade, Partnership, Ltd)"
18,Devon County Council,12/05/2026,22092374,"9,777.34",THE OUTDOORS GROUP *57*,362971,312604642,Dedicated Schools Grant,A61052,Independent Special School Fees,R0089003,"DCC Business Entities (Sole Trade, Partnership, Ltd)"
18,Devon County Council,11/05/2026,22092034,750,PHILIP PRICE SURVEYORS LIMITED,24889,655889765,Planning,C02009,Works,R0620001,"DCC Business Entities (Sole Trade, Partnership, Ltd)"
18,Devon County Council,11/05/2026,22092206,598,PRIORITY PIXELS (HOLDINGS) LIMITED,399402,318369189,"Transport Operations, Environment and Waste",A44038,Fees,R0611003,"DCC Business Entities (Sole Trade, Partnership, Ltd)"
18,Devon County Council,11/05/2026,22092222,"1,250.00",DERBYSHIRE COUNTY COUNCIL,83966,127248178,Dedicated Schools Grant,A47010,Subscriptions,R0041004,"DCC Business Entities (Sole Trade, Partnership, Ltd)"
18,Devon County Council,11/05/2026,22092269,"4,302.79",NORSE SOUTH WEST LIMITED,279741,785421021,Transformation & Business Services,A45008,IT Hardware Maintenance,R0333026,"DCC Business Entities (Sole Trade, Partnership, Ltd)"
18,Devon County Council,11/05/2026,22092425,506,FAMILY ADVICE SUPPORT TEAM,315005,320154260,Children's Social Care,A61200,Community based care,R0046004,"DCC Business Entities (Sole Trade, Partnership, Ltd)"
18,Devon County Council,11/05/2026,22092454,"9,055.65",WSP UK LIMITED,85394,905054942,Capital - Highways,C02011,External Professional Fees,C0652001,"DCC Business Entities (Sole Trade, Partnership, Ltd)"
18,Devon County Council,11/05/2026,22092464,"2,555.64",WSP UK LIMITED,85394,905054942,"Capital - Planning, Transportation and Environment",C02011,External Professional Fees,C0671003,"DCC Business Entities (Sole Trade, Partnership, Ltd)"
18,Devon County Council,11/05/2026,22092506,"1,771.00",WEST DEVON BOROUGH COUNCIL,8280,144823273,"Transport Operations, Environment and Waste",A46100,Main / Term Contractor,R0595005,"DCC Business Entities (Sole Trade, Partnership, Ltd)"
18,Devon County Council,11/05/2026,22092549,"4,465.13",WSP UK LIMITED,85394,905054942,Planning,A44038,Fees,R0577002,"DCC Business Entities (Sole Trade, Partnership, Ltd)"
18,Devon County Council,11/05/2026,22092557,"2,613.88",WSP UK LIMITED,85394,905054942,Highways & Infrastructure Development,A44038,Fees,R0571003,"DCC Business Entities (Sole Trade, Partnership, Ltd)"
18,Devon County Council,11/05/2026,22092567,"14,432.85",WSP UK LIMITED,85394,905054942,Capital - Highways,C02011,External Professional Fees,C0671004,"DCC Business Entities (Sole Trade, Partnership, Ltd)"
18,Devon County Council,11/05/2026,22092578,"13,696.40",WSP UK LIMITED,85394,905054942,"Transport Operations, Environment and Waste",A44038,Fees,R0614001,"DCC Business Entities (Sole Trade, Partnership, Ltd)"
18,Devon County Council,11/05/2026,22092579,637.52,WSP UK LIMITED,85394,905054942,Highways & Infrastructure Development,A44038,Fees,R0552003,"DCC Business Entities (Sole Trade, Partnership, Ltd)"
18,Devon County Council,11/05/2026,22092612,"29,019.14",WSP UK LIMITED,85394,905054942,"Capital - Planning, Transportation and Environment",C02011,External Professional Fees,C0671003,"DCC Business Entities (Sole Trade, Partnership, Ltd)"
18,Devon County Council,11/05/2026,22092613,"6,684.75",WSP UK LIMITED,85394,905054942,Capital - Highways,C02011,External Professional Fees,C0671008,"DCC Business Entities (Sole Trade, Partnership, Ltd)"
18,Devon County Council,11/05/2026,22092820,"10,569.94",WSP UK LIMITED,85394,905054942,"Capital - Planning, Transportation and Environment",C02011,External Professional Fees,C0654001,"DCC Business Entities (Sole Trade, Partnership, Ltd)"
18,Devon County Council,11/05/2026,22092831,"7,623.74",WSP UK LIMITED,85394,905054942,Capital - Highways,C02011,External Professional Fees,C0671004,"DCC Business Entities (Sole Trade, Partnership, Ltd)"
18,Devon County Council,11/05/2026,22092838,"2,230.09",WSP UK LIMITED,85394,905054942,Capital - Highways,C02011,External Professional Fees,C0671004,"DCC Business Entities (Sole Trade, Partnership, Ltd)"
18,Devon County Council,11/05/2026,22092870,"1,638.78",WSP UK LIMITED,85394,905054942,"Capital - Planning, Transportation and Environment",C02011,External Professional Fees,C0671003,"DCC Business Entities (Sole Trade, Partnership, Ltd)"
18,Devon County Council,11/05/2026,22092873,"11,300.88",WSP UK LIMITED,85394,905054942,Highways & Infrastructure Development,A44038,Fees,R0566003,"DCC Business Entities (Sole Trade, Partnership, Ltd)"
18,Devon County Council,11/05/2026,22092877,"2,804.22",WSP UK LIMITED,85394,905054942,"Transport Operations, Environment and Waste",A44038,Fees,R0615001,"DCC Business Entities (Sole Trade, Partnership, Ltd)"
18,Devon County Council,11/05/2026,22092954,"40,376.00",WSP UK LIMITED,85394,905054942,Capital - Highways,C02011,External Professional Fees,C0671004,"DCC Business Entities (Sole Trade, Partnership, Ltd)"
18,Devon County Council,11/05/2026,22092973,"7,967.86",WSP UK LIMITED,85394,905054942,Capital - Highways,C02011,External Professional Fees,C0671004,"DCC Business Entities (Sole Trade, Partnership, Ltd)"
18,Devon County Council,11/05/2026,22093196,656.23,PERSON CENTRED SOFTWARE LIMITED,340281,162981976,Operations,A44038,Fees,R0268001,"DCC Business Entities (Sole Trade, Partnership, Ltd)"
18,Devon County Council,11/05/2026,22093412,778.2,MICHELMORES,14712,140992855,"Capital - Planning, Transportation and Environment",C02011,External Professional Fees,C0671003,"DCC Business Entities (Sole Trade, Partnership, Ltd)"
18,Devon County Council,11/05/2026,22093529,"15,851.79",WSP UK LIMITED,85394,905054942,Planning,A44038,Fees,R0620002,"DCC Business Entities (Sole Trade, Partnership, Ltd)"
18,Devon County Council,11/05/2026,22093781,565.5,SPECTRUM SENSORY THERAPIES LTD,406310,,Dedicated Schools Grant,A44185,Other professional Services (Schools),R0082006,"DCC Business Entities (Sole Trade, Partnership, Ltd)"
18,Devon County Council,11/05/2026,22094396,"2,745.68",ACTION FOR CHILDREN,86729,589629566,Children's Social Care,A61044,Residential Short Breaks,R0044004,"DCC Business Entities (Sole Trade, Partnership, Ltd)"
18,Devon County Council,12/05/2026,22092379,"4,864.17",THE OUTDOORS GROUP *57*,362971,312604642,Dedicated Schools Grant,A61052,Independent Special School Fees,R0089003,"DCC Business Entities (Sole Trade, Partnership, Ltd)"
18,Devon County Council,12/05/2026,22092384,"4,864.08",THE OUTDOORS GROUP *57*,362971,312604642,Dedicated Schools Grant,A61052,Independent Special School Fees,R0089003,"DCC Business Entities (Sole Trade, Partnership, Ltd)"
18,Devon County Council,12/05/2026,22092388,"10,541.54",THE OUTDOORS GROUP *57*,362971,312604642,Dedicated Schools Grant,A61052,Independent Special School Fees,R0089003,"DCC Business Entities (Sole Trade, Partnership, Ltd)"
18,Devon County Council,12/05/2026,22092393,"4,864.08",THE OUTDOORS GROUP *57*,362971,312604642,Dedicated Schools Grant,A61052,Independent Special School Fees,R0089003,"DCC Business Entities (Sole Trade, Partnership, Ltd)"
18,Devon County Council,12/05/2026,22092949,559.8,BLEEP 360 CARE LIMITED,360406,355167685,Children's Social Care,A61200,Community based care,R0044004,"DCC Business Entities (Sole Trade, Partnership, Ltd)"
18,Devon County Council,12/05/2026,22093624,683.28,MCCONNELLS (MIDLANDS) LIMITED,271811,126055983,Balance Sheet,A44038,Fees,R0208005,"DCC Business Entities (Sole Trade, Partnership, Ltd)"
18,Devon County Council,12/05/2026,22097185,"2,040.00",ACORN ALTERNATIVE PROVISIONS LIMITED,393459,,Dedicated Schools Grant,A44180,Services for Educational Estabs - Devon,R0010004,"DCC Business Entities (Sole Trade, Partnership, Ltd)"
18,Devon County Council,12/05/2026,22097258,"31,137.00",IVYBRIDGE & DISTRICT C T A,87650,279771345,"Transport Operations, Environment and Waste",A52010,"Grants to voluntary, community and social enterprise organisations",R0581002,"DCC Business Entities (Sole Trade, Partnership, Ltd)"
18,Devon County Council,12/05/2026,22097265,"41,022.00",TRIP COMMUNITY TRANSPORT ASSOCIATION,21790,989488523,"Transport Operations, Environment and Waste",A52010,"Grants to voluntary, community and social enterprise organisations",R0581002,"DCC Business Entities (Sole Trade, Partnership, Ltd)"
18,Devon County Council,12/05/2026,22097353,"1,000.00",NIKKI WHITE THERAPY COMMUNITY INTEREST COMPANY,401489,,P-Ledger - Separate Legal Entity,A61060,Support for Children in Care,P0432008,"DCC Business Entities (Sole Trade, Partnership, Ltd)"
18,Devon County Council,12/05/2026,22097461,"17,098.41",WSP UK LIMITED,85394,905054942,"Capital - Planning, Transportation and Environment",C02011,External Professional Fees,C0671003,"DCC Business Entities (Sole Trade, Partnership, Ltd)"
18,Devon County Council,12/05/2026,22097488,"32,366.89",BELFIELD SANDFORD LLP,386604,411463041,Below the line,A85077,Miscellaneous Interest Payable,R0515084,"DCC Business Entities (Sole Trade, Partnership, Ltd)"
18,Devon County Council,13/05/2026,22088109,"10,997.56",PHOENIX BAY SCHOOL,382090,477769321,Dedicated Schools Grant,A61052,Independent Special School Fees,R0089003,"DCC Business Entities (Sole Trade, Partnership, Ltd)"
18,Devon County Council,13/05/2026,22091970,"12,000.00",DYS SPACE LIMITED,341799,253749579,Communities,A46100,Main / Term Contractor,R0329001,"DCC Business Entities (Sole Trade, Partnership, Ltd)"
18,Devon County Council,13/05/2026,22091971,"3,000.00",DYS SPACE LIMITED,341799,253749579,Communities,A46100,Main / Term Contractor,R0329001,"DCC Business Entities (Sole Trade, Partnership, Ltd)"
18,Devon County Council,13/05/2026,22092062,"39,729.90",YOUNG DEVON (IVYBRIDGE),120708,,Children's Social Care,A62000,Supported Accommodation - Child,R0026003,"DCC Business Entities (Sole Trade, Partnership, Ltd)"
18,Devon County Council,13/05/2026,22092457,"114,684.05",Disability Together,140334,436098381,Operations,A44038,Fees,R0222002,"DCC Business Entities (Sole Trade, Partnership, Ltd)"
18,Devon County Council,13/05/2026,22092617,652.22,C E D A,12641,,Children's Social Care,A61200,Community based care,R0046004,"DCC Business Entities (Sole Trade, Partnership, Ltd)"
18,Devon County Council,13/05/2026,22092680,"1,372.00",LIMITED ACCESS,211442,,"Transport Operations, Environment and Waste",A30010,Vehicles Repairs,R0584003,"DCC Business Entities (Sole Trade, Partnership, Ltd)"
18,Devon County Council,13/05/2026,22092682,652.24,C E D A,12641,,Children's Social Care,A61200,Community based care,R0046004,"DCC Business Entities (Sole Trade, Partnership, Ltd)"
18,Devon County Council,13/05/2026,22092686,897.84,C E D A,12641,,Children's Social Care,A61200,Community based care,R0044004,"DCC Business Entities (Sole Trade, Partnership, Ltd)"
18,Devon County Council,13/05/2026,22092705,652.22,C E D A,12641,,Children's Social Care,A61200,Community based care,R0044004,"DCC Business Entities (Sole Trade, Partnership, Ltd)"
18,Devon County Council,13/05/2026,22092726,"1,458.00",EXETER RUGBY CLUB LTD,34972,918551313,Dedicated Schools Grant,A44185,Other professional Services (Schools),R0082007,"DCC Business Entities (Sole Trade, Partnership, Ltd)"
18,Devon County Council,13/05/2026,22092945,"2,192.40",DIGITAL PENINSULA NETWORK LIMITED,394926,,"Economy, Enterprise and Skills",A44038,Fees,R0546004,"DCC Business Entities (Sole Trade, Partnership, Ltd)"
18,Devon County Council,13/05/2026,22092947,"18,194.40",DIGITAL PENINSULA NETWORK LIMITED,394926,,"Economy, Enterprise and Skills",A44038,Fees,R0546004,"DCC Business Entities (Sole Trade, Partnership, Ltd)"
18,Devon County Council,13/05/2026,22092950,"2,872.80",DIGITAL PENINSULA NETWORK LIMITED,394926,,"Economy, Enterprise and Skills",A44038,Fees,R0546004,"DCC Business Entities (Sole Trade, Partnership, Ltd)"
18,Devon County Council,13/05/2026,22092952,"8,467.20",DIGITAL PENINSULA NETWORK LIMITED,394926,,"Economy, Enterprise and Skills",A44038,Fees,R0546004,"DCC Business Entities (Sole Trade, Partnership, Ltd)"
18,Devon County Council,13/05/2026,22092955,"21,028.00",DIGITAL PENINSULA NETWORK LIMITED,394926,,"Economy, Enterprise and Skills",A44038,Fees,R0546004,"DCC Business Entities (Sole Trade, Partnership, Ltd)"
18,Devon County Council,13/05/2026,22092956,"11,995.20",DIGITAL PENINSULA NETWORK LIMITED,394926,,"Economy, Enterprise and Skills",A44038,Fees,R0546004,"DCC Business Entities (Sole Trade, Partnership, Ltd)"
18,Devon County Council,13/05/2026,22092966,"6,148.80",DIGITAL PENINSULA NETWORK LIMITED,394926,,"Economy, Enterprise and Skills",A44038,Fees,R0546004,"DCC Business Entities (Sole Trade, Partnership, Ltd)"
18,Devon County Council,13/05/2026,22092976,680.4,DIGITAL PENINSULA NETWORK LIMITED,394926,,"Economy, Enterprise and Skills",A44038,Fees,R0546004,"DCC Business Entities (Sole Trade, Partnership, Ltd)"
18,Devon County Council,13/05/2026,22093366,"2,365.50",BEES UK LIMITED,355821,,Dedicated Schools Grant,A44185,Other professional Services (Schools),R0082006,"DCC Business Entities (Sole Trade, Partnership, Ltd)"
18,Devon County Council,13/05/2026,22093778,900,SOUTH WEST LAND SURVEYS LIMITED,313446,168966737,"Transport Operations, Environment and Waste",A49005,Other Hired & Contracting Services,R0614001,"DCC Business Entities (Sole Trade, Partnership, Ltd)"
18,Devon County Council,13/05/2026,22093957,"7,162.10",NETWORK HEALTHCARE,394158,844278506,Operations,A57136,Personal Care Block,R0234001,"DCC Business Entities (Sole Trade, Partnership, Ltd)"
18,Devon County Council,13/05/2026,22094634,"6,868.00",MONICA Y ZAPATA LOPEZ,392518,,Transformation & Business Services,A62000,Supported Accommodation - Child,R0333028,"DCC Business Entities (Sole Trade, Partnership, Ltd)"
18,Devon County Council,13/05/2026,22094719,"1,868.25",MC PRODUCTS UK LTD,358487,428973802,Highways & Infrastructure Development,A42005,Clothing & Uniforms,R0556001,"DCC Business Entities (Sole Trade, Partnership, Ltd)"
18,Devon County Council,13/05/2026,22095997,"2,856.00",PROMOTING INDEPENDENT CARE LIMITED,376159,,Children's Social Care,A11005,Agency Supply Staff,R0095001,"DCC Business Entities (Sole Trade, Partnership, Ltd)"
18,Devon County Council,13/05/2026,22096240,621.6,MARINE & CIVIL SOLUTIONS LIMITED,283395,431868383,Highways & Infrastructure Development,A46100,Main / Term Contractor,R0555002,DCC CIS Suppliers
18,Devon County Council,13/05/2026,22096502,"2,833.00",TEIGNBRIDGE DISTRICT COUNCIL,4872,142214023,Finance & Public Value,A52005,Payments to Other Local Authorities,R0471001,"DCC Business Entities (Sole Trade, Partnership, Ltd)"
18,Devon County Council,13/05/2026,22096921,"1,383.47",MARINE & CIVIL SOLUTIONS LIMITED,283395,431868383,Highways & Infrastructure Development,A46100,Main / Term Contractor,R0555002,DCC CIS Suppliers
18,Devon County Council,13/05/2026,22097296,"22,654.00",DAN WOOLLACOTT FENCING,358106,278397149,Capital - Highways,C02009,Works,C0671004,DCC CIS Suppliers
18,Devon County Council,13/05/2026,22097331,"3,610.00",ON TRACK EDUCATION (BURSARY PMTS),286081,478730844,Dedicated Schools Grant,A53035,Other Recoupment Expenditure (3rd),R0111002,"DCC Business Entities (Sole Trade, Partnership, Ltd)"
18,Devon County Council,11/05/2026,22095670,900,DENE TERRY TRADING AS SPACE ADAPT LEARN GROW,404230,,Children's Social Care,A61200,Community based care,R0044004,"DCC Business Entities (Sole Trade, Partnership, Ltd)"
18,Devon County Council,11/05/2026,22095893,"5,826.54",WSP UK LIMITED,85394,905054942,Planning,A44038,Fees,R0577002,"DCC Business Entities (Sole Trade, Partnership, Ltd)"
18,Devon County Council,11/05/2026,22096242,548.87,SECURITAS TECHNOLOGY LIMITED,399509,232244695,Children's Social Care,A20015,Security / Surveillance Equipment Maintenance,R0015001,"DCC Business Entities (Sole Trade, Partnership, Ltd)"
18,Devon County Council,11/05/2026,22096698,"5,608.02",DR CHARLES ANTWI,338645,,Operations,A44038,Fees,R0222002,"DCC Business Entities (Sole Trade, Partnership, Ltd)"
18,Devon County Council,11/05/2026,22096802,"7,369.62",PLYMOUTH CITYBUS LIMITED,13532,447433443,"Transport Operations, Environment and Waste",A32010,Contract Hire Scheme,R0575001,"DCC Business Entities (Sole Trade, Partnership, Ltd)"
18,Devon County Council,11/05/2026,22096806,"2,391.30",SWIFT CARE SERVICES LIMITED,403733,,Children's Social Care,A61200,Community based care,R0044004,"DCC Business Entities (Sole Trade, Partnership, Ltd)"
18,Devon County Council,11/05/2026,22096819,"1,297.84",ACTION FOR CHILDREN,86729,589629566,Children's Social Care,A61044,Residential Short Breaks,R0046004,"DCC Business Entities (Sole Trade, Partnership, Ltd)"
18,Devon County Council,11/05/2026,22096845,"1,342.05",N B A SOLUTIONS LIMITED,147171,810625854,"Chief Exec, Legal & Democratic services",A44038,Fees,R0276001,"DCC Business Entities (Sole Trade, Partnership, Ltd)"
18,Devon County Council,11/05/2026,22096872,"2,050.65",BRAVO BENEFITS LIMITED,398207,998570251,People and Culture,A49105,Other Supplies & Services,R0502001,"DCC Business Entities (Sole Trade, Partnership, Ltd)"
18,Devon County Council,11/05/2026,22096889,971.75,INFOTRACK LIMITED,337300,228530612,"Capital - Planning, Transportation and Environment",C02011,External Professional Fees,C0671003,"DCC Business Entities (Sole Trade, Partnership, Ltd)"
18,Devon County Council,11/05/2026,22097094,900,CHRISTOPHER GODFREY CARE OF COLLETON,396748,560758621,"Chief Exec, Legal & Democratic services",A44968,Legal & Conveyancing Charges,R0276001,"DCC Business Entities (Sole Trade, Partnership, Ltd)"
18,Devon County Council,12/05/2026,22085157,"4,000.00",ST STEPHENS PRIMARY SCHOOL,52476,,Dedicated Schools Grant,A53040,Contributions to Educational Estabs (3rd,R0107001,"DCC Business Entities (Sole Trade, Partnership, Ltd)"
18,Devon County Council,12/05/2026,22088516,840,GRAPEVINE CONNECTS,405508,,P-Ledger - Separate Legal Entity,A61060,Support for Children in Care,P0432008,"DCC Business Entities (Sole Trade, Partnership, Ltd)"
18,Devon County Council,12/05/2026,22088866,630.69,NEWCOURT COMMUNITY CENTRE,298596,,Children's Social Care,A22020,Rental Property Service Charge,R0076006,"DCC Business Entities (Sole Trade, Partnership, Ltd)"
18,Devon County Council,12/05/2026,22090086,571.05,TEAM EDUCATE LIMITED BACS,374563,336808777,Dedicated Schools Grant,A49006,Bought in Professnl Servs-Curric,R0107001,"DCC Business Entities (Sole Trade, Partnership, Ltd)"
18,Devon County Council,12/05/2026,22090843,"5,808.50",CANTIUM BUSINESS SOLUTIONS LIMITED,354810,294540288,People and Culture,A12510,Other Employee Expenses,R0472004,"DCC Business Entities (Sole Trade, Partnership, Ltd)"
18,Devon County Council,12/05/2026,22092299,"6,945.97",THE OUTDOORS GROUP *57*,362971,312604642,Dedicated Schools Grant,A61052,Independent Special School Fees,R0089003,"DCC Business Entities (Sole Trade, Partnership, Ltd)"
18,Devon County Council,12/05/2026,22092303,"6,683.03",THE OUTDOORS GROUP *57*,362971,312604642,Dedicated Schools Grant,A61052,Independent Special School Fees,R0089003,"DCC Business Entities (Sole Trade, Partnership, Ltd)"
18,Devon County Council,12/05/2026,22092307,"4,864.08",THE OUTDOORS GROUP *57*,362971,312604642,Dedicated Schools Grant,A61052,Independent Special School Fees,R0089003,"DCC Business Entities (Sole Trade, Partnership, Ltd)"
18,Devon County Council,12/05/2026,22092309,"4,866.92",THE OUTDOORS GROUP *57*,362971,312604642,Dedicated Schools Grant,A61052,Independent Special School Fees,R0089003,"DCC Business Entities (Sole Trade, Partnership, Ltd)"
18,Devon County Council,12/05/2026,22092312,"6,683.03",THE OUTDOORS GROUP *57*,362971,312604642,Dedicated Schools Grant,A61052,Independent Special School Fees,R0089003,"DCC Business Entities (Sole Trade, Partnership, Ltd)"
18,Devon County Council,12/05/2026,22092322,"6,680.74",THE OUTDOORS GROUP *57*,362971,312604642,Dedicated Schools Grant,A61052,Independent Special School Fees,R0089003,"DCC Business Entities (Sole Trade, Partnership, Ltd)"
18,Devon County Council,12/05/2026,22092323,"4,864.08",THE OUTDOORS GROUP *57*,362971,312604642,Dedicated Schools Grant,A61052,Independent Special School Fees,R0089003,"DCC Business Entities (Sole Trade, Partnership, Ltd)"
18,Devon County Council,12/05/2026,22092331,"6,486.16",THE OUTDOORS GROUP *57*,362971,312604642,Dedicated Schools Grant,A61052,Independent Special School Fees,R0089003,"DCC Business Entities (Sole Trade, Partnership, Ltd)"
18,Devon County Council,12/05/2026,22092333,"4,864.08",THE OUTDOORS GROUP *57*,362971,312604642,Dedicated Schools Grant,A61052,Independent Special School Fees,R0089003,"DCC Business Entities (Sole Trade, Partnership, Ltd)"
18,Devon County Council,12/05/2026,22092346,"4,864.08",THE OUTDOORS GROUP *57*,362971,312604642,Dedicated Schools Grant,A61052,Independent Special School Fees,R0089003,"DCC Business Entities (Sole Trade, Partnership, Ltd)"
18,Devon County Council,12/05/2026,22092349,"110,070.12",THE OUTDOORS GROUP *57*,362971,312604642,Dedicated Schools Grant,A61052,Independent Special School Fees,R0089003,"DCC Business Entities (Sole Trade, Partnership, Ltd)"
18,Devon County Council,13/05/2026,22097499,524.45,GUIDED COUNTRYSIDE,400642,,"Transport Operations, Environment and Waste",A44038,Fees,R0644001,"DCC Business Entities (Sole Trade, Partnership, Ltd)"
18,Devon County Council,13/05/2026,22097725,"1,320.00",Wildhearts Services CIC,602264,,Children's Social Care,A61060,Support for Children in Care,R0106002,"DCC Business Entities (Sole Trade, Partnership, Ltd)"
18,Devon County Council,13/05/2026,22097743,"1,495.00",BUDLEIGH SALTERTON CRICKET CLUB,604423,403678692,"Chief Exec, Legal & Democratic services",A41905,Catering,R0282001,"DCC Business Entities (Sole Trade, Partnership, Ltd)"
18,Devon County Council,13/05/2026,22097759,"3,561.00",ASHFORDS LLP,88874,140836186,"Capital - Planning, Transportation and Environment",C02011,External Professional Fees,C0671003,"DCC Business Entities (Sole Trade, Partnership, Ltd)"
18,Devon County Council,13/05/2026,22097876,"1,832.90",Barnardo Services Ltd,403718,507477337,People and Culture,A16015,Staff Training Expenses - Non Payroll,R0303005,"DCC Business Entities (Sole Trade, Partnership, Ltd)"
18,Devon County Council,13/05/2026,150448382,"4,217.62",M Group Highways Limited,375383,927200546,Highways & Infrastructure Development,A46100,Main / Term Contractor,R0553006,"DCC Business Entities (Sole Trade, Partnership, Ltd)"
18,Devon County Council,13/05/2026,150448387,"3,856.66",M Group Highways Limited,375383,927200546,Highways & Infrastructure Development,A46100,Main / Term Contractor,R0554004,"DCC Business Entities (Sole Trade, Partnership, Ltd)"
18,Devon County Council,14/05/2026,22082790,"2,280.60",PROSPERO RECRUITMENT LIMITED,352539,486704947,Dedicated Schools Grant,A44185,Other professional Services (Schools),R0082007,"DCC Business Entities (Sole Trade, Partnership, Ltd)"
18,Devon County Council,14/05/2026,22087036,"1,013.60",PROSPERO RECRUITMENT LIMITED,352539,486704947,Dedicated Schools Grant,A44185,Other professional Services (Schools),R0082007,"DCC Business Entities (Sole Trade, Partnership, Ltd)"
18,Devon County Council,14/05/2026,22087059,760.2,PROSPERO RECRUITMENT LIMITED,352539,486704947,Dedicated Schools Grant,A44185,Other professional Services (Schools),R0082007,"DCC Business Entities (Sole Trade, Partnership, Ltd)"
18,Devon County Council,14/05/2026,22092799,"1,475.00",HORWOOD COOMBE INSPIRE LIMITED,315946,481864066,Dedicated Schools Grant,A44180,Services for Educational Estabs - Devon,R0010004,"DCC Business Entities (Sole Trade, Partnership, Ltd)"
18,Devon County Council,14/05/2026,22092875,"3,416.00",PINEAPPLE CONTRACTS,203577,207059187,Children's Social Care,A45015,Postages,R0015001,"DCC Business Entities (Sole Trade, Partnership, Ltd)"
18,Devon County Council,14/05/2026,22092885,"2,741.76",RESTORE AXE VALLEY COMMUNITY INTEREST COMPANY,372421,,P-Ledger - Separate Legal Entity,A47005,"Grants, Contributions & Donations",P0391008,"DCC Business Entities (Sole Trade, Partnership, Ltd)"
18,Devon County Council,12/05/2026,22092361,"6,683.58",THE OUTDOORS GROUP *57*,362971,312604642,Dedicated Schools Grant,A61052,Independent Special School Fees,R0089003,"DCC Business Entities (Sole Trade, Partnership, Ltd)"
18,Devon County Council,12/05/2026,22092362,"4,864.08",THE OUTDOORS GROUP *57*,362971,312604642,Dedicated Schools Grant,A61052,Independent Special School Fees,R0089003,"DCC Business Entities (Sole Trade, Partnership, Ltd)"
18,Devon County Council,12/05/2026,22092364,"5,939.06",THE OUTDOORS GROUP *57*,362971,312604642,Dedicated Schools Grant,A61052,Independent Special School Fees,R0089003,"DCC Business Entities (Sole Trade, Partnership, Ltd)"
18,Devon County Council,12/05/2026,22092378,"4,864.08",THE OUTDOORS GROUP *57*,362971,312604642,Dedicated Schools Grant,A61052,Independent Special School Fees,R0089003,"DCC Business Entities (Sole Trade, Partnership, Ltd)"
18,Devon County Council,12/05/2026,22092394,"4,864.08",THE OUTDOORS GROUP *57*,362971,312604642,Dedicated Schools Grant,A61052,Independent Special School Fees,R0089003,"DCC Business Entities (Sole Trade, Partnership, Ltd)"
18,Devon County Council,12/05/2026,22093060,"1,014.30",TORRIDGE DISTRICT COUNCIL,4707,144666062,"Transport Operations, Environment and Waste",A46100,Main / Term Contractor,R0596002,"DCC Business Entities (Sole Trade, Partnership, Ltd)"
18,Devon County Council,12/05/2026,22093827,"11,686.97",ULTIM8 CONSTRUCTION LIMITED,276694,998206374,Capital - Highways,C02009,Works,C0671004,"DCC Business Entities (Sole Trade, Partnership, Ltd)"
18,Devon County Council,12/05/2026,22095034,"5,408.33",ACORN CARE & EDUCATION LIMITED,333557,902188441,Dedicated Schools Grant,A61052,Independent Special School Fees,R0089003,"DCC Business Entities (Sole Trade, Partnership, Ltd)"
18,Devon County Council,12/05/2026,22095170,"2,340.08",OCEAN HEALTHCARE,371633,776836374,Operations,A11005,Agency Supply Staff,R0269001,"DCC Business Entities (Sole Trade, Partnership, Ltd)"
18,Devon County Council,12/05/2026,22096233,926.1,LIBRARIES UNLIMITED SOUTH WEST,334595,235429115,"Economy, Enterprise and Skills",A22010,Hire of Rooms,R0539002,"DCC Business Entities (Sole Trade, Partnership, Ltd)"
18,Devon County Council,12/05/2026,22096827,"3,344.60",ACTION FOR CHILDREN,86729,589629566,Children's Social Care,A61044,Residential Short Breaks,R0044004,"DCC Business Entities (Sole Trade, Partnership, Ltd)"
18,Devon County Council,12/05/2026,22097177,662.11,PENNON T/A SOURCE FOR BUSINESS,344710,312629416,P-Ledger - Separate Legal Entity,A24005,Water Services,P0416001,"DCC Business Entities (Sole Trade, Partnership, Ltd)"
18,Devon County Council,12/05/2026,22097257,"20,511.00",HOLSWORTHY RURAL COMMUNITY TRANSPORT,88144,,"Transport Operations, Environment and Waste",A52010,"Grants to voluntary, community and social enterprise organisations",R0581002,"DCC Business Entities (Sole Trade, Partnership, Ltd)"
18,Devon County Council,12/05/2026,22097259,"61,534.00",MID DEVON MOBILITY,10938,803530859,"Transport Operations, Environment and Waste",A52010,"Grants to voluntary, community and social enterprise organisations",R0581002,"DCC Business Entities (Sole Trade, Partnership, Ltd)"
18,Devon County Council,12/05/2026,22097262,"54,696.00",ILFRACOMBE COMMUNITY TRANSPORT,192772,,"Transport Operations, Environment and Waste",A52010,"Grants to voluntary, community and social enterprise organisations",R0581002,"DCC Business Entities (Sole Trade, Partnership, Ltd)"
18,Devon County Council,12/05/2026,22097263,"39,153.00",NEWTON ABBOT CTA,12975,931683808,"Transport Operations, Environment and Waste",A52010,"Grants to voluntary, community and social enterprise organisations",R0581002,"DCC Business Entities (Sole Trade, Partnership, Ltd)"
18,Devon County Council,13/05/2026,22084394,"3,040.80",PROSPERO RECRUITMENT LIMITED,352539,486704947,Dedicated Schools Grant,A44185,Other professional Services (Schools),R0082007,"DCC Business Entities (Sole Trade, Partnership, Ltd)"
18,Devon County Council,13/05/2026,22087038,"1,482.03",PROSPERO RECRUITMENT LIMITED,352539,486704947,Dedicated Schools Grant,A44185,Other professional Services (Schools),R0082007,"DCC Business Entities (Sole Trade, Partnership, Ltd)"
18,Devon County Council,13/05/2026,22087095,"1,520.40",PROSPERO RECRUITMENT LIMITED,352539,486704947,Dedicated Schools Grant,A44185,Other professional Services (Schools),R0082007,"DCC Business Entities (Sole Trade, Partnership, Ltd)"
18,Devon County Council,13/05/2026,22091936,"2,195.71",N H B S,16863,407484644,"Capital - Planning, Transportation and Environment",C02009,Works,C0656001,"DCC Business Entities (Sole Trade, Partnership, Ltd)"
18,Devon County Council,13/05/2026,22092651,652.24,C E D A,12641,,Children's Social Care,A61200,Community based care,R0046004,"DCC Business Entities (Sole Trade, Partnership, Ltd)"
18,Devon County Council,13/05/2026,22092676,743.04,C E D A,12641,,Children's Social Care,A61200,Community based care,R0046004,"DCC Business Entities (Sole Trade, Partnership, Ltd)"
18,Devon County Council,13/05/2026,22093986,"5,200.08",NETWORK HEALTHCARE,394158,844278506,Operations,A57136,Personal Care Block,R0234001,"DCC Business Entities (Sole Trade, Partnership, Ltd)"
18,Devon County Council,13/05/2026,22094082,"11,934.00",PROMOTING INDEPENDENT CARE LIMITED,376159,,Children's Social Care,A11005,Agency Supply Staff,R0095006,"DCC Business Entities (Sole Trade, Partnership, Ltd)"
18,Devon County Council,13/05/2026,22094403,"3,701.50",CARTER BROWN - THE EXPERT S LIMITED,292905,281653589,"Chief Exec, Legal & Democratic services",A44038,Fees,R0276001,"DCC Business Entities (Sole Trade, Partnership, Ltd)"
18,Devon County Council,13/05/2026,22094584,"1,412.60",CY4OR LEGAL LIMITED,336471,170268318,"Chief Exec, Legal & Democratic services",A44038,Fees,R0276001,"DCC Business Entities (Sole Trade, Partnership, Ltd)"
18,Devon County Council,13/05/2026,22094633,"1,689.32",MONICA Y ZAPATA LOPEZ,392518,,Transformation & Business Services,A62000,Supported Accommodation - Child,R0333028,"DCC Business Entities (Sole Trade, Partnership, Ltd)"
18,Devon County Council,13/05/2026,22094645,"5,322.70",MONICA Y ZAPATA LOPEZ,392518,,Transformation & Business Services,A62000,Supported Accommodation - Child,R0333028,"DCC Business Entities (Sole Trade, Partnership, Ltd)"
18,Devon County Council,13/05/2026,22094652,"5,322.70",MONICA Y ZAPATA LOPEZ,392518,,Transformation & Business Services,A62000,Supported Accommodation - Child,R0333028,"DCC Business Entities (Sole Trade, Partnership, Ltd)"
18,Devon County Council,13/05/2026,22095573,"5,535.34",EE LIMITED,403990,245719348,Transformation & Business Services,A45030,Mobile Phones,R0505006,"DCC Business Entities (Sole Trade, Partnership, Ltd)"
18,Devon County Council,13/05/2026,22096050,750,EMMI WILSON,328608,260680607,"Chief Exec, Legal & Democratic services",A44968,Legal & Conveyancing Charges,R0276001,"DCC Business Entities (Sole Trade, Partnership, Ltd)"
18,Devon County Council,13/05/2026,22097124,532,DR KERRY DAVISON,401639,,P-Ledger - Separate Legal Entity,A61060,Support for Children in Care,P0432008,"DCC Business Entities (Sole Trade, Partnership, Ltd)"
18,Devon County Council,13/05/2026,22097150,538.6,A PRACTICAL APPROACH TO SPEECH,400195,,Dedicated Schools Grant,A44185,Other professional Services (Schools),R0082002,"DCC Business Entities (Sole Trade, Partnership, Ltd)"
18,Devon County Council,13/05/2026,22097172,605,CLAIRE APPLEBY,356126,845131444,"Chief Exec, Legal & Democratic services",A44968,Legal & Conveyancing Charges,R0276001,"DCC Business Entities (Sole Trade, Partnership, Ltd)"
18,Devon County Council,13/05/2026,22097340,"29,859.36",ISCA COMMUNITY ENTERPRISES,330553,,"Chief Exec, Legal & Democratic services",A44165,Compensation Claims payments,R0283001,"DCC Business Entities (Sole Trade, Partnership, Ltd)"
18,Devon County Council,13/05/2026,22097484,"6,099.80",PARK SCHOOL,59368,482797730,Dedicated Schools Grant,A61052,Independent Special School Fees,R0089003,"DCC Business Entities (Sole Trade, Partnership, Ltd)"
18,Devon County Council,13/05/2026,22097610,"1,205.95",WESSEX TREE SURGEONS LIMITED,18324,382780231,Highways & Infrastructure Development,A49005,Other Hired & Contracting Services,R0553005,"DCC Business Entities (Sole Trade, Partnership, Ltd)"
18,Devon County Council,13/05/2026,22097688,890,HELD HEALTH LIMITED,392625,,P-Ledger - Separate Legal Entity,A61060,Support for Children in Care,P0432008,"DCC Business Entities (Sole Trade, Partnership, Ltd)"
18,Devon County Council,13/05/2026,22097730,"1,500.00",ASHFORDS LLP,88874,140836186,"Capital - Planning, Transportation and Environment",C02011,External Professional Fees,C0671003,"DCC Business Entities (Sole Trade, Partnership, Ltd)"
18,Devon County Council,14/05/2026,22092897,"10,000.00",LIBRARIES UNLIMITED SOUTH WEST,334595,235429115,Communities,A46100,Main / Term Contractor,R0325001,"DCC Business Entities (Sole Trade, Partnership, Ltd)"
18,Devon County Council,14/05/2026,22093058,"4,037.50",EVOLVE PSYCHOTHERAPY,377263,,Dedicated Schools Grant,A44180,Services for Educational Estabs - Devon,R0010004,"DCC Business Entities (Sole Trade, Partnership, Ltd)"
18,Devon County Council,14/05/2026,22093649,834,GVAV LIMITED,94475,770015070,Capital - Legal & Democratic Services,C04010,IT Hardware,C0671001,"DCC Business Entities (Sole Trade, Partnership, Ltd)"
18,Devon County Council,14/05/2026,22094249,"1,100.88",Elmtree Learning Partnership Ltd,601452,494225084,Dedicated Schools Grant,A44185,Other professional Services (Schools),R0082007,"DCC Business Entities (Sole Trade, Partnership, Ltd)"
18,Devon County Council,14/05/2026,22094255,"2,665.00",Elmtree Learning Partnership Ltd,601452,494225084,Dedicated Schools Grant,A44185,Other professional Services (Schools),R0082007,"DCC Business Entities (Sole Trade, Partnership, Ltd)"
18,Devon County Council,14/05/2026,22094397,731.4,CARTER BROWN - THE EXPERT S LIMITED,292905,281653589,"Chief Exec, Legal & Democratic services",A44038,Fees,R0276001,"DCC Business Entities (Sole Trade, Partnership, Ltd)"
18,Devon County Council,14/05/2026,22094415,"4,991.43",MARINE & CIVIL SOLUTIONS LIMITED,283395,431868383,Capital - Highways,C02009,Works,C0671004,DCC CIS Suppliers
18,Devon County Council,14/05/2026,22096668,604.17,TIVERTON HOTEL LIMITED,188311,927388876,Inclusion & Learning,A22010,Hire of Rooms,R0118001,"DCC Business Entities (Sole Trade, Partnership, Ltd)"
18,Devon County Council,14/05/2026,22097398,"5,000.00",FRANCOTYP POSTALIA LIMITED (TELESET),90476,566261823,Transformation & Business Services,A20005,"Property Repairs, Maintenance & Alterations (programmed)",R0333026,"DCC Business Entities (Sole Trade, Partnership, Ltd)"
18,Devon County Council,14/05/2026,22097401,"5,000.00",FRANCOTYP POSTALIA LIMITED (TELESET),90476,566261823,Transformation & Business Services,A20005,"Property Repairs, Maintenance & Alterations (programmed)",R0333026,"DCC Business Entities (Sole Trade, Partnership, Ltd)"
18,Devon County Council,14/05/2026,22097493,540,Joanna North Adoption Limited,302598,784224028,Children's Social Care,A61060,Support for Children in Care,R0106002,"DCC Business Entities (Sole Trade, Partnership, Ltd)"
18,Devon County Council,14/05/2026,22097496,"5,175.00",RUWAC PRODUCTIONS LIMITED,402944,439834163,Communities,A44038,Fees,R0536015,"DCC Business Entities (Sole Trade, Partnership, Ltd)"
18,Devon County Council,14/05/2026,22097558,"21,196.25",SOUTH HAMS DISTRICT COUNCIL,8255,142204125,Transformation & Business Services,A22005,Building Rents,R0333026,"DCC Business Entities (Sole Trade, Partnership, Ltd)"
18,Devon County Council,13/05/2026,22097757,"2,061.60",ASHFORDS LLP,88874,140836186,"Capital - Planning, Transportation and Environment",C02011,External Professional Fees,C0671003,"DCC Business Entities (Sole Trade, Partnership, Ltd)"
18,Devon County Council,13/05/2026,150448380,"40,324.57",M Group Highways Limited,375383,927200546,Highways & Infrastructure Development,A46100,Main / Term Contractor,R0553006,"DCC Business Entities (Sole Trade, Partnership, Ltd)"
18,Devon County Council,13/05/2026,150448384,"12,502.86",M Group Highways Limited,375383,927200546,Highways & Infrastructure Development,A46100,Main / Term Contractor,R0554004,"DCC Business Entities (Sole Trade, Partnership, Ltd)"
18,Devon County Council,13/05/2026,150448388,"4,112.33",M Group Highways Limited,375383,927200546,Highways & Infrastructure Development,A46100,Main / Term Contractor,R0554004,"DCC Business Entities (Sole Trade, Partnership, Ltd)"
18,Devon County Council,14/05/2026,22085577,"75,734.67",Altogether Care - Care at Home Ltd,600796,373708870,Operations,A57136,Personal Care Block,R0234001,"DCC Business Entities (Sole Trade, Partnership, Ltd)"
18,Devon County Council,14/05/2026,22086920,"85,498.50",GRANT THORNTON UK LLP,248193,835586102,Finance & Public Value,A49090,Audit Fees - standard,R0200001,"DCC Business Entities (Sole Trade, Partnership, Ltd)"
18,Devon County Council,14/05/2026,22092035,"8,362.00",Exeter College (Exeter and North Devon Colleges Group),6141,125451632,"Economy, Enterprise and Skills",A44038,Fees,R0546004,"DCC Business Entities (Sole Trade, Partnership, Ltd)"
18,Devon County Council,14/05/2026,22092109,650,SWARCO UK & IRELAND LIMITED,13690,568335022,Highways & Infrastructure Development,A46100,Main / Term Contractor,R0567002,DCC CIS Suppliers
18,Devon County Council,14/05/2026,22092117,"1,745.51",SWARCO UK & IRELAND LIMITED,13690,568335022,Capital - Highways,C02009,Works,C0671005,DCC CIS Suppliers
18,Devon County Council,14/05/2026,22092138,650,SWARCO UK & IRELAND LIMITED,13690,568335022,Highways & Infrastructure Development,A46100,Main / Term Contractor,R0567002,DCC CIS Suppliers
18,Devon County Council,14/05/2026,22092801,"7,748.01",QUALITY MARKING SERVICES LIMITED,86608,777323994,Highways & Infrastructure Development,A49005,Other Hired & Contracting Services,R0552003,DCC CIS Suppliers
18,Devon County Council,14/05/2026,22092845,"1,883.87",COURTNEY THORNE CARE TECHNOLOGY,256003,504279751,Operations,A44038,Fees,R0269001,"DCC Business Entities (Sole Trade, Partnership, Ltd)"
18,Devon County Council,14/05/2026,22092898,"20,541.12",North Devon College (Exeter and North Devon Colleges Group),603346,125451632,"Economy, Enterprise and Skills",A53012,Payments to Independent Units,R0539003,"DCC Business Entities (Sole Trade, Partnership, Ltd)"
18,Devon County Council,14/05/2026,22092901,"10,000.00",LIBRARIES UNLIMITED SOUTH WEST,334595,235429115,Communities,A46100,Main / Term Contractor,R0325001,"DCC Business Entities (Sole Trade, Partnership, Ltd)"
18,Devon County Council,14/05/2026,22093026,905.2,FLOWBIRD SMART CITY UK,222453,821077453,Highways & Infrastructure Development,A40920,Equipment,R0556016,"DCC Business Entities (Sole Trade, Partnership, Ltd)"
18,Devon County Council,14/05/2026,22093368,684.85,SOUTHWEST ESTATE MAINTENANCE LIMITED,401880,506499273,Capital - Highways,C02009,Works,C0652001,DCC CIS Suppliers
18,Devon County Council,14/05/2026,22093537,"29,539.86",OCULAR INTEGRATION LIMITED,368413,417069846,"Capital - Planning, Transportation and Environment",C02009,Works,C0671011,"DCC Business Entities (Sole Trade, Partnership, Ltd)"
18,Devon County Council,14/05/2026,22094136,"3,900.00",DODDS SOLICITORS LLP,394172,729928286,"Chief Exec, Legal & Democratic services",A44968,Legal & Conveyancing Charges,R0276001,"DCC Business Entities (Sole Trade, Partnership, Ltd)"
18,Devon County Council,14/05/2026,22094244,"2,243.63",Elmtree Learning Partnership Ltd,601452,494225084,Dedicated Schools Grant,A44185,Other professional Services (Schools),R0082007,"DCC Business Entities (Sole Trade, Partnership, Ltd)"
18,Devon County Council,14/05/2026,22094251,"1,406.93",Elmtree Learning Partnership Ltd,601452,494225084,Dedicated Schools Grant,A44185,Other professional Services (Schools),R0082007,"DCC Business Entities (Sole Trade, Partnership, Ltd)"
18,Devon County Council,14/05/2026,22094259,"2,298.32",Royal Deaf Education Trust,8245,478920838,Dedicated Schools Grant,A61052,Independent Special School Fees,R0089003,"DCC Business Entities (Sole Trade, Partnership, Ltd)"
18,Devon County Council,14/05/2026,22094267,"4,039.75",Elmtree Learning Partnership Ltd,601452,494225084,Dedicated Schools Grant,A44185,Other professional Services (Schools),R0082007,"DCC Business Entities (Sole Trade, Partnership, Ltd)"
18,Devon County Council,14/05/2026,22095854,510.3,Blue Sky Therapies,301527,,Dedicated Schools Grant,A44185,Other professional Services (Schools),R0082006,"DCC Business Entities (Sole Trade, Partnership, Ltd)"
18,Devon County Council,14/05/2026,22095936,"20,945.00",ICE CREATES LIMITED,121640,732833240,Public Health,A57115,Payments to Private Contractors,R0316084,"DCC Business Entities (Sole Trade, Partnership, Ltd)"
18,Devon County Council,14/05/2026,22096320,606.3,PERSONNEL SOLUTIONS LIMITED,311452,862007055,Operations,A11005,Agency Supply Staff,R0268001,"DCC Business Entities (Sole Trade, Partnership, Ltd)"
18,Devon County Council,14/05/2026,22097019,"13,673.26",MERCURY CONSTRUCTION (SOUTH WEST)  LIMITED,250527,892673673,Capital other - Digital Technology & Business Services,C02009,Works,C0647001,DCC CIS Suppliers
18,Devon County Council,14/05/2026,22097118,"176,992.62",Royal Deaf Education Trust,8245,478920838,Dedicated Schools Grant,A61052,Independent Special School Fees,R0089003,"DCC Business Entities (Sole Trade, Partnership, Ltd)"
18,Devon County Council,14/05/2026,22097768,639,PSYCHOLOGY ASSOCIATES LIMITED,147932,912873418,P-Ledger - Separate Legal Entity,A61060,Support for Children in Care,P0432008,"DCC Business Entities (Sole Trade, Partnership, Ltd)"
18,Devon County Council,14/05/2026,22097860,"4,500.00",NATIONAL TRUST,103074,239503167,Capital - Highways,C02011,External Professional Fees,C0652001,"DCC Business Entities (Sole Trade, Partnership, Ltd)"
18,Devon County Council,14/05/2026,22097912,781.38,OCEAN HEALTHCARE,371633,776836374,Operations,A11015,Other Agency Staff,R0253002,"DCC Business Entities (Sole Trade, Partnership, Ltd)"
18,Devon County Council,14/05/2026,22098061,"1,150.00",Sophie Knapp - Albion,604866,453908572,"Chief Exec, Legal & Democratic services",A44968,Legal & Conveyancing Charges,R0276001,"DCC Business Entities (Sole Trade, Partnership, Ltd)"
18,Devon County Council,14/05/2026,150448389,"1,567.84",M Group Highways Limited,375383,927200546,Highways & Infrastructure Development,A46100,Main / Term Contractor,R0554004,"DCC Business Entities (Sole Trade, Partnership, Ltd)"
18,Devon County Council,15/05/2026,22087964,"1,330.00",TEIGN TREES & LANDSCAPES SOUTH WEST LIMITED,209228,250371238,Highways & Infrastructure Development,A40920,Equipment,R0550013,DCC CIS Suppliers
18,Devon County Council,15/05/2026,22092850,"9,900.00",NAGELS UK LIMITED,150564,721421381,Highways & Infrastructure Development,A43015,Stationery,R0556001,"DCC Business Entities (Sole Trade, Partnership, Ltd)"
18,Devon County Council,15/05/2026,22092872,591.27,ARMOUR ANALYTICAL SERVICES LIMITED,379121,238378966,Capital - Highways,C02009,Works,C0671004,"DCC Business Entities (Sole Trade, Partnership, Ltd)"
18,Devon County Council,15/05/2026,22092961,"2,626.82",VALLEY MOBILITY SERVICES LIMITED,87203,728762990,P-Ledger - Separate Legal Entity,A61054,Equipment (Care),P0391002,"DCC Business Entities (Sole Trade, Partnership, Ltd)"
18,Devon County Council,15/05/2026,22093081,"6,014.96",WEST DEVON CVS,202899,,P-Ledger - Separate Legal Entity,A47005,"Grants, Contributions & Donations",P0391008,"DCC Business Entities (Sole Trade, Partnership, Ltd)"
18,Devon County Council,15/05/2026,22093082,"7,500.00",WEST DEVON CVS,202899,,Operations,A47005,"Grants, Contributions & Donations",R0489023,"DCC Business Entities (Sole Trade, Partnership, Ltd)"
18,Devon County Council,15/05/2026,22093132,"2,465.00",POLES APART AP LIMITED,382940,415121054,Dedicated Schools Grant,A44185,Other professional Services (Schools),R0082007,"DCC Business Entities (Sole Trade, Partnership, Ltd)"
18,Devon County Council,15/05/2026,22093604,"3,793.20",LEAF COMPLEX CARE LIMITED,360974,,Children's Social Care,A61200,Community based care,R0044004,"DCC Business Entities (Sole Trade, Partnership, Ltd)"
18,Devon County Council,15/05/2026,22093840,"9,914.60",AVC WISE LIMITED TRADING AS MY MONEY MATTERS,386397,298413370,People and Culture,A44038,Fees,R0502001,"DCC Business Entities (Sole Trade, Partnership, Ltd)"
18,Devon County Council,14/05/2026,22097240,"9,843.00",KENNFORD TARMACADAM LIMITED,24534,976391178,Capital - Highways,C02009,Works,C0671006,DCC CIS Suppliers
18,Devon County Council,14/05/2026,22097465,"20,856.00",KENNFORD TARMACADAM LIMITED,24534,976391178,Capital - Highways,C02009,Works,C0671006,DCC CIS Suppliers
18,Devon County Council,14/05/2026,22098100,"7,500.00",Cottage Internal Residential Home Imprest Account,604927,,Suspense Control Account,A79006,Imprest Suspense,R0502053,"DCC Business Entities (Sole Trade, Partnership, Ltd)"
18,Devon County Council,14/05/2026,150448379,"24,640.06",M Group Highways Limited,375383,927200546,Capital - Highways,C02051,Term Maintenance Contract,C0652001,"DCC Business Entities (Sole Trade, Partnership, Ltd)"
18,Devon County Council,15/05/2026,22087292,814.5,LAND SOLUTIONS (SOUTH WEST) LTD,600521,275755659,Highways & Infrastructure Development,A49005,Other Hired & Contracting Services,R0557013,DCC CIS Suppliers
18,Devon County Council,15/05/2026,22093088,"1,729.50",CRELLING HARNESSES FOR THE DISAB,5309,156705359,"Transport Operations, Environment and Waste",A40070,Stock Materials,R0578017,"DCC Business Entities (Sole Trade, Partnership, Ltd)"
18,Devon County Council,15/05/2026,22093089,"107,500.11",ASPRIS CHILDRENS SERVICES,269558,411348137,Dedicated Schools Grant,A61052,Independent Special School Fees,R0089003,"DCC Business Entities (Sole Trade, Partnership, Ltd)"
18,Devon County Council,15/05/2026,22093107,"2,610.00",POLES APART AP LIMITED,382940,415121054,Dedicated Schools Grant,A44185,Other professional Services (Schools),R0082007,"DCC Business Entities (Sole Trade, Partnership, Ltd)"
18,Devon County Council,15/05/2026,22093112,"1,740.00",POLES APART AP LIMITED,382940,415121054,Dedicated Schools Grant,A44185,Other professional Services (Schools),R0082007,"DCC Business Entities (Sole Trade, Partnership, Ltd)"
18,Devon County Council,15/05/2026,22093139,"5,400.00",POLES APART AP LIMITED,382940,415121054,Dedicated Schools Grant,A44185,Other professional Services (Schools),R0082007,"DCC Business Entities (Sole Trade, Partnership, Ltd)"
18,Devon County Council,15/05/2026,22093155,"2,320.00",POLES APART AP LIMITED,382940,415121054,Dedicated Schools Grant,A53035,Other Recoupment Expenditure (3rd),R0111002,"DCC Business Entities (Sole Trade, Partnership, Ltd)"
18,Devon County Council,15/05/2026,22093948,745,STEARN ELECTRIC COMPANY LIMITED,21421,927202736,Children's Social Care,A40920,Equipment,R0095004,"DCC Business Entities (Sole Trade, Partnership, Ltd)"
18,Devon County Council,15/05/2026,22094877,945,GRAPEVINE CONNECTS,405508,,P-Ledger - Separate Legal Entity,A61060,Support for Children in Care,P0432008,"DCC Business Entities (Sole Trade, Partnership, Ltd)"
18,Devon County Council,15/05/2026,22095037,"2,380.00",POSITIVE LIGHTS PROJECTS COMMUNITY INTEREST COMPANY,375734,,"Economy, Enterprise and Skills",A22010,Hire of Rooms,R0539003,"DCC Business Entities (Sole Trade, Partnership, Ltd)"
18,Devon County Council,15/05/2026,22095841,"2,045.39",RIVER MEDIA DEVON LIMITED TRADING AS ONE ME,266325,913539523,"Economy, Enterprise and Skills",A49040,Promotions,R0539001,"DCC Business Entities (Sole Trade, Partnership, Ltd)"
18,Devon County Council,15/05/2026,22097460,"2,422.60",SLEE BLACKWELL SOLICITORS LLP,401218,144126985,"Capital - Planning, Transportation and Environment",C01010,Acquisitions - Purchase Cost - Legal Fees,C0671003,"DCC Business Entities (Sole Trade, Partnership, Ltd)"
18,Devon County Council,15/05/2026,22097561,"119,654.60",MID DEVON DISTRICT COUNCIL,19708,142203912,"Transport Operations, Environment and Waste",A49005,Other Hired & Contracting Services,R0590001,"DCC Business Entities (Sole Trade, Partnership, Ltd)"
18,Devon County Council,18/05/2026,22078821,825,BALES FARM OUTDOOR LEARNING LTD,377260,505816692,Dedicated Schools Grant,A44185,Other professional Services (Schools),R0082007,"DCC Business Entities (Sole Trade, Partnership, Ltd)"
18,Devon County Council,18/05/2026,22090060,"1,516.90",LANGUAGE LINE SOLUTIONS,88978,736300262,"Chief Exec, Legal & Democratic services",A44050,Translating & Interpreter Services,R0281001,"DCC Business Entities (Sole Trade, Partnership, Ltd)"
18,Devon County Council,18/05/2026,22092890,-833,FUELCARD SERVICES LIMITED,326358,447765312,"Transport Operations, Environment and Waste",A30015,Vehicle Fuel,R0584003,"DCC Business Entities (Sole Trade, Partnership, Ltd)"
18,Devon County Council,18/05/2026,22093215,-693.2,PEARSON EDUCATION,22002,278537121,"Economy, Enterprise and Skills",A44110,Exam Fees,R0539001,"DCC Business Entities (Sole Trade, Partnership, Ltd)"
18,Devon County Council,18/05/2026,22093433,515,SOUTH WEST COUNCILS,261183,131462795,Finance & Public Value,A16015,Staff Training Expenses - Non Payroll,R0493001,"DCC Business Entities (Sole Trade, Partnership, Ltd)"
18,Devon County Council,18/05/2026,22093459,825,BALES FARM OUTDOOR LEARNING LTD,377260,505816692,Dedicated Schools Grant,A44185,Other professional Services (Schools),R0082007,"DCC Business Entities (Sole Trade, Partnership, Ltd)"
18,Devon County Council,18/05/2026,22093477,"2,794.00",DEVON PATHWAYS LTD,383486,392542678,Dedicated Schools Grant,A44185,Other professional Services (Schools),R0082007,"DCC Business Entities (Sole Trade, Partnership, Ltd)"
18,Devon County Council,18/05/2026,22093492,"2,200.00",BALES FARM OUTDOOR LEARNING LTD,377260,505816692,Dedicated Schools Grant,A44185,Other professional Services (Schools),R0082007,"DCC Business Entities (Sole Trade, Partnership, Ltd)"
18,Devon County Council,18/05/2026,22093507,513.54,RCR MEDICAL,368564,,Public Health Nursing,A44038,Fees,R0019003,"DCC Business Entities (Sole Trade, Partnership, Ltd)"
18,Devon County Council,18/05/2026,22093521,"4,183.20",SWAN ADVOCACY NETWORK,340882,,Operations,A44038,Fees,R0222002,"DCC Business Entities (Sole Trade, Partnership, Ltd)"
18,Devon County Council,15/05/2026,22094032,"30,000.00",COUNTY COUNCILS NETWORK,20476,239098631,"Chief Exec, Legal & Democratic services",A47005,"Grants, Contributions & Donations",R0282001,"DCC Business Entities (Sole Trade, Partnership, Ltd)"
18,Devon County Council,15/05/2026,22095867,"1,155.00",SOUTHWEST FIXINGS LIMITED,376009,106312070,Highways & Infrastructure Development,A40070,Stock Materials,R0557019,"DCC Business Entities (Sole Trade, Partnership, Ltd)"
18,Devon County Council,15/05/2026,22096090,605,Daya Mann,602921,699081679,"Chief Exec, Legal & Democratic services",A44968,Legal & Conveyancing Charges,R0276001,"DCC Business Entities (Sole Trade, Partnership, Ltd)"
18,Devon County Council,15/05/2026,22096632,"1,055.01",GCI NETWORK SOLUTIONS TA NASSTAR,380659,199872429,Highways & Infrastructure Development,A40075,Road & Other Signs,R0567002,"DCC Business Entities (Sole Trade, Partnership, Ltd)"
18,Devon County Council,15/05/2026,22096710,"2,354.50",INVOLVE CARE SOLUTIONS LIMITED,402831,,Children's Social Care,A61200,Community based care,R0044004,"DCC Business Entities (Sole Trade, Partnership, Ltd)"
18,Devon County Council,15/05/2026,22097572,"1,601.14","MR H, D & W MULRINE BUSINESS AC",388255,,Operations,A57133,Enabling,R0227009,"DCC Business Entities (Sole Trade, Partnership, Ltd)"
18,Devon County Council,15/05/2026,22097772,"6,129.01",MONICA Y ZAPATA LOPEZ,392518,,Transformation & Business Services,A62000,Supported Accommodation - Child,R0333028,"DCC Business Entities (Sole Trade, Partnership, Ltd)"
18,Devon County Council,15/05/2026,22097868,850,EXETER PAEDIATRIC I C S LIMITED,373429,,P-Ledger - Separate Legal Entity,A61060,Support for Children in Care,P0432008,"DCC Business Entities (Sole Trade, Partnership, Ltd)"
18,Devon County Council,15/05/2026,22097902,"207,231.75",PHOENIX LEARNING & CARE LIMITED,100780,480641981,Dedicated Schools Grant,A61052,Independent Special School Fees,R0089003,"DCC Business Entities (Sole Trade, Partnership, Ltd)"
18,Devon County Council,15/05/2026,22098062,"10,903.32",MOUNT KELLY FOUNDATION,288947,237262412,Dedicated Schools Grant,A61052,Independent Special School Fees,R0089003,"DCC Business Entities (Sole Trade, Partnership, Ltd)"
18,Devon County Council,15/05/2026,22098063,"1,500.00",MOUNT KELLY FOUNDATION,288947,237262412,Dedicated Schools Grant,A61052,Independent Special School Fees,R0089003,"DCC Business Entities (Sole Trade, Partnership, Ltd)"
18,Devon County Council,15/05/2026,22098065,"14,943.18",MOUNT KELLY FOUNDATION,288947,237262412,Dedicated Schools Grant,A61052,Independent Special School Fees,R0089003,"DCC Business Entities (Sole Trade, Partnership, Ltd)"
18,Devon County Council,15/05/2026,22098160,"412,500.00",CITIZENS ADVICE BUREAU (S HAMS),41449,,Communities,A52010,"Grants to voluntary, community and social enterprise organisations",R0532002,"DCC Business Entities (Sole Trade, Partnership, Ltd)"
18,Devon County Council,18/05/2026,22093542,"5,000.00",ALL TOLD CREATIVE LIMITED,384236,393010912,"Transport Operations, Environment and Waste",A44038,Fees,R0579007,"DCC Business Entities (Sole Trade, Partnership, Ltd)"
18,Devon County Council,18/05/2026,22093563,900,HUGH CORNFORD CARE OF COLLETON CHAMBERS,402489,150808914,"Chief Exec, Legal & Democratic services",A44968,Legal & Conveyancing Charges,R0276001,"DCC Business Entities (Sole Trade, Partnership, Ltd)"
18,Devon County Council,18/05/2026,22093595,"14,954.00",NOCK BEN LIMITED,253420,754769188,Children's Social Care,A20005,"Property Repairs, Maintenance & Alterations (programmed)",R0015001,DCC CIS Suppliers
18,Devon County Council,18/05/2026,22093941,959.88,AIDED DESIGN & DRAUGHTING SUPPLS,6940,585908978,"Transport Operations, Environment and Waste",A43010,Printing,R0582001,"DCC Business Entities (Sole Trade, Partnership, Ltd)"
18,Devon County Council,18/05/2026,22094077,"3,247.50",ADOPSTAR LIMITED,392682,115036848,"Economy, Enterprise and Skills",A45049,WEBSITE,R0539003,"DCC Business Entities (Sole Trade, Partnership, Ltd)"
18,Devon County Council,18/05/2026,22094089,"1,100.00",ANGUS CRUTCHFIELD,357064,,P-Ledger - Separate Legal Entity,A61060,Support for Children in Care,P0432008,"DCC Business Entities (Sole Trade, Partnership, Ltd)"
18,Devon County Council,18/05/2026,22094339,"54,591.60",STOVER SCHOOL,61468,480411906,Capital - Highways,C02011,External Professional Fees,C0671008,"DCC Business Entities (Sole Trade, Partnership, Ltd)"
18,Devon County Council,18/05/2026,22094539,500,HELEN BRAY,396752,948819170,"Chief Exec, Legal & Democratic services",A44968,Legal & Conveyancing Charges,R0276001,"DCC Business Entities (Sole Trade, Partnership, Ltd)"
18,Devon County Council,18/05/2026,22094895,624.5,LEXTOX,308992,111581940,"Chief Exec, Legal & Democratic services",A44038,Fees,R0276001,"DCC Business Entities (Sole Trade, Partnership, Ltd)"
18,Devon County Council,18/05/2026,22097166,"4,749.56",PROMIND CARE LIMITED,404732,,Operations,A44038,Fees,R0222002,"DCC Business Entities (Sole Trade, Partnership, Ltd)"
18,Devon County Council,18/05/2026,22098119,"8,889.50",PROMOTING INDEPENDENT CARE LIMITED,376159,,Children's Social Care,A11005,Agency Supply Staff,R0095006,"DCC Business Entities (Sole Trade, Partnership, Ltd)"
18,Devon County Council,18/05/2026,22098166,"12,559.93",IDOX SOFTWARE LIMITED,308637,766800804,"Transport Operations, Environment and Waste",A45045,IT Software Maintenance,R0615001,"DCC Business Entities (Sole Trade, Partnership, Ltd)"
18,Devon County Council,18/05/2026,22098168,"1,196.26",TEIGN TREES & LANDSCAPES SOUTH WEST LIMITED,209228,250371238,Highways & Infrastructure Development,A49005,Other Hired & Contracting Services,R0553005,DCC CIS Suppliers
18,Devon County Council,18/05/2026,22098299,"1,000.00",DR CAS SCHNEIDER,396745,,P-Ledger - Separate Legal Entity,A61060,Support for Children in Care,P0432008,"DCC Business Entities (Sole Trade, Partnership, Ltd)"
18,Devon County Council,19/05/2026,22004805,"3,785.96",BRANDON HOUSE NURSING HOME,375233,,P-Ledger - Separate Legal Entity,B29020,VAT Incomings (Output Tax),P0436007,"DCC Business Entities (Sole Trade, Partnership, Ltd)"
18,Devon County Council,19/05/2026,22087583,833,NORSE SOUTH WEST LIMITED,279741,785421021,Capital other - Digital Technology & Business Services,C02011,External Professional Fees,C0647001,"DCC Business Entities (Sole Trade, Partnership, Ltd)"
18,Devon County Council,19/05/2026,22093606,706.4,SUPPORT'ED LIMITED,352913,373393085,Dedicated Schools Grant,A44185,Other professional Services (Schools),R0082007,"DCC Business Entities (Sole Trade, Partnership, Ltd)"
18,Devon County Council,19/05/2026,22093608,883,SUPPORT'ED LIMITED,352913,373393085,Dedicated Schools Grant,A44185,Other professional Services (Schools),R0082007,"DCC Business Entities (Sole Trade, Partnership, Ltd)"
18,Devon County Council,19/05/2026,22094057,"747,528.30",HOLCIM UK LIMITED,21683,533260571,Capital - Highways,C02009,Works,C0652001,"DCC Business Entities (Sole Trade, Partnership, Ltd)"
18,Devon County Council,19/05/2026,22095024,"5,521.84",PHOENIX LEARNING & CARE LIMITED,100780,480641981,Operations,A57145,Residential Care - Short Stay,R0227063,"DCC Business Entities (Sole Trade, Partnership, Ltd)"
18,Devon County Council,19/05/2026,22095642,717.6,OCEAN HEALTHCARE (TRADING AS TAHER LIMITED),346692,776836374,Children's Social Care,A61200,Community based care,R0046004,"DCC Business Entities (Sole Trade, Partnership, Ltd)"
18,Devon County Council,19/05/2026,22095930,756,OCEAN HEALTHCARE (TRADING AS TAHER LIMITED),346692,776836374,Children's Social Care,A61200,Community based care,R0044004,"DCC Business Entities (Sole Trade, Partnership, Ltd)"
18,Devon County Council,19/05/2026,22096291,"1,270.81",OCEAN HEALTHCARE,371633,776836374,Operations,A11005,Agency Supply Staff,R0269001,"DCC Business Entities (Sole Trade, Partnership, Ltd)"
18,Devon County Council,19/05/2026,22096296,"20,169.46",MARINE & CIVIL SOLUTIONS LIMITED,283395,431868383,Capital - Highways,C02009,Works,C0671004,DCC CIS Suppliers
18,Devon County Council,19/05/2026,22096309,"1,630.36",MARINE & CIVIL SOLUTIONS LIMITED,283395,431868383,Capital - Highways,C02009,Works,C0671004,DCC CIS Suppliers
18,Devon County Council,19/05/2026,22097365,993.5,DODDS SOLICITORS LLP,394172,729928286,"Chief Exec, Legal & Democratic services",A44968,Legal & Conveyancing Charges,R0276001,"DCC Business Entities (Sole Trade, Partnership, Ltd)"
18,Devon County Council,19/05/2026,22097702,"2,433.12",DR KASU KIRAN,401187,,Operations,A44038,Fees,R0222002,"DCC Business Entities (Sole Trade, Partnership, Ltd)"
18,Devon County Council,19/05/2026,22098016,500.1,OCEAN HEALTHCARE,371633,776836374,Operations,A11015,Other Agency Staff,R0253002,"DCC Business Entities (Sole Trade, Partnership, Ltd)"
18,Devon County Council,15/05/2026,22098334,"2,770.20",TED WRAGG MULTI ACADEMY TRUST,323696,306250049,Communities,A53040,Contributions to Educational Estabs (3rd,R0530007,"DCC Business Entities (Sole Trade, Partnership, Ltd)"
18,Devon County Council,18/05/2026,22011574,928.57,KEYCHANGE CHARITY WALMER HOUSE C,161169,,Operations,A57145,Residential Care - Short Stay,R0234001,"DCC Business Entities (Sole Trade, Partnership, Ltd)"
18,Devon County Council,18/05/2026,22014137,"43,570.03",FAIRWAY LODGE & QUAY VIEW S,373942,,Children's Social Care,A61043,Residential Care U18,R0033006,"DCC Business Entities (Sole Trade, Partnership, Ltd)"
18,Devon County Council,18/05/2026,22067497,"3,180.92",PROSPERO RECRUITMENT LIMITED,352539,486704947,Dedicated Schools Grant,A44185,Other professional Services (Schools),R0082007,"DCC Business Entities (Sole Trade, Partnership, Ltd)"
18,Devon County Council,18/05/2026,22089195,"7,742.00",DEVON PATHWAYS LTD,383486,392542678,Dedicated Schools Grant,A44185,Other professional Services (Schools),R0082007,"DCC Business Entities (Sole Trade, Partnership, Ltd)"
18,Devon County Council,18/05/2026,22089417,930,HORWOOD COOMBE INSPIRE LIMITED,315946,481864066,Dedicated Schools Grant,A44180,Services for Educational Estabs - Devon,R0010004,"DCC Business Entities (Sole Trade, Partnership, Ltd)"
18,Devon County Council,18/05/2026,22090945,"-1,041.67",FUELCARD SERVICES LIMITED,326358,447765312,"Transport Operations, Environment and Waste",A30015,Vehicle Fuel,R0584003,"DCC Business Entities (Sole Trade, Partnership, Ltd)"
18,Devon County Council,18/05/2026,22091661,586,DEVON PATHWAYS LTD,383486,392542678,Dedicated Schools Grant,A44185,Other professional Services (Schools),R0082007,"DCC Business Entities (Sole Trade, Partnership, Ltd)"
18,Devon County Council,18/05/2026,22092183,"1,981.44",PROMIND CARE LIMITED,404732,,Operations,A44038,Fees,R0222002,"DCC Business Entities (Sole Trade, Partnership, Ltd)"
18,Devon County Council,18/05/2026,22092874,-833,FUELCARD SERVICES LIMITED,326358,447765312,"Transport Operations, Environment and Waste",A30015,Vehicle Fuel,R0584003,"DCC Business Entities (Sole Trade, Partnership, Ltd)"
18,Devon County Council,18/05/2026,22092934,"1,050.26",INVOLVE CARE SOLUTIONS LIMITED,402831,,Children's Social Care,A61200,Community based care,R0044007,"DCC Business Entities (Sole Trade, Partnership, Ltd)"
18,Devon County Council,18/05/2026,22093406,"4,216.68",SWATPRO LIMITED,402796,,"Economy, Enterprise and Skills",A44038,Fees,R0546004,"DCC Business Entities (Sole Trade, Partnership, Ltd)"
18,Devon County Council,18/05/2026,22093430,515,SOUTH WEST COUNCILS,261183,131462795,Finance & Public Value,A16015,Staff Training Expenses - Non Payroll,R0493001,"DCC Business Entities (Sole Trade, Partnership, Ltd)"
18,Devon County Council,18/05/2026,22093447,"10,500.00",PRIMED TALENT LIMITED,390265,258192384,"Economy, Enterprise and Skills",A44038,Fees,R0546004,"DCC Business Entities (Sole Trade, Partnership, Ltd)"
18,Devon County Council,18/05/2026,22093454,"1,757.50",TOPP TREE CARE LTD,389748,434623407,Highways & Infrastructure Development,A49005,Other Hired & Contracting Services,R0560002,"DCC Business Entities (Sole Trade, Partnership, Ltd)"
18,Devon County Council,18/05/2026,22093471,"1,650.00",BALES FARM OUTDOOR LEARNING LTD,377260,505816692,Dedicated Schools Grant,A44185,Other professional Services (Schools),R0082007,"DCC Business Entities (Sole Trade, Partnership, Ltd)"
18,Devon County Council,18/05/2026,22093480,"1,375.00",BALES FARM OUTDOOR LEARNING LTD,377260,505816692,Dedicated Schools Grant,A44185,Other professional Services (Schools),R0082007,"DCC Business Entities (Sole Trade, Partnership, Ltd)"
18,Devon County Council,18/05/2026,22093488,"2,200.00",BALES FARM OUTDOOR LEARNING LTD,377260,505816692,Dedicated Schools Grant,A44180,Services for Educational Estabs - Devon,R0010004,"DCC Business Entities (Sole Trade, Partnership, Ltd)"
18,Devon County Council,18/05/2026,22093498,693,REALISE LEARNING AND EMPLOYMENT LIMITED,401700,364816672,"Economy, Enterprise and Skills",A44038,Fees,R0546004,"DCC Business Entities (Sole Trade, Partnership, Ltd)"
18,Devon County Council,18/05/2026,22093516,"4,937.28",SWARCO UK & IRELAND LIMITED,13690,568335022,Highways & Infrastructure Development,A46100,Main / Term Contractor,R0571003,DCC CIS Suppliers
18,Devon County Council,18/05/2026,22093566,"4,675.00",Lion Containers Limited,604558,133060068,Other PH Services,A20005,"Property Repairs, Maintenance & Alterations (programmed)",R0548001,"DCC Business Entities (Sole Trade, Partnership, Ltd)"
18,Devon County Council,18/05/2026,22093579,540,LANDMARK THEATRES LIMITED,323751,480618972,Inclusion & Learning,A47005,"Grants, Contributions & Donations",R0029011,"DCC Business Entities (Sole Trade, Partnership, Ltd)"
18,Devon County Council,18/05/2026,22093596,"4,060.00",NOCK BEN LIMITED,253420,754769188,Children's Social Care,A20005,"Property Repairs, Maintenance & Alterations (programmed)",R0015001,DCC CIS Suppliers
18,Devon County Council,18/05/2026,22093599,"3,588.00",DEVON PATHWAYS LTD,383486,392542678,Dedicated Schools Grant,A44180,Services for Educational Estabs - Devon,R0010003,"DCC Business Entities (Sole Trade, Partnership, Ltd)"
18,Devon County Council,18/05/2026,22093679,920,MAN WITH A VAN SERVICES,316053,,Public Health Nursing,A44137,Operating Leases,R0019003,"DCC Business Entities (Sole Trade, Partnership, Ltd)"
18,Devon County Council,18/05/2026,22093846,762.35,CERTAS ENERGY TRADING AS EMO OILS,314127,844283419,Children's Social Care,A21015,Heating Oil,R0095004,"DCC Business Entities (Sole Trade, Partnership, Ltd)"
18,Devon County Council,18/05/2026,22094035,"9,487.53",SWATPRO LIMITED,402796,,"Economy, Enterprise and Skills",A44038,Fees,R0546004,"DCC Business Entities (Sole Trade, Partnership, Ltd)"
18,Devon County Council,18/05/2026,22094079,"1,000.00",T-Stats Solutions Ltd,604625,223079722,"Economy, Enterprise and Skills",A47010,Subscriptions,R0544007,"DCC Business Entities (Sole Trade, Partnership, Ltd)"
18,Devon County Council,18/05/2026,22094728,"1,544.96",SUEZ RECYCLING & RECOVERY UK LIMITED,208690,444085847,"Transport Operations, Environment and Waste",A46100,Main / Term Contractor,R0594001,"DCC Business Entities (Sole Trade, Partnership, Ltd)"
18,Devon County Council,18/05/2026,22094897,"5,880.00",North Devon College (Exeter and North Devon Colleges Group),603346,125451632,"Economy, Enterprise and Skills",A44038,Fees,R0546004,"DCC Business Entities (Sole Trade, Partnership, Ltd)"
18,Devon County Council,18/05/2026,22095196,"8,534.30",ASSOCIATED DRILLING SERVICES,19628,568946082,Highways & Infrastructure Development,A44038,Fees,R0550010,"DCC Business Entities (Sole Trade, Partnership, Ltd)"
18,Devon County Council,18/05/2026,22095502,"3,125.00",TEIGNBRIDGE DISTRICT COUNCIL,4872,142214023,Transformation & Business Services,A46100,Main / Term Contractor,R0333004,"DCC Business Entities (Sole Trade, Partnership, Ltd)"
18,Devon County Council,18/05/2026,22095510,"3,041.67",TEIGNBRIDGE DISTRICT COUNCIL,4872,142214023,Transformation & Business Services,A46100,Main / Term Contractor,R0333004,"DCC Business Entities (Sole Trade, Partnership, Ltd)"
18,Devon County Council,18/05/2026,22095617,"-1,041.67",FUELCARD SERVICES LIMITED,326358,447765312,"Transport Operations, Environment and Waste",A30015,Vehicle Fuel,R0584003,"DCC Business Entities (Sole Trade, Partnership, Ltd)"
18,Devon County Council,18/05/2026,22096188,900,AYSE VAHIB,182208,868784254,"Chief Exec, Legal & Democratic services",A44968,Legal & Conveyancing Charges,R0276001,"DCC Business Entities (Sole Trade, Partnership, Ltd)"
18,Devon County Council,18/05/2026,22096675,"4,184.00",Card Geotechnics Limited (CGL),600543,655182626,Capital - Highways,C02009,Works,C0652001,"DCC Business Entities (Sole Trade, Partnership, Ltd)"
18,Devon County Council,18/05/2026,22096701,"5,913.40",Gollick Park Ltd,604756,472654963,"Capital - Planning, Transportation and Environment",C06001,Capital Grants paid to other third parties (Not WGA/VCSE),C0656001,"DCC Business Entities (Sole Trade, Partnership, Ltd)"
18,Devon County Council,18/05/2026,22097086,"1,000.00",KINGSTEIGNTON MEDICAL PRACTICE,23416,,Transformation & Business Services,A22010,Hire of Rooms,R0346002,"DCC Business Entities (Sole Trade, Partnership, Ltd)"
18,Devon County Council,18/05/2026,22097146,"4,494.60",TEIGN TREES & LANDSCAPES SOUTH WEST LIMITED,209228,250371238,Highways & Infrastructure Development,A49005,Other Hired & Contracting Services,R0553005,DCC CIS Suppliers
18,Devon County Council,18/05/2026,22097443,"1,462.00",BROWNE JACOBSON LLP,190677,116396270,"Chief Exec, Legal & Democratic services",A44968,Legal & Conveyancing Charges,R0288001,"DCC Business Entities (Sole Trade, Partnership, Ltd)"
18,Devon County Council,18/05/2026,22097605,862.5,HELENXP LIMITED,404409,,Children's Social Care,A44065,Consultancy Services,R0129001,"DCC Business Entities (Sole Trade, Partnership, Ltd)"
18,Devon County Council,18/05/2026,22097618,"5,695.00",WAVE MULTI ACADEMY TRUST,356576,163418709,Dedicated Schools Grant,A44180,Services for Educational Estabs - Devon,R0010013,"DCC Business Entities (Sole Trade, Partnership, Ltd)"
18,Devon County Council,18/05/2026,22097620,"8,212.00",WAVE MULTI ACADEMY TRUST,356576,163418709,Dedicated Schools Grant,A44180,Services for Educational Estabs - Devon,R0010013,"DCC Business Entities (Sole Trade, Partnership, Ltd)"
18,Devon County Council,19/05/2026,22010193,"24,291.73",CLASSIC CARE LIMITED,404196,,Operations,A57160,Nursing Care Short Term,R0234001,"DCC Business Entities (Sole Trade, Partnership, Ltd)"
18,Devon County Council,19/05/2026,22017856,814.29,BYRON COURT CARE HOME LIMITED,399589,,Operations,A57155,Nursing Care - Long Stay,R0480081,"DCC Business Entities (Sole Trade, Partnership, Ltd)"
18,Devon County Council,19/05/2026,22092883,"6,923.52",ASSIST TEIGNBRIDGE,87348,,Operations,A52010,"Grants to voluntary, community and social enterprise organisations",R0485020,"DCC Business Entities (Sole Trade, Partnership, Ltd)"
18,Devon County Council,19/05/2026,22093803,"6,414.17",SENSORY CONNECTIONS LIMITED (C.WEST),383865,,Children's Social Care,A44038,Fees,R0095010,"DCC Business Entities (Sole Trade, Partnership, Ltd)"
18,Devon County Council,19/05/2026,22093892,559.8,BLEEP 360 CARE LIMITED,360406,355167685,Children's Social Care,A61200,Community based care,R0044004,"DCC Business Entities (Sole Trade, Partnership, Ltd)"
18,Devon County Council,19/05/2026,22094360,"1,857.15",AGINCARE SOUTHWARK,395176,905129248,P-Ledger - Separate Legal Entity,A57140,Residential Care - Long Stay,P0438030,"DCC Business Entities (Sole Trade, Partnership, Ltd)"
18,Devon County Council,19/05/2026,22094886,"4,800.00",I & F LIMITED TRADING AS SKILLS4PHARMA,401744,,"Economy, Enterprise and Skills",A44038,Fees,R0546004,"DCC Business Entities (Sole Trade, Partnership, Ltd)"
18,Devon County Council,19/05/2026,22098162,"3,000.00",Theo Moye,604091,,"Economy, Enterprise and Skills",A44038,Fees,R0543003,"DCC Business Entities (Sole Trade, Partnership, Ltd)"
18,Devon County Council,19/05/2026,22098308,"1,770.00",CAMBRIDGE EDUCATION,41263,,P-Ledger - Separate Legal Entity,A90005,Government Grants (outside AEF),P0432008,"DCC Business Entities (Sole Trade, Partnership, Ltd)"
18,Devon County Council,19/05/2026,22098487,597.53,I J Cannings & Son Limited,14467,192803203,Transformation & Business Services,A20010,"Property Repairs, Maintenance & Alterations (Reactive)",R0333026,DCC CIS Suppliers
18,Devon County Council,19/05/2026,22098790,826.02,SUEZ RECYCLING & RECOVERY UK LIMITED,208690,444085847,Transformation & Business Services,A27015,Refuse Collection,R0333026,"DCC Business Entities (Sole Trade, Partnership, Ltd)"
18,Devon County Council,20/05/2026,22030815,"1,742.86",HAMBERLEY CARE BRAMPTON LIMITED,396226,,Operations,A57140,Residential Care - Long Stay,R0480081,"DCC Business Entities (Sole Trade, Partnership, Ltd)"
18,Devon County Council,20/05/2026,22046312,"1,532.14",HARBOUR RISE REST HOME,90396,,Operations,A57145,Residential Care - Short Stay,R0234001,"DCC Business Entities (Sole Trade, Partnership, Ltd)"
18,Devon County Council,20/05/2026,22053996,"3,318.06",HOMEFIELD GRANGE LIMITED,403972,974898242,Operations,A57155,Nursing Care - Long Stay,R0480083,"DCC Business Entities (Sole Trade, Partnership, Ltd)"
18,Devon County Council,20/05/2026,22063705,"2,562.15","HC-ONE NO, 1 LIMITED",398606,218770886,Operations,A57155,Nursing Care - Long Stay,R0482039,"DCC Business Entities (Sole Trade, Partnership, Ltd)"
18,Devon County Council,20/05/2026,22074138,"1,484.52",JUSTINA MCCARTHY,346256,,Dedicated Schools Grant,A52010,"Grants to voluntary, community and social enterprise organisations",R0001009,"DCC Business Entities (Sole Trade, Partnership, Ltd)"
18,Devon County Council,20/05/2026,22090486,"71,057.57",INCLUSIS LIMITED,315656,,Children's Social Care,A62030,Parent and Baby Placements,R0033003,"DCC Business Entities (Sole Trade, Partnership, Ltd)"
18,Devon County Council,20/05/2026,22093548,"1,050.00",Michelle Blundy T/A Blossoming Minds,360726,,P-Ledger - Separate Legal Entity,A61060,Support for Children in Care,P0432008,"DCC Business Entities (Sole Trade, Partnership, Ltd)"
18,Devon County Council,20/05/2026,22094029,"6,935.75",INSPIRE SOUTH WEST,326670,,Dedicated Schools Grant,A44185,Other professional Services (Schools),R0082007,"DCC Business Entities (Sole Trade, Partnership, Ltd)"
18,Devon County Council,20/05/2026,22094042,614.25,ACCESS TO COMMUNICATION,368058,,Dedicated Schools Grant,A44185,Other professional Services (Schools),R0082006,"DCC Business Entities (Sole Trade, Partnership, Ltd)"
18,Devon County Council,20/05/2026,22094187,"10,473.63",QUALITY MARKING SERVICES LIMITED,86608,777323994,Highways & Infrastructure Development,A49005,Other Hired & Contracting Services,R0552003,DCC CIS Suppliers
18,Devon County Council,20/05/2026,22094189,"13,082.34",QUALITY MARKING SERVICES LIMITED,86608,777323994,Highways & Infrastructure Development,A49005,Other Hired & Contracting Services,R0552003,DCC CIS Suppliers
18,Devon County Council,20/05/2026,22094230,"11,449.50",GVAV LIMITED,94475,770015070,Capital - Legal & Democratic Services,C04010,IT Hardware,C0671001,"DCC Business Entities (Sole Trade, Partnership, Ltd)"
18,Devon County Council,20/05/2026,22094344,"16,000.00",R H ADVERTISING,22134,750461154,"Transport Operations, Environment and Waste",A44005,Publicity/Advertising,R0606003,"DCC Business Entities (Sole Trade, Partnership, Ltd)"
18,Devon County Council,20/05/2026,22094413,"16,345.77",INSPIRE SOUTH WEST,326670,,Dedicated Schools Grant,A44185,Other professional Services (Schools),R0082002,"DCC Business Entities (Sole Trade, Partnership, Ltd)"
18,Devon County Council,19/05/2026,22098411,883,EXETER CITY COUNCIL (FINANCE),4272,142335594,Children's Social Care,A22030,Hire of Property,R0040002,"DCC Business Entities (Sole Trade, Partnership, Ltd)"
18,Devon County Council,19/05/2026,22098715,"3,437.50",ESTEEM TEAM COMMUNITY INTEREST COMPANY,366509,491597739,Dedicated Schools Grant,A44185,Other professional Services (Schools),R0082007,"DCC Business Entities (Sole Trade, Partnership, Ltd)"
18,Devon County Council,19/05/2026,22098812,"45,686.32",NHS ENGLAND & LEADERSHIP ACADEMY,330348,654442045,Operations,A57130,Home Care Services,R0480091,"DCC Business Entities (Sole Trade, Partnership, Ltd)"
18,Devon County Council,19/05/2026,22098830,570,ACADEMY21 LIMITED,337165,112432760,Dedicated Schools Grant,A44185,Other professional Services (Schools),R0082007,"DCC Business Entities (Sole Trade, Partnership, Ltd)"
18,Devon County Council,19/05/2026,22098952,"3,848.80",QUALITY MARKING SERVICES LIMITED,86608,777323994,Highways & Infrastructure Development,A49005,Other Hired & Contracting Services,R0552003,DCC CIS Suppliers
18,Devon County Council,20/05/2026,22045586,"1,017.86",Fidelity Healthcare Grove Hill Ltd,601795,,Operations,A57140,Residential Care - Long Stay,R0480080,"DCC Business Entities (Sole Trade, Partnership, Ltd)"
18,Devon County Council,20/05/2026,22075292,"7,380.91",HIGHER PARK LODGE,132226,,Operations,A57145,Residential Care - Short Stay,R0489018,"DCC Business Entities (Sole Trade, Partnership, Ltd)"
18,Devon County Council,20/05/2026,22091908,511.35,G E CONSULTING SERVICES (UK) LIMITED,198631,160595992,Capital - Highways,C02011,External Professional Fees,C0652001,"DCC Business Entities (Sole Trade, Partnership, Ltd)"
18,Devon County Council,20/05/2026,22093882,"18,000.00",SIR JOHN HUNT COMMUNITY SPORTS,54697,144675845,Communities,A44038,Fees,R0536010,"DCC Business Entities (Sole Trade, Partnership, Ltd)"
18,Devon County Council,20/05/2026,22094004,"8,585.79",INSPIRE SOUTH WEST,326670,,Dedicated Schools Grant,A44185,Other professional Services (Schools),R0082007,"DCC Business Entities (Sole Trade, Partnership, Ltd)"
18,Devon County Council,20/05/2026,22094041,695,St Thomas Training Ltd,600178,130660644,People and Culture,A44038,Fees,R0303008,"DCC Business Entities (Sole Trade, Partnership, Ltd)"
18,Devon County Council,20/05/2026,22094065,"65,370.01",HOLCIM UK LIMITED,21683,533260571,Capital - Highways,C02009,Works,C0652001,"DCC Business Entities (Sole Trade, Partnership, Ltd)"
18,Devon County Council,20/05/2026,22094269,"6,740.00",R H ADVERTISING,22134,750461154,"Transport Operations, Environment and Waste",A44005,Publicity/Advertising,R0606003,"DCC Business Entities (Sole Trade, Partnership, Ltd)"
18,Devon County Council,20/05/2026,22094362,600,DODDS SOLICITORS LLP,394172,729928286,"Chief Exec, Legal & Democratic services",A44038,Fees,R0276001,"DCC Business Entities (Sole Trade, Partnership, Ltd)"
18,Devon County Council,20/05/2026,22094828,"9,756.60",INSPIRE SOUTH WEST,326670,,Dedicated Schools Grant,A44185,Other professional Services (Schools),R0082007,"DCC Business Entities (Sole Trade, Partnership, Ltd)"
18,Devon County Council,20/05/2026,22094921,"6,779.70",DODDS SOLICITORS LLP,394172,729928286,"Chief Exec, Legal & Democratic services",A44968,Legal & Conveyancing Charges,R0276001,"DCC Business Entities (Sole Trade, Partnership, Ltd)"
18,Devon County Council,20/05/2026,22094972,"6,515.00",Osmosis ACD Limited,602525,386088750,"Capital - Planning, Transportation and Environment",C02011,External Professional Fees,C0649001,"DCC Business Entities (Sole Trade, Partnership, Ltd)"
18,Devon County Council,20/05/2026,22095130,"1,143.57",LEXIA EDUCATION SERVICES LIMITED,376344,376218677,Dedicated Schools Grant,A44185,Other professional Services (Schools),R0082007,"DCC Business Entities (Sole Trade, Partnership, Ltd)"
18,Devon County Council,20/05/2026,22095136,779.71,LEXIA EDUCATION SERVICES LIMITED,376344,376218677,Dedicated Schools Grant,A44180,Services for Educational Estabs - Devon,R0010004,"DCC Business Entities (Sole Trade, Partnership, Ltd)"
18,Devon County Council,20/05/2026,22095705,"6,528.00",PROMOTING INDEPENDENT CARE LIMITED,376159,,Children's Social Care,A11005,Agency Supply Staff,R0095011,"DCC Business Entities (Sole Trade, Partnership, Ltd)"
18,Devon County Council,20/05/2026,22096023,"4,236.00",HM Prison & Probation Service,601327,888818055,Children's Social Care,A57145,Residential Care - Short Stay,R0091002,"DCC Business Entities (Sole Trade, Partnership, Ltd)"
18,Devon County Council,20/05/2026,22096400,"1,455.43",LEXIA EDUCATION SERVICES LIMITED,376344,376218677,Dedicated Schools Grant,A44185,Other professional Services (Schools),R0082007,"DCC Business Entities (Sole Trade, Partnership, Ltd)"
18,Devon County Council,20/05/2026,22096426,935.65,LEXIA EDUCATION SERVICES LIMITED,376344,376218677,Dedicated Schools Grant,A44185,Other professional Services (Schools),R0082002,"DCC Business Entities (Sole Trade, Partnership, Ltd)"
18,Devon County Council,20/05/2026,22096443,"1,091.60",LEXIA EDUCATION SERVICES LIMITED,376344,376218677,Dedicated Schools Grant,A44185,Other professional Services (Schools),R0082007,"DCC Business Entities (Sole Trade, Partnership, Ltd)"
18,Devon County Council,20/05/2026,22096476,727.72,LEXIA EDUCATION SERVICES LIMITED,376344,376218677,Dedicated Schools Grant,A44185,Other professional Services (Schools),R0082007,"DCC Business Entities (Sole Trade, Partnership, Ltd)"
18,Devon County Council,20/05/2026,22096486,831.68,LEXIA EDUCATION SERVICES LIMITED,376344,376218677,Dedicated Schools Grant,A44185,Other professional Services (Schools),R0082007,"DCC Business Entities (Sole Trade, Partnership, Ltd)"
18,Devon County Council,20/05/2026,22096489,623.75,LEXIA EDUCATION SERVICES LIMITED,376344,376218677,Dedicated Schools Grant,A44185,Other professional Services (Schools),R0082007,"DCC Business Entities (Sole Trade, Partnership, Ltd)"
18,Devon County Council,20/05/2026,22094472,881.55,NIGEL PORTER,399030,,Dedicated Schools Grant,A44185,Other professional Services (Schools),R0082006,"DCC Business Entities (Sole Trade, Partnership, Ltd)"
18,Devon County Council,20/05/2026,22094824,577.5,Rebecca Dowell Tuition,602086,,Dedicated Schools Grant,A44185,Other professional Services (Schools),R0082002,"DCC Business Entities (Sole Trade, Partnership, Ltd)"
18,Devon County Council,20/05/2026,22095010,850,CAR BODY SHOP EXETER LIMITED,313414,404443528,TRAMS Suspense,A30010,Vehicles Repairs,R0549019,"DCC Business Entities (Sole Trade, Partnership, Ltd)"
18,Devon County Council,20/05/2026,22095125,623.75,LEXIA EDUCATION SERVICES LIMITED,376344,376218677,Dedicated Schools Grant,A44180,Services for Educational Estabs - Devon,R0010004,"DCC Business Entities (Sole Trade, Partnership, Ltd)"
18,Devon County Council,20/05/2026,22095128,935.65,LEXIA EDUCATION SERVICES LIMITED,376344,376218677,Dedicated Schools Grant,A44185,Other professional Services (Schools),R0082007,"DCC Business Entities (Sole Trade, Partnership, Ltd)"
18,Devon County Council,20/05/2026,22095132,857.67,LEXIA EDUCATION SERVICES LIMITED,376344,376218677,Dedicated Schools Grant,A44180,Services for Educational Estabs - Devon,R0010004,"DCC Business Entities (Sole Trade, Partnership, Ltd)"
18,Devon County Council,20/05/2026,22095138,"1,403.45",LEXIA EDUCATION SERVICES LIMITED,376344,376218677,Dedicated Schools Grant,A44185,Other professional Services (Schools),R0082007,"DCC Business Entities (Sole Trade, Partnership, Ltd)"
18,Devon County Council,20/05/2026,22095486,"2,448.11",SOUTH WEST WATER LIMITED,8450,540465165,"Transport Operations, Environment and Waste",A49005,Other Hired & Contracting Services,R0601001,"DCC Business Entities (Sole Trade, Partnership, Ltd)"
18,Devon County Council,20/05/2026,22095695,"6,970.00",PROMOTING INDEPENDENT CARE LIMITED,376159,,Children's Social Care,A11005,Agency Supply Staff,R0095006,"DCC Business Entities (Sole Trade, Partnership, Ltd)"
18,Devon County Council,20/05/2026,22095702,"7,633.00",PROMOTING INDEPENDENT CARE LIMITED,376159,,Children's Social Care,A11005,Agency Supply Staff,R0095009,"DCC Business Entities (Sole Trade, Partnership, Ltd)"
18,Devon County Council,20/05/2026,22095709,"2,856.00",PROMOTING INDEPENDENT CARE LIMITED,376159,,Children's Social Care,A11005,Agency Supply Staff,R0095001,"DCC Business Entities (Sole Trade, Partnership, Ltd)"
18,Devon County Council,20/05/2026,22096024,"9,680.00",HM Prison & Probation Service,601327,888818055,Children's Social Care,A57145,Residential Care - Short Stay,R0091002,"DCC Business Entities (Sole Trade, Partnership, Ltd)"
18,Devon County Council,20/05/2026,22096413,"1,247.52",LEXIA EDUCATION SERVICES LIMITED,376344,376218677,Dedicated Schools Grant,A44185,Other professional Services (Schools),R0082007,"DCC Business Entities (Sole Trade, Partnership, Ltd)"
18,Devon County Council,20/05/2026,22096501,"1,403.45",LEXIA EDUCATION SERVICES LIMITED,376344,376218677,Dedicated Schools Grant,A44185,Other professional Services (Schools),R0082007,"DCC Business Entities (Sole Trade, Partnership, Ltd)"
18,Devon County Council,20/05/2026,22096734,"1,769.40",LEXIA EDUCATION SERVICES LIMITED,376344,376218677,Dedicated Schools Grant,A44185,Other professional Services (Schools),R0082007,"DCC Business Entities (Sole Trade, Partnership, Ltd)"
18,Devon County Council,20/05/2026,22097326,"5,020.28",E & J W GLENDINNING LIMITED,62732,668406312,"Capital - Planning, Transportation and Environment",C02009,Works,C0654001,DCC CIS Suppliers
18,Devon County Council,20/05/2026,22097333,"1,525.69",LEXIA EDUCATION SERVICES LIMITED,376344,376218677,Dedicated Schools Grant,A44185,Other professional Services (Schools),R0082007,"DCC Business Entities (Sole Trade, Partnership, Ltd)"
18,Devon County Council,20/05/2026,22097542,822.42,FIRST CARE AMBULANCE LIMITED,98315,238628481,"Chief Exec, Legal & Democratic services",A49005,Other Hired & Contracting Services,R0506002,"DCC Business Entities (Sole Trade, Partnership, Ltd)"
18,Devon County Council,20/05/2026,22097546,"1,966.26",FIRST CARE AMBULANCE LIMITED,98315,238628481,"Chief Exec, Legal & Democratic services",A49005,Other Hired & Contracting Services,R0506002,"DCC Business Entities (Sole Trade, Partnership, Ltd)"
18,Devon County Council,20/05/2026,22097956,"2,094.24",KENT COUNTY COUNCIL,83992,204269191,Transformation & Business Services,A21010,Gas,R0333026,"DCC Business Entities (Sole Trade, Partnership, Ltd)"
18,Devon County Council,20/05/2026,22097967,684.57,KENT COUNTY COUNCIL,83992,204269191,"Economy, Enterprise and Skills",A21010,Gas,R0539001,"DCC Business Entities (Sole Trade, Partnership, Ltd)"
18,Devon County Council,20/05/2026,22098758,"231,084.04",ULTIM8 CONSTRUCTION LIMITED,276694,998206374,Capital - Highways,C02009,Works,C0652001,"DCC Business Entities (Sole Trade, Partnership, Ltd)"
18,Devon County Council,20/05/2026,22098782,"137,575.62",OCTAVIUS INFRASTRUCTURE LIMITED,370388,345705007,Capital - Highways,C02009,Works,C0671008,DCC CIS Suppliers
18,Devon County Council,20/05/2026,22099048,898.43,TEIGNBRIDGE DISTRICT COUNCIL,4872,142214023,Communities,A52005,Payments to Other Local Authorities,R0530006,"DCC Business Entities (Sole Trade, Partnership, Ltd)"
18,Devon County Council,20/05/2026,22099206,516,HYDRO INTERNATIONAL (UK) LIMITED,190264,609548909,Highways & Infrastructure Development,A49005,Other Hired & Contracting Services,R0552004,"DCC Business Entities (Sole Trade, Partnership, Ltd)"
18,Devon County Council,20/05/2026,22099398,"184,645.45",MODERN SCHOOLS (EXETER) LIMITED,176325,838739084,Transformation & Business Services,A47505,PFI Charges,R0360006,"DCC Business Entities (Sole Trade, Partnership, Ltd)"
18,Devon County Council,20/05/2026,22096446,623.75,LEXIA EDUCATION SERVICES LIMITED,376344,376218677,Dedicated Schools Grant,A44185,Other professional Services (Schools),R0082007,"DCC Business Entities (Sole Trade, Partnership, Ltd)"
18,Devon County Council,20/05/2026,22096447,"2,235.14",LEXIA EDUCATION SERVICES LIMITED,376344,376218677,Dedicated Schools Grant,A44185,Other professional Services (Schools),R0082007,"DCC Business Entities (Sole Trade, Partnership, Ltd)"
18,Devon County Council,20/05/2026,22096451,"1,247.52",LEXIA EDUCATION SERVICES LIMITED,376344,376218677,Dedicated Schools Grant,A44185,Other professional Services (Schools),R0082007,"DCC Business Entities (Sole Trade, Partnership, Ltd)"
18,Devon County Council,20/05/2026,22096464,"1,455.44",LEXIA EDUCATION SERVICES LIMITED,376344,376218677,Dedicated Schools Grant,A44185,Other professional Services (Schools),R0082007,"DCC Business Entities (Sole Trade, Partnership, Ltd)"
18,Devon County Council,20/05/2026,22096474,779.7,LEXIA EDUCATION SERVICES LIMITED,376344,376218677,Dedicated Schools Grant,A44185,Other professional Services (Schools),R0082007,"DCC Business Entities (Sole Trade, Partnership, Ltd)"
18,Devon County Council,20/05/2026,22096483,"2,206.93",LEXIA EDUCATION SERVICES LIMITED,376344,376218677,Dedicated Schools Grant,A44185,Other professional Services (Schools),R0082007,"DCC Business Entities (Sole Trade, Partnership, Ltd)"
18,Devon County Council,20/05/2026,22096484,607.83,LEXIA EDUCATION SERVICES LIMITED,376344,376218677,Dedicated Schools Grant,A44185,Other professional Services (Schools),R0082007,"DCC Business Entities (Sole Trade, Partnership, Ltd)"
18,Devon County Council,20/05/2026,22096490,"1,871.28",LEXIA EDUCATION SERVICES LIMITED,376344,376218677,Dedicated Schools Grant,A44185,Other professional Services (Schools),R0082007,"DCC Business Entities (Sole Trade, Partnership, Ltd)"
18,Devon County Council,20/05/2026,22096491,935.65,LEXIA EDUCATION SERVICES LIMITED,376344,376218677,Dedicated Schools Grant,A44180,Services for Educational Estabs - Devon,R0010004,"DCC Business Entities (Sole Trade, Partnership, Ltd)"
18,Devon County Council,20/05/2026,22096495,"1,531.50",LEXIA EDUCATION SERVICES LIMITED,376344,376218677,Dedicated Schools Grant,A44185,Other professional Services (Schools),R0082007,"DCC Business Entities (Sole Trade, Partnership, Ltd)"
18,Devon County Council,20/05/2026,22096500,"2,209.15",LEXIA EDUCATION SERVICES LIMITED,376344,376218677,Dedicated Schools Grant,A44185,Other professional Services (Schools),R0082007,"DCC Business Entities (Sole Trade, Partnership, Ltd)"
18,Devon County Council,20/05/2026,22097142,"5,795.00",PATROL,315429,,Highways & Infrastructure Development,A44038,Fees,R0556001,"DCC Business Entities (Sole Trade, Partnership, Ltd)"
18,Devon County Council,20/05/2026,22097540,828.47,FIRST CARE AMBULANCE LIMITED,98315,238628481,"Chief Exec, Legal & Democratic services",A49005,Other Hired & Contracting Services,R0506002,"DCC Business Entities (Sole Trade, Partnership, Ltd)"
18,Devon County Council,20/05/2026,22099577,"1,080.00",Dympna Howells,604959,975715184,"Chief Exec, Legal & Democratic services",A44968,Legal & Conveyancing Charges,R0276001,"DCC Business Entities (Sole Trade, Partnership, Ltd)"
18,Devon County Council,21/05/2026,22093857,583.33,CORE CREATIVE EDUCATION COMMUNITY INTEREST COMPANY,388378,,Dedicated Schools Grant,A44185,Other professional Services (Schools),R0082007,"DCC Business Entities (Sole Trade, Partnership, Ltd)"
18,Devon County Council,21/05/2026,22093863,"4,234.51",KEYS PCE LIMITED,363936,927104637,Dedicated Schools Grant,A61052,Independent Special School Fees,R0089003,"DCC Business Entities (Sole Trade, Partnership, Ltd)"
18,Devon County Council,21/05/2026,22093872,"4,234.51",KEYS PCE LIMITED,363936,927104637,Dedicated Schools Grant,A61052,Independent Special School Fees,R0089003,"DCC Business Entities (Sole Trade, Partnership, Ltd)"
18,Devon County Council,21/05/2026,22093873,"15,986.25",PAVILION PUBLISHING & MEDIA LIMITED,21136,475729601,P-Ledger - Separate Legal Entity,A47010,Subscriptions,P0426001,"DCC Business Entities (Sole Trade, Partnership, Ltd)"
18,Devon County Council,21/05/2026,22093883,"6,392.00",PLYMOUTH CITY COUNCIL (RADIUS ACCOUNT,87504,144675845,Operations,A57170,Carers Support Residential,R0251003,"DCC Business Entities (Sole Trade, Partnership, Ltd)"
18,Devon County Council,21/05/2026,22093953,"6,979.73",ACORN CARE & EDUCATION LIMITED,333557,902188441,Dedicated Schools Grant,A61052,Independent Special School Fees,R0089003,"DCC Business Entities (Sole Trade, Partnership, Ltd)"
18,Devon County Council,21/05/2026,22093955,"6,349.04",ACORN CARE & EDUCATION LIMITED,333557,902188441,Dedicated Schools Grant,A61052,Independent Special School Fees,R0089003,"DCC Business Entities (Sole Trade, Partnership, Ltd)"
18,Devon County Council,21/05/2026,22093966,"5,408.33",ACORN CARE & EDUCATION LIMITED,333557,902188441,Dedicated Schools Grant,A61052,Independent Special School Fees,R0089003,"DCC Business Entities (Sole Trade, Partnership, Ltd)"
18,Devon County Council,21/05/2026,22093976,"5,388.19",ACORN CARE & EDUCATION LIMITED,333557,902188441,Dedicated Schools Grant,A53035,Other Recoupment Expenditure (3rd),R0111002,"DCC Business Entities (Sole Trade, Partnership, Ltd)"
18,Devon County Council,21/05/2026,22093982,"5,408.33",ACORN CARE & EDUCATION LIMITED,333557,902188441,Dedicated Schools Grant,A61052,Independent Special School Fees,R0089003,"DCC Business Entities (Sole Trade, Partnership, Ltd)"
18,Devon County Council,21/05/2026,22093987,"4,012.63",ACORN CARE & EDUCATION LIMITED,333557,902188441,Dedicated Schools Grant,A61052,Independent Special School Fees,R0089003,"DCC Business Entities (Sole Trade, Partnership, Ltd)"
18,Devon County Council,21/05/2026,22093992,"5,351.54",ACORN CARE & EDUCATION LIMITED,333557,902188441,Dedicated Schools Grant,A61052,Independent Special School Fees,R0089003,"DCC Business Entities (Sole Trade, Partnership, Ltd)"
18,Devon County Council,20/05/2026,22097969,"1,410.30",KENT COUNTY COUNCIL,83992,204269191,Operations,A21010,Gas,R0268001,"DCC Business Entities (Sole Trade, Partnership, Ltd)"
18,Devon County Council,20/05/2026,22097971,521.1,KENT COUNTY COUNCIL,83992,204269191,Operations,A21010,Gas,R0238001,"DCC Business Entities (Sole Trade, Partnership, Ltd)"
18,Devon County Council,20/05/2026,22098419,558,FAMILY COMPASS,348346,392295664,Children's Social Care,A61060,Support for Children in Care,R0106002,"DCC Business Entities (Sole Trade, Partnership, Ltd)"
18,Devon County Council,20/05/2026,22099362,"171,188.56",MODERN SCHOOLS (EXETER) LIMITED,176325,838739084,Transformation & Business Services,A47505,PFI Charges,R0360004,"DCC Business Entities (Sole Trade, Partnership, Ltd)"
18,Devon County Council,20/05/2026,22099420,"115,060.76",MODERN SCHOOLS (EXETER) LIMITED,176325,838739084,Transformation & Business Services,A47505,PFI Charges,R0360008,"DCC Business Entities (Sole Trade, Partnership, Ltd)"
18,Devon County Council,20/05/2026,22099471,647.73,FIRST CARE AMBULANCE LIMITED,98315,238628481,"Chief Exec, Legal & Democratic services",A49005,Other Hired & Contracting Services,R0506002,"DCC Business Entities (Sole Trade, Partnership, Ltd)"
18,Devon County Council,21/05/2026,22010240,"1,519.60",MAYFLOWER HOUSE - A & L CARE HOME,307575,,Operations,A57145,Residential Care - Short Stay,R0234001,"DCC Business Entities (Sole Trade, Partnership, Ltd)"
18,Devon County Council,21/05/2026,22015296,827.4,KISMET HOUSE,387410,,Operations,A57140,Residential Care - Long Stay,R0482033,"DCC Business Entities (Sole Trade, Partnership, Ltd)"
18,Devon County Council,21/05/2026,22025018,"8,174.57",KEYS GROUP PROGRESSIVE CARE,344328,,Children's Social Care,A61043,Residential Care U18,R0033004,"DCC Business Entities (Sole Trade, Partnership, Ltd)"
18,Devon County Council,21/05/2026,22088762,"14,850.00",WIRELESS CCTV LIMITED,404338,380869261,"Capital - Planning, Transportation and Environment",C02009,Works,C0671011,"DCC Business Entities (Sole Trade, Partnership, Ltd)"
18,Devon County Council,21/05/2026,22092204,"4,722.41",THE OUTDOORS GROUP *57*,362971,312604642,Dedicated Schools Grant,A61052,Independent Special School Fees,R0089003,"DCC Business Entities (Sole Trade, Partnership, Ltd)"
18,Devon County Council,21/05/2026,22093841,"4,234.51",KEYS PCE LIMITED,363936,927104637,Dedicated Schools Grant,A61052,Independent Special School Fees,R0089003,"DCC Business Entities (Sole Trade, Partnership, Ltd)"
18,Devon County Council,21/05/2026,22093843,"4,217.08",KEYS PCE LIMITED,363936,927104637,Dedicated Schools Grant,A61052,Independent Special School Fees,R0089003,"DCC Business Entities (Sole Trade, Partnership, Ltd)"
18,Devon County Council,21/05/2026,22093890,"9,052.99",THE OUTDOORS GROUP *57*,362971,312604642,Dedicated Schools Grant,A61052,Independent Special School Fees,R0089003,"DCC Business Entities (Sole Trade, Partnership, Ltd)"
18,Devon County Council,21/05/2026,22093940,"5,472.00",THE BUSINESS SUPPLIES GROUP,391185,422348418,Planning,A40045,Furniture,R0633002,"DCC Business Entities (Sole Trade, Partnership, Ltd)"
18,Devon County Council,21/05/2026,22093954,"5,408.33",ACORN CARE & EDUCATION LIMITED,333557,902188441,Dedicated Schools Grant,A61052,Independent Special School Fees,R0089003,"DCC Business Entities (Sole Trade, Partnership, Ltd)"
18,Devon County Council,21/05/2026,22093964,"5,570.58",ACORN CARE & EDUCATION LIMITED,333557,902188441,Dedicated Schools Grant,A61052,Independent Special School Fees,R0089003,"DCC Business Entities (Sole Trade, Partnership, Ltd)"
18,Devon County Council,21/05/2026,22093970,"5,408.33",ACORN CARE & EDUCATION LIMITED,333557,902188441,Dedicated Schools Grant,A61052,Independent Special School Fees,R0089003,"DCC Business Entities (Sole Trade, Partnership, Ltd)"
18,Devon County Council,21/05/2026,22093978,"4,071.81",ACORN CARE & EDUCATION LIMITED,333557,902188441,Dedicated Schools Grant,A61052,Independent Special School Fees,R0089003,"DCC Business Entities (Sole Trade, Partnership, Ltd)"
18,Devon County Council,21/05/2026,22093983,"4,882.87",ACORN CARE & EDUCATION LIMITED,333557,902188441,Dedicated Schools Grant,A53035,Other Recoupment Expenditure (3rd),R0111002,"DCC Business Entities (Sole Trade, Partnership, Ltd)"
18,Devon County Council,21/05/2026,22093993,"7,622.68",ACORN CARE & EDUCATION LIMITED,333557,902188441,Dedicated Schools Grant,A61052,Independent Special School Fees,R0089003,"DCC Business Entities (Sole Trade, Partnership, Ltd)"
18,Devon County Council,21/05/2026,22094203,"5,989.49",INSPIRE SOUTH WEST,326670,,Dedicated Schools Grant,A44185,Other professional Services (Schools),R0082007,"DCC Business Entities (Sole Trade, Partnership, Ltd)"
18,Devon County Council,21/05/2026,22094275,676,BELSTONE FARM & GARDEN SERVICES,18586,,Highways & Infrastructure Development,A49005,Other Hired & Contracting Services,R0552006,DCC CIS Suppliers
18,Devon County Council,21/05/2026,22094281,"4,900.00",SOCIETY OF COUNTY TREASURERS,162630,138620079,Finance & Public Value,A47010,Subscriptions,R0209001,"DCC Business Entities (Sole Trade, Partnership, Ltd)"
18,Devon County Council,21/05/2026,22094292,732.5,ACCESS TO COMMUNICATION,368058,,Dedicated Schools Grant,A44185,Other professional Services (Schools),R0082006,"DCC Business Entities (Sole Trade, Partnership, Ltd)"
18,Devon County Council,21/05/2026,22094295,"1,016.00",GRM MAPPING LIMITED,347968,274119308,"Transport Operations, Environment and Waste",A44005,Publicity/Advertising,R0582001,"DCC Business Entities (Sole Trade, Partnership, Ltd)"
18,Devon County Council,21/05/2026,22094296,"5,940.00",INSPIRE SOUTH WEST,326670,,Dedicated Schools Grant,A44185,Other professional Services (Schools),R0082007,"DCC Business Entities (Sole Trade, Partnership, Ltd)"
18,Devon County Council,21/05/2026,22094013,"5,570.58",ACORN CARE & EDUCATION LIMITED,333557,902188441,Dedicated Schools Grant,A61052,Independent Special School Fees,R0089003,"DCC Business Entities (Sole Trade, Partnership, Ltd)"
18,Devon County Council,21/05/2026,22094197,"9,362.50",INSPIRE SOUTH WEST,326670,,Dedicated Schools Grant,A44185,Other professional Services (Schools),R0082007,"DCC Business Entities (Sole Trade, Partnership, Ltd)"
18,Devon County Council,21/05/2026,22094198,"6,270.25",INSPIRE SOUTH WEST,326670,,Dedicated Schools Grant,A44185,Other professional Services (Schools),R0082007,"DCC Business Entities (Sole Trade, Partnership, Ltd)"
18,Devon County Council,21/05/2026,22094206,"45,068.00",Thinks Insight & Strategy,604722,994102710,Capital - Highways,C02011,External Professional Fees,C0671008,"DCC Business Entities (Sole Trade, Partnership, Ltd)"
18,Devon County Council,21/05/2026,22094253,"3,022.12",FOREAL,382988,452723204,Dedicated Schools Grant,A44185,Other professional Services (Schools),R0082002,"DCC Business Entities (Sole Trade, Partnership, Ltd)"
18,Devon County Council,21/05/2026,22094276,"1,056.00",CAMPBELL BARRY/B M SERVICES,364681,,Operations,A57130,Home Care Services,R0236012,"DCC Business Entities (Sole Trade, Partnership, Ltd)"
18,Devon County Council,21/05/2026,22094280,"1,533.33",INSPIRE SOUTH WEST,326670,,Dedicated Schools Grant,A44185,Other professional Services (Schools),R0082007,"DCC Business Entities (Sole Trade, Partnership, Ltd)"
18,Devon County Council,21/05/2026,22094283,"1,718.75",INSPIRE SOUTH WEST,326670,,Dedicated Schools Grant,A44180,Services for Educational Estabs - Devon,R0010004,"DCC Business Entities (Sole Trade, Partnership, Ltd)"
18,Devon County Council,21/05/2026,22094284,918.75,ACCESS TO COMMUNICATION,368058,,Dedicated Schools Grant,A44185,Other professional Services (Schools),R0082006,"DCC Business Entities (Sole Trade, Partnership, Ltd)"
18,Devon County Council,21/05/2026,22094286,507.5,ACCESS TO COMMUNICATION,368058,,Dedicated Schools Grant,A44185,Other professional Services (Schools),R0082006,"DCC Business Entities (Sole Trade, Partnership, Ltd)"
18,Devon County Council,21/05/2026,22094297,595,National Landscape Association,83283,338382090,"Transport Operations, Environment and Waste",A46050,Conference Expenses,R0639001,"DCC Business Entities (Sole Trade, Partnership, Ltd)"
18,Devon County Council,21/05/2026,22094302,"3,080.00",INSPIRE SOUTH WEST,326670,,Dedicated Schools Grant,A44185,Other professional Services (Schools),R0082007,"DCC Business Entities (Sole Trade, Partnership, Ltd)"
18,Devon County Council,21/05/2026,22094304,595,National Landscape Association,83283,338382090,"Transport Operations, Environment and Waste",A46050,Conference Expenses,R0644001,"DCC Business Entities (Sole Trade, Partnership, Ltd)"
18,Devon County Council,21/05/2026,22094298,595,National Landscape Association,83283,338382090,"Transport Operations, Environment and Waste",A46050,Conference Expenses,R0639007,"DCC Business Entities (Sole Trade, Partnership, Ltd)"
18,Devon County Council,21/05/2026,22094303,595,National Landscape Association,83283,338382090,"Transport Operations, Environment and Waste",A46050,Conference Expenses,R0639005,"DCC Business Entities (Sole Trade, Partnership, Ltd)"
18,Devon County Council,21/05/2026,22095133,"11,205.25",THE EDUCATION COMPANY LIMITED,80154,573768493,Transformation & Business Services,A45045,IT Software Maintenance,R0353008,"DCC Business Entities (Sole Trade, Partnership, Ltd)"
18,Devon County Council,21/05/2026,22095537,"5,657.50",ACORN CARE & EDUCATION LIMITED,333557,902188441,Dedicated Schools Grant,A53012,Payments to Independent Units,R0089003,"DCC Business Entities (Sole Trade, Partnership, Ltd)"
18,Devon County Council,21/05/2026,22095542,"8,875.10",ACORN CARE & EDUCATION LIMITED,333557,902188441,Dedicated Schools Grant,A61052,Independent Special School Fees,R0089003,"DCC Business Entities (Sole Trade, Partnership, Ltd)"
18,Devon County Council,21/05/2026,22095686,900,LISA BARRACLOUGH CARE OF,169880,742080752,"Chief Exec, Legal & Democratic services",A44968,Legal & Conveyancing Charges,R0276001,"DCC Business Entities (Sole Trade, Partnership, Ltd)"
18,Devon County Council,21/05/2026,22095790,"56,052.90",TARMAC TRADING LIMITED,200725,532367943,Capital - Highways,C02009,Works,C0652001,"DCC Business Entities (Sole Trade, Partnership, Ltd)"
18,Devon County Council,21/05/2026,22096288,900,Daya Mann,602921,699081679,"Chief Exec, Legal & Democratic services",A44968,Legal & Conveyancing Charges,R0276001,"DCC Business Entities (Sole Trade, Partnership, Ltd)"
18,Devon County Council,21/05/2026,22096651,"-2,789.26",ROYAL DEVON UNIVERSITY HEALTHCAR,21280,654938887,"Chief Exec, Legal & Democratic services",A44086,Mortuary Facilities,R0506002,"DCC Business Entities (Sole Trade, Partnership, Ltd)"
18,Devon County Council,21/05/2026,22097303,"173,035.88",E & J W GLENDINNING LIMITED,62732,668406312,Capital - Highways,C02009,Works,C0671007,DCC CIS Suppliers
18,Devon County Council,21/05/2026,22097897,750,AYSE VAHIB,182208,868784254,"Chief Exec, Legal & Democratic services",A44968,Legal & Conveyancing Charges,R0276001,"DCC Business Entities (Sole Trade, Partnership, Ltd)"
18,Devon County Council,21/05/2026,22097998,"1,546.00",INVOLVE CARE SOLUTIONS LIMITED,402831,,Children's Social Care,A61200,Community based care,R0044004,"DCC Business Entities (Sole Trade, Partnership, Ltd)"
18,Devon County Council,21/05/2026,22098134,755.16,KENT COUNTY COUNCIL,83992,204269191,Operations,A21010,Gas,R0253002,"DCC Business Entities (Sole Trade, Partnership, Ltd)"
18,Devon County Council,21/05/2026,22094640,577.5,STEARN ELECTRIC COMPANY LIMITED,21421,927202736,Children's Social Care,A40920,Equipment,R0095008,"DCC Business Entities (Sole Trade, Partnership, Ltd)"
18,Devon County Council,21/05/2026,22094902,"105,566.75",DEVON & SEVERN IFCA,105370,,Below the line,A81000,Levies,R0524051,"DCC Business Entities (Sole Trade, Partnership, Ltd)"
18,Devon County Council,21/05/2026,22095538,"245,109.71",ACORN CARE & EDUCATION LIMITED,333557,902188441,Dedicated Schools Grant,A61052,Independent Special School Fees,R0089003,"DCC Business Entities (Sole Trade, Partnership, Ltd)"
18,Devon County Council,21/05/2026,22095545,"7,190.86",ACORN CARE & EDUCATION LIMITED,333557,902188441,Dedicated Schools Grant,A61052,Independent Special School Fees,R0089003,"DCC Business Entities (Sole Trade, Partnership, Ltd)"
18,Devon County Council,21/05/2026,22095618,666.4,LITTLE HILLS,350862,,Dedicated Schools Grant,A94037,Internal Recharges,R0001009,"DCC Business Entities (Sole Trade, Partnership, Ltd)"
18,Devon County Council,21/05/2026,22096441,"535,319.55",SUEZ RECYCLING & RECOVERY UK LIMITED,208690,444085847,"Transport Operations, Environment and Waste",A44038,Fees,R0605001,"DCC Business Entities (Sole Trade, Partnership, Ltd)"
18,Devon County Council,21/05/2026,22096657,"79,995.16",ROYAL DEVON UNIVERSITY HEALTHCAR,21280,654938887,"Chief Exec, Legal & Democratic services",A44086,Mortuary Facilities,R0506002,"DCC Business Entities (Sole Trade, Partnership, Ltd)"
18,Devon County Council,21/05/2026,22096662,"1,941.00",ASHFORDS LLP,88874,140836186,"Capital - Economy, Enterprise & Skills",C02011,External Professional Fees,C0648001,"DCC Business Entities (Sole Trade, Partnership, Ltd)"
18,Devon County Council,21/05/2026,22096665,"-4,274.55",ROYAL DEVON UNIVERSITY HEALTHCAR,21280,654938887,"Chief Exec, Legal & Democratic services",A44086,Mortuary Facilities,R0506002,"DCC Business Entities (Sole Trade, Partnership, Ltd)"
18,Devon County Council,21/05/2026,22096864,"139,637.50",KINGSLEY SCHOOL,223710,479040477,Dedicated Schools Grant,A61052,Independent Special School Fees,R0089003,"DCC Business Entities (Sole Trade, Partnership, Ltd)"
18,Devon County Council,21/05/2026,22097901,"207,231.75",PHOENIX LEARNING & CARE LIMITED,100780,480641981,Dedicated Schools Grant,A61052,Independent Special School Fees,R0089003,"DCC Business Entities (Sole Trade, Partnership, Ltd)"
18,Devon County Council,21/05/2026,22098903,652.45,ABACUS CONSTRUCTION LIMITED,298515,586015729,Capital - Schools Maintenance & Improvements,C02009,Works,C0658001,DCC CIS Suppliers
18,Devon County Council,21/05/2026,22099482,"9,359.82",Dr SAMUEL LAWTON,600709,,Operations,A44038,Fees,R0222002,"DCC Business Entities (Sole Trade, Partnership, Ltd)"
18,Devon County Council,21/05/2026,22099708,"1,546.00",INVOLVE CARE SOLUTIONS LIMITED,402831,,Children's Social Care,A61200,Community based care,R0044004,"DCC Business Entities (Sole Trade, Partnership, Ltd)"
18,Devon County Council,21/05/2026,22099738,682,FOREDOWNE KENNELS & CATTERY,92508,744978772,Mental Health,A49105,Other Supplies & Services,R0256001,"DCC Business Entities (Sole Trade, Partnership, Ltd)"
18,Devon County Council,21/05/2026,22099783,754,WALES & WEST UTILITIES LIMITED,178421,851008849,Capital - Highways,C02009,Works,C0671008,"DCC Business Entities (Sole Trade, Partnership, Ltd)"
18,Devon County Council,21/05/2026,22099784,"1,872.00",WALES & WEST UTILITIES LIMITED,178421,851008849,Capital - Highways,C02009,Works,C0671008,"DCC Business Entities (Sole Trade, Partnership, Ltd)"
18,Devon County Council,21/05/2026,22099907,"1,072.78",B & R HEATING LIMITED,71711,418160274,Capital other - Digital Technology & Business Services,C02009,Works,C0651001,"DCC Business Entities (Sole Trade, Partnership, Ltd)"
18,Devon County Council,22/05/2026,22088485,"53,167.00",STEP ONE CHARITY,384200,787421303,Public Health,A57115,Payments to Private Contractors,R0316084,"DCC Business Entities (Sole Trade, Partnership, Ltd)"
18,Devon County Council,22/05/2026,22090592,"10,055.50",TORRIDGE DISTRICT COUNCIL,4707,144666062,"Economy, Enterprise and Skills",A23005,Rates,R0539001,"DCC Business Entities (Sole Trade, Partnership, Ltd)"
18,Devon County Council,22/05/2026,22093662,"5,025.00",HEYWOOD LIMITED,25829,862529800,Finance & Public Value,A45005,IT Hardware,R0493001,"DCC Business Entities (Sole Trade, Partnership, Ltd)"
18,Devon County Council,22/05/2026,22093829,"32,092.58",RUNNING DEER COMMUNITY INTEREST COMPANY,293947,289345260,Dedicated Schools Grant,A61052,Independent Special School Fees,R0089003,"DCC Business Entities (Sole Trade, Partnership, Ltd)"
18,Devon County Council,22/05/2026,22094328,"3,041.16",COUNTY GROUNDS MAINTENANCE LIMITED,258238,874318602,"Economy, Enterprise and Skills",A49005,Other Hired & Contracting Services,R0540002,"DCC Business Entities (Sole Trade, Partnership, Ltd)"
18,Devon County Council,22/05/2026,22094385,"1,260.00",YTKO LIMITED,346985,242694942,"Economy, Enterprise and Skills",A44038,Fees,R0546004,"DCC Business Entities (Sole Trade, Partnership, Ltd)"
18,Devon County Council,22/05/2026,22094389,"11,970.00",YTKO LIMITED,346985,242694942,"Economy, Enterprise and Skills",A44038,Fees,R0546004,"DCC Business Entities (Sole Trade, Partnership, Ltd)"
18,Devon County Council,22/05/2026,22094398,"1,170.00",SARAH BADGER,357059,,P-Ledger - Separate Legal Entity,A61060,Support for Children in Care,P0432008,"DCC Business Entities (Sole Trade, Partnership, Ltd)"
18,Devon County Council,22/05/2026,22094412,"2,052.12",Complete Training (Devon) Ltd,601803,454736080,"Economy, Enterprise and Skills",A44038,Fees,R0546004,"DCC Business Entities (Sole Trade, Partnership, Ltd)"
18,Devon County Council,22/05/2026,22094417,"2,603.03",Complete Training (Devon) Ltd,601803,454736080,"Economy, Enterprise and Skills",A44038,Fees,R0546004,"DCC Business Entities (Sole Trade, Partnership, Ltd)"
18,Devon County Council,22/05/2026,22094418,"13,168.32",Complete Training (Devon) Ltd,601803,454736080,"Economy, Enterprise and Skills",A44038,Fees,R0546004,"DCC Business Entities (Sole Trade, Partnership, Ltd)"
18,Devon County Council,22/05/2026,22094593,504.6,Disability Together,140334,436098381,Operations,A57133,Enabling,R0225001,"DCC Business Entities (Sole Trade, Partnership, Ltd)"
18,Devon County Council,22/05/2026,22094604,674,NORSE SOUTH WEST LIMITED,279741,785421021,Transformation & Business Services,A44038,Fees,R0333028,"DCC Business Entities (Sole Trade, Partnership, Ltd)"
18,Devon County Council,22/05/2026,22094613,"1,890.00",EXETER RUGBY CLUB LTD,34972,918551313,Dedicated Schools Grant,A44185,Other professional Services (Schools),R0082007,"DCC Business Entities (Sole Trade, Partnership, Ltd)"
18,Devon County Council,22/05/2026,22094615,"2,002.69",EXETER RUGBY CLUB LTD,34972,918551313,Dedicated Schools Grant,A44185,Other professional Services (Schools),R0082007,"DCC Business Entities (Sole Trade, Partnership, Ltd)"
18,Devon County Council,22/05/2026,22094639,563.77,NORSE SOUTH WEST LIMITED,279741,785421021,Transformation & Business Services,A44038,Fees,R0333026,"DCC Business Entities (Sole Trade, Partnership, Ltd)"
18,Devon County Council,22/05/2026,22094650,666.75,RICHARD GREEN ECOLOGY LIMITED,272615,113421075,Capital - Highways,C02011,External Professional Fees,C0652001,"DCC Business Entities (Sole Trade, Partnership, Ltd)"
18,Devon County Council,22/05/2026,22094651,"83,421.84",NORSE SOUTH WEST LIMITED,279741,785421021,Transformation & Business Services,A44038,Fees,R0333026,"DCC Business Entities (Sole Trade, Partnership, Ltd)"
18,Devon County Council,22/05/2026,22094654,"8,574.72",Complete Training (Devon) Ltd,601803,454736080,"Economy, Enterprise and Skills",A44038,Fees,R0546004,"DCC Business Entities (Sole Trade, Partnership, Ltd)"
18,Devon County Council,22/05/2026,22094874,"1,000.00",ACTION FIRST ASSESMENT LIMITED,388434,313339624,Operations,A44038,Fees,R0222002,"DCC Business Entities (Sole Trade, Partnership, Ltd)"
18,Devon County Council,22/05/2026,22095015,"2,597.90",S C C,161520,313651680,Highways & Infrastructure Development,A45015,Postages,R0562003,"DCC Business Entities (Sole Trade, Partnership, Ltd)"
18,Devon County Council,22/05/2026,22095039,"8,784.10",SME HCI LTD T/A VIVUP (CYCLE SCHEME),397607,869578054,People and Culture,A49105,Other Supplies & Services,R0502001,"DCC Business Entities (Sole Trade, Partnership, Ltd)"
18,Devon County Council,22/05/2026,22095061,"2,007.16",Enerveo Limited,14967,382894546,Highways & Infrastructure Development,A46100,Main / Term Contractor,R0567007,DCC CIS Suppliers
18,Devon County Council,22/05/2026,22095076,"4,741.50",LEAF COMPLEX CARE LIMITED,360974,,Children's Social Care,A61200,Community based care,R0044004,"DCC Business Entities (Sole Trade, Partnership, Ltd)"
18,Devon County Council,21/05/2026,22098316,930.9,MARINE & CIVIL SOLUTIONS LIMITED,283395,431868383,Highways & Infrastructure Development,A46100,Main / Term Contractor,R0555002,DCC CIS Suppliers
18,Devon County Council,21/05/2026,22098317,544.87,MARINE & CIVIL SOLUTIONS LIMITED,283395,431868383,Highways & Infrastructure Development,A46100,Main / Term Contractor,R0555002,DCC CIS Suppliers
18,Devon County Council,21/05/2026,22099788,"1,315.19",KENT COUNTY COUNCIL,83992,204269191,Operations,A21010,Gas,R0269001,"DCC Business Entities (Sole Trade, Partnership, Ltd)"
18,Devon County Council,21/05/2026,22100015,"1,200.00",Collectively Diverse CIC,603186,,Communities,A44110,Exam Fees,R0536016,"DCC Business Entities (Sole Trade, Partnership, Ltd)"
18,Devon County Council,22/05/2026,22091910,"3,047.72",INFOCUS CHARITY,5243,271614806,Dedicated Schools Grant,A61052,Independent Special School Fees,R0089003,"DCC Business Entities (Sole Trade, Partnership, Ltd)"
18,Devon County Council,22/05/2026,22094308,"20,768.61",Enerveo Limited,14967,382894546,"Capital - Planning, Transportation and Environment",C02009,Works,C0671003,DCC CIS Suppliers
18,Devon County Council,22/05/2026,22094329,"3,500.00",Harrison Wood Film,604497,,"Transport Operations, Environment and Waste",A62105,Miscellaneous expenditure,R0644001,"DCC Business Entities (Sole Trade, Partnership, Ltd)"
18,Devon County Council,22/05/2026,22094390,"6,174.00",YTKO LIMITED,346985,242694942,"Economy, Enterprise and Skills",A44038,Fees,R0546004,"DCC Business Entities (Sole Trade, Partnership, Ltd)"
18,Devon County Council,22/05/2026,22094542,"3,040.80",PROSPERO RECRUITMENT LIMITED,352539,486704947,Dedicated Schools Grant,A44185,Other professional Services (Schools),R0082007,"DCC Business Entities (Sole Trade, Partnership, Ltd)"
18,Devon County Council,22/05/2026,22094551,"2,027.20",PROSPERO RECRUITMENT LIMITED,352539,486704947,Dedicated Schools Grant,A44185,Other professional Services (Schools),R0082007,"DCC Business Entities (Sole Trade, Partnership, Ltd)"
18,Devon County Council,22/05/2026,22094610,"1,493.24",EXETER RUGBY CLUB LTD,34972,918551313,Dedicated Schools Grant,A44185,Other professional Services (Schools),R0082007,"DCC Business Entities (Sole Trade, Partnership, Ltd)"
18,Devon County Council,22/05/2026,22094611,"1,458.00",EXETER RUGBY CLUB LTD,34972,918551313,Dedicated Schools Grant,A44185,Other professional Services (Schools),R0082007,"DCC Business Entities (Sole Trade, Partnership, Ltd)"
18,Devon County Council,22/05/2026,22094618,"1,248.00",EXETER RUGBY CLUB LTD,34972,918551313,Dedicated Schools Grant,A44185,Other professional Services (Schools),R0082007,"DCC Business Entities (Sole Trade, Partnership, Ltd)"
18,Devon County Council,22/05/2026,22094623,560.95,NORSE SOUTH WEST LIMITED,279741,785421021,Transformation & Business Services,A44038,Fees,R0333028,"DCC Business Entities (Sole Trade, Partnership, Ltd)"
18,Devon County Council,22/05/2026,22095559,"1,080.00",SWIFT CARE SERVICES LIMITED,403733,,Children's Social Care,A61200,Community based care,R0044004,"DCC Business Entities (Sole Trade, Partnership, Ltd)"
18,Devon County Council,22/05/2026,22095932,700,KETTLE AND KEYBOARD LIMITED,360342,208307039,Children's Social Care,A44038,Fees,R0015001,"DCC Business Entities (Sole Trade, Partnership, Ltd)"
18,Devon County Council,22/05/2026,22095949,"1,086.00",DAN WOOLLACOTT FENCING,358106,278397149,Highways & Infrastructure Development,A49005,Other Hired & Contracting Services,R0552002,DCC CIS Suppliers
18,Devon County Council,22/05/2026,22096641,"458,010.29",MAGDALEN COURT SCHOOL,228429,479823044,Dedicated Schools Grant,A53012,Payments to Independent Units,R0089003,"DCC Business Entities (Sole Trade, Partnership, Ltd)"
18,Devon County Council,22/05/2026,22098328,"1,177.53",KENT COUNTY COUNCIL,83992,204269191,Operations,A21005,Electricity,R0268001,"DCC Business Entities (Sole Trade, Partnership, Ltd)"
18,Devon County Council,22/05/2026,22098329,"1,201.72",KENT COUNTY COUNCIL,83992,204269191,Operations,A21005,Electricity,R0252001,"DCC Business Entities (Sole Trade, Partnership, Ltd)"
18,Devon County Council,22/05/2026,22098514,"7,624.50",NORTH DEVON COUNCIL (AC 03953785),326313,144711092,Transformation & Business Services,A23005,Rates,R0333028,"DCC Business Entities (Sole Trade, Partnership, Ltd)"
18,Devon County Council,22/05/2026,22098721,889.45,KENT COUNTY COUNCIL,83992,204269191,Communities,A21005,Electricity,R0533002,"DCC Business Entities (Sole Trade, Partnership, Ltd)"
18,Devon County Council,22/05/2026,22098769,669.53,KENT COUNTY COUNCIL,83992,204269191,Inclusion & Learning,A21005,Electricity,R0102001,"DCC Business Entities (Sole Trade, Partnership, Ltd)"
18,Devon County Council,22/05/2026,22098777,"1,134.25",YCET Community Interest Company,600446,,Highways & Infrastructure Development,A49005,Other Hired & Contracting Services,R0557007,"DCC Business Entities (Sole Trade, Partnership, Ltd)"
18,Devon County Council,22/05/2026,22098801,935.38,CHERISHEDCARE DEVON,304476,,Children's Social Care,A61200,Community based care,R0046004,"DCC Business Entities (Sole Trade, Partnership, Ltd)"
18,Devon County Council,22/05/2026,22099175,"2,395.55",EVANS HEATING & PLUMBING LIMITED,51317,142922969,Highways & Infrastructure Development,C02009,Works,R0573002,DCC CIS Suppliers
18,Devon County Council,22/05/2026,22099321,"67,474.82",TILBURY DOUGLAS LIMITED,403367,381766759,"Capital - Planning, Transportation and Environment",C02009,Works,C0654001,"DCC Business Entities (Sole Trade, Partnership, Ltd)"
18,Devon County Council,22/05/2026,22099953,"1,283.50",PROMOTING INDEPENDENT CARE LIMITED,376159,,Children's Social Care,A11005,Agency Supply Staff,R0095005,"DCC Business Entities (Sole Trade, Partnership, Ltd)"
18,Devon County Council,22/05/2026,22094630,548.58,NORSE SOUTH WEST LIMITED,279741,785421021,Transformation & Business Services,A44038,Fees,R0333028,"DCC Business Entities (Sole Trade, Partnership, Ltd)"
18,Devon County Council,22/05/2026,22094667,605,DR HELEN ROWE,381282,,Children's Social Care,A61060,Support for Children in Care,R0106002,"DCC Business Entities (Sole Trade, Partnership, Ltd)"
18,Devon County Council,22/05/2026,22094881,"3,864.00",3t Training Services Ltd,601802,579834868,"Economy, Enterprise and Skills",A44038,Fees,R0546004,"DCC Business Entities (Sole Trade, Partnership, Ltd)"
18,Devon County Council,22/05/2026,22094935,"1,136.86",NORSE SOUTH WEST LIMITED,279741,785421021,Inclusion & Learning,A49005,Other Hired & Contracting Services,R0020002,"DCC Business Entities (Sole Trade, Partnership, Ltd)"
18,Devon County Council,22/05/2026,22094979,"1,740.00",SOUTH WEST COUNCILS,261183,131462795,Highways & Infrastructure Development,A44038,Fees,R0556008,"DCC Business Entities (Sole Trade, Partnership, Ltd)"
18,Devon County Council,22/05/2026,22095063,"23,305.00",Enerveo Limited,14967,382894546,Capital - Highways,C02009,Works,C0671005,DCC CIS Suppliers
18,Devon County Council,22/05/2026,22095071,"17,903.36",Enerveo Limited,14967,382894546,Highways & Infrastructure Development,A46100,Main / Term Contractor,R0567005,DCC CIS Suppliers
18,Devon County Council,22/05/2026,22095471,"8,090.40",ALLIED PUBLICITY SERVICES lTD,357678,146494152,"Chief Exec, Legal & Democratic services",A49005,Other Hired & Contracting Services,R0291003,"DCC Business Entities (Sole Trade, Partnership, Ltd)"
18,Devon County Council,22/05/2026,22098440,607.01,KENT COUNTY COUNCIL,83992,204269191,Children's Social Care,A21005,Electricity,R0095006,"DCC Business Entities (Sole Trade, Partnership, Ltd)"
18,Devon County Council,22/05/2026,22098714,"1,737.98",MEENA ENTERPRISES LIMITED,360477,,Operations,A44038,Fees,R0222002,"DCC Business Entities (Sole Trade, Partnership, Ltd)"
18,Devon County Council,22/05/2026,22098716,"3,884.66",KENT COUNTY COUNCIL,83992,204269191,Children's Social Care,A21005,Electricity,R0015001,"DCC Business Entities (Sole Trade, Partnership, Ltd)"
18,Devon County Council,22/05/2026,22098781,524.58,KENT COUNTY COUNCIL,83992,204269191,Inclusion & Learning,A21005,Electricity,R0020002,"DCC Business Entities (Sole Trade, Partnership, Ltd)"
18,Devon County Council,22/05/2026,22098797,651.19,KENT COUNTY COUNCIL,83992,204269191,"Economy, Enterprise and Skills",A21005,Electricity,R0540006,"DCC Business Entities (Sole Trade, Partnership, Ltd)"
18,Devon County Council,22/05/2026,22099019,538.1,BELL GROUP LIMITED,320709,469453353,Capital other - Digital Technology & Business Services,C02009,Works,C0651001,DCC CIS Suppliers
18,Devon County Council,22/05/2026,22100028,"1,250.00",LONDON BUILDING CONTROL LIMITED,318551,895840176,Capital - Children & Schools Expansions,C02011,External Professional Fees,C0657001,"DCC Business Entities (Sole Trade, Partnership, Ltd)"
18,Devon County Council,22/05/2026,22100001,"2,082.50",PROMOTING INDEPENDENT CARE LIMITED,376159,,Children's Social Care,A11005,Agency Supply Staff,R0095004,"DCC Business Entities (Sole Trade, Partnership, Ltd)"
18,Devon County Council,22/05/2026,22100014,800,UX2 LIMITED,388014,235329022,Dedicated Schools Grant,A44180,Services for Educational Estabs - Devon,R0010004,"DCC Business Entities (Sole Trade, Partnership, Ltd)"
18,Devon County Council,22/05/2026,22100130,750,LONDON BUILDING CONTROL LIMITED,318551,895840176,Capital - Schools Maintenance & Improvements,C02011,External Professional Fees,C0658001,"DCC Business Entities (Sole Trade, Partnership, Ltd)"
18,Devon County Council,22/05/2026,150451486,"40,377.94",M Group Highways Limited,375383,927200546,Capital - Highways,C02051,Term Maintenance Contract,C0671007,"DCC Business Entities (Sole Trade, Partnership, Ltd)"
18,Devon County Council,22/05/2026,150451488,710.76,M Group Highways Limited,375383,927200546,Capital - Highways,C02051,Term Maintenance Contract,C0652001,"DCC Business Entities (Sole Trade, Partnership, Ltd)"
18,Devon County Council,22/05/2026,150451491,"1,003.48",M Group Highways Limited,375383,927200546,Highways & Infrastructure Development,A46100,Main / Term Contractor,R0553003,"DCC Business Entities (Sole Trade, Partnership, Ltd)"
18,Devon County Council,22/05/2026,150451493,"5,837.69",M Group Highways Limited,375383,927200546,Capital - Highways,C02051,Term Maintenance Contract,C0652001,"DCC Business Entities (Sole Trade, Partnership, Ltd)"
18,Devon County Council,22/05/2026,150451496,"3,495.97",M Group Highways Limited,375383,927200546,Highways & Infrastructure Development,A46100,Main / Term Contractor,R0553006,"DCC Business Entities (Sole Trade, Partnership, Ltd)"
18,Devon County Council,22/05/2026,150451504,"7,750.56",M Group Highways Limited,375383,927200546,Capital - Highways,C02051,Term Maintenance Contract,C0671007,"DCC Business Entities (Sole Trade, Partnership, Ltd)"
18,Devon County Council,22/05/2026,150451505,"1,021.51",M Group Highways Limited,375383,927200546,Capital - Highways,C02051,Term Maintenance Contract,C0671007,"DCC Business Entities (Sole Trade, Partnership, Ltd)"
18,Devon County Council,22/05/2026,150451506,"-1,500.00",M Group Highways Limited,375383,927200546,Highways & Infrastructure Development,A46100,Main / Term Contractor,R0556009,"DCC Business Entities (Sole Trade, Partnership, Ltd)"
18,Devon County Council,26/05/2026,22093552,"10,610.00",RESOURCE FUTURES LIMITED,203252,879559738,"Transport Operations, Environment and Waste",A46100,Main / Term Contractor,R0606006,"DCC Business Entities (Sole Trade, Partnership, Ltd)"
18,Devon County Council,26/05/2026,22094278,"1,845.00",SOUTHWEST INTERVENTION SERVICES,333291,440830321,Children's Social Care,A61200,Community based care,R0044004,"DCC Business Entities (Sole Trade, Partnership, Ltd)"
18,Devon County Council,22/05/2026,22100103,"1,001.42",KENT COUNTY COUNCIL,83992,204269191,Operations,A21005,Electricity,R0269001,"DCC Business Entities (Sole Trade, Partnership, Ltd)"
18,Devon County Council,22/05/2026,150451489,"14,222.35",M Group Highways Limited,375383,927200546,Highways & Infrastructure Development,A46100,Main / Term Contractor,R0553001,"DCC Business Entities (Sole Trade, Partnership, Ltd)"
18,Devon County Council,22/05/2026,150451490,"18,611.21",M Group Highways Limited,375383,927200546,Capital - Highways,C02051,Term Maintenance Contract,C0671007,"DCC Business Entities (Sole Trade, Partnership, Ltd)"
18,Devon County Council,22/05/2026,150451492,"15,958.77",M Group Highways Limited,375383,927200546,Highways & Infrastructure Development,A46100,Main / Term Contractor,R0553004,"DCC Business Entities (Sole Trade, Partnership, Ltd)"
18,Devon County Council,22/05/2026,150451494,"9,575.70",M Group Highways Limited,375383,927200546,Highways & Infrastructure Development,A46100,Main / Term Contractor,R0553006,"DCC Business Entities (Sole Trade, Partnership, Ltd)"
18,Devon County Council,22/05/2026,150451495,"19,073.69",M Group Highways Limited,375383,927200546,Highways & Infrastructure Development,A46100,Main / Term Contractor,R0553006,"DCC Business Entities (Sole Trade, Partnership, Ltd)"
18,Devon County Council,22/05/2026,150451498,"11,584.81",M Group Highways Limited,375383,927200546,Capital - Highways,C02051,Term Maintenance Contract,C0671006,"DCC Business Entities (Sole Trade, Partnership, Ltd)"
18,Devon County Council,22/05/2026,150451499,"4,179.00",M Group Highways Limited,375383,927200546,Highways & Infrastructure Development,A46100,Main / Term Contractor,R0552005,"DCC Business Entities (Sole Trade, Partnership, Ltd)"
18,Devon County Council,22/05/2026,150451501,"2,032.22",M Group Highways Limited,375383,927200546,Capital - Highways,C02051,Term Maintenance Contract,C0671007,"DCC Business Entities (Sole Trade, Partnership, Ltd)"
18,Devon County Council,22/05/2026,150451513,"-1,491.25",M Group Highways Limited,375383,927200546,Capital - Highways,C02051,Term Maintenance Contract,C0652001,"DCC Business Entities (Sole Trade, Partnership, Ltd)"
18,Devon County Council,26/05/2026,22069366,"15,099.49",CAMBIAN CHILDCARE LIMITED,299178,190023541,Dedicated Schools Grant,A61052,Independent Special School Fees,R0089003,"DCC Business Entities (Sole Trade, Partnership, Ltd)"
18,Devon County Council,26/05/2026,22089142,"42,995.00",Vizst Technology Ltd,604271,989215668,Transformation & Business Services,A45008,IT Hardware Maintenance,R0353008,"DCC Business Entities (Sole Trade, Partnership, Ltd)"
18,Devon County Council,26/05/2026,22092451,900,TUTE EDUCATION LIMITED,307284,902188441,Dedicated Schools Grant,A44180,Services for Educational Estabs - Devon,R0010004,"DCC Business Entities (Sole Trade, Partnership, Ltd)"
18,Devon County Council,26/05/2026,22093540,"1,666.67",RESOURCE FUTURES LIMITED,203252,879559738,"Transport Operations, Environment and Waste",A44038,Fees,R0611003,"DCC Business Entities (Sole Trade, Partnership, Ltd)"
18,Devon County Council,26/05/2026,22094285,"3,150.00",SOUTHWEST INTERVENTION SERVICES,333291,440830321,Children's Social Care,A61200,Community based care,R0044004,"DCC Business Entities (Sole Trade, Partnership, Ltd)"
18,Devon County Council,26/05/2026,22094462,"2,512.12",VALLEY MOBILITY SERVICES LIMITED,87203,728762990,P-Ledger - Separate Legal Entity,A61054,Equipment (Care),P0391002,"DCC Business Entities (Sole Trade, Partnership, Ltd)"
18,Devon County Council,26/05/2026,22094487,"1,732.50",SIMPLY GREAT MEDIA,367788,479704936,Dedicated Schools Grant,A44185,Other professional Services (Schools),R0082007,"DCC Business Entities (Sole Trade, Partnership, Ltd)"
18,Devon County Council,26/05/2026,22094490,"1,732.50",SIMPLY GREAT MEDIA,367788,479704936,Dedicated Schools Grant,A44185,Other professional Services (Schools),R0082007,"DCC Business Entities (Sole Trade, Partnership, Ltd)"
18,Devon County Council,26/05/2026,22094496,"1,332.50",SIMPLY GREAT MEDIA,367788,479704936,Dedicated Schools Grant,A44185,Other professional Services (Schools),R0082007,"DCC Business Entities (Sole Trade, Partnership, Ltd)"
18,Devon County Council,26/05/2026,22094497,"1,732.50",SIMPLY GREAT MEDIA,367788,479704936,Dedicated Schools Grant,A44185,Other professional Services (Schools),R0082007,"DCC Business Entities (Sole Trade, Partnership, Ltd)"
18,Devon County Council,26/05/2026,22094503,"1,332.50",SIMPLY GREAT MEDIA,367788,479704936,Dedicated Schools Grant,A44185,Other professional Services (Schools),R0082007,"DCC Business Entities (Sole Trade, Partnership, Ltd)"
18,Devon County Council,26/05/2026,22094526,"11,988.89",W J SOUTH WEST LIMITED,308541,970783388,Highways & Infrastructure Development,A49005,Other Hired & Contracting Services,R0556012,"DCC Business Entities (Sole Trade, Partnership, Ltd)"
18,Devon County Council,26/05/2026,22094530,"3,045.96",ROYAL DEVON UNIVERSITY HEALTHCAR,21280,654938887,Transformation & Business Services,A52005,Payments to Other Local Authorities,R0337004,"DCC Business Entities (Sole Trade, Partnership, Ltd)"
18,Devon County Council,26/05/2026,22094541,"52,506.02",COSMIC (HONITON),103322,684759473,"Economy, Enterprise and Skills",A44038,Fees,R0546004,"DCC Business Entities (Sole Trade, Partnership, Ltd)"
18,Devon County Council,26/05/2026,22094560,"11,026.38",W J SOUTH WEST LIMITED,308541,970783388,Capital - Highways,C02009,Works,C0652001,"DCC Business Entities (Sole Trade, Partnership, Ltd)"
18,Devon County Council,26/05/2026,22094571,782.4,CATRIONA J BROWNS,396827,,P-Ledger - Separate Legal Entity,A61060,Support for Children in Care,P0432008,"DCC Business Entities (Sole Trade, Partnership, Ltd)"
18,Devon County Council,26/05/2026,22094471,"19,437.60",The Pluss Organisation CIC,603354,481109307,"Economy, Enterprise and Skills",A44038,Fees,R0539003,"DCC Business Entities (Sole Trade, Partnership, Ltd)"
18,Devon County Council,26/05/2026,22094475,"1,143.45",MCCONNELLS (MIDLANDS) LIMITED,271811,126055983,"Capital - Planning, Transportation and Environment",C02011,External Professional Fees,C0671003,"DCC Business Entities (Sole Trade, Partnership, Ltd)"
18,Devon County Council,26/05/2026,22094488,"1,237.50",SIMPLY GREAT MEDIA,367788,479704936,Dedicated Schools Grant,A44185,Other professional Services (Schools),R0082007,"DCC Business Entities (Sole Trade, Partnership, Ltd)"
18,Devon County Council,26/05/2026,22094491,"1,732.50",SIMPLY GREAT MEDIA,367788,479704936,Dedicated Schools Grant,A44185,Other professional Services (Schools),R0082007,"DCC Business Entities (Sole Trade, Partnership, Ltd)"
18,Devon County Council,26/05/2026,22094494,"1,732.50",SIMPLY GREAT MEDIA,367788,479704936,Dedicated Schools Grant,A44185,Other professional Services (Schools),R0082007,"DCC Business Entities (Sole Trade, Partnership, Ltd)"
18,Devon County Council,26/05/2026,22094501,"1,732.50",SIMPLY GREAT MEDIA,367788,479704936,Dedicated Schools Grant,A44185,Other professional Services (Schools),R0082007,"DCC Business Entities (Sole Trade, Partnership, Ltd)"
18,Devon County Council,26/05/2026,22094524,"12,663.56",COSMIC (HONITON),103322,684759473,"Economy, Enterprise and Skills",A44038,Fees,R0546004,"DCC Business Entities (Sole Trade, Partnership, Ltd)"
18,Devon County Council,26/05/2026,22094710,"2,027.20",PROSPERO RECRUITMENT LIMITED,352539,486704947,Dedicated Schools Grant,A44185,Other professional Services (Schools),R0082007,"DCC Business Entities (Sole Trade, Partnership, Ltd)"
18,Devon County Council,26/05/2026,22094717,"1,420.00",ESTEEM TEAM COMMUNITY INTEREST COMPANY,366509,491597739,Dedicated Schools Grant,A44185,Other professional Services (Schools),R0082007,"DCC Business Entities (Sole Trade, Partnership, Ltd)"
18,Devon County Council,26/05/2026,22094746,786.78,BE YOUR BEST MENTORING LIMITED,385179,426486966,Dedicated Schools Grant,A44185,Other professional Services (Schools),R0082007,"DCC Business Entities (Sole Trade, Partnership, Ltd)"
18,Devon County Council,26/05/2026,22094754,782.4,LYRECO UK LIMITED,71846,927265703,Operations,A43020,General Office Expenses,R0264001,"DCC Business Entities (Sole Trade, Partnership, Ltd)"
18,Devon County Council,26/05/2026,22094774,"1,296.00",LIVE TO LEARN EDUCATION LIMITED,380514,444356785,Dedicated Schools Grant,A44185,Other professional Services (Schools),R0082007,"DCC Business Entities (Sole Trade, Partnership, Ltd)"
18,Devon County Council,26/05/2026,22094796,"1,326.00",LIVE TO LEARN EDUCATION LIMITED,380514,444356785,Dedicated Schools Grant,A44185,Other professional Services (Schools),R0082007,"DCC Business Entities (Sole Trade, Partnership, Ltd)"
18,Devon County Council,26/05/2026,22094672,"6,047.08",W J SOUTH WEST LIMITED,308541,970783388,Capital - Highways,C02009,Works,C0652001,"DCC Business Entities (Sole Trade, Partnership, Ltd)"
18,Devon County Council,26/05/2026,22094725,"1,000.00",ESTEEM TEAM COMMUNITY INTEREST COMPANY,366509,491597739,Dedicated Schools Grant,A44185,Other professional Services (Schools),R0082007,"DCC Business Entities (Sole Trade, Partnership, Ltd)"
18,Devon County Council,26/05/2026,22094729,610,ESTEEM TEAM COMMUNITY INTEREST COMPANY,366509,491597739,Dedicated Schools Grant,A44185,Other professional Services (Schools),R0082007,"DCC Business Entities (Sole Trade, Partnership, Ltd)"
18,Devon County Council,26/05/2026,22094731,"1,573.56",BE YOUR BEST MENTORING LIMITED,385179,426486966,Dedicated Schools Grant,A44185,Other professional Services (Schools),R0082007,"DCC Business Entities (Sole Trade, Partnership, Ltd)"
18,Devon County Council,26/05/2026,22094741,524.52,BE YOUR BEST MENTORING LIMITED,385179,426486966,Dedicated Schools Grant,A44185,Other professional Services (Schools),R0082007,"DCC Business Entities (Sole Trade, Partnership, Ltd)"
18,Devon County Council,26/05/2026,22094750,524.52,BE YOUR BEST MENTORING LIMITED,385179,426486966,Dedicated Schools Grant,A44185,Other professional Services (Schools),R0082007,"DCC Business Entities (Sole Trade, Partnership, Ltd)"
18,Devon County Council,26/05/2026,22094766,"1,332.00",LIVE TO LEARN EDUCATION LIMITED,380514,444356785,Dedicated Schools Grant,A44185,Other professional Services (Schools),R0082007,"DCC Business Entities (Sole Trade, Partnership, Ltd)"
18,Devon County Council,26/05/2026,22094772,"4,525.95",LYRECO UK LIMITED,71846,927265703,Transformation & Business Services,A43010,Printing,R0333026,"DCC Business Entities (Sole Trade, Partnership, Ltd)"
18,Devon County Council,26/05/2026,22094777,"2,070.00",LIVE TO LEARN EDUCATION LIMITED,380514,444356785,Dedicated Schools Grant,A44185,Other professional Services (Schools),R0082007,"DCC Business Entities (Sole Trade, Partnership, Ltd)"
18,Devon County Council,26/05/2026,22094815,"1,506.00",LIVE TO LEARN EDUCATION LIMITED,380514,444356785,Dedicated Schools Grant,A44185,Other professional Services (Schools),R0082007,"DCC Business Entities (Sole Trade, Partnership, Ltd)"
18,Devon County Council,26/05/2026,22094817,"2,028.00",LIVE TO LEARN EDUCATION LIMITED,380514,444356785,Dedicated Schools Grant,A44185,Other professional Services (Schools),R0082007,"DCC Business Entities (Sole Trade, Partnership, Ltd)"
18,Devon County Council,26/05/2026,22094855,"1,100.00",LABOSPORT LIMITED,188125,845354417,"Capital - Planning, Transportation and Environment",C02011,External Professional Fees,C0671003,"DCC Business Entities (Sole Trade, Partnership, Ltd)"
18,Devon County Council,26/05/2026,22094930,"5,704.23",TUSKER DIRECT LIMITED,397548,244155576,People and Culture,A49105,Other Supplies & Services,R0502001,"DCC Business Entities (Sole Trade, Partnership, Ltd)"
18,Devon County Council,26/05/2026,22095009,680,BALES FARM OUTDOOR LEARNING LTD,377260,505816692,Children's Social Care,A44176,Educational / Residential Visits,R0015003,"DCC Business Entities (Sole Trade, Partnership, Ltd)"
18,Devon County Council,26/05/2026,22095012,770.64,NORSE SOUTH WEST LIMITED,279741,785421021,Transformation & Business Services,A46100,Main / Term Contractor,R0334004,"DCC Business Entities (Sole Trade, Partnership, Ltd)"
18,Devon County Council,26/05/2026,22095017,"12,387.85",SME HCI LIMITED TRADING AS VIVUP,397379,477991617,People and Culture,A44038,Fees,R0502001,"DCC Business Entities (Sole Trade, Partnership, Ltd)"
18,Devon County Council,26/05/2026,22095021,520,CHIPSIDE LIMITED,280928,812080569,Highways & Infrastructure Development,A45045,IT Software Maintenance,R0556001,"DCC Business Entities (Sole Trade, Partnership, Ltd)"
18,Devon County Council,26/05/2026,22095070,"1,000.00",Kadiatu Kanneh-Mason,604525,,Inclusion & Learning,A44038,Fees,R0681003,"DCC Business Entities (Sole Trade, Partnership, Ltd)"
18,Devon County Council,26/05/2026,22095085,"2,925.00",SENSORY CONNECTIONS LIMITED (C.WEST),383865,,Children's Social Care,A44038,Fees,R0015004,"DCC Business Entities (Sole Trade, Partnership, Ltd)"
18,Devon County Council,26/05/2026,22095090,"1,338.00",ADVANCED ARBORICULTURE LIMITED,349564,282879645,"Capital - Planning, Transportation and Environment",C02009,Works,C0671003,"DCC Business Entities (Sole Trade, Partnership, Ltd)"
18,Devon County Council,26/05/2026,22095095,"1,500.00",ESTEEM TEAM COMMUNITY INTEREST COMPANY,366509,491597739,Dedicated Schools Grant,A44185,Other professional Services (Schools),R0082007,"DCC Business Entities (Sole Trade, Partnership, Ltd)"
18,Devon County Council,26/05/2026,22095135,"2,439.64",S C C,161520,313651680,Transformation & Business Services,A45040,IT Software,R0353008,"DCC Business Entities (Sole Trade, Partnership, Ltd)"
18,Devon County Council,26/05/2026,22095137,651.23,S C C,161520,313651680,"Chief Exec, Legal & Democratic services",A45040,IT Software,R0281001,"DCC Business Entities (Sole Trade, Partnership, Ltd)"
18,Devon County Council,26/05/2026,22095155,910,ESTEEM TEAM COMMUNITY INTEREST COMPANY,366509,491597739,Dedicated Schools Grant,A44185,Other professional Services (Schools),R0082007,"DCC Business Entities (Sole Trade, Partnership, Ltd)"
18,Devon County Council,26/05/2026,22095192,840,3t Training Services Ltd,601802,579834868,"Economy, Enterprise and Skills",A44038,Fees,R0546004,"DCC Business Entities (Sole Trade, Partnership, Ltd)"
18,Devon County Council,26/05/2026,22095195,"190,794.34",MTI TECHNOLOGY,300247,494091232,Transformation & Business Services,A45008,IT Hardware Maintenance,R0353008,"DCC Business Entities (Sole Trade, Partnership, Ltd)"
18,Devon County Council,26/05/2026,22095216,"1,573.56",BE YOUR BEST MENTORING LIMITED,385179,426486966,Dedicated Schools Grant,A44185,Other professional Services (Schools),R0082007,"DCC Business Entities (Sole Trade, Partnership, Ltd)"
18,Devon County Council,26/05/2026,22094805,"1,503.00",LIVE TO LEARN EDUCATION LIMITED,380514,444356785,Dedicated Schools Grant,A44185,Other professional Services (Schools),R0082007,"DCC Business Entities (Sole Trade, Partnership, Ltd)"
18,Devon County Council,26/05/2026,22094814,"1,174.50",LIVE TO LEARN EDUCATION LIMITED,380514,444356785,Dedicated Schools Grant,A44185,Other professional Services (Schools),R0082007,"DCC Business Entities (Sole Trade, Partnership, Ltd)"
18,Devon County Council,26/05/2026,22094850,836.35,LYRECO UK LIMITED,71846,927265703,Operations,A43010,Printing,R0479074,"DCC Business Entities (Sole Trade, Partnership, Ltd)"
18,Devon County Council,26/05/2026,22094900,"17,154.17",Okement Digital Health,604640,,Public Health Nursing,A44065,Consultancy Services,R0019010,"DCC Business Entities (Sole Trade, Partnership, Ltd)"
18,Devon County Council,26/05/2026,22094932,"1,257.36",NORSE SOUTH WEST LIMITED,279741,785421021,Transformation & Business Services,A46100,Main / Term Contractor,R0334004,"DCC Business Entities (Sole Trade, Partnership, Ltd)"
18,Devon County Council,26/05/2026,22094937,"1,661.74",NORSE SOUTH WEST LIMITED,279741,785421021,Transformation & Business Services,A46100,Main / Term Contractor,R0334004,"DCC Business Entities (Sole Trade, Partnership, Ltd)"
18,Devon County Council,26/05/2026,22094970,"4,233.72",NORSE SOUTH WEST LIMITED,279741,785421021,Highways & Infrastructure Development,A46100,Main / Term Contractor,R0574001,"DCC Business Entities (Sole Trade, Partnership, Ltd)"
18,Devon County Council,26/05/2026,22094981,"1,324.96",NORSE SOUTH WEST LIMITED,279741,785421021,Transformation & Business Services,A46100,Main / Term Contractor,R0334006,"DCC Business Entities (Sole Trade, Partnership, Ltd)"
18,Devon County Council,26/05/2026,22094985,"2,815.12",NORSE SOUTH WEST LIMITED,279741,785421021,"Capital - Planning, Transportation and Environment",C02011,External Professional Fees,C0671003,"DCC Business Entities (Sole Trade, Partnership, Ltd)"
18,Devon County Council,26/05/2026,22095004,801.46,NORSE SOUTH WEST LIMITED,279741,785421021,Capital other - Digital Technology & Business Services,C02011,External Professional Fees,C0651001,"DCC Business Entities (Sole Trade, Partnership, Ltd)"
18,Devon County Council,26/05/2026,22095005,"1,239.26",NORSE SOUTH WEST LIMITED,279741,785421021,Highways & Infrastructure Development,A46100,Main / Term Contractor,R0574001,"DCC Business Entities (Sole Trade, Partnership, Ltd)"
18,Devon County Council,26/05/2026,22095007,700,NORSE SOUTH WEST LIMITED,279741,785421021,Highways & Infrastructure Development,A46100,Main / Term Contractor,R0573002,"DCC Business Entities (Sole Trade, Partnership, Ltd)"
18,Devon County Council,26/05/2026,22095014,932.88,NORSE SOUTH WEST LIMITED,279741,785421021,"Capital - Planning, Transportation and Environment",C02011,External Professional Fees,C0671003,"DCC Business Entities (Sole Trade, Partnership, Ltd)"
18,Devon County Council,26/05/2026,22095217,"1,134.00",CO ADVENTURERS LIMITED,369278,394138084,Dedicated Schools Grant,A44185,Other professional Services (Schools),R0082007,"DCC Business Entities (Sole Trade, Partnership, Ltd)"
18,Devon County Council,26/05/2026,22095221,633.28,NORSE SOUTH WEST LIMITED,279741,785421021,"Economy, Enterprise and Skills",A46100,Main / Term Contractor,R0540006,"DCC Business Entities (Sole Trade, Partnership, Ltd)"
18,Devon County Council,26/05/2026,22095236,"2,916.00",CO ADVENTURERS LIMITED,369278,394138084,Dedicated Schools Grant,A44185,Other professional Services (Schools),R0082007,"DCC Business Entities (Sole Trade, Partnership, Ltd)"
18,Devon County Council,26/05/2026,22095238,"1,794.00",DEVON PATHWAYS LTD,383486,392542678,Dedicated Schools Grant,A44180,Services for Educational Estabs - Devon,R0010004,"DCC Business Entities (Sole Trade, Partnership, Ltd)"
18,Devon County Council,26/05/2026,22095259,"2,160.00",CO ADVENTURERS LIMITED,369278,394138084,Dedicated Schools Grant,A44185,Other professional Services (Schools),R0082002,"DCC Business Entities (Sole Trade, Partnership, Ltd)"
18,Devon County Council,26/05/2026,22095263,"1,854.00",TUBERS ACADEMY LIMITED,348033,300702466,Dedicated Schools Grant,A44185,Other professional Services (Schools),R0082007,"DCC Business Entities (Sole Trade, Partnership, Ltd)"
18,Devon County Council,26/05/2026,22095276,556.2,TUBERS ACADEMY LIMITED,348033,300702466,Children's Social Care,A61200,Community based care,R0046004,"DCC Business Entities (Sole Trade, Partnership, Ltd)"
18,Devon County Council,26/05/2026,22095278,"2,224.80",TUBERS ACADEMY LIMITED,348033,300702466,Dedicated Schools Grant,A44185,Other professional Services (Schools),R0082007,"DCC Business Entities (Sole Trade, Partnership, Ltd)"
18,Devon County Council,26/05/2026,22095282,544.82,NORSE SOUTH WEST LIMITED,279741,785421021,Capital - Highways,C02011,External Professional Fees,C0671004,"DCC Business Entities (Sole Trade, Partnership, Ltd)"
18,Devon County Council,26/05/2026,22095287,"2,224.80",TUBERS ACADEMY LIMITED,348033,300702466,Dedicated Schools Grant,A44185,Other professional Services (Schools),R0082007,"DCC Business Entities (Sole Trade, Partnership, Ltd)"
18,Devon County Council,26/05/2026,22095355,709.87,NORSE SOUTH WEST LIMITED,279741,785421021,Highways & Infrastructure Development,A46100,Main / Term Contractor,R0573002,"DCC Business Entities (Sole Trade, Partnership, Ltd)"
18,Devon County Council,26/05/2026,22095356,598,DEVON PATHWAYS LTD,383486,392542678,Dedicated Schools Grant,A44185,Other professional Services (Schools),R0082007,"DCC Business Entities (Sole Trade, Partnership, Ltd)"
18,Devon County Council,26/05/2026,22095388,"8,544.96",NORSE SOUTH WEST LIMITED,279741,785421021,Transformation & Business Services,A46100,Main / Term Contractor,R0334005,"DCC Business Entities (Sole Trade, Partnership, Ltd)"
18,Devon County Council,26/05/2026,22095396,-538.5,SME HCI LIMITED TRADING AS VIVUP,397379,477991617,People and Culture,A49105,Other Supplies & Services,R0502001,"DCC Business Entities (Sole Trade, Partnership, Ltd)"
18,Devon County Council,26/05/2026,22095412,"3,605.70",NORSE SOUTH WEST LIMITED,279741,785421021,Transformation & Business Services,A46100,Main / Term Contractor,R0334006,"DCC Business Entities (Sole Trade, Partnership, Ltd)"
18,Devon County Council,26/05/2026,22095431,"2,189.51",NORSE SOUTH WEST LIMITED,279741,785421021,Capital other - Digital Technology & Business Services,C02011,External Professional Fees,C0651001,"DCC Business Entities (Sole Trade, Partnership, Ltd)"
18,Devon County Council,26/05/2026,22095460,"2,100.00",BESTOUTCOME LIMITED,375768,727373422,Transformation & Business Services,A16005,Staff Training Expenses - Payroll,R0353006,"DCC Business Entities (Sole Trade, Partnership, Ltd)"
18,Devon County Council,26/05/2026,22095474,"1,020.00",COMMUNITY SUPPORT TEAM COMMUNITY INTEREST COMPANY,302088,,Dedicated Schools Grant,A44185,Other professional Services (Schools),R0082007,"DCC Business Entities (Sole Trade, Partnership, Ltd)"
18,Devon County Council,26/05/2026,22095476,"1,350.00",Charlotte Haley,603009,,Dedicated Schools Grant,A44185,Other professional Services (Schools),R0082007,"DCC Business Entities (Sole Trade, Partnership, Ltd)"
18,Devon County Council,26/05/2026,22095477,630,Maaike Geschwindt ta Free2BMe Play Therapy,388811,,P-Ledger - Separate Legal Entity,A61060,Support for Children in Care,P0432008,"DCC Business Entities (Sole Trade, Partnership, Ltd)"
18,Devon County Council,26/05/2026,22095493,"5,117.34",GCI NETWORK SOLUTIONS TA NASSTAR,380659,199872429,Transformation & Business Services,A45008,IT Hardware Maintenance,R0353008,"DCC Business Entities (Sole Trade, Partnership, Ltd)"
18,Devon County Council,26/05/2026,22095496,"3,511.50",CITY COLLEGE PLYMOUTH,13507,591390916,"Economy, Enterprise and Skills",A44038,Fees,R0546004,"DCC Business Entities (Sole Trade, Partnership, Ltd)"
18,Devon County Council,26/05/2026,22095499,500,ESTEEM TEAM COMMUNITY INTEREST COMPANY,366509,491597739,Dedicated Schools Grant,A44185,Other professional Services (Schools),R0082007,"DCC Business Entities (Sole Trade, Partnership, Ltd)"
18,Devon County Council,26/05/2026,22095528,"13,888.89",BLACKDICE HEALTHCARE LIMITED,393515,,Commissioning,A44038,Fees,R0217030,"DCC Business Entities (Sole Trade, Partnership, Ltd)"
18,Devon County Council,26/05/2026,22095544,"2,400.00",DOMINIC ACLAND,333939,,"Transport Operations, Environment and Waste",A44038,Fees,R0644001,"DCC Business Entities (Sole Trade, Partnership, Ltd)"
18,Devon County Council,26/05/2026,22095555,"1,094.15",AMBITIOUS PR LIMITED,376669,166062415,Finance & Public Value,A44065,Consultancy Services,R0202001,"DCC Business Entities (Sole Trade, Partnership, Ltd)"
18,Devon County Council,26/05/2026,22095028,"1,960.10",SME HCI LIMITED TRADING AS VIVUP,397379,477991617,People and Culture,A44038,Fees,R0502001,"DCC Business Entities (Sole Trade, Partnership, Ltd)"
18,Devon County Council,26/05/2026,22095066,"3,750.00",LIBRARIES UNLIMITED SOUTH WEST,334595,235429115,"Economy, Enterprise and Skills",A22010,Hire of Rooms,R0539003,"DCC Business Entities (Sole Trade, Partnership, Ltd)"
18,Devon County Council,26/05/2026,22095104,"5,250.00",TRAFFIC DATA CENTRE,352519,627331844,Planning,A49005,Other Hired & Contracting Services,R0620001,"DCC Business Entities (Sole Trade, Partnership, Ltd)"
18,Devon County Council,26/05/2026,22095110,"6,196.50",Enhance EHC Ltd,604125,750870917,Inclusion & Learning,A44065,Consultancy Services,R0680004,"DCC Business Entities (Sole Trade, Partnership, Ltd)"
18,Devon County Council,26/05/2026,22095141,599.65,PSYCHOLOGY ASSOCIATES LIMITED,147932,912873418,"Chief Exec, Legal & Democratic services",A44038,Fees,R0276001,"DCC Business Entities (Sole Trade, Partnership, Ltd)"
18,Devon County Council,26/05/2026,22095186,"1,512.00",3t Training Services Ltd,601802,579834868,"Economy, Enterprise and Skills",A44038,Fees,R0546004,"DCC Business Entities (Sole Trade, Partnership, Ltd)"
18,Devon County Council,26/05/2026,22095190,"6,048.00",3t Training Services Ltd,601802,579834868,"Economy, Enterprise and Skills",A44038,Fees,R0546004,"DCC Business Entities (Sole Trade, Partnership, Ltd)"
18,Devon County Council,26/05/2026,22095226,"1,600.00",UX2 LIMITED,388014,235329022,Dedicated Schools Grant,A44185,Other professional Services (Schools),R0082007,"DCC Business Entities (Sole Trade, Partnership, Ltd)"
18,Devon County Council,26/05/2026,22095227,"1,854.00",TUBERS ACADEMY LIMITED,348033,300702466,Dedicated Schools Grant,A44185,Other professional Services (Schools),R0082007,"DCC Business Entities (Sole Trade, Partnership, Ltd)"
18,Devon County Council,26/05/2026,22095229,"2,500.00",UX2 LIMITED,388014,235329022,Dedicated Schools Grant,A44180,Services for Educational Estabs - Devon,R0010004,"DCC Business Entities (Sole Trade, Partnership, Ltd)"
18,Devon County Council,26/05/2026,22095253,"2,430.00",CO ADVENTURERS LIMITED,369278,394138084,Dedicated Schools Grant,A44185,Other professional Services (Schools),R0082007,"DCC Business Entities (Sole Trade, Partnership, Ltd)"
18,Devon County Council,26/05/2026,22095262,524.52,BE YOUR BEST MENTORING LIMITED,385179,426486966,Dedicated Schools Grant,A44185,Other professional Services (Schools),R0082007,"DCC Business Entities (Sole Trade, Partnership, Ltd)"
18,Devon County Council,26/05/2026,22095265,524.52,BE YOUR BEST MENTORING LIMITED,385179,426486966,Dedicated Schools Grant,A44185,Other professional Services (Schools),R0082007,"DCC Business Entities (Sole Trade, Partnership, Ltd)"
18,Devon County Council,26/05/2026,22095351,"2,051.00",DEVON PATHWAYS LTD,383486,392542678,Dedicated Schools Grant,A44185,Other professional Services (Schools),R0082007,"DCC Business Entities (Sole Trade, Partnership, Ltd)"
18,Devon County Council,26/05/2026,22095840,"1,560.21",BANTHAM ESTATE LIMITED,370269,136943843,Highways & Infrastructure Development,A49005,Other Hired & Contracting Services,R0557007,"DCC Business Entities (Sole Trade, Partnership, Ltd)"
18,Devon County Council,26/05/2026,22096238,"151,480.91",MICROSOFT LIMITED (SERVICES),200415,724594615,Transformation & Business Services,A45045,IT Software Maintenance,R0353008,"DCC Business Entities (Sole Trade, Partnership, Ltd)"
18,Devon County Council,26/05/2026,22096305,"2,218.00",CLEAR DATA LIMITED,362158,747259794,Public Health Nursing,A49105,Other Supplies & Services,R0019003,"DCC Business Entities (Sole Trade, Partnership, Ltd)"
18,Devon County Council,26/05/2026,22096417,"3,872.70",CARRICK SPORTS CONSTRUCTION LIMITED,600550,292330609,"Capital - Planning, Transportation and Environment",C02009,Works,C0671003,"DCC Business Entities (Sole Trade, Partnership, Ltd)"
18,Devon County Council,26/05/2026,22096475,"21,231.59",SHEILING SPECIAL EDUCATION TRUST,365526,478670147,Dedicated Schools Grant,A61052,Independent Special School Fees,R0089003,"DCC Business Entities (Sole Trade, Partnership, Ltd)"
18,Devon County Council,26/05/2026,22096513,"6,016.50",PREPAID FINANCIAL SERVICES LIMITED,348825,971986853,Operations,A44038,Fees,R0219002,"DCC Business Entities (Sole Trade, Partnership, Ltd)"
18,Devon County Council,26/05/2026,22096541,"3,504.82",A & T SERVICES LIMITED,404480,557473118,"Transport Operations, Environment and Waste",A46100,Main / Term Contractor,R0601001,"DCC Business Entities (Sole Trade, Partnership, Ltd)"
18,Devon County Council,26/05/2026,22096748,"1,059.80",SOUTHWEST INTERVENTION SERVICES,333291,440830321,Children's Social Care,A61200,Community based care,R0044004,"DCC Business Entities (Sole Trade, Partnership, Ltd)"
18,Devon County Council,26/05/2026,22096876,600,TRUE2YOU THERAPY LIMITED,378966,,P-Ledger - Separate Legal Entity,A61060,Support for Children in Care,P0432008,"DCC Business Entities (Sole Trade, Partnership, Ltd)"
18,Devon County Council,26/05/2026,22096952,859.69,BRIDGE & LINDSEY,272202,185664426,P-Ledger - Separate Legal Entity,A61054,Equipment (Care),P0391002,"DCC Business Entities (Sole Trade, Partnership, Ltd)"
18,Devon County Council,26/05/2026,22097002,"4,948.10",HORWOOD COOMBE INSPIRE LIMITED,315946,481864066,Dedicated Schools Grant,A61052,Independent Special School Fees,R0089003,"DCC Business Entities (Sole Trade, Partnership, Ltd)"
18,Devon County Council,26/05/2026,22097006,"4,692.71",HORWOOD COOMBE INSPIRE LIMITED,315946,481864066,Dedicated Schools Grant,A61052,Independent Special School Fees,R0089003,"DCC Business Entities (Sole Trade, Partnership, Ltd)"
18,Devon County Council,26/05/2026,22097040,"1,106.11",LATCHAM DIRECT,298309,942185912,Finance & Public Value,A43010,Printing,R0493001,"DCC Business Entities (Sole Trade, Partnership, Ltd)"
18,Devon County Council,26/05/2026,22095379,707.85,NORSE SOUTH WEST LIMITED,279741,785421021,"Capital - Planning, Transportation and Environment",C02011,External Professional Fees,C0671003,"DCC Business Entities (Sole Trade, Partnership, Ltd)"
18,Devon County Council,26/05/2026,22095417,831.25,NORSE SOUTH WEST LIMITED,279741,785421021,Transformation & Business Services,A46100,Main / Term Contractor,R0334006,"DCC Business Entities (Sole Trade, Partnership, Ltd)"
18,Devon County Council,26/05/2026,22095419,797.58,NORSE SOUTH WEST LIMITED,279741,785421021,Capital other - Digital Technology & Business Services,C02011,External Professional Fees,C0647001,"DCC Business Entities (Sole Trade, Partnership, Ltd)"
18,Devon County Council,26/05/2026,22095426,702.16,NORSE SOUTH WEST LIMITED,279741,785421021,Capital other - Digital Technology & Business Services,C02011,External Professional Fees,C0651001,"DCC Business Entities (Sole Trade, Partnership, Ltd)"
18,Devon County Council,26/05/2026,22095435,"3,000.00",South West Therapy Ltd,604043,,P-Ledger - Separate Legal Entity,A61060,Support for Children in Care,P0432008,"DCC Business Entities (Sole Trade, Partnership, Ltd)"
18,Devon County Council,26/05/2026,22095437,"1,999.00",Robin de Carteret,604658,,"Transport Operations, Environment and Waste",A44065,Consultancy Services,R0611003,"DCC Business Entities (Sole Trade, Partnership, Ltd)"
18,Devon County Council,26/05/2026,22095481,994.93,W J SOUTH WEST LIMITED,308541,970783388,Capital - Highways,C02009,Works,C0671005,"DCC Business Entities (Sole Trade, Partnership, Ltd)"
18,Devon County Council,26/05/2026,22095508,600,"Nicky Brimicombe - Your Life, Your Story",604086,,P-Ledger - Separate Legal Entity,A61060,Support for Children in Care,P0432008,"DCC Business Entities (Sole Trade, Partnership, Ltd)"
18,Devon County Council,26/05/2026,22095511,"7,178.22",CITY COLLEGE PLYMOUTH,13507,591390916,"Economy, Enterprise and Skills",A44038,Fees,R0546004,"DCC Business Entities (Sole Trade, Partnership, Ltd)"
18,Devon County Council,26/05/2026,22095513,"7,444.08",CITY COLLEGE PLYMOUTH,13507,591390916,"Economy, Enterprise and Skills",A44038,Fees,R0546004,"DCC Business Entities (Sole Trade, Partnership, Ltd)"
18,Devon County Council,26/05/2026,22095547,"1,020.00",COMMUNITY SUPPORT TEAM COMMUNITY INTEREST COMPANY,302088,,Dedicated Schools Grant,A44185,Other professional Services (Schools),R0082007,"DCC Business Entities (Sole Trade, Partnership, Ltd)"
18,Devon County Council,26/05/2026,22095553,"4,583.33",AMBITIOUS PR LIMITED,376669,166062415,Finance & Public Value,A44065,Consultancy Services,R0202001,"DCC Business Entities (Sole Trade, Partnership, Ltd)"
18,Devon County Council,26/05/2026,22095604,"12,500.00",WAVE MULTI ACADEMY TRUST,356576,163418709,Dedicated Schools Grant,A44180,Services for Educational Estabs - Devon,R0010013,"DCC Business Entities (Sole Trade, Partnership, Ltd)"
18,Devon County Council,26/05/2026,22097047,"1,311.91",SUEZ RECYCLING & RECOVERY UK LIMITED,208690,444085847,Transformation & Business Services,A27015,Refuse Collection,R0333026,"DCC Business Entities (Sole Trade, Partnership, Ltd)"
18,Devon County Council,26/05/2026,22097111,"3,935.00",AYRE CONTRACTORS & PLANT HIRE,209433,996310885,Capital - Highways,C02009,Works,C0652001,DCC CIS Suppliers
18,Devon County Council,26/05/2026,22097117,"1,208.33",TRELAWN BOARDING KENNELS,205877,336562492,Operations,A57140,Residential Care - Long Stay,R0234001,"DCC Business Entities (Sole Trade, Partnership, Ltd)"
18,Devon County Council,26/05/2026,22097271,"1,050.00",Nest Rooms Ltd,602096,,Children's Social Care,A22005,Building Rents,R0022007,"DCC Business Entities (Sole Trade, Partnership, Ltd)"
18,Devon County Council,26/05/2026,22097272,500,COLDHARBOUR MILL TRUST,62079,357357233,"Transport Operations, Environment and Waste",A44942,Promotions and Events,R0579007,"DCC Business Entities (Sole Trade, Partnership, Ltd)"
18,Devon County Council,26/05/2026,22097348,"1,200.00",THE HOPE FARM PROJECT LIMITED,373268,495114678,Dedicated Schools Grant,A44185,Other professional Services (Schools),R0082007,"DCC Business Entities (Sole Trade, Partnership, Ltd)"
18,Devon County Council,26/05/2026,22097374,"1,189.06",C E D A,12641,,Children's Social Care,A61200,Community based care,R0044004,"DCC Business Entities (Sole Trade, Partnership, Ltd)"
18,Devon County Council,26/05/2026,22097411,"3,591.36",C E D A,12641,,Children's Social Care,A61200,Community based care,R0044004,"DCC Business Entities (Sole Trade, Partnership, Ltd)"
18,Devon County Council,26/05/2026,22097448,"1,302.00",C E D A,12641,,Children's Social Care,A61200,Community based care,R0046004,"DCC Business Entities (Sole Trade, Partnership, Ltd)"
18,Devon County Council,26/05/2026,22097472,"5,719.35",JR PAT TESTING LIMITED,351136,264523015,Transformation & Business Services,A40035,PAT Testing,R0333026,"DCC Business Entities (Sole Trade, Partnership, Ltd)"
18,Devon County Council,26/05/2026,22097552,622.55,INFOTRACK LIMITED,337300,228530612,Transformation & Business Services,A44968,Legal & Conveyancing Charges,R0334004,"DCC Business Entities (Sole Trade, Partnership, Ltd)"
18,Devon County Council,26/05/2026,22097898,"57,161.03",OPTIMUM HEATING LIMITED,81356,728974284,Capital - Schools Maintenance & Improvements,C02009,Works,C0658001,DCC CIS Suppliers
18,Devon County Council,26/05/2026,22098203,"1,150.92",RESTORE DIGITAL LIMITED,286930,807445919,Transformation & Business Services,A44038,Fees,R0363001,"DCC Business Entities (Sole Trade, Partnership, Ltd)"
18,Devon County Council,26/05/2026,22098304,720,Liquid Logic LTD,601473,927438206,Commissioning,A45040,IT Software,R0466001,"DCC Business Entities (Sole Trade, Partnership, Ltd)"
18,Devon County Council,26/05/2026,22098886,"100,000.00",HM COURTS AND TRIBUNALS SERVICE,318304,,Highways & Infrastructure Development,A49005,Other Hired & Contracting Services,R0556001,"DCC Business Entities (Sole Trade, Partnership, Ltd)"
18,Devon County Council,26/05/2026,22099400,"3,245.00",Osmosis ACD Limited,602525,386088750,"Capital - Planning, Transportation and Environment",C02011,External Professional Fees,C0649001,"DCC Business Entities (Sole Trade, Partnership, Ltd)"
18,Devon County Council,26/05/2026,22099553,"11,777.66",D W M L HOLDINGS LIMITED,345026,823821047,"Transport Operations, Environment and Waste",A46100,Main / Term Contractor,R0597002,"DCC Business Entities (Sole Trade, Partnership, Ltd)"
18,Devon County Council,26/05/2026,22100016,"10,278.57",TJH AUTO LIMITED,295813,801202403,"Transport Operations, Environment and Waste",A30010,Vehicles Repairs,R0584003,"DCC Business Entities (Sole Trade, Partnership, Ltd)"
18,Devon County Council,26/05/2026,22100127,"5,199.00",HEYWOOD LIMITED,25829,862529800,Finance & Public Value,A45005,IT Hardware,R0493001,"DCC Business Entities (Sole Trade, Partnership, Ltd)"
18,Devon County Council,26/05/2026,22100284,627.77,PENNON T/A SOURCE FOR BUSINESS,344710,312629416,Transformation & Business Services,A24005,Water Services,R0333028,"DCC Business Entities (Sole Trade, Partnership, Ltd)"
18,Devon County Council,26/05/2026,22100292,578.61,PENNON T/A SOURCE FOR BUSINESS,344710,312629416,Mental Health,A24005,Water Services,R0221003,"DCC Business Entities (Sole Trade, Partnership, Ltd)"
18,Devon County Council,26/05/2026,22100302,"3,883.00",RED ELEPHANT GROUP LIMITED,322497,305375125,Transformation & Business Services,A44095,Employee Security Checks,R0333026,"DCC Business Entities (Sole Trade, Partnership, Ltd)"
18,Devon County Council,26/05/2026,22100309,918,BLUE SCREEN IT TRADING AS BIT GROUP,228948,855461116,"Economy, Enterprise and Skills",A44038,Fees,R0546004,"DCC Business Entities (Sole Trade, Partnership, Ltd)"
18,Devon County Council,26/05/2026,22100532,"12,582.07",COASTAL RECYCLING SERVICES LIMITED,6160,823821047,"Transport Operations, Environment and Waste",A46100,Main / Term Contractor,R0595008,"DCC Business Entities (Sole Trade, Partnership, Ltd)"
18,Devon County Council,26/05/2026,22100558,900,MARK WHITEHALL CARE OF COLLETON CHAMBERS,396747,456103959,"Chief Exec, Legal & Democratic services",A44968,Legal & Conveyancing Charges,R0276001,"DCC Business Entities (Sole Trade, Partnership, Ltd)"
18,Devon County Council,26/05/2026,22100560,"5,034.86",COASTAL RECYCLING SERVICES LIMITED,6160,823821047,"Transport Operations, Environment and Waste",A46100,Main / Term Contractor,R0595008,"DCC Business Entities (Sole Trade, Partnership, Ltd)"
18,Devon County Council,27/05/2026,22074139,"4,271.75",NAOMI HOLLAND,361092,,Dedicated Schools Grant,A52010,"Grants to voluntary, community and social enterprise organisations",R0001009,"DCC Business Entities (Sole Trade, Partnership, Ltd)"
18,Devon County Council,26/05/2026,22095690,"2,007.65",CLEAR DATA LIMITED,362158,747259794,Public Health Nursing,A49105,Other Supplies & Services,R0019003,"DCC Business Entities (Sole Trade, Partnership, Ltd)"
18,Devon County Council,26/05/2026,22095719,619,SKYBOUND THERAPIES LIMITED,381174,,Dedicated Schools Grant,A44185,Other professional Services (Schools),R0082006,"DCC Business Entities (Sole Trade, Partnership, Ltd)"
18,Devon County Council,26/05/2026,22096031,"4,686.50",PHOENIX BAY SCHOOL,382090,477769321,Dedicated Schools Grant,A61052,Independent Special School Fees,R0089003,"DCC Business Entities (Sole Trade, Partnership, Ltd)"
18,Devon County Council,26/05/2026,22096102,"15,731.03",RINGGO LIMITED,275342,636137149,Highways & Infrastructure Development,A44038,Fees,R0556016,"DCC Business Entities (Sole Trade, Partnership, Ltd)"
18,Devon County Council,26/05/2026,22096322,733.77,COBALT COMPUTER SOLUTIONS LIMITED,99242,768663376,Communities,A44038,Fees,R0536002,"DCC Business Entities (Sole Trade, Partnership, Ltd)"
18,Devon County Council,26/05/2026,22096368,562.5,Academy 21 Limited,604227,157206222,Dedicated Schools Grant,A44185,Other professional Services (Schools),R0082007,"DCC Business Entities (Sole Trade, Partnership, Ltd)"
18,Devon County Council,26/05/2026,22096728,886.8,SOUTHWEST INTERVENTION SERVICES,333291,440830321,Children's Social Care,A61200,Community based care,R0044007,"DCC Business Entities (Sole Trade, Partnership, Ltd)"
18,Devon County Council,26/05/2026,22096747,"5,283.90",SOUTHWEST INTERVENTION SERVICES,333291,440830321,Children's Social Care,A61200,Community based care,R0044004,"DCC Business Entities (Sole Trade, Partnership, Ltd)"
18,Devon County Council,26/05/2026,22096755,757,SOUTHWEST INTERVENTION SERVICES,333291,440830321,Children's Social Care,A61200,Community based care,R0044004,"DCC Business Entities (Sole Trade, Partnership, Ltd)"
18,Devon County Council,26/05/2026,22096924,"129,447.93",D W M L HOLDINGS LIMITED,345026,823821047,"Transport Operations, Environment and Waste",A46100,Main / Term Contractor,R0597001,"DCC Business Entities (Sole Trade, Partnership, Ltd)"
18,Devon County Council,26/05/2026,22096927,"1,703.25",SOUTHWEST INTERVENTION SERVICES,333291,440830321,Children's Social Care,A61200,Community based care,R0044004,"DCC Business Entities (Sole Trade, Partnership, Ltd)"
18,Devon County Council,26/05/2026,22096949,"2,594.34",BRIDGE & LINDSEY,272202,185664426,P-Ledger - Separate Legal Entity,A61054,Equipment (Care),P0391002,"DCC Business Entities (Sole Trade, Partnership, Ltd)"
18,Devon County Council,26/05/2026,22097011,"4,334.31",HORWOOD COOMBE INSPIRE LIMITED,315946,481864066,Dedicated Schools Grant,A61052,Independent Special School Fees,R0089003,"DCC Business Entities (Sole Trade, Partnership, Ltd)"
18,Devon County Council,26/05/2026,22097016,504,PSYCHOLOGY ASSOCIATES LIMITED,147932,912873418,P-Ledger - Separate Legal Entity,A61060,Support for Children in Care,P0432008,"DCC Business Entities (Sole Trade, Partnership, Ltd)"
18,Devon County Council,26/05/2026,22097031,550,Nick Sims,603737,,Communities,A44038,Fees,R0536008,"DCC Business Entities (Sole Trade, Partnership, Ltd)"
18,Devon County Council,26/05/2026,22097141,"2,751.00",A C S TESTING LIMITED,232744,423818846,Highways & Infrastructure Development,A44038,Fees,R0550008,"DCC Business Entities (Sole Trade, Partnership, Ltd)"
18,Devon County Council,26/05/2026,22097169,500,THOMAS BRADNOCK,340558,823572431,Other PH Services,A44968,Legal & Conveyancing Charges,R0548001,"DCC Business Entities (Sole Trade, Partnership, Ltd)"
18,Devon County Council,26/05/2026,22097191,"9,600.00",VF Consultants Limited,600473,488742435,Below the line,A44065,Consultancy Services,R0511057,"DCC Business Entities (Sole Trade, Partnership, Ltd)"
18,Devon County Council,26/05/2026,22097615,"3,162.50",Kathryn Rees Ltd,600345,,Children's Social Care,A16015,Staff Training Expenses - Non Payroll,R0032003,"DCC Business Entities (Sole Trade, Partnership, Ltd)"
18,Devon County Council,26/05/2026,22097736,"2,031.49",TJH AUTO LIMITED,295813,801202403,TRAMS Suspense,A30010,Vehicles Repairs,R0549019,"DCC Business Entities (Sole Trade, Partnership, Ltd)"
18,Devon County Council,26/05/2026,22097778,605.6,SOUTHWEST INTERVENTION SERVICES,333291,440830321,Children's Social Care,A61200,Community based care,R0044004,"DCC Business Entities (Sole Trade, Partnership, Ltd)"
18,Devon County Council,26/05/2026,22098116,"1,129.13",DEVON PARTNERSHIP NHS TRUST,92211,654400557,P-Ledger - Separate Legal Entity,A54000,Better Care Fund Expense,P0395011,"DCC Business Entities (Sole Trade, Partnership, Ltd)"
18,Devon County Council,26/05/2026,22098877,"1,201.91",MARINE & CIVIL SOLUTIONS LIMITED,283395,431868383,Capital - Highways,C02009,Works,C0671004,DCC CIS Suppliers
18,Devon County Council,26/05/2026,22099061,610,CHLOE WILLIAMS,398821,,Dedicated Schools Grant,A44185,Other professional Services (Schools),R0082007,"DCC Business Entities (Sole Trade, Partnership, Ltd)"
18,Devon County Council,26/05/2026,22099430,"1,295.35",THE COLOUR WORKS INTERNATIONAL LIMITED,394321,825444822,People and Culture,A16015,Staff Training Expenses - Non Payroll,R0303002,"DCC Business Entities (Sole Trade, Partnership, Ltd)"
18,Devon County Council,26/05/2026,22099926,"179,844.44",ARQUE LIMITED,200370,844830418,Capital - SEND Schools,C02009,Works,C0660001,DCC CIS Suppliers
18,Devon County Council,26/05/2026,22100054,"40,060.42",QUBE CONSTRUCT LIMITED,402750,931188818,Capital - Schools Maintenance & Improvements,C02009,Works,C0658001,DCC CIS Suppliers
18,Devon County Council,26/05/2026,22100307,"5,508.00",BLUE SCREEN IT TRADING AS BIT GROUP,228948,855461116,"Economy, Enterprise and Skills",A44038,Fees,R0546004,"DCC Business Entities (Sole Trade, Partnership, Ltd)"
18,Devon County Council,27/05/2026,22096075,945.82,SAFESTORE LIMITED,150134,722887607,"Economy, Enterprise and Skills",A22005,Building Rents,R0539001,"DCC Business Entities (Sole Trade, Partnership, Ltd)"
18,Devon County Council,27/05/2026,22097108,595,Michelle Blundy T/A Blossoming Minds,360726,,P-Ledger - Separate Legal Entity,A61060,Support for Children in Care,P0432008,"DCC Business Entities (Sole Trade, Partnership, Ltd)"
18,Devon County Council,27/05/2026,22099787,"825,369.82",M Group Highways Limited,375383,927200546,Capital - Highways,C02009,Works,C0671008,"DCC Business Entities (Sole Trade, Partnership, Ltd)"
18,Devon County Council,27/05/2026,22100099,532.55,KENT COUNTY COUNCIL,83992,204269191,Children's Social Care,A21010,Gas,R0095003,"DCC Business Entities (Sole Trade, Partnership, Ltd)"
18,Devon County Council,27/05/2026,22100119,"2,700.00",Exeter Homes Trust,604948,,Communities,A52010,"Grants to voluntary, community and social enterprise organisations",R0534002,"DCC Business Entities (Sole Trade, Partnership, Ltd)"
18,Devon County Council,27/05/2026,22100124,500,TIVERTON TOWN COUNCIL,5845,869831860,Communities,A52010,"Grants to voluntary, community and social enterprise organisations",R0534003,"DCC Business Entities (Sole Trade, Partnership, Ltd)"
18,Devon County Council,27/05/2026,22100138,850,SOUTH HAMS AREA WELLBEING,356513,,Communities,A52010,"Grants to voluntary, community and social enterprise organisations",R0534005,"DCC Business Entities (Sole Trade, Partnership, Ltd)"
18,Devon County Council,27/05/2026,22100410,675,Spectrum Tailored Technologies Ltd,604775,475426745,Communities,A44038,Fees,R0536009,"DCC Business Entities (Sole Trade, Partnership, Ltd)"
18,Devon County Council,27/05/2026,22100531,"6,426.00",BLUE SCREEN IT TRADING AS BIT GROUP,228948,855461116,"Economy, Enterprise and Skills",A44038,Fees,R0546004,"DCC Business Entities (Sole Trade, Partnership, Ltd)"
18,Devon County Council,27/05/2026,22100536,"2,218.50",BLUE SCREEN IT TRADING AS BIT GROUP,228948,855461116,"Economy, Enterprise and Skills",A44038,Fees,R0546004,"DCC Business Entities (Sole Trade, Partnership, Ltd)"
18,Devon County Council,27/05/2026,22100563,"2,070.60",BLUE SCREEN IT TRADING AS BIT GROUP,228948,855461116,"Economy, Enterprise and Skills",A44038,Fees,R0546004,"DCC Business Entities (Sole Trade, Partnership, Ltd)"
18,Devon County Council,27/05/2026,22100709,750,SEARLE LAURA,333959,252412732,"Chief Exec, Legal & Democratic services",A44968,Legal & Conveyancing Charges,R0276001,"DCC Business Entities (Sole Trade, Partnership, Ltd)"
18,Devon County Council,27/05/2026,22100712,"3,112.06",PENNON T/A SOURCE FOR BUSINESS,344710,312629416,Operations,A24005,Water Services,R0268001,"DCC Business Entities (Sole Trade, Partnership, Ltd)"
18,Devon County Council,27/05/2026,22100785,"1,703.38",PSYCHOLOGY ASSOCIATES LIMITED,147932,912873418,"Chief Exec, Legal & Democratic services",A44038,Fees,R0276001,"DCC Business Entities (Sole Trade, Partnership, Ltd)"
18,Devon County Council,26/05/2026,22100311,"2,754.00",BLUE SCREEN IT TRADING AS BIT GROUP,228948,855461116,"Economy, Enterprise and Skills",A44038,Fees,R0546004,"DCC Business Entities (Sole Trade, Partnership, Ltd)"
18,Devon County Council,26/05/2026,22100517,"9,900.00",SCOTT RICHARDS SOLICITORS,177568,141502220,Capital - Highways,C01005,Land Acquisition,C0671008,"DCC Business Entities (Sole Trade, Partnership, Ltd)"
18,Devon County Council,27/05/2026,22091744,"17,860.95",OPTIMA HEALTH UK,403472,367726459,People and Culture,A44038,Fees,R0303006,"DCC Business Entities (Sole Trade, Partnership, Ltd)"
18,Devon County Council,27/05/2026,22099770,"825,369.82",M Group Highways Limited,375383,927200546,Capital - Highways,C02009,Works,C0671008,"DCC Business Entities (Sole Trade, Partnership, Ltd)"
18,Devon County Council,27/05/2026,22099918,"43,582.86",TWIL CIVILS SOUTH WEST (Taylor Woodrow Infrastructure Ltd.),396590,321931874,Capital - Highways,C02009,Works,C0671007,DCC CIS Suppliers
18,Devon County Council,27/05/2026,22099945,"4,243.20",TEIGNBRIDGE DISTRICT COUNCIL,4872,142214023,Transformation & Business Services,A23005,Rates,R0333028,"DCC Business Entities (Sole Trade, Partnership, Ltd)"
18,Devon County Council,27/05/2026,22099946,"2,653.20",SPEEDY ASSET SERVICES LIMITED,265733,151629570,Transformation & Business Services,A20005,"Property Repairs, Maintenance & Alterations (programmed)",R0333026,"DCC Business Entities (Sole Trade, Partnership, Ltd)"
18,Devon County Council,27/05/2026,22100088,"-825,369.82",M Group Highways Limited,375383,927200546,Capital - Highways,C02009,Works,C0671008,"DCC Business Entities (Sole Trade, Partnership, Ltd)"
18,Devon County Council,27/05/2026,22100100,504.58,KENT COUNTY COUNCIL,83992,204269191,Children's Social Care,A21010,Gas,R0095003,"DCC Business Entities (Sole Trade, Partnership, Ltd)"
18,Devon County Council,27/05/2026,22100128,"1,000.00",GULWORTHY PCC,600866,,Communities,A52010,"Grants to voluntary, community and social enterprise organisations",R0534008,"DCC Business Entities (Sole Trade, Partnership, Ltd)"
18,Devon County Council,27/05/2026,22100140,"1,000.00",BOVEY TRACEY TOWN COUNCIL,372869,300987017,Communities,A52010,"Grants to voluntary, community and social enterprise organisations",R0534006,"DCC Business Entities (Sole Trade, Partnership, Ltd)"
18,Devon County Council,27/05/2026,22100301,"4,342.57",ENVIRONMENT AGENCY,184941,662490134,"Transport Operations, Environment and Waste",A44038,Fees,R0601001,"DCC Business Entities (Sole Trade, Partnership, Ltd)"
18,Devon County Council,27/05/2026,22100320,685,SIRONA THERAPEUTIC HORSEMANSHIP,285933,,Dedicated Schools Grant,A44185,Other professional Services (Schools),R0082007,"DCC Business Entities (Sole Trade, Partnership, Ltd)"
18,Devon County Council,27/05/2026,22100347,902.23,M Group Highways Limited,375383,927200546,Highways & Infrastructure Development,A46100,Main / Term Contractor,R0552004,"DCC Business Entities (Sole Trade, Partnership, Ltd)"
18,Devon County Council,27/05/2026,22100810,"10,000.00",FRANCOTYP POSTALIA LIMITED (TELESET),90476,566261823,Transformation & Business Services,A45015,Postages,R0333026,"DCC Business Entities (Sole Trade, Partnership, Ltd)"
18,Devon County Council,28/05/2026,22049555,800,ONETREE ESTATE LIMITED,379346,,Operations,A57155,Nursing Care - Long Stay,R0482039,"DCC Business Entities (Sole Trade, Partnership, Ltd)"
18,Devon County Council,28/05/2026,22064587,"1,492.86",Waterloo Care Limited Ltd t/a Waterloo House,602451,,Operations,A57145,Residential Care - Short Stay,R0234001,"DCC Business Entities (Sole Trade, Partnership, Ltd)"
18,Devon County Council,28/05/2026,22091932,"6,910.82",N Y A S,315504,868223503,Children's Social Care,A57115,Payments to Private Contractors,R0026002,"DCC Business Entities (Sole Trade, Partnership, Ltd)"
18,Devon County Council,28/05/2026,22095515,"2,024.10",CITY COLLEGE PLYMOUTH,13507,591390916,"Economy, Enterprise and Skills",A44038,Fees,R0546004,"DCC Business Entities (Sole Trade, Partnership, Ltd)"
18,Devon County Council,28/05/2026,22095636,"12,455.83",KEYCHANGE ROSE LAWN SIDMOUTH,90174,,Children's Social Care,A62000,Supported Accommodation - Child,R0026003,"DCC Business Entities (Sole Trade, Partnership, Ltd)"
18,Devon County Council,28/05/2026,22095892,697.37,INSTARMAC GROUP PLC,302188,295973982,Highways & Infrastructure Development,A40070,Stock Materials,R0554004,"DCC Business Entities (Sole Trade, Partnership, Ltd)"
18,Devon County Council,28/05/2026,22096061,"12,540.83",QUALITY MARKING SERVICES LIMITED,86608,777323994,Highways & Infrastructure Development,A49005,Other Hired & Contracting Services,R0552003,DCC CIS Suppliers
18,Devon County Council,28/05/2026,22096073,666.67,The OHMI Trust,602876,,Inclusion & Learning,A44038,Fees,R0101001,"DCC Business Entities (Sole Trade, Partnership, Ltd)"
18,Devon County Council,28/05/2026,22096093,926,S C C,161520,313651680,Transformation & Business Services,A45040,IT Software,R0353008,"DCC Business Entities (Sole Trade, Partnership, Ltd)"
18,Devon County Council,28/05/2026,22096520,"950,250.00",VIRIDOR EXETER WASTE SERVICES LIMITED,84253,736636511,"Transport Operations, Environment and Waste",A46100,Main / Term Contractor,R0593001,"DCC Business Entities (Sole Trade, Partnership, Ltd)"
18,Devon County Council,28/05/2026,22096708,"7,365.84",ASPIRE SOCIAL WORK SERVICES LIMITED,329159,261463708,Children's Social Care,A61200,Community based care,R0044004,"DCC Business Entities (Sole Trade, Partnership, Ltd)"
18,Devon County Council,28/05/2026,22096880,"2,850.00",SIGNIS (TRI.X) LIMITED,327738,194750968,Children's Social Care,A44300,Publications,R0076005,"DCC Business Entities (Sole Trade, Partnership, Ltd)"
18,Devon County Council,28/05/2026,22098302,"4,376.66",I J Cannings & Son Limited,14467,192803203,Children's Social Care,A20010,"Property Repairs, Maintenance & Alterations (Reactive)",R0095004,DCC CIS Suppliers
18,Devon County Council,28/05/2026,22098856,"3,033.00",TOPP TREE CARE LTD,389748,434623407,Highways & Infrastructure Development,A49005,Other Hired & Contracting Services,R0553005,"DCC Business Entities (Sole Trade, Partnership, Ltd)"
18,Devon County Council,28/05/2026,22099965,"3,750.00",COOK D S DR,288001,250074342,"Chief Exec, Legal & Democratic services",A44038,Fees,R0506002,"DCC Business Entities (Sole Trade, Partnership, Ltd)"
18,Devon County Council,28/05/2026,22100329,"7,000.00",DR J H DAVIES,340583,,"Chief Exec, Legal & Democratic services",A44038,Fees,R0506002,"DCC Business Entities (Sole Trade, Partnership, Ltd)"
18,Devon County Council,28/05/2026,22100419,"2,811.65",AFIT COMMERCIAL LIMITED,384623,206655022,Capital - Schools Maintenance & Improvements,C02009,Works,C0658001,DCC CIS Suppliers
18,Devon County Council,28/05/2026,22100471,"4,583.33",TEIGN TREES & LANDSCAPES SOUTH WEST LIMITED,209228,250371238,Capital - Highways,C02009,Works,C0671007,DCC CIS Suppliers
18,Devon County Council,28/05/2026,22100618,"2,536.37",LATCHAM DIRECT,298309,942185912,Transformation & Business Services,A43010,Printing,R0353008,"DCC Business Entities (Sole Trade, Partnership, Ltd)"
18,Devon County Council,28/05/2026,22100776,737.5,ANDREW LATHWELL DESIGN LTD,322675,442714561,"Transport Operations, Environment and Waste",A44038,Fees,R0645001,"DCC Business Entities (Sole Trade, Partnership, Ltd)"
18,Devon County Council,28/05/2026,22100968,"1,000.00",INSPIRING CONNECTIONS,394410,423272031,Communities,A52010,"Grants to voluntary, community and social enterprise organisations",R0535002,"DCC Business Entities (Sole Trade, Partnership, Ltd)"
18,Devon County Council,28/05/2026,22100985,"1,000.00",MERRY GO ROUND TOY LIBRARIES,170854,,Communities,A52010,"Grants to voluntary, community and social enterprise organisations",R0535002,"DCC Business Entities (Sole Trade, Partnership, Ltd)"
18,Devon County Council,28/05/2026,22101094,"1,181.00",INVOLVE CARE SOLUTIONS LIMITED,402831,,Children's Social Care,A61200,Community based care,R0044007,"DCC Business Entities (Sole Trade, Partnership, Ltd)"
18,Devon County Council,28/05/2026,22101117,"9,798.30",Exeter College (Exeter and North Devon Colleges Group),6141,125451632,Communities,A53040,Contributions to Educational Estabs (3rd,R0530007,"DCC Business Entities (Sole Trade, Partnership, Ltd)"
18,Devon County Council,28/05/2026,22101118,637.09,TEIGN HOUSING,152657,825180931,Communities,A44038,Fees,R0530006,"DCC Business Entities (Sole Trade, Partnership, Ltd)"
18,Devon County Council,28/05/2026,22101131,637.09,TEIGN HOUSING,152657,825180931,Communities,A44038,Fees,R0530006,"DCC Business Entities (Sole Trade, Partnership, Ltd)"
18,Devon County Council,28/05/2026,22101227,"22,662.99",UNIVERSITY OF PLYMOUTH,5446,168287859,"Capital - Planning, Transportation and Environment",C06001,Capital Grants paid to other third parties (Not WGA/VCSE),C0671012,"DCC Business Entities (Sole Trade, Partnership, Ltd)"
18,Devon County Council,27/05/2026,22100592,"3,340.57",NORTH DEVON COUNCIL,8252,144711092,"Transport Operations, Environment and Waste",A46100,Main / Term Contractor,R0596002,"DCC Business Entities (Sole Trade, Partnership, Ltd)"
18,Devon County Council,27/05/2026,22100681,800,CHARLOTTE BIGNELL,402892,435669366,"Chief Exec, Legal & Democratic services",A44968,Legal & Conveyancing Charges,R0276001,"DCC Business Entities (Sole Trade, Partnership, Ltd)"
18,Devon County Council,27/05/2026,22100690,"8,114.71",ENVIRONMENT AGENCY,184941,662490134,"Transport Operations, Environment and Waste",A44038,Fees,R0601001,"DCC Business Entities (Sole Trade, Partnership, Ltd)"
18,Devon County Council,27/05/2026,22100710,"1,330.00",OUTDOOR EDUCATION ADVISERS PANEL,388127,116071057,Inclusion & Learning,A47010,Subscriptions,R0102001,"DCC Business Entities (Sole Trade, Partnership, Ltd)"
18,Devon County Council,27/05/2026,22100767,"1,050.00",ELISE JEREMIAH CARE OF 33 BEDFORD,393050,120996900,"Chief Exec, Legal & Democratic services",A44968,Legal & Conveyancing Charges,R0276001,"DCC Business Entities (Sole Trade, Partnership, Ltd)"
18,Devon County Council,27/05/2026,22100910,"2,250.00",FORTESCUE WILL TRUST,73504,,Capital - Highways,C02011,External Professional Fees,C0671008,"DCC Business Entities (Sole Trade, Partnership, Ltd)"
18,Devon County Council,28/05/2026,22005992,"1,351.64",SEYMOUR COURT NURSING& CARE HOME,349238,,P-Ledger - Separate Legal Entity,A57155,Nursing Care - Long Stay,P0437007,"DCC Business Entities (Sole Trade, Partnership, Ltd)"
18,Devon County Council,28/05/2026,22011323,825,SOUTH WEST RESIDENTIAL HOMES,206352,472972260,Operations,A57145,Residential Care - Short Stay,R0234001,"DCC Business Entities (Sole Trade, Partnership, Ltd)"
18,Devon County Council,28/05/2026,22014139,"1,149.71",POLA WELL CARE LIMITED,397103,,Children's Social Care,A62000,Supported Accommodation - Child,R0069002,"DCC Business Entities (Sole Trade, Partnership, Ltd)"
18,Devon County Council,28/05/2026,22022977,"8,606.88",RICHARDSON DUSTON LIMITED,396250,,Mental Health,A57140,Residential Care - Long Stay,R0256001,"DCC Business Entities (Sole Trade, Partnership, Ltd)"
18,Devon County Council,28/05/2026,22028186,"3,471.43",YELVERTON CARE LLP,376389,,Operations,A57140,Residential Care - Long Stay,R0489019,"DCC Business Entities (Sole Trade, Partnership, Ltd)"
18,Devon County Council,28/05/2026,22030773,"2,202.86",ORDER OF ST JOHN CARE TRUST,381578,292102037,Operations,A57140,Residential Care - Long Stay,R0482037,"DCC Business Entities (Sole Trade, Partnership, Ltd)"
18,Devon County Council,28/05/2026,22046345,"1,435.00",Rotherwood Healthcare (Hampton Grange) Ltd,601575,,Operations,A57155,Nursing Care - Long Stay,R0489023,"DCC Business Entities (Sole Trade, Partnership, Ltd)"
18,Devon County Council,28/05/2026,22095272,730,SOUTH HAMS DISTRICT COUNCIL,8255,142204125,"Chief Exec, Legal & Democratic services",A22010,Hire of Rooms,R0278001,"DCC Business Entities (Sole Trade, Partnership, Ltd)"
18,Devon County Council,28/05/2026,22101238,"2,001.73",CLEAR DATA LIMITED,362158,747259794,Public Health Nursing,A49105,Other Supplies & Services,R0019003,"DCC Business Entities (Sole Trade, Partnership, Ltd)"
18,Devon County Council,28/05/2026,22101251,898.12,CLEAR DATA LIMITED,362158,747259794,Public Health Nursing,A49105,Other Supplies & Services,R0019003,"DCC Business Entities (Sole Trade, Partnership, Ltd)"
18,Devon County Council,28/05/2026,150468306,"1,310.07",M Group Highways Limited,375383,927200546,Capital - Highways,C02051,Term Maintenance Contract,C0652001,"DCC Business Entities (Sole Trade, Partnership, Ltd)"
18,Devon County Council,28/05/2026,150468309,"2,422.38",M Group Highways Limited,375383,927200546,Capital - Highways,C02051,Term Maintenance Contract,C0671007,"DCC Business Entities (Sole Trade, Partnership, Ltd)"
18,Devon County Council,29/05/2026,22095178,"1,413.77",NORSE SOUTH WEST LIMITED,279741,785421021,Transformation & Business Services,A46100,Main / Term Contractor,R0334004,"DCC Business Entities (Sole Trade, Partnership, Ltd)"
18,Devon County Council,29/05/2026,22095539,"5,485.91",ACORN CARE & EDUCATION LIMITED,333557,902188441,Dedicated Schools Grant,A61052,Independent Special School Fees,R0089003,"DCC Business Entities (Sole Trade, Partnership, Ltd)"
18,Devon County Council,29/05/2026,22096112,"1,782.00",TUTE EDUCATION LIMITED,307284,902188441,Dedicated Schools Grant,A44185,Other professional Services (Schools),R0082007,"DCC Business Entities (Sole Trade, Partnership, Ltd)"
18,Devon County Council,29/05/2026,22096346,"1,916.90",JOHN FRENCH,254283,930802153,Balance Sheet,A44038,Fees,R0208005,DCC CIS Suppliers
18,Devon County Council,29/05/2026,22096352,"3,035.73",Eurofins Forensic Services Limited,604170,887127683,"Chief Exec, Legal & Democratic services",A46020,Hospitality,R0506002,"DCC Business Entities (Sole Trade, Partnership, Ltd)"
18,Devon County Council,29/05/2026,22096371,506.8,PROSPERO RECRUITMENT LIMITED,352539,486704947,Dedicated Schools Grant,A44185,Other professional Services (Schools),R0082007,"DCC Business Entities (Sole Trade, Partnership, Ltd)"
18,Devon County Council,29/05/2026,22096375,"1,013.60",PROSPERO RECRUITMENT LIMITED,352539,486704947,Dedicated Schools Grant,A44185,Other professional Services (Schools),R0082007,"DCC Business Entities (Sole Trade, Partnership, Ltd)"
18,Devon County Council,29/05/2026,22096376,760.2,PROSPERO RECRUITMENT LIMITED,352539,486704947,Dedicated Schools Grant,A44185,Other professional Services (Schools),R0082007,"DCC Business Entities (Sole Trade, Partnership, Ltd)"
18,Devon County Council,29/05/2026,22096381,"1,520.40",PROSPERO RECRUITMENT LIMITED,352539,486704947,Dedicated Schools Grant,A44180,Services for Educational Estabs - Devon,R0010003,"DCC Business Entities (Sole Trade, Partnership, Ltd)"
18,Devon County Council,28/05/2026,22095509,"10,120.50",CITY COLLEGE PLYMOUTH,13507,591390916,"Economy, Enterprise and Skills",A44038,Fees,R0546004,"DCC Business Entities (Sole Trade, Partnership, Ltd)"
18,Devon County Council,28/05/2026,22095652,"39,729.90",YOUNG DEVON (IVYBRIDGE),120708,,Children's Social Care,A62000,Supported Accommodation - Child,R0026003,"DCC Business Entities (Sole Trade, Partnership, Ltd)"
18,Devon County Council,28/05/2026,22095882,"1,040.00",PATHFIELD ACTIVITIES CLUB YTH GP,201320,,Children's Social Care,A61200,Community based care,R0044007,"DCC Business Entities (Sole Trade, Partnership, Ltd)"
18,Devon County Council,28/05/2026,22096057,500,SONOPERA CIC,388822,,Inclusion & Learning,A44038,Fees,R0681003,"DCC Business Entities (Sole Trade, Partnership, Ltd)"
18,Devon County Council,28/05/2026,22096246,"4,252.01",DODDS SOLICITORS LLP,394172,729928286,"Chief Exec, Legal & Democratic services",A44968,Legal & Conveyancing Charges,R0276001,"DCC Business Entities (Sole Trade, Partnership, Ltd)"
18,Devon County Council,28/05/2026,22096317,717.45,Routeways Centre Ltd,603198,,Children's Social Care,A61200,Community based care,R0046004,"DCC Business Entities (Sole Trade, Partnership, Ltd)"
18,Devon County Council,28/05/2026,22096757,790,DEVON YOUTH SYMPHONY & CONCERT ORCHESTRAS,286042,,Inclusion & Learning,A53012,Payments to Independent Units,R0101001,"DCC Business Entities (Sole Trade, Partnership, Ltd)"
18,Devon County Council,28/05/2026,22096850,"1,134.00",PROSPERO RECRUITMENT LIMITED,352539,486704947,Dedicated Schools Grant,A44180,Services for Educational Estabs - Devon,R0010004,"DCC Business Entities (Sole Trade, Partnership, Ltd)"
18,Devon County Council,28/05/2026,22098200,790,DEVON YOUTH SYMPHONY & CONCERT ORCHESTRAS,286042,,Inclusion & Learning,A53012,Payments to Independent Units,R0101001,"DCC Business Entities (Sole Trade, Partnership, Ltd)"
18,Devon County Council,28/05/2026,22098365,504,PSYCHOLOGY ASSOCIATES LIMITED,147932,912873418,P-Ledger - Separate Legal Entity,A61060,Support for Children in Care,P0432008,"DCC Business Entities (Sole Trade, Partnership, Ltd)"
18,Devon County Council,28/05/2026,22100844,500,TARKA CHILD CONTACT CENTRE,320957,,Communities,A52010,"Grants to voluntary, community and social enterprise organisations",R0535002,"DCC Business Entities (Sole Trade, Partnership, Ltd)"
18,Devon County Council,28/05/2026,22100848,600,DARTMOUTH COMMUNITY CHEST,365113,,Communities,A52010,"Grants to voluntary, community and social enterprise organisations",R0535002,"DCC Business Entities (Sole Trade, Partnership, Ltd)"
18,Devon County Council,28/05/2026,22100877,650,BROADWOODKELLY VILLAGE HALL,120682,,Communities,A52010,"Grants to voluntary, community and social enterprise organisations",R0535002,"DCC Business Entities (Sole Trade, Partnership, Ltd)"
18,Devon County Council,29/05/2026,22096624,"3,272.58",ARCADIS CONSULTING UK LIMITED,315903,762995771,Capital - Highways,C02009,Works,C0671004,"DCC Business Entities (Sole Trade, Partnership, Ltd)"
18,Devon County Council,29/05/2026,22096666,"7,500.00",Waste and Resources Action Programme Ltd,600763,,P-Ledger - Separate Legal Entity,A44065,Consultancy Services,P0419001,"DCC Business Entities (Sole Trade, Partnership, Ltd)"
18,Devon County Council,29/05/2026,22097096,928.2,David Trickett T/A Countryside & Garden,21818,409946757,Highways & Infrastructure Development,A49005,Other Hired & Contracting Services,R0557010,DCC CIS Suppliers
18,Devon County Council,29/05/2026,22098674,"3,575.00",JAMES GOUDIE,402492,243973932,Below the line,A44025,Legal Expenses,R0511057,"DCC Business Entities (Sole Trade, Partnership, Ltd)"
18,Devon County Council,29/05/2026,22098682,"2,362.50",PERMANENT FUTURES LIMITED,385155,790331045,Commissioning,A11005,Agency Supply Staff,R0466001,"DCC Business Entities (Sole Trade, Partnership, Ltd)"
18,Devon County Council,29/05/2026,22098686,"2,025.00",PERMANENT FUTURES LIMITED,385155,790331045,Commissioning,A11005,Agency Supply Staff,R0466001,"DCC Business Entities (Sole Trade, Partnership, Ltd)"
18,Devon County Council,29/05/2026,22100352,554,CHANDRA KANTHA CHILD COUNSELLOR,369997,,P-Ledger - Separate Legal Entity,A61060,Support for Children in Care,P0432008,"DCC Business Entities (Sole Trade, Partnership, Ltd)"
18,Devon County Council,29/05/2026,22100360,"1,500.00",FOREAL,382988,452723204,Children's Social Care,A61200,Community based care,R0044007,"DCC Business Entities (Sole Trade, Partnership, Ltd)"
18,Devon County Council,29/05/2026,22100362,"73,401.56",Associated Asphalt Contracting Ltd,601829,400036959,Capital - Highways,C02009,Works,C0671004,"DCC Business Entities (Sole Trade, Partnership, Ltd)"
18,Devon County Council,29/05/2026,22101273,"2,351.33",DEVON WILDLIFE TRUST,4736,585473501,"Capital - Planning, Transportation and Environment",C06003,Capital Grants Paid - to VCSE Organisations,C0671012,"DCC Business Entities (Sole Trade, Partnership, Ltd)"
18,Devon County Council,29/05/2026,22101328,"1,546.00",INVOLVE CARE SOLUTIONS LIMITED,402831,,Children's Social Care,A61200,Community based care,R0044004,"DCC Business Entities (Sole Trade, Partnership, Ltd)"
18,Devon County Council,29/05/2026,22101387,806.63,EAST DEVON TREE CARE LIMITED,228651,913162846,Highways & Infrastructure Development,A49005,Other Hired & Contracting Services,R0553005,"DCC Business Entities (Sole Trade, Partnership, Ltd)"
18,Devon County Council,29/05/2026,22101396,"22,400.00",Analytical Services International Ltd,307650,363423802,"Chief Exec, Legal & Democratic services",A44038,Fees,R0506002,"DCC Business Entities (Sole Trade, Partnership, Ltd)"
18,Devon County Council,29/05/2026,22101415,"1,000.00",MDL Marina Developments LTD QAB,601425,211921502,IFCA,A30015,Vehicle Fuel,M0388001,IFCA Suppliers
18,Devon County Council,28/05/2026,22100954,801,CREDITON BREASTFEEDING BUDDIES,400457,,Communities,A52010,"Grants to voluntary, community and social enterprise organisations",R0535002,"DCC Business Entities (Sole Trade, Partnership, Ltd)"
18,Devon County Council,28/05/2026,22100979,"1,000.00",ROTARY CLUB HATHERLEIGH,401749,,Communities,A52010,"Grants to voluntary, community and social enterprise organisations",R0535002,"DCC Business Entities (Sole Trade, Partnership, Ltd)"
18,Devon County Council,28/05/2026,22100986,"1,000.00",PROJECT FOOD,203743,,Communities,A52010,"Grants to voluntary, community and social enterprise organisations",R0535002,"DCC Business Entities (Sole Trade, Partnership, Ltd)"
18,Devon County Council,28/05/2026,22101077,"1,019.23",PENNON T/A SOURCE FOR BUSINESS,344710,312629416,Transformation & Business Services,A24005,Water Services,R0333028,"DCC Business Entities (Sole Trade, Partnership, Ltd)"
18,Devon County Council,28/05/2026,22101093,700.7,CLH GROUP LIMITED,86633,236308223,Operations,A40080,Health & Safety Equipment,R0269001,"DCC Business Entities (Sole Trade, Partnership, Ltd)"
18,Devon County Council,28/05/2026,22101116,"9,758.00",EXETER SCIENCE PARK LIMITED,262165,163049812,P-Ledger - Separate Legal Entity,A44038,Fees,P0423004,"DCC Business Entities (Sole Trade, Partnership, Ltd)"
18,Devon County Council,28/05/2026,22101246,"-2,780.83",CLEAR DATA LIMITED,362158,747259794,Public Health Nursing,A49105,Other Supplies & Services,R0019003,"DCC Business Entities (Sole Trade, Partnership, Ltd)"
18,Devon County Council,28/05/2026,150468299,"3,230.53",M Group Highways Limited,375383,927200546,Capital - Highways,C02051,Term Maintenance Contract,C0671007,"DCC Business Entities (Sole Trade, Partnership, Ltd)"
18,Devon County Council,28/05/2026,150468302,"29,000.49",M Group Highways Limited,375383,927200546,Highways & Infrastructure Development,A46100,Main / Term Contractor,R0553004,"DCC Business Entities (Sole Trade, Partnership, Ltd)"
18,Devon County Council,29/05/2026,22085086,"-3,714.42",WAVE MULTI ACADEMY TRUST,356576,163418709,Dedicated Schools Grant,A44180,Services for Educational Estabs - Devon,R0010013,"DCC Business Entities (Sole Trade, Partnership, Ltd)"
18,Devon County Council,29/05/2026,22086287,"2,120.00",YELLO STUDIO LIMITED,375466,974748659,Inclusion & Learning,A45049,WEBSITE,R0060007,"DCC Business Entities (Sole Trade, Partnership, Ltd)"
18,Devon County Council,29/05/2026,22092429,550,ECOLOGICAL SURVEYS LIMITED,354132,224318238,Balance Sheet,A44038,Fees,R0208005,"DCC Business Entities (Sole Trade, Partnership, Ltd)"
18,Devon County Council,29/05/2026,22093098,"2,000.00",ASHFORDS LLP,88874,140836186,Balance Sheet,A44038,Fees,R0208005,"DCC Business Entities (Sole Trade, Partnership, Ltd)"
18,Devon County Council,29/05/2026,22094775,705.75,LIVE TO LEARN EDUCATION LIMITED,380514,444356785,Dedicated Schools Grant,A44185,Other professional Services (Schools),R0082007,"DCC Business Entities (Sole Trade, Partnership, Ltd)"
18,Devon County Council,29/05/2026,22096347,560,JO PULLIN,396604,,"Transport Operations, Environment and Waste",A44038,Fees,R0643001,"DCC Business Entities (Sole Trade, Partnership, Ltd)"
18,Devon County Council,29/05/2026,22096367,760.2,PROSPERO RECRUITMENT LIMITED,352539,486704947,Dedicated Schools Grant,A44185,Other professional Services (Schools),R0082007,"DCC Business Entities (Sole Trade, Partnership, Ltd)"
18,Devon County Council,29/05/2026,22096383,506.8,PROSPERO RECRUITMENT LIMITED,352539,486704947,Dedicated Schools Grant,A44185,Other professional Services (Schools),R0082007,"DCC Business Entities (Sole Trade, Partnership, Ltd)"
18,Devon County Council,29/05/2026,22096396,505.8,PROSPERO RECRUITMENT LIMITED,352539,486704947,Dedicated Schools Grant,A44180,Services for Educational Estabs - Devon,R0010004,"DCC Business Entities (Sole Trade, Partnership, Ltd)"
18,Devon County Council,29/05/2026,22097107,"2,610.00",JONATHAN AUBURN,350316,756835489,Commissioning,A44968,Legal & Conveyancing Charges,R0459005,"DCC Business Entities (Sole Trade, Partnership, Ltd)"
18,Devon County Council,29/05/2026,22097308,"1,925.00",Matt Low,604036,,"Transport Operations, Environment and Waste",A44038,Fees,R0643001,"DCC Business Entities (Sole Trade, Partnership, Ltd)"
18,Devon County Council,29/05/2026,22097556,"2,500.00",DENYER-GREEN BARRY,20528,492307247,"Capital - Planning, Transportation and Environment",C02011,External Professional Fees,C0671003,"DCC Business Entities (Sole Trade, Partnership, Ltd)"
18,Devon County Council,29/05/2026,22098677,"1,013.60",PROSPERO RECRUITMENT LIMITED,352539,486704947,Dedicated Schools Grant,A44185,Other professional Services (Schools),R0082007,"DCC Business Entities (Sole Trade, Partnership, Ltd)"
18,Devon County Council,29/05/2026,22098690,506.8,PROSPERO RECRUITMENT LIMITED,352539,486704947,Dedicated Schools Grant,A44185,Other professional Services (Schools),R0082007,"DCC Business Entities (Sole Trade, Partnership, Ltd)"
18,Devon County Council,29/05/2026,22098713,"1,687.50",PERMANENT FUTURES LIMITED,385155,790331045,Commissioning,A11005,Agency Supply Staff,R0466001,"DCC Business Entities (Sole Trade, Partnership, Ltd)"
18,Devon County Council,29/05/2026,22098755,576.5,INFOTRACK LIMITED,337300,228530612,Balance Sheet,A44038,Fees,R0208005,"DCC Business Entities (Sole Trade, Partnership, Ltd)"
18,Devon County Council,29/05/2026,22099341,"4,708.67",SPAGHETTI BRIDGE LIMITED,377380,478673138,Dedicated Schools Grant,A53035,Other Recoupment Expenditure (3rd),R0111002,"DCC Business Entities (Sole Trade, Partnership, Ltd)"
18,Devon County Council,29/05/2026,22099372,831.8,HATHERLEIGH COMMUNITY CENTRE,204271,,Transformation & Business Services,A44038,Fees,R0333028,"DCC Business Entities (Sole Trade, Partnership, Ltd)"
18,Devon County Council,29/05/2026,22100039,672.6,David Trickett T/A Countryside & Garden,21818,409946757,Highways & Infrastructure Development,A49005,Other Hired & Contracting Services,R0557019,DCC CIS Suppliers
18,Devon County Council,29/05/2026,22101501,"45,400.13",EAT THAT FROG COMMUNITY INTEREST COMPANY,313920,310725148,Dedicated Schools Grant,A61052,Independent Special School Fees,R0089003,"DCC Business Entities (Sole Trade, Partnership, Ltd)"
18,Devon County Council,29/05/2026,22101557,"2,980.00",CHILD PSYCHOTHERAPY DEVON,386910,,P-Ledger - Separate Legal Entity,A61060,Support for Children in Care,P0432008,"DCC Business Entities (Sole Trade, Partnership, Ltd)"
18,Devon County Council,29/05/2026,22100137,"1,000.00",DUNKESWELL PARISH COUNCIL,7864,,Communities,A52010,"Grants to voluntary, community and social enterprise organisations",R0534001,"DCC Business Entities (Sole Trade, Partnership, Ltd)"
18,Devon County Council,29/05/2026,22101248,"55,005.50",TORBAY BOROUGH COUNCIL,387071,,"Capital - Planning, Transportation and Environment",C06002,Capital Grants Paid to WGA organisations,C0671012,"DCC Business Entities (Sole Trade, Partnership, Ltd)"
18,Devon County Council,29/05/2026,22101249,"2,000.00",Orion-Digital Diagnostics Ltd,382219,,"Chief Exec, Legal & Democratic services",A44038,Fees,R0506002,"DCC Business Entities (Sole Trade, Partnership, Ltd)"
18,Devon County Council,29/05/2026,22101265,"23,030.25",TORBAY BOROUGH COUNCIL,387071,,"Capital - Planning, Transportation and Environment",C06002,Capital Grants Paid to WGA organisations,C0671012,"DCC Business Entities (Sole Trade, Partnership, Ltd)"
18,Devon County Council,29/05/2026,22101266,"1,598.80",DR K SYRED,327070,,"Chief Exec, Legal & Democratic services",A44038,Fees,R0506002,"DCC Business Entities (Sole Trade, Partnership, Ltd)"
18,Devon County Council,29/05/2026,22101267,"23,030.25",DEVON WILDLIFE TRUST,4736,585473501,"Capital - Planning, Transportation and Environment",C06003,Capital Grants Paid - to VCSE Organisations,C0671012,"DCC Business Entities (Sole Trade, Partnership, Ltd)"
18,Devon County Council,29/05/2026,22101305,630,SOUTHWEST INTERVENTION SERVICES,333291,440830321,Children's Social Care,A61200,Community based care,R0044004,"DCC Business Entities (Sole Trade, Partnership, Ltd)"
18,Devon County Council,29/05/2026,22101425,"1,629.00",INVOLVE CARE SOLUTIONS LIMITED,402831,,Children's Social Care,A61200,Community based care,R0044007,"DCC Business Entities (Sole Trade, Partnership, Ltd)"
18,Devon County Council,29/05/2026,22101525,"1,567.00",LYMPSTONE PARISH COUNCIL,14584,,Communities,A52010,"Grants to voluntary, community and social enterprise organisations",R0534001,"DCC Business Entities (Sole Trade, Partnership, Ltd)"
18,Devon County Council,29/05/2026,22101585,900,The Dance Cafe,603168,,Communities,A52010,"Grants to voluntary, community and social enterprise organisations",R0535002,"DCC Business Entities (Sole Trade, Partnership, Ltd)"
18,Devon County Council,29/05/2026,22101590,750,RAINBO MUSIC TRUST,400577,,Communities,A52010,"Grants to voluntary, community and social enterprise organisations",R0535002,"DCC Business Entities (Sole Trade, Partnership, Ltd)"
18,Devon County Council,05/05/2026,22090858,"6,070.00",North Devon College (Exeter and North Devon Colleges Group),603346,125451632,Dedicated Schools Grant,A44185,Other professional Services (Schools),R0082007,"DCC Business Entities (Sole Trade, Partnership, Ltd)"
18,Devon County Council,05/05/2026,22090873,"5,357.10",BOSENCE FARM COMMUNITY LIMITED,110443,,Public Health,A57115,Payments to Private Contractors,R0316042,"DCC Business Entities (Sole Trade, Partnership, Ltd)"
18,Devon County Council,05/05/2026,22090907,"56,656.17",MILLBROOK HEALTHCARE LIMITED,117031,675991080,P-Ledger - Separate Legal Entity,A61054,Equipment (Care),P0391002,"DCC Business Entities (Sole Trade, Partnership, Ltd)"
18,Devon County Council,05/05/2026,22090978,"2,000.00",NEW ROOTS WORKSHOP COMMUNITY INTEREST COMPANY,397830,,Dedicated Schools Grant,A44185,Other professional Services (Schools),R0082007,"DCC Business Entities (Sole Trade, Partnership, Ltd)"
18,Devon County Council,05/05/2026,22090982,"10,404.00",UNIVERSITY OF EXETER-FINANCE OFF,4630,142047795,"Economy, Enterprise and Skills",A44038,Fees,R0546004,"DCC Business Entities (Sole Trade, Partnership, Ltd)"
18,Devon County Council,05/05/2026,22090983,"1,666.67",NEW ROOTS WORKSHOP COMMUNITY INTEREST COMPANY,397830,,Dedicated Schools Grant,A44185,Other professional Services (Schools),R0082007,"DCC Business Entities (Sole Trade, Partnership, Ltd)"
18,Devon County Council,05/05/2026,22090984,"2,000.00",NEW ROOTS WORKSHOP COMMUNITY INTEREST COMPANY,397830,,Dedicated Schools Grant,A44185,Other professional Services (Schools),R0082007,"DCC Business Entities (Sole Trade, Partnership, Ltd)"
18,Devon County Council,05/05/2026,22090987,"2,000.00",NEW ROOTS WORKSHOP COMMUNITY INTEREST COMPANY,397830,,Dedicated Schools Grant,A44185,Other professional Services (Schools),R0082007,"DCC Business Entities (Sole Trade, Partnership, Ltd)"
18,Devon County Council,05/05/2026,22090991,875,NEW ROOTS WORKSHOP COMMUNITY INTEREST COMPANY,397830,,Dedicated Schools Grant,A44180,Services for Educational Estabs - Devon,R0010004,"DCC Business Entities (Sole Trade, Partnership, Ltd)"
18,Devon County Council,05/05/2026,22091053,"20,993.58",CLEAPSS,70458,193604455,People and Culture,A47010,Subscriptions,R0503001,"DCC Business Entities (Sole Trade, Partnership, Ltd)"
18,Devon County Council,05/05/2026,22091230,504,FAMILY COMPASS,348346,392295664,Children's Social Care,A61060,Support for Children in Care,R0106002,"DCC Business Entities (Sole Trade, Partnership, Ltd)"
18,Devon County Council,05/05/2026,22091251,"3,200.00",National Landscape Association,83283,338382090,"Transport Operations, Environment and Waste",A47010,Subscriptions,R0640003,"DCC Business Entities (Sole Trade, Partnership, Ltd)"
18,Devon County Council,05/05/2026,22091637,"84,551.28",WESTCOUNTRY HOUSING,264341,918221242,Children's Social Care,A62000,Supported Accommodation - Child,R0026003,"DCC Business Entities (Sole Trade, Partnership, Ltd)"
18,Devon County Council,05/05/2026,22091720,660,CAR BODY SHOP EXETER LIMITED,313414,404443528,"Transport Operations, Environment and Waste",A30010,Vehicles Repairs,R0584003,"DCC Business Entities (Sole Trade, Partnership, Ltd)"
18,Devon County Council,05/05/2026,22091885,559.8,BLEEP 360 CARE LIMITED,360406,355167685,Children's Social Care,A61200,Community based care,R0044004,"DCC Business Entities (Sole Trade, Partnership, Ltd)"
18,Devon County Council,05/05/2026,22093216,"2,500.00",The Child Wellbeing Clinic,604055,,P-Ledger - Separate Legal Entity,A61060,Support for Children in Care,P0432008,"DCC Business Entities (Sole Trade, Partnership, Ltd)"
18,Devon County Council,05/05/2026,22093440,"2,795.00",STORMGUARD FLOODPLAN LIMITED,379818,164682094,"Capital - Planning, Transportation and Environment",C02009,Works,C0671012,DCC CIS Suppliers
18,Devon County Council,05/05/2026,22093697,"69,742.52",MONTEL CIVIL ENGINEERING LIMITED,394721,184615589,Capital - Highways,C02009,Works,C0671008,DCC CIS Suppliers
18,Devon County Council,05/05/2026,22093770,"12,454.58",M3 GLOBAL FLOOD TECHNOLOGIES LIMITED,372565,304632533,"Transport Operations, Environment and Waste",A49005,Other Hired & Contracting Services,R0579007,DCC CIS Suppliers
18,Devon County Council,05/05/2026,22093869,"504,901.41",ALUN GRIFFITHS (CONTRACTORS) LTD,342391,494268745,Capital - Highways,C02009,Works,C0671008,DCC CIS Suppliers
18,Devon County Council,05/05/2026,22094023,"2,035.80",MARINE & CIVIL SOLUTIONS LIMITED,283395,431868383,Highways & Infrastructure Development,C02009,Works,R0571003,DCC CIS Suppliers
18,Devon County Council,05/05/2026,22094026,625.22,MARINE & CIVIL SOLUTIONS LIMITED,283395,431868383,Capital - Highways,C02009,Works,C0652001,DCC CIS Suppliers
18,Devon County Council,05/05/2026,22094416,"3,690.77",MARINE & CIVIL SOLUTIONS LIMITED,283395,431868383,Highways & Infrastructure Development,A46100,Main / Term Contractor,R0555002,DCC CIS Suppliers
18,Devon County Council,05/05/2026,22094581,"2,888.00",WEIGHTMANS LLP,220105,974825769,"Chief Exec, Legal & Democratic services",A44968,Legal & Conveyancing Charges,R0276001,"DCC Business Entities (Sole Trade, Partnership, Ltd)"
18,Devon County Council,05/05/2026,22094956,"44,232.42",TRINITY SCHOOL,62170,481002235,Dedicated Schools Grant,A61052,Independent Special School Fees,R0089003,"DCC Business Entities (Sole Trade, Partnership, Ltd)"
18,Devon County Council,05/05/2026,22095030,"1,750.00",EXCITING EDUCATION,334050,,Inclusion & Learning,A49006,Bought in Professnl Servs-Curric,R0006003,"DCC Business Entities (Sole Trade, Partnership, Ltd)"
18,Devon County Council,06/05/2026,22088210,500,SENSORY BALANCE LIMITED,405405,,P-Ledger - Separate Legal Entity,A61060,Support for Children in Care,P0432008,"DCC Business Entities (Sole Trade, Partnership, Ltd)"
18,Devon County Council,06/05/2026,22089492,"5,117.34",GCI NETWORK SOLUTIONS TA NASSTAR,380659,199872429,Transformation & Business Services,A45008,IT Hardware Maintenance,R0353008,"DCC Business Entities (Sole Trade, Partnership, Ltd)"
18,Devon County Council,06/05/2026,22089973,"3,282.50",SENSORY CONNECTIONS LIMITED (C.WEST),383865,,Children's Social Care,A44038,Fees,R0015004,"DCC Business Entities (Sole Trade, Partnership, Ltd)"
18,Devon County Council,06/05/2026,22090034,"1,462.50",J E C HIGHWAY CONSULTANTS LIMITED,359658,283515690,Capital - Highways,C02011,External Professional Fees,C0652001,"DCC Business Entities (Sole Trade, Partnership, Ltd)"
18,Devon County Council,06/05/2026,22090446,"1,584.00",TUTE EDUCATION LIMITED,307284,902188441,Dedicated Schools Grant,A44185,Other professional Services (Schools),R0082007,"DCC Business Entities (Sole Trade, Partnership, Ltd)"
18,Devon County Council,06/05/2026,22090788,"11,160.00",WAVE MULTI ACADEMY TRUST,356576,163418709,Dedicated Schools Grant,A44180,Services for Educational Estabs - Devon,R0010013,"DCC Business Entities (Sole Trade, Partnership, Ltd)"
18,Devon County Council,06/05/2026,22090794,900,The Empower School t/a Contact Success,397825,438034602,Dedicated Schools Grant,A44185,Other professional Services (Schools),R0082007,"DCC Business Entities (Sole Trade, Partnership, Ltd)"
18,Devon County Council,06/05/2026,22091608,"1,640.00",DEVON UKRAINIAN ASSOCIATION COMMUNITY INTEREST COMPANY,388999,,Communities,A52010,"Grants to voluntary, community and social enterprise organisations",R0530012,"DCC Business Entities (Sole Trade, Partnership, Ltd)"
18,Devon County Council,06/05/2026,22091926,"1,209.14",Xtreme Vegetation Clearance,317338,368639347,Highways & Infrastructure Development,A49005,Other Hired & Contracting Services,R0557017,DCC CIS Suppliers
18,Devon County Council,06/05/2026,22092213,"1,800.00",INDEPENDENT SURVEYS SOUTH WEST,14531,276059046,Other PH Services,A44038,Fees,R0548001,"DCC Business Entities (Sole Trade, Partnership, Ltd)"
18,Devon County Council,06/05/2026,22092284,"1,050.00",LEEP TALENT LIMITED,601804,469035473,"Economy, Enterprise and Skills",A44038,Fees,R0546004,"DCC Business Entities (Sole Trade, Partnership, Ltd)"
18,Devon County Council,06/05/2026,22092527,"3,740.00",PROMOTING INDEPENDENT CARE LIMITED,376159,,Children's Social Care,A11005,Agency Supply Staff,R0095011,"DCC Business Entities (Sole Trade, Partnership, Ltd)"
18,Devon County Council,06/05/2026,22093401,"42,473.91",D W M L HOLDINGS LIMITED,345026,823821047,"Transport Operations, Environment and Waste",A46100,Main / Term Contractor,R0595004,"DCC Business Entities (Sole Trade, Partnership, Ltd)"
18,Devon County Council,06/05/2026,22093574,"1,610.00",FREDERICK SHERRELL LIMITED,14402,591319333,Capital - Highways,C02011,External Professional Fees,C0652001,"DCC Business Entities (Sole Trade, Partnership, Ltd)"
18,Devon County Council,06/05/2026,22093815,"21,600.00",Capital Counsel Ltd,600198,347687353,Below the line,A44038,Fees,R0511057,"DCC Business Entities (Sole Trade, Partnership, Ltd)"
18,Devon County Council,06/05/2026,22094011,525.9,WESTCOUNTRY MAINTENANCE SERVICES LIMITED,229952,915005854,Children's Social Care,A20005,"Property Repairs, Maintenance & Alterations (programmed)",R0015001,DCC CIS Suppliers
18,Devon County Council,06/05/2026,22094176,"133,907.91",KENT COUNTY COUNCIL,83992,204269191,Highways & Infrastructure Development,A21005,Electricity,R0567003,"DCC Business Entities (Sole Trade, Partnership, Ltd)"
18,Devon County Council,06/05/2026,22094246,515.96,SPEEDADMIN APS,385805,,Transformation & Business Services,A45040,IT Software,R0353008,DCC International
18,Devon County Council,06/05/2026,22094419,760.5,WESTCOUNTRY MAINTENANCE SERVICES LIMITED,229952,915005854,Highways & Infrastructure Development,A46100,Main / Term Contractor,R0573002,DCC CIS Suppliers
18,Devon County Council,06/05/2026,22094564,"4,121.61",CORMAC CONTRACTING LIMITED,364276,247160514,"Capital - Planning, Transportation and Environment",C02009,Works,C0671011,"DCC Business Entities (Sole Trade, Partnership, Ltd)"
18,Devon County Council,06/05/2026,22095470,"-5,999.14",HIGHGATE HILL HOUSE SCHOOL LIMITED,346763,509395958,Dedicated Schools Grant,A61052,Independent Special School Fees,R0089003,"DCC Business Entities (Sole Trade, Partnership, Ltd)"
18,Devon County Council,06/05/2026,22095497,"6,750.00",CIVICA UK LIMITED,20654,391171065,"Chief Exec, Legal & Democratic services",A45040,IT Software,R0291002,"DCC Business Entities (Sole Trade, Partnership, Ltd)"
18,Devon County Council,06/05/2026,22095722,"3,528.00",SOUTHWEST INTERVENTION SERVICES,333291,440830321,Dedicated Schools Grant,A44185,Other professional Services (Schools),R0082007,"DCC Business Entities (Sole Trade, Partnership, Ltd)"
18,Devon County Council,06/05/2026,22095726,"3,234.00",SOUTHWEST INTERVENTION SERVICES,333291,440830321,Dedicated Schools Grant,A44185,Other professional Services (Schools),R0082007,"DCC Business Entities (Sole Trade, Partnership, Ltd)"
18,Devon County Council,06/05/2026,150437855,832.74,M Group Highways Limited,375383,927200546,Highways & Infrastructure Development,A46100,Main / Term Contractor,R0560006,"DCC Business Entities (Sole Trade, Partnership, Ltd)"
18,Devon County Council,06/05/2026,150437862,"12,504.07",M Group Highways Limited,375383,927200546,Capital - Highways,C02051,Term Maintenance Contract,C0671005,"DCC Business Entities (Sole Trade, Partnership, Ltd)"
18,Devon County Council,06/05/2026,150437866,778.92,M Group Highways Limited,375383,927200546,Highways & Infrastructure Development,A46100,Main / Term Contractor,R0554004,"DCC Business Entities (Sole Trade, Partnership, Ltd)"
18,Devon County Council,06/05/2026,150437871,"1,140.16",M Group Highways Limited,375383,927200546,Highways & Infrastructure Development,A46100,Main / Term Contractor,R0560004,"DCC Business Entities (Sole Trade, Partnership, Ltd)"
18,Devon County Council,06/05/2026,150437872,"1,059.37",M Group Highways Limited,375383,927200546,Highways & Infrastructure Development,A46100,Main / Term Contractor,R0560004,"DCC Business Entities (Sole Trade, Partnership, Ltd)"
18,Devon County Council,06/05/2026,150437874,"1,126.40",M Group Highways Limited,375383,927200546,Highways & Infrastructure Development,A46100,Main / Term Contractor,R0560006,"DCC Business Entities (Sole Trade, Partnership, Ltd)"
18,Devon County Council,07/05/2026,22086616,"1,592.00",ST PETER'S PREPARATORY SCHOOL,52507,479250267,Dedicated Schools Grant,A61052,Independent Special School Fees,R0089003,"DCC Business Entities (Sole Trade, Partnership, Ltd)"
18,Devon County Council,07/05/2026,22089854,580,ROOTS AND BLOOMS,398675,,Children's Social Care,A61060,Support for Children in Care,R0106002,"DCC Business Entities (Sole Trade, Partnership, Ltd)"
18,Devon County Council,07/05/2026,22090646,600,I Can Academy ltd,604543,828059707,Communities,A44110,Exam Fees,R0536007,"DCC Business Entities (Sole Trade, Partnership, Ltd)"
18,Devon County Council,07/05/2026,22091232,504,FAMILY COMPASS,348346,392295664,P-Ledger - Separate Legal Entity,A61060,Support for Children in Care,P0432008,"DCC Business Entities (Sole Trade, Partnership, Ltd)"
18,Devon County Council,07/05/2026,22091471,"4,420.61",QUALITY MARKING SERVICES LIMITED,86608,777323994,Highways & Infrastructure Development,A49005,Other Hired & Contracting Services,R0552003,DCC CIS Suppliers
18,Devon County Council,07/05/2026,22091478,"16,800.00",Liz Williams Consultancy Ltd,601082,515514903,Children's Social Care,A11013,Interim Management (External Agency),R0116004,"DCC Business Entities (Sole Trade, Partnership, Ltd)"
18,Devon County Council,07/05/2026,22091615,"6,313.71",QUALITY MARKING SERVICES LIMITED,86608,777323994,Highways & Infrastructure Development,A49005,Other Hired & Contracting Services,R0552003,DCC CIS Suppliers
18,Devon County Council,07/05/2026,22091616,"8,433.51",QUALITY MARKING SERVICES LIMITED,86608,777323994,Highways & Infrastructure Development,A49005,Other Hired & Contracting Services,R0552003,DCC CIS Suppliers
18,Devon County Council,07/05/2026,22091624,676.76,EAST TEIGNBRIDGE C T A,4863,,"Transport Operations, Environment and Waste",A32010,Contract Hire Scheme,R0575001,"DCC Business Entities (Sole Trade, Partnership, Ltd)"
18,Devon County Council,07/05/2026,22091896,"1,967.46",PREMIER ROOFING CONTRACTORS LIMITED,18673,568975171,Highways & Infrastructure Development,A49005,Other Hired & Contracting Services,R0557002,DCC CIS Suppliers
18,Devon County Council,07/05/2026,22092270,602,William Pollard & Co Limited,15980,249435679,"Transport Operations, Environment and Waste",A43010,Printing,R0582001,"DCC Business Entities (Sole Trade, Partnership, Ltd)"
18,Devon County Council,07/05/2026,22092587,892.5,Michelle Blundy T/A Blossoming Minds,360726,,P-Ledger - Separate Legal Entity,A61060,Support for Children in Care,P0432008,"DCC Business Entities (Sole Trade, Partnership, Ltd)"
18,Devon County Council,07/05/2026,22093096,"1,235.00",JONATHAN AUBURN,350316,756835489,Commissioning,A44968,Legal & Conveyancing Charges,R0467001,"DCC Business Entities (Sole Trade, Partnership, Ltd)"
18,Devon County Council,07/05/2026,22094108,700,FPCR ENVIRONMENT & DESIGN LIMITED,366998,983185485,Capital - Highways,C02009,Works,C0671008,"DCC Business Entities (Sole Trade, Partnership, Ltd)"
18,Devon County Council,07/05/2026,22094204,537.62,GOOSEMOOR FOODSERVICE LIMITED,89008,423789666,Children's Social Care,A44030,Provisions,R0015001,"DCC Business Entities (Sole Trade, Partnership, Ltd)"
18,Devon County Council,07/05/2026,22095676,755.38,GRIPP,362032,,Dedicated Schools Grant,A44185,Other professional Services (Schools),R0082006,"DCC Business Entities (Sole Trade, Partnership, Ltd)"
18,Devon County Council,07/05/2026,22095777,900,Wallwisher Inc T/A Padlet,604840,383203414,Dedicated Schools Grant,A45040,IT Software,R8781110,DCC International
18,Devon County Council,07/05/2026,22095847,774,BROWNE JACOBSON LLP,190677,116396270,"Chief Exec, Legal & Democratic services",A44968,Legal & Conveyancing Charges,R0288001,"DCC Business Entities (Sole Trade, Partnership, Ltd)"
18,Devon County Council,07/05/2026,22095865,"33,000.00",COUNTRY BUS,138680,631080871,"Transport Operations, Environment and Waste",A32010,Contract Hire Scheme,R0575001,"DCC Business Entities (Sole Trade, Partnership, Ltd)"
18,Devon County Council,07/05/2026,22095869,"11,000.00",DEALTOP LIMITED TRADING AS DARTLINE COACHES,11216,456125651,"Transport Operations, Environment and Waste",A32010,Contract Hire Scheme,R0575001,"DCC Business Entities (Sole Trade, Partnership, Ltd)"
18,Devon County Council,07/05/2026,22095877,"1,000.00",TAVISTOCK COMMUNITY TRANSPORT,4816,381574043,"Transport Operations, Environment and Waste",A32010,Contract Hire Scheme,R0575001,"DCC Business Entities (Sole Trade, Partnership, Ltd)"
18,Devon County Council,07/05/2026,22095903,"88,977.25",CORNWALL COUNCIL,4190,132746770,Dedicated Schools Grant,A53030,OLA Recoupment Expenditure (3rd),R0111003,"DCC Business Entities (Sole Trade, Partnership, Ltd)"
18,Devon County Council,07/05/2026,22095909,962.25,INFOTRACK LIMITED,337300,228530612,"Capital - Planning, Transportation and Environment",C02011,External Professional Fees,C0671003,"DCC Business Entities (Sole Trade, Partnership, Ltd)"
18,Devon County Council,07/05/2026,22096009,"13,081.00",Manx Care,604789,,P-Ledger - Separate Legal Entity,A52005,Payments to Other Local Authorities,P0432006,"DCC Business Entities (Sole Trade, Partnership, Ltd)"
18,Devon County Council,07/05/2026,22096026,"2,827.20",VIX TECHNOLOGY UK LIMITED,399670,860209443,"Capital - Planning, Transportation and Environment",C02009,Works,C0671011,"DCC Business Entities (Sole Trade, Partnership, Ltd)"
18,Devon County Council,07/05/2026,22096038,"-46,494.83",SPAGHETTI BRIDGE LIMITED,377380,478673138,Dedicated Schools Grant,A61052,Independent Special School Fees,R0089003,"DCC Business Entities (Sole Trade, Partnership, Ltd)"
18,Devon County Council,07/05/2026,150439990,"2,066.03",M Group Highways Limited,375383,927200546,Capital - Highways,C02051,Term Maintenance Contract,C0652001,"DCC Business Entities (Sole Trade, Partnership, Ltd)"
18,Devon County Council,07/05/2026,150439993,"1,063.03",M Group Highways Limited,375383,927200546,Capital - Highways,C02051,Term Maintenance Contract,C0671007,"DCC Business Entities (Sole Trade, Partnership, Ltd)"
18,Devon County Council,08/05/2026,22087521,759.63,WASTECARE LIMITED,250183,354210881,Transformation & Business Services,A27015,Refuse Collection,R0333026,"DCC Business Entities (Sole Trade, Partnership, Ltd)"
18,Devon County Council,08/05/2026,22089962,"15,064.43",RINGGO LIMITED,275342,636137149,Highways & Infrastructure Development,A44038,Fees,R0556016,"DCC Business Entities (Sole Trade, Partnership, Ltd)"
18,Devon County Council,08/05/2026,22090016,624,ELEMENTS THERAPY,403495,,Children's Social Care,A61060,Support for Children in Care,R0106002,"DCC Business Entities (Sole Trade, Partnership, Ltd)"
18,Devon County Council,08/05/2026,22090427,"57,350.00",Crystal Pathways Ltd,603361,379637046,"Economy, Enterprise and Skills",A44038,Fees,R0539003,"DCC Business Entities (Sole Trade, Partnership, Ltd)"
18,Devon County Council,08/05/2026,22090434,"57,350.00",Crystal Pathways Ltd,603361,379637046,"Economy, Enterprise and Skills",A44038,Fees,R0539003,"DCC Business Entities (Sole Trade, Partnership, Ltd)"
18,Devon County Council,08/05/2026,22091752,685,SOUTH HAMS DISTRICT COUNCIL,8255,142204125,"Transport Operations, Environment and Waste",A46100,Main / Term Contractor,R0596001,"DCC Business Entities (Sole Trade, Partnership, Ltd)"
18,Devon County Council,08/05/2026,22091837,900,BENCHMARK (EXETER) LIMITED,81481,631397831,"Transport Operations, Environment and Waste",A49005,Other Hired & Contracting Services,R0614001,"DCC Business Entities (Sole Trade, Partnership, Ltd)"
18,Devon County Council,08/05/2026,22091982,630.4,SUPER KIDS THERAPY LIMITED,399239,,Dedicated Schools Grant,A44185,Other professional Services (Schools),R0082006,"DCC Business Entities (Sole Trade, Partnership, Ltd)"
18,Devon County Council,08/05/2026,22092151,927.9,S C C,161520,313651680,Transformation & Business Services,A45005,IT Hardware,R0505006,"DCC Business Entities (Sole Trade, Partnership, Ltd)"
18,Devon County Council,08/05/2026,22092161,"2,782.50",NURTURE IN NATURE CHILDREN AND FAMILIES CIC,384801,,Dedicated Schools Grant,A44180,Services for Educational Estabs - Devon,R0010004,"DCC Business Entities (Sole Trade, Partnership, Ltd)"
18,Devon County Council,08/05/2026,22092177,"13,738.50",APPROPRIATE ADULT SERVICE LIMITED,348287,243580216,Commissioning,A44038,Fees,R0484003,"DCC Business Entities (Sole Trade, Partnership, Ltd)"
18,Devon County Council,08/05/2026,22092236,"-2,981.16",S C C,161520,313651680,Transformation & Business Services,A43010,Printing,R0353008,"DCC Business Entities (Sole Trade, Partnership, Ltd)"
18,Devon County Council,08/05/2026,22092242,"-2,459.21",S C C,161520,313651680,Transformation & Business Services,A43010,Printing,R0353008,"DCC Business Entities (Sole Trade, Partnership, Ltd)"
18,Devon County Council,08/05/2026,22094155,"4,800.00",MOOR TO LIFE E & W COMMUNITY INTEREST COMPANY,393010,,Children's Social Care,A61200,Community based care,R0044004,"DCC Business Entities (Sole Trade, Partnership, Ltd)"
18,Devon County Council,08/05/2026,22094223,"4,800.00",MOOR TO LIFE E & W COMMUNITY INTEREST COMPANY,393010,,Children's Social Care,A61200,Community based care,R0044004,"DCC Business Entities (Sole Trade, Partnership, Ltd)"
18,Devon County Council,08/05/2026,22095550,851.4,EXETER CITY COUNCIL (FINANCE),4272,142335594,Transformation & Business Services,A27015,Refuse Collection,R0333026,"DCC Business Entities (Sole Trade, Partnership, Ltd)"
18,Devon County Council,08/05/2026,22095844,"529,088.01",ROYAL DEVON UNIVERSITY HEALTHCAR,21280,654938887,Public Health,A53005,Payments to Health Authorities,R0316041,"DCC Business Entities (Sole Trade, Partnership, Ltd)"
18,Devon County Council,08/05/2026,22095921,"60,648.50",DISCLOSURE & BARRING SERVICE,138421,888816061,People and Culture,A12510,Other Employee Expenses,R0472004,"DCC Business Entities (Sole Trade, Partnership, Ltd)"
18,Devon County Council,08/05/2026,22096430,"1,010.01",COVY LIMITED/ TRADING AS GARAGE SERVICES,390598,429102322,TRAMS Suspense,A30010,Vehicles Repairs,R0549019,"DCC Business Entities (Sole Trade, Partnership, Ltd)"
18,Devon County Council,08/05/2026,22097469,"55,770.96",LIBRARIES UNLIMITED SOUTH WEST,334595,235429115,Communities,A46100,Main / Term Contractor,R0325001,"DCC Business Entities (Sole Trade, Partnership, Ltd)"
18,Devon County Council,08/05/2026,150439994,"-16,000.00",M Group Highways Limited,375383,927200546,Capital - Highways,C02051,Term Maintenance Contract,C0671007,"DCC Business Entities (Sole Trade, Partnership, Ltd)"
18,Devon County Council,08/05/2026,150441628,"1,882.77",M Group Highways Limited,375383,927200546,Capital - Highways,C02051,Term Maintenance Contract,C0671005,"DCC Business Entities (Sole Trade, Partnership, Ltd)"
18,Devon County Council,11/05/2026,22070394,"3,040.00",PROGRESSION SERVICES LIMITED,390181,439882639,Dedicated Schools Grant,A44185,Other professional Services (Schools),R0082007,"DCC Business Entities (Sole Trade, Partnership, Ltd)"
18,Devon County Council,11/05/2026,22084404,760.2,PROSPERO RECRUITMENT LIMITED,352539,486704947,Dedicated Schools Grant,A44185,Other professional Services (Schools),R0082007,"DCC Business Entities (Sole Trade, Partnership, Ltd)"
18,Devon County Council,01/05/2026,22089256,"2,070.00",LIVE TO LEARN EDUCATION LIMITED,380514,444356785,Dedicated Schools Grant,A44185,Other professional Services (Schools),R0082007,"DCC Business Entities (Sole Trade, Partnership, Ltd)"
18,Devon County Council,01/05/2026,22089512,"10,300.00",MUFG Corporate Services,229856,191229017,Below the line,A47010,Subscriptions,R0515085,"DCC Business Entities (Sole Trade, Partnership, Ltd)"
18,Devon County Council,01/05/2026,22090721,"2,636.68",REFUGEE SUPPORT (DEVON) LIMITED,105938,,Communities,A44038,Fees,R0530002,"DCC Business Entities (Sole Trade, Partnership, Ltd)"
18,Devon County Council,01/05/2026,22090916,651.2,A PRACTICAL APPROACH TO SPEECH,400195,,Dedicated Schools Grant,A44180,Services for Educational Estabs - Devon,R0082006,"DCC Business Entities (Sole Trade, Partnership, Ltd)"
18,Devon County Council,01/05/2026,22091454,820,MUSIC MARK,388759,837156024,Inclusion & Learning,A44038,Fees,R0101001,"DCC Business Entities (Sole Trade, Partnership, Ltd)"
18,Devon County Council,01/05/2026,22092626,"1,800.00",COSMIC (HONITON),103322,684759473,Commissioning,A45040,IT Software,R0484003,"DCC Business Entities (Sole Trade, Partnership, Ltd)"
18,Devon County Council,01/05/2026,22093819,980,SOUTH HAMS DISTRICT COUNCIL,8255,142204125,Other PH Services,A44038,Fees,R0548001,"DCC Business Entities (Sole Trade, Partnership, Ltd)"
18,Devon County Council,01/05/2026,22093856,"4,527.14",WESTCOUNTRY MAINTENANCE SERVICES LIMITED,229952,915005854,Capital other - Digital Technology & Business Services,C02009,Works,C0647001,DCC CIS Suppliers
18,Devon County Council,01/05/2026,22094307,"1,340.83",TORRIDGE DISTRICT COUNCIL,4707,144666062,"Economy, Enterprise and Skills",A52005,Payments to Other Local Authorities,R0544003,"DCC Business Entities (Sole Trade, Partnership, Ltd)"
18,Devon County Council,01/05/2026,22094314,759.14,Youth Arts and Health Trust,340754,,P-Ledger - Separate Legal Entity,A61060,Support for Children in Care,P0432008,"DCC Business Entities (Sole Trade, Partnership, Ltd)"
18,Devon County Council,01/05/2026,22094561,"1,066.67",TOTNES INDEPENDENT SCHOOL,320930,481548763,Dedicated Schools Grant,A61052,Independent Special School Fees,R0089003,"DCC Business Entities (Sole Trade, Partnership, Ltd)"
18,Devon County Council,01/05/2026,22094567,"2,666.67",TOTNES INDEPENDENT SCHOOL,320930,481548763,Dedicated Schools Grant,A61052,Independent Special School Fees,R0089003,"DCC Business Entities (Sole Trade, Partnership, Ltd)"
18,Devon County Council,01/05/2026,22094572,"14,666.00",Gateley Hamer,604794,,"Capital - Planning, Transportation and Environment",C01010,Acquisitions - Purchase Cost - Legal Fees,C0671003,"DCC Business Entities (Sole Trade, Partnership, Ltd)"
18,Devon County Council,01/05/2026,22094600,"14,890.22",WALES & WEST UTILITIES LIMITED,178421,851008849,Capital - Highways,C02040,Utility Costs,C0671013,"DCC Business Entities (Sole Trade, Partnership, Ltd)"
18,Devon County Council,01/05/2026,22094626,"1,734.00",MORRIS BROTHERS LIMITED,291544,,"Chief Exec, Legal & Democratic services",A49005,Other Hired & Contracting Services,R0506002,"DCC Business Entities (Sole Trade, Partnership, Ltd)"
18,Devon County Council,01/05/2026,22094679,603.25,COURT OF PROTECTION TEAM,396440,,Finance & Public Value,A49010,Bank Charges,R0203001,"DCC Business Entities (Sole Trade, Partnership, Ltd)"
18,Devon County Council,05/05/2026,22084885,"1,451.28",NEXT STEPS EDUCATION LIMITED,389810,440621822,Dedicated Schools Grant,A44180,Services for Educational Estabs - Devon,R0010004,"DCC Business Entities (Sole Trade, Partnership, Ltd)"
18,Devon County Council,05/05/2026,22087210,"126,364.37",MAGDALEN COURT SCHOOL,228429,479823044,Dedicated Schools Grant,A61052,Independent Special School Fees,R0089003,"DCC Business Entities (Sole Trade, Partnership, Ltd)"
18,Devon County Council,05/05/2026,22087780,715,APPLE LOFT PLAY THERAPY,357758,,P-Ledger - Separate Legal Entity,A61120,Adoptions Allowances,P0432008,"DCC Business Entities (Sole Trade, Partnership, Ltd)"
18,Devon County Council,05/05/2026,22088174,520,SENSORY BALANCE LIMITED,405405,,P-Ledger - Separate Legal Entity,A61060,Support for Children in Care,P0432008,"DCC Business Entities (Sole Trade, Partnership, Ltd)"
18,Devon County Council,05/05/2026,22089530,870,USEFULPSYCHOLOGY,373810,,Children's Social Care,A61060,Support for Children in Care,R0106002,"DCC Business Entities (Sole Trade, Partnership, Ltd)"
18,Devon County Council,05/05/2026,22090217,"2,383.00",VELOCITY WEB,382769,394004114,Public Health,A57115,Payments to Private Contractors,R0316084,"DCC Business Entities (Sole Trade, Partnership, Ltd)"
18,Devon County Council,05/05/2026,22090228,831.98,WGP MAINTENANCE LIMITED,397367,948500609,Children's Social Care,A20010,"Property Repairs, Maintenance & Alterations (Reactive)",R0095003,DCC CIS Suppliers
18,Devon County Council,05/05/2026,22090288,"1,120.00",UX2 LIMITED,388014,235329022,Dedicated Schools Grant,A44185,Other professional Services (Schools),R0082007,"DCC Business Entities (Sole Trade, Partnership, Ltd)"
18,Devon County Council,05/05/2026,22090523,"24,248.51",NATIONAL STAR COLLEGE,198286,184541203,Dedicated Schools Grant,A61052,Independent Special School Fees,R0089001,"DCC Business Entities (Sole Trade, Partnership, Ltd)"
18,Devon County Council,05/05/2026,22090816,"7,553.77",WGP MAINTENANCE LIMITED,397367,948500609,Children's Social Care,A20010,"Property Repairs, Maintenance & Alterations (Reactive)",R0095004,DCC CIS Suppliers
18,Devon County Council,05/05/2026,22090903,"35,000.15",MILLBROOK HEALTHCARE LIMITED,117031,675991080,P-Ledger - Separate Legal Entity,A61054,Equipment (Care),P0391002,"DCC Business Entities (Sole Trade, Partnership, Ltd)"
18,Devon County Council,05/05/2026,22090922,"7,559.42",INFOCUS CHARITY,5243,271614806,Children's Social Care,A61044,Residential Short Breaks,R0044007,"DCC Business Entities (Sole Trade, Partnership, Ltd)"
18,Devon County Council,05/05/2026,22090981,"1,666.67",NEW ROOTS WORKSHOP COMMUNITY INTEREST COMPANY,397830,,Dedicated Schools Grant,A44185,Other professional Services (Schools),R0082007,"DCC Business Entities (Sole Trade, Partnership, Ltd)"
18,Devon County Council,05/05/2026,22090985,"2,000.00",NEW ROOTS WORKSHOP COMMUNITY INTEREST COMPANY,397830,,Dedicated Schools Grant,A44185,Other professional Services (Schools),R0082007,"DCC Business Entities (Sole Trade, Partnership, Ltd)"
18,Devon County Council,05/05/2026,22090988,"2,000.00",NEW ROOTS WORKSHOP COMMUNITY INTEREST COMPANY,397830,,Dedicated Schools Grant,A44185,Other professional Services (Schools),R0082007,"DCC Business Entities (Sole Trade, Partnership, Ltd)"
18,Devon County Council,05/05/2026,22091283,640.13,KEYHOLE LOCKSMITHS,374511,450570313,P-Ledger - Separate Legal Entity,A61054,Equipment (Care),P0391002,"DCC Business Entities (Sole Trade, Partnership, Ltd)"
18,Devon County Council,05/05/2026,22091487,"10,275.21",TET LIMITED,375447,429602744,Finance & Public Value,A45045,IT Software Maintenance,R0213001,"DCC Business Entities (Sole Trade, Partnership, Ltd)"
18,Devon County Council,05/05/2026,22092058,"1,168.30",BRIDGE & LINDSEY,272202,185664426,P-Ledger - Separate Legal Entity,A61054,Equipment (Care),P0391002,"DCC Business Entities (Sole Trade, Partnership, Ltd)"
18,Devon County Council,05/05/2026,22092504,"1,130.00",BUSY CHAPS REMOVALS & STORAGE,384968,252475307,Communities,A44038,Fees,R0530004,"DCC Business Entities (Sole Trade, Partnership, Ltd)"
18,Devon County Council,05/05/2026,22092900,"19,735.00",The Mill Hill School Foundation Heathfield,604688,290865274,Dedicated Schools Grant,A61052,Independent Special School Fees,R0089003,"DCC Business Entities (Sole Trade, Partnership, Ltd)"
18,Devon County Council,05/05/2026,22093133,"1,069.50",FOREDOWNE KENNELS & CATTERY,92508,744978772,Mental Health,A49105,Other Supplies & Services,R0256001,"DCC Business Entities (Sole Trade, Partnership, Ltd)"
18,Devon County Council,05/05/2026,22093193,960,PERSON CENTRED SOFTWARE LIMITED,340281,162981976,Operations,A44038,Fees,R0268001,"DCC Business Entities (Sole Trade, Partnership, Ltd)"
18,Devon County Council,05/05/2026,22093391,825,JONATHAN AUBURN,350316,756835489,Commissioning,A44968,Legal & Conveyancing Charges,R0459005,"DCC Business Entities (Sole Trade, Partnership, Ltd)"
18,Devon County Council,05/05/2026,22093864,"30,912.81",WESTCOUNTRY MAINTENANCE SERVICES LIMITED,229952,915005854,Capital other - Digital Technology & Business Services,C02009,Works,C0651001,DCC CIS Suppliers
18,Devon County Council,05/05/2026,22094019,525.9,WESTCOUNTRY MAINTENANCE SERVICES LIMITED,229952,915005854,Children's Social Care,A20005,"Property Repairs, Maintenance & Alterations (programmed)",R0015001,DCC CIS Suppliers
18,Devon County Council,05/05/2026,22094143,"3,614.70",MARINE & CIVIL SOLUTIONS LIMITED,283395,431868383,Highways & Infrastructure Development,A40075,Road & Other Signs,R0571003,DCC CIS Suppliers
18,Devon County Council,05/05/2026,22094614,"4,108.88",AYRE CONTRACTORS & PLANT HIRE,209433,996310885,Capital - Highways,C02009,Works,C0652001,DCC CIS Suppliers
18,Devon County Council,05/05/2026,22094892,"5,400.00",DENE TERRY TRADING AS SPACE ADAPT LEARN GROW,404230,,Dedicated Schools Grant,A44185,Other professional Services (Schools),R0082007,"DCC Business Entities (Sole Trade, Partnership, Ltd)"
18,Devon County Council,05/05/2026,22095448,"1,216.40",SOUTH WESTERN RAILWAY,391138,267035795,Dedicated Schools Grant,A93185,Parental contributions towards visits,R8783309,"DCC Business Entities (Sole Trade, Partnership, Ltd)"
18,Devon County Council,05/05/2026,22096237,790,DEVON YOUTH SYMPHONY & CONCERT ORCHESTRAS,286042,,Inclusion & Learning,A53012,Payments to Independent Units,R0101001,"DCC Business Entities (Sole Trade, Partnership, Ltd)"
18,Devon County Council,06/05/2026,22087211,"634,299.00",PLYMOUTH CITY COUNCIL (RADIUS ACCOUNT,87504,144675845,"Transport Operations, Environment and Waste",A46100,Main / Term Contractor,R0594003,"DCC Business Entities (Sole Trade, Partnership, Ltd)"
18,Devon County Council,06/05/2026,22089083,"2,500.00",Michelle Blundy T/A Blossoming Minds,360726,,P-Ledger - Separate Legal Entity,A61060,Support for Children in Care,P0432008,"DCC Business Entities (Sole Trade, Partnership, Ltd)"
18,Devon County Council,06/05/2026,22090018,805.84,TIDES PSYCHOLOGY,333039,,"Chief Exec, Legal & Democratic services",A44038,Fees,R0276001,"DCC Business Entities (Sole Trade, Partnership, Ltd)"
18,Devon County Council,06/05/2026,22090039,"1,062.00",J E C HIGHWAY CONSULTANTS LIMITED,359658,283515690,Capital - Highways,C02011,External Professional Fees,C0652001,"DCC Business Entities (Sole Trade, Partnership, Ltd)"
18,Devon County Council,06/05/2026,22090409,"2,136.00",Citisense LTD,604201,465887529,"Capital - Planning, Transportation and Environment",C02009,Works,C0671003,"DCC Business Entities (Sole Trade, Partnership, Ltd)"
18,Devon County Council,06/05/2026,22090451,"3,168.00",TUTE EDUCATION LIMITED,307284,902188441,Dedicated Schools Grant,A44185,Other professional Services (Schools),R0082007,"DCC Business Entities (Sole Trade, Partnership, Ltd)"
18,Devon County Council,06/05/2026,22090692,"48,818.36",North Devon College (Exeter and North Devon Colleges Group),603346,125451632,Capital - SEND Schools,C02009,Works,C0660001,"DCC Business Entities (Sole Trade, Partnership, Ltd)"
18,Devon County Council,06/05/2026,22090781,900,The Empower School t/a Contact Success,397825,438034602,Dedicated Schools Grant,A44185,Other professional Services (Schools),R0082007,"DCC Business Entities (Sole Trade, Partnership, Ltd)"
18,Devon County Council,06/05/2026,22091280,"58,760.35",STORMFORCE ROOFING & MAINTENANCE,101900,813484923,Capital - Schools Maintenance & Improvements,C02009,Works,C0658001,DCC CIS Suppliers
18,Devon County Council,06/05/2026,22091747,"1,378.56",Velox Healthcare Ltd,601950,422950016,Children's Social Care,A61200,Community based care,R0044004,"DCC Business Entities (Sole Trade, Partnership, Ltd)"
18,Devon County Council,06/05/2026,22092514,"7,624.50",PROMOTING INDEPENDENT CARE LIMITED,376159,,Children's Social Care,A11005,Agency Supply Staff,R0095009,"DCC Business Entities (Sole Trade, Partnership, Ltd)"
18,Devon County Council,06/05/2026,22092530,918,PROMOTING INDEPENDENT CARE LIMITED,376159,,Children's Social Care,A11005,Agency Supply Staff,R0095005,"DCC Business Entities (Sole Trade, Partnership, Ltd)"
18,Devon County Council,06/05/2026,22092531,"2,108.00",PROMOTING INDEPENDENT CARE LIMITED,376159,,Children's Social Care,A11005,Agency Supply Staff,R0095004,"DCC Business Entities (Sole Trade, Partnership, Ltd)"
18,Devon County Council,06/05/2026,22092904,"116,824.57",D W M L HOLDINGS LIMITED,345026,823821047,"Transport Operations, Environment and Waste",A46100,Main / Term Contractor,R0597002,"DCC Business Entities (Sole Trade, Partnership, Ltd)"
18,Devon County Council,06/05/2026,22093214,"-1,278.72",SKYGUARD,351428,285808854,Highways & Infrastructure Development,A40080,Health & Safety Equipment,R0561003,"DCC Business Entities (Sole Trade, Partnership, Ltd)"
18,Devon County Council,06/05/2026,22093681,"1,910.96",OCEAN HEALTHCARE,371633,776836374,Operations,A11005,Agency Supply Staff,R0269001,"DCC Business Entities (Sole Trade, Partnership, Ltd)"
18,Devon County Council,06/05/2026,22094104,822.75,R D Johns Limited,90325,141006135,Children's Social Care,A44030,Provisions,R0015001,"DCC Business Entities (Sole Trade, Partnership, Ltd)"
18,Devon County Council,06/05/2026,22094820,"-234,000.00",CORMAC CONTRACTING LIMITED,364276,247160514,Capital - Highways,C02009,Works,C0652001,"DCC Business Entities (Sole Trade, Partnership, Ltd)"
18,Devon County Council,06/05/2026,22095073,"1,600.00",Whip N Dough,604822,,"Chief Exec, Legal & Democratic services",A41905,Catering,R0285001,"DCC Business Entities (Sole Trade, Partnership, Ltd)"
18,Devon County Council,06/05/2026,22095858,"24,830.69",DEVON COMMUNITIES TOGETHER,5033,942049627,"Economy, Enterprise and Skills",A52010,"Grants to voluntary, community and social enterprise organisations",R0547002,"DCC Business Entities (Sole Trade, Partnership, Ltd)"
18,Devon County Council,06/05/2026,22095917,683.75,Daya Mann,602921,699081679,"Chief Exec, Legal & Democratic services",A44968,Legal & Conveyancing Charges,R0276001,"DCC Business Entities (Sole Trade, Partnership, Ltd)"
18,Devon County Council,06/05/2026,22095946,"35,066.03",Newton Consulting Limited,603169,435668565,Commissioning,A44065,Consultancy Services,R0218002,"DCC Business Entities (Sole Trade, Partnership, Ltd)"
18,Devon County Council,06/05/2026,22095994,889.35,SHARPE PRITCHARD LLP,21328,233214995,Planning,A44025,Legal Expenses,R0634001,"DCC Business Entities (Sole Trade, Partnership, Ltd)"
18,Devon County Council,06/05/2026,150437856,"34,646.24",M Group Highways Limited,375383,927200546,Highways & Infrastructure Development,A46100,Main / Term Contractor,R0554004,"DCC Business Entities (Sole Trade, Partnership, Ltd)"
18,Devon County Council,06/05/2026,150437857,"11,307.78",M Group Highways Limited,375383,927200546,Highways & Infrastructure Development,A46100,Main / Term Contractor,R0554004,"DCC Business Entities (Sole Trade, Partnership, Ltd)"
18,Devon County Council,06/05/2026,150437858,"5,647.93",M Group Highways Limited,375383,927200546,Highways & Infrastructure Development,A46100,Main / Term Contractor,R0554004,"DCC Business Entities (Sole Trade, Partnership, Ltd)"
18,Devon County Council,06/05/2026,150437863,"3,509.06",M Group Highways Limited,375383,927200546,Capital - Highways,C02051,Term Maintenance Contract,C0671005,"DCC Business Entities (Sole Trade, Partnership, Ltd)"
18,Devon County Council,06/05/2026,150437873,"3,738.52",M Group Highways Limited,375383,927200546,Highways & Infrastructure Development,A46100,Main / Term Contractor,R0560006,"DCC Business Entities (Sole Trade, Partnership, Ltd)"
18,Devon County Council,07/05/2026,22087181,"11,103.07",ST PETER'S PREPARATORY SCHOOL,52507,479250267,Dedicated Schools Grant,A61052,Independent Special School Fees,R0089003,"DCC Business Entities (Sole Trade, Partnership, Ltd)"
18,Devon County Council,07/05/2026,22089156,"1,565.38",I J Cannings & Son Limited,14467,192803203,Capital - Schools Maintenance & Improvements,C02009,Works,C0658001,DCC CIS Suppliers
18,Devon County Council,07/05/2026,22089176,"1,320.37",STORMPRESS,122181,321041328,"Chief Exec, Legal & Democratic services",A43010,Printing,R0285001,"DCC Business Entities (Sole Trade, Partnership, Ltd)"
18,Devon County Council,07/05/2026,22090964,880,ROOTS AND BLOOMS,398675,,Children's Social Care,A61060,Support for Children in Care,R0106002,"DCC Business Entities (Sole Trade, Partnership, Ltd)"
18,Devon County Council,07/05/2026,22091222,"1,638.00",FAMILY COMPASS,348346,392295664,P-Ledger - Separate Legal Entity,A61060,Support for Children in Care,P0432008,"DCC Business Entities (Sole Trade, Partnership, Ltd)"
18,Devon County Council,07/05/2026,22091235,504,FAMILY COMPASS,348346,392295664,P-Ledger - Separate Legal Entity,A61060,Support for Children in Care,P0432008,"DCC Business Entities (Sole Trade, Partnership, Ltd)"
18,Devon County Council,07/05/2026,22091240,882,FAMILY COMPASS,348346,392295664,P-Ledger - Separate Legal Entity,A61060,Support for Children in Care,P0432008,"DCC Business Entities (Sole Trade, Partnership, Ltd)"
18,Devon County Council,07/05/2026,22091244,588,FAMILY COMPASS,348346,392295664,P-Ledger - Separate Legal Entity,A61060,Support for Children in Care,P0432008,"DCC Business Entities (Sole Trade, Partnership, Ltd)"
18,Devon County Council,07/05/2026,22091449,"3,112.04",QUALITY MARKING SERVICES LIMITED,86608,777323994,Highways & Infrastructure Development,A49005,Other Hired & Contracting Services,R0552003,DCC CIS Suppliers
18,Devon County Council,07/05/2026,22091491,"1,124.00",NeuroConnect CIC,382604,,P-Ledger - Separate Legal Entity,A61060,Support for Children in Care,P0432008,"DCC Business Entities (Sole Trade, Partnership, Ltd)"
18,Devon County Council,07/05/2026,22091613,"3,676.95",QUALITY MARKING SERVICES LIMITED,86608,777323994,Capital - Highways,C02009,Works,C0671005,DCC CIS Suppliers
18,Devon County Council,07/05/2026,22091722,"2,320.17",NORTH DEVON COUNCIL (RATES),401210,,Operations,A23005,Rates,R0252001,"DCC Business Entities (Sole Trade, Partnership, Ltd)"
18,Devon County Council,07/05/2026,22091878,"11,960.00",WAVE MULTI ACADEMY TRUST,356576,163418709,Dedicated Schools Grant,A44180,Services for Educational Estabs - Devon,R0010014,"DCC Business Entities (Sole Trade, Partnership, Ltd)"
18,Devon County Council,07/05/2026,22091894,"7,252.27",QUALITY MARKING SERVICES LIMITED,86608,777323994,Highways & Infrastructure Development,A49005,Other Hired & Contracting Services,R0552003,DCC CIS Suppliers
18,Devon County Council,07/05/2026,22094346,"7,475.00",WAVE MULTI ACADEMY TRUST,356576,163418709,Dedicated Schools Grant,A44180,Services for Educational Estabs - Devon,R0010016,"DCC Business Entities (Sole Trade, Partnership, Ltd)"
18,Devon County Council,07/05/2026,22095209,"289,601.30",PHOENIX LEARNING AND CARE LIMITED,88421,480641981,Dedicated Schools Grant,A61052,Independent Special School Fees,R0089003,"DCC Business Entities (Sole Trade, Partnership, Ltd)"
18,Devon County Council,07/05/2026,22095700,"3,140.00",BISCOES,359427,284553870,"Chief Exec, Legal & Democratic services",A44038,Fees,R0274001,"DCC Business Entities (Sole Trade, Partnership, Ltd)"
18,Devon County Council,07/05/2026,22095706,740,BISCOES,359427,284553870,"Chief Exec, Legal & Democratic services",A44038,Fees,R0274001,"DCC Business Entities (Sole Trade, Partnership, Ltd)"
18,Devon County Council,07/05/2026,22095786,"9,299.75",CO-LAB EXETER,90202,186186963,Public Health,A57115,Payments to Private Contractors,R0316047,"DCC Business Entities (Sole Trade, Partnership, Ltd)"
18,Devon County Council,07/05/2026,22095791,"6,572.83",BTHECHANGE COMMUNITY INTEREST COMPANY,368481,373717183,Public Health,A57115,Payments to Private Contractors,R0316047,"DCC Business Entities (Sole Trade, Partnership, Ltd)"
18,Devon County Council,07/05/2026,22095871,"3,200.00",GREENSLADES TOURS (EXETER) LIMITED,365861,307996855,"Transport Operations, Environment and Waste",A32010,Contract Hire Scheme,R0575001,"DCC Business Entities (Sole Trade, Partnership, Ltd)"
18,Devon County Council,07/05/2026,22095872,"3,500.00",HATCH GREEN GARAGE LIMITED,249457,927463209,"Transport Operations, Environment and Waste",A32010,Contract Hire Scheme,R0575001,"DCC Business Entities (Sole Trade, Partnership, Ltd)"
18,Devon County Council,11/05/2026,22090072,916.56,TEAM EDUCATE LIMITED BACS,374563,336808777,Dedicated Schools Grant,A44180,Services for Educational Estabs - Devon,R0010004,"DCC Business Entities (Sole Trade, Partnership, Ltd)"
18,Devon County Council,11/05/2026,22090350,"1,299.60",SKYGUARD,351428,285808854,Highways & Infrastructure Development,A40080,Health & Safety Equipment,R0556001,"DCC Business Entities (Sole Trade, Partnership, Ltd)"
18,Devon County Council,11/05/2026,22090488,"117,690.50",SOUTH WEST HERITAGE TRUST,321698,197221592,Communities,A46100,Main / Term Contractor,R0529001,"DCC Business Entities (Sole Trade, Partnership, Ltd)"
18,Devon County Council,11/05/2026,22091181,945.82,SAFESTORE LIMITED,150134,722887607,"Economy, Enterprise and Skills",A22005,Building Rents,R0539001,"DCC Business Entities (Sole Trade, Partnership, Ltd)"
18,Devon County Council,11/05/2026,22091199,"5,500.00",Disability Together,140334,436098381,Commissioning,A62110,Payments to Charities & Vol Providers,R0218002,"DCC Business Entities (Sole Trade, Partnership, Ltd)"
18,Devon County Council,11/05/2026,22091693,"1,950.00",DWS CONSULTANCY LIMITED,401968,489248632,Children's Social Care,A11013,Interim Management (External Agency),R0129001,"DCC Business Entities (Sole Trade, Partnership, Ltd)"
18,Devon County Council,11/05/2026,22091700,518,FAMILY ADVICE SUPPORT TEAM,315005,320154260,Children's Social Care,A61200,Community based care,R0046004,"DCC Business Entities (Sole Trade, Partnership, Ltd)"
18,Devon County Council,11/05/2026,22091701,579.25,THE EDUCATION COMPANY LIMITED,80154,573768493,Transformation & Business Services,A45045,IT Software Maintenance,R0353008,"DCC Business Entities (Sole Trade, Partnership, Ltd)"
18,Devon County Council,11/05/2026,22091739,"1,500.00",UX2 LIMITED,388014,235329022,Dedicated Schools Grant,A44180,Services for Educational Estabs - Devon,R0010004,"DCC Business Entities (Sole Trade, Partnership, Ltd)"
18,Devon County Council,11/05/2026,22091925,"14,073.19",ARCADIS CONSULTING UK LIMITED,315903,762995771,Capital - Highways,C02011,External Professional Fees,C0671004,"DCC Business Entities (Sole Trade, Partnership, Ltd)"
18,Devon County Council,11/05/2026,22091973,"1,167.00",COPYRITE,136439,128705901,"Economy, Enterprise and Skills",A43010,Printing,R0539001,"DCC Business Entities (Sole Trade, Partnership, Ltd)"
18,Devon County Council,11/05/2026,22092004,"9,080.00",L8 SOLUTIONS LIMITED,274549,876779444,Transformation & Business Services,A45040,IT Software,R0353008,"DCC Business Entities (Sole Trade, Partnership, Ltd)"
18,Devon County Council,11/05/2026,22092005,"1,517.00",Bridget Rees,604415,,P-Ledger - Separate Legal Entity,A61060,Support for Children in Care,P0432008,"DCC Business Entities (Sole Trade, Partnership, Ltd)"
18,Devon County Council,11/05/2026,22092006,"2,500.00",EVO AGENCY LTD,403177,850706434,P-Ledger - Separate Legal Entity,A44175,Training/Workshops - Non Staff,P0393013,"DCC Business Entities (Sole Trade, Partnership, Ltd)"
18,Devon County Council,11/05/2026,22092071,691.6,INSTARMAC GROUP PLC,302188,295973982,Highways & Infrastructure Development,A40070,Stock Materials,R0554004,"DCC Business Entities (Sole Trade, Partnership, Ltd)"
18,Devon County Council,11/05/2026,22092114,"5,046.08",WSP UK LIMITED,85394,905054942,Capital - Highways,C02011,External Professional Fees,C0652001,"DCC Business Entities (Sole Trade, Partnership, Ltd)"
18,Devon County Council,11/05/2026,22092135,"9,872.58",WSP UK LIMITED,85394,905054942,Capital - Highways,C02011,External Professional Fees,C0671004,"DCC Business Entities (Sole Trade, Partnership, Ltd)"
18,Devon County Council,11/05/2026,22092143,"4,445.01",WSP UK LIMITED,85394,905054942,Capital - Highways,C02011,External Professional Fees,C0671004,"DCC Business Entities (Sole Trade, Partnership, Ltd)"
18,Devon County Council,11/05/2026,22092150,"6,446.38",FLOWBIRD SMART CITY UK,222453,821077453,Highways & Infrastructure Development,A44038,Fees,R0556016,"DCC Business Entities (Sole Trade, Partnership, Ltd)"
18,Devon County Council,11/05/2026,22092165,"11,000.00",WE ARE BPR LIMITED TRADING AS WE ARE LEAN AND AGILE,375764,133641827,Transformation & Business Services,A45040,IT Software,R0353008,"DCC Business Entities (Sole Trade, Partnership, Ltd)"
18,Devon County Council,11/05/2026,22092197,670,St Thomas Training Ltd,600178,130660644,P-Ledger - Separate Legal Entity,A44038,Fees,P0425001,"DCC Business Entities (Sole Trade, Partnership, Ltd)"
18,Devon County Council,11/05/2026,22092210,525,Curo Resourcing Limited,600609,886221605,Transformation & Business Services,A45008,IT Hardware Maintenance,R0353008,"DCC Business Entities (Sole Trade, Partnership, Ltd)"
18,Devon County Council,11/05/2026,22092459,"1,731.34",WSP UK LIMITED,85394,905054942,Capital - Highways,C02011,External Professional Fees,C0671005,"DCC Business Entities (Sole Trade, Partnership, Ltd)"
18,Devon County Council,11/05/2026,22092528,"5,675.62",WSP UK LIMITED,85394,905054942,Highways & Infrastructure Development,A44038,Fees,R0571003,"DCC Business Entities (Sole Trade, Partnership, Ltd)"
18,Devon County Council,11/05/2026,22092536,"3,835.38",WSP UK LIMITED,85394,905054942,Highways & Infrastructure Development,A44038,Fees,R0572001,"DCC Business Entities (Sole Trade, Partnership, Ltd)"
18,Devon County Council,11/05/2026,22092551,571.65,WSP UK LIMITED,85394,905054942,"Capital - Planning, Transportation and Environment",C02011,External Professional Fees,C0671003,"DCC Business Entities (Sole Trade, Partnership, Ltd)"
18,Devon County Council,11/05/2026,22092576,683.8,WSP UK LIMITED,85394,905054942,"Capital - Planning, Transportation and Environment",C02011,External Professional Fees,C0671003,"DCC Business Entities (Sole Trade, Partnership, Ltd)"
18,Devon County Council,11/05/2026,22092583,611.93,WSP UK LIMITED,85394,905054942,Planning,A44038,Fees,R0620002,"DCC Business Entities (Sole Trade, Partnership, Ltd)"
18,Devon County Council,11/05/2026,22092588,"15,544.58",WSP UK LIMITED,85394,905054942,"Capital - Planning, Transportation and Environment",C02011,External Professional Fees,C0671003,"DCC Business Entities (Sole Trade, Partnership, Ltd)"
18,Devon County Council,11/05/2026,22092608,"1,836.67",WSP UK LIMITED,85394,905054942,Planning,A44038,Fees,R0620001,"DCC Business Entities (Sole Trade, Partnership, Ltd)"
18,Devon County Council,11/05/2026,22092615,"2,161.53",WSP UK LIMITED,85394,905054942,"Capital - Planning, Transportation and Environment",C02011,External Professional Fees,C0671011,"DCC Business Entities (Sole Trade, Partnership, Ltd)"
18,Devon County Council,11/05/2026,22092616,"2,823.26",WSP UK LIMITED,85394,905054942,"Capital - Planning, Transportation and Environment",C02011,External Professional Fees,C0671003,"DCC Business Entities (Sole Trade, Partnership, Ltd)"
18,Devon County Council,11/05/2026,22092629,"41,121.71",WSP UK LIMITED,85394,905054942,Highways & Infrastructure Development,A44038,Fees,R0572001,"DCC Business Entities (Sole Trade, Partnership, Ltd)"
18,Devon County Council,11/05/2026,22092812,530.31,WSP UK LIMITED,85394,905054942,Capital - Highways,C02011,External Professional Fees,C0671004,"DCC Business Entities (Sole Trade, Partnership, Ltd)"
18,Devon County Council,11/05/2026,22092823,731.46,WSP UK LIMITED,85394,905054942,Highways & Infrastructure Development,A44038,Fees,R0572001,"DCC Business Entities (Sole Trade, Partnership, Ltd)"
18,Devon County Council,11/05/2026,22092867,"8,170.61",WSP UK LIMITED,85394,905054942,"Capital - Planning, Transportation and Environment",C02011,External Professional Fees,C0671011,"DCC Business Entities (Sole Trade, Partnership, Ltd)"
18,Devon County Council,11/05/2026,22092893,"6,219.06",OTTERY HELP SCHEME,89926,,Operations,A52010,"Grants to voluntary, community and social enterprise organisations",R0480083,"DCC Business Entities (Sole Trade, Partnership, Ltd)"
18,Devon County Council,11/05/2026,22092944,530.24,WSP UK LIMITED,85394,905054942,"Capital - Planning, Transportation and Environment",C02011,External Professional Fees,C0654001,"DCC Business Entities (Sole Trade, Partnership, Ltd)"
18,Devon County Council,11/05/2026,22092959,"10,557.52",WSP UK LIMITED,85394,905054942,"Capital - Planning, Transportation and Environment",C02011,External Professional Fees,C0654001,"DCC Business Entities (Sole Trade, Partnership, Ltd)"
18,Devon County Council,11/05/2026,22092964,681.44,WSP UK LIMITED,85394,905054942,"Capital - Planning, Transportation and Environment",C02011,External Professional Fees,C0654001,"DCC Business Entities (Sole Trade, Partnership, Ltd)"
18,Devon County Council,11/05/2026,22092970,904.98,WSP UK LIMITED,85394,905054942,"Capital - Planning, Transportation and Environment",C02011,External Professional Fees,C0671003,"DCC Business Entities (Sole Trade, Partnership, Ltd)"
18,Devon County Council,11/05/2026,22092977,735.75,WSP UK LIMITED,85394,905054942,Planning,A44038,Fees,R0577002,"DCC Business Entities (Sole Trade, Partnership, Ltd)"
18,Devon County Council,11/05/2026,22092979,"2,796.95",WSP UK LIMITED,85394,905054942,Highways & Infrastructure Development,A44038,Fees,R0560002,"DCC Business Entities (Sole Trade, Partnership, Ltd)"
18,Devon County Council,11/05/2026,22093141,"55,294.00",SOUTH WEST SMART APPLICATIONS LIMITED,299894,133366035,"Transport Operations, Environment and Waste",A44038,Fees,R0575001,"DCC Business Entities (Sole Trade, Partnership, Ltd)"
18,Devon County Council,11/05/2026,22093520,"28,651.88",VIRIDOR ENERGY LIMITED,397386,736636511,"Transport Operations, Environment and Waste",A46100,Main / Term Contractor,R0595006,"DCC Business Entities (Sole Trade, Partnership, Ltd)"
18,Devon County Council,11/05/2026,22093636,643.5,SPECTRUM SENSORY THERAPIES LTD,406310,,Dedicated Schools Grant,A44185,Other professional Services (Schools),R0082006,"DCC Business Entities (Sole Trade, Partnership, Ltd)"
18,Devon County Council,11/05/2026,22094311,"1,649.65",WSP UK LIMITED,85394,905054942,Highways & Infrastructure Development,A44038,Fees,R0572001,"DCC Business Entities (Sole Trade, Partnership, Ltd)"
18,Devon County Council,11/05/2026,22094337,"4,715.98",MARINE & CIVIL SOLUTIONS LIMITED,283395,431868383,Highways & Infrastructure Development,A46100,Main / Term Contractor,R0555002,DCC CIS Suppliers
18,Devon County Council,11/05/2026,22095522,"3,600.00",DENE TERRY TRADING AS SPACE ADAPT LEARN GROW,404230,,Children's Social Care,A61200,Community based care,R0044004,"DCC Business Entities (Sole Trade, Partnership, Ltd)"
18,Devon County Council,11/05/2026,22095902,"12,778.21",WSP UK LIMITED,85394,905054942,Planning,A44038,Fees,R0620002,"DCC Business Entities (Sole Trade, Partnership, Ltd)"
18,Devon County Council,11/05/2026,22095926,605,Daya Mann,602921,699081679,"Chief Exec, Legal & Democratic services",A44968,Legal & Conveyancing Charges,R0276001,"DCC Business Entities (Sole Trade, Partnership, Ltd)"
18,Devon County Council,11/05/2026,22096292,"7,061.14",SEACHANGE DEVON,383955,,P-Ledger - Separate Legal Entity,A47005,"Grants, Contributions & Donations",P0394018,"DCC Business Entities (Sole Trade, Partnership, Ltd)"
18,Devon County Council,11/05/2026,22096316,"6,815.37",QUBE CONSTRUCT LIMITED,402750,931188818,Capital - Children & Schools Expansions,C02009,Works,C0657001,DCC CIS Suppliers
18,Devon County Council,11/05/2026,22096905,962.25,INFOTRACK LIMITED,337300,228530612,"Capital - Planning, Transportation and Environment",C02011,External Professional Fees,C0671003,"DCC Business Entities (Sole Trade, Partnership, Ltd)"
18,Devon County Council,11/05/2026,22096943,962.25,INFOTRACK LIMITED,337300,228530612,"Capital - Planning, Transportation and Environment",C02011,External Professional Fees,C0671003,"DCC Business Entities (Sole Trade, Partnership, Ltd)"
18,Devon County Council,11/05/2026,22097132,"15,810.54",Onestage Specialist Concert Tours,601479,798805657,Inclusion & Learning,A44038,Fees,R0101001,"DCC Business Entities (Sole Trade, Partnership, Ltd)"
18,Devon County Council,12/05/2026,22081724,660,ST STEPHENS PRIMARY SCHOOL,52476,,Dedicated Schools Grant,A53040,Contributions to Educational Estabs (3rd,R0107001,"DCC Business Entities (Sole Trade, Partnership, Ltd)"
18,Devon County Council,12/05/2026,22090046,900,CHRISTOPHER GODFREY CARE OF COLLETON,396748,560758621,"Chief Exec, Legal & Democratic services",A44968,Legal & Conveyancing Charges,R0276001,"DCC Business Entities (Sole Trade, Partnership, Ltd)"
18,Devon County Council,12/05/2026,22091258,"8,969.73",AIDS4DAILYLIVING,139021,143365478,P-Ledger - Separate Legal Entity,A61054,Equipment (Care),P0391002,"DCC Business Entities (Sole Trade, Partnership, Ltd)"
18,Devon County Council,12/05/2026,22091326,513.5,STAMPS BY POST LIMITED,22114,,Transformation & Business Services,A45015,Postages,R0350001,"DCC Business Entities (Sole Trade, Partnership, Ltd)"
18,Devon County Council,12/05/2026,22092287,"4,893.69",THE OUTDOORS GROUP *57*,362971,312604642,Dedicated Schools Grant,A61052,Independent Special School Fees,R0089003,"DCC Business Entities (Sole Trade, Partnership, Ltd)"
18,Devon County Council,12/05/2026,22092301,"6,678.17",THE OUTDOORS GROUP *57*,362971,312604642,Dedicated Schools Grant,A61052,Independent Special School Fees,R0089003,"DCC Business Entities (Sole Trade, Partnership, Ltd)"
18,Devon County Council,12/05/2026,22092302,"4,864.08",THE OUTDOORS GROUP *57*,362971,312604642,Dedicated Schools Grant,A61052,Independent Special School Fees,R0089003,"DCC Business Entities (Sole Trade, Partnership, Ltd)"
18,Devon County Council,12/05/2026,22092304,"6,683.58",THE OUTDOORS GROUP *57*,362971,312604642,Dedicated Schools Grant,A61052,Independent Special School Fees,R0089003,"DCC Business Entities (Sole Trade, Partnership, Ltd)"
18,Devon County Council,12/05/2026,22092305,"4,866.92",THE OUTDOORS GROUP *57*,362971,312604642,Dedicated Schools Grant,A61052,Independent Special School Fees,R0089003,"DCC Business Entities (Sole Trade, Partnership, Ltd)"
18,Devon County Council,12/05/2026,22092308,"4,866.92",THE OUTDOORS GROUP *57*,362971,312604642,Dedicated Schools Grant,A61052,Independent Special School Fees,R0089003,"DCC Business Entities (Sole Trade, Partnership, Ltd)"
18,Devon County Council,12/05/2026,22092314,"6,881.17",THE OUTDOORS GROUP *57*,362971,312604642,Dedicated Schools Grant,A61052,Independent Special School Fees,R0089003,"DCC Business Entities (Sole Trade, Partnership, Ltd)"
18,Devon County Council,12/05/2026,22092316,"6,594.14",THE OUTDOORS GROUP *57*,362971,312604642,Dedicated Schools Grant,A61052,Independent Special School Fees,R0089003,"DCC Business Entities (Sole Trade, Partnership, Ltd)"
18,Devon County Council,12/05/2026,22092320,"3,110.97",THE OUTDOORS GROUP *57*,362971,312604642,Dedicated Schools Grant,A61052,Independent Special School Fees,R0089003,"DCC Business Entities (Sole Trade, Partnership, Ltd)"
18,Devon County Council,12/05/2026,22092321,"6,682.71",THE OUTDOORS GROUP *57*,362971,312604642,Dedicated Schools Grant,A61052,Independent Special School Fees,R0089003,"DCC Business Entities (Sole Trade, Partnership, Ltd)"
18,Devon County Council,12/05/2026,22092324,"4,864.08",THE OUTDOORS GROUP *57*,362971,312604642,Dedicated Schools Grant,A61052,Independent Special School Fees,R0089003,"DCC Business Entities (Sole Trade, Partnership, Ltd)"
18,Devon County Council,12/05/2026,22092327,"4,864.08",THE OUTDOORS GROUP *57*,362971,312604642,Dedicated Schools Grant,A61052,Independent Special School Fees,R0089003,"DCC Business Entities (Sole Trade, Partnership, Ltd)"
18,Devon County Council,12/05/2026,22092334,"4,864.08",THE OUTDOORS GROUP *57*,362971,312604642,Dedicated Schools Grant,A61052,Independent Special School Fees,R0089003,"DCC Business Entities (Sole Trade, Partnership, Ltd)"
18,Devon County Council,12/05/2026,22092337,"4,864.08",THE OUTDOORS GROUP *57*,362971,312604642,Dedicated Schools Grant,A61052,Independent Special School Fees,R0089003,"DCC Business Entities (Sole Trade, Partnership, Ltd)"
18,Devon County Council,12/05/2026,22092340,"4,864.08",THE OUTDOORS GROUP *57*,362971,312604642,Dedicated Schools Grant,A61052,Independent Special School Fees,R0089003,"DCC Business Entities (Sole Trade, Partnership, Ltd)"
18,Devon County Council,12/05/2026,22092341,"6,680.74",THE OUTDOORS GROUP *57*,362971,312604642,Dedicated Schools Grant,A61052,Independent Special School Fees,R0089003,"DCC Business Entities (Sole Trade, Partnership, Ltd)"
18,Devon County Council,12/05/2026,22092347,"4,864.08",THE OUTDOORS GROUP *57*,362971,312604642,Dedicated Schools Grant,A61052,Independent Special School Fees,R0089003,"DCC Business Entities (Sole Trade, Partnership, Ltd)"
18,Devon County Council,12/05/2026,22092363,"4,864.08",THE OUTDOORS GROUP *57*,362971,312604642,Dedicated Schools Grant,A61052,Independent Special School Fees,R0089003,"DCC Business Entities (Sole Trade, Partnership, Ltd)"
18,Devon County Council,12/05/2026,22092366,"4,864.08",THE OUTDOORS GROUP *57*,362971,312604642,Dedicated Schools Grant,A61052,Independent Special School Fees,R0089003,"DCC Business Entities (Sole Trade, Partnership, Ltd)"
18,Devon County Council,12/05/2026,22092368,"5,939.06",THE OUTDOORS GROUP *57*,362971,312604642,Dedicated Schools Grant,A61052,Independent Special School Fees,R0089003,"DCC Business Entities (Sole Trade, Partnership, Ltd)"
18,Devon County Council,12/05/2026,22092369,"4,864.08",THE OUTDOORS GROUP *57*,362971,312604642,Dedicated Schools Grant,A61052,Independent Special School Fees,R0089003,"DCC Business Entities (Sole Trade, Partnership, Ltd)"
18,Devon County Council,12/05/2026,22092377,"6,827.06",THE OUTDOORS GROUP *57*,362971,312604642,Dedicated Schools Grant,A61052,Independent Special School Fees,R0089003,"DCC Business Entities (Sole Trade, Partnership, Ltd)"
18,Devon County Council,12/05/2026,22092382,"4,864.08",THE OUTDOORS GROUP *57*,362971,312604642,Dedicated Schools Grant,A61052,Independent Special School Fees,R0089003,"DCC Business Entities (Sole Trade, Partnership, Ltd)"
18,Devon County Council,12/05/2026,22092385,"5,939.07",THE OUTDOORS GROUP *57*,362971,312604642,Dedicated Schools Grant,A61052,Independent Special School Fees,R0089003,"DCC Business Entities (Sole Trade, Partnership, Ltd)"
18,Devon County Council,12/05/2026,22092392,"4,864.08",THE OUTDOORS GROUP *57*,362971,312604642,Dedicated Schools Grant,A61052,Independent Special School Fees,R0089003,"DCC Business Entities (Sole Trade, Partnership, Ltd)"
18,Devon County Council,12/05/2026,22093569,756,OCEAN HEALTHCARE (TRADING AS TAHER LIMITED),346692,776836374,Children's Social Care,A61200,Community based care,R0044004,"DCC Business Entities (Sole Trade, Partnership, Ltd)"
18,Devon County Council,12/05/2026,22093619,586.29,YOUNG DEVON (IVYBRIDGE),120708,,Children's Social Care,A21010,Gas,R0139002,"DCC Business Entities (Sole Trade, Partnership, Ltd)"
18,Devon County Council,12/05/2026,22093656,"-13,687.06",PHOENIX LEARNING AND CARE LIMITED,88421,480641981,Dedicated Schools Grant,A61052,Independent Special School Fees,R0089003,"DCC Business Entities (Sole Trade, Partnership, Ltd)"
18,Devon County Council,12/05/2026,22093660,"-13,739.40",PHOENIX LEARNING AND CARE LIMITED,88421,480641981,Dedicated Schools Grant,A61052,Independent Special School Fees,R0089003,"DCC Business Entities (Sole Trade, Partnership, Ltd)"
18,Devon County Council,12/05/2026,22096498,"2,580.00",D B S BASIC CHECKS,350747,,People and Culture,A12510,Other Employee Expenses,R0472004,"DCC Business Entities (Sole Trade, Partnership, Ltd)"
18,Devon County Council,12/05/2026,22097101,"32,565.04",WELLINGTON MOTORS LIMITED,371720,666777081,Inclusion & Learning,A40920,Equipment,R0101001,"DCC Business Entities (Sole Trade, Partnership, Ltd)"
18,Devon County Council,12/05/2026,22097196,700,ANDY SMITH,388550,,Communities,A44038,Fees,R0536008,"DCC Business Entities (Sole Trade, Partnership, Ltd)"
18,Devon County Council,12/05/2026,22097204,"6,000.00",DR SHARON MAYER,351898,,P-Ledger - Separate Legal Entity,A61060,Support for Children in Care,P0432008,"DCC Business Entities (Sole Trade, Partnership, Ltd)"
18,Devon County Council,12/05/2026,22097253,"32,403.58",SME HCI LIMITED TRADING AS VIVUP,397379,477991617,People and Culture,A44038,Fees,R0502001,"DCC Business Entities (Sole Trade, Partnership, Ltd)"
18,Devon County Council,12/05/2026,22097255,"1,048.35",SME HCI LIMITED TRADING AS VIVUP,397379,477991617,People and Culture,A44038,Fees,R0502001,"DCC Business Entities (Sole Trade, Partnership, Ltd)"
18,Devon County Council,12/05/2026,22097260,"20,511.00",EAST TEIGNBRIDGE C T A,4863,,"Transport Operations, Environment and Waste",A52010,"Grants to voluntary, community and social enterprise organisations",R0581002,"DCC Business Entities (Sole Trade, Partnership, Ltd)"
18,Devon County Council,12/05/2026,22097264,"20,511.00",OKEHAMPTON & DISTRICT CTG,84651,,"Transport Operations, Environment and Waste",A52010,"Grants to voluntary, community and social enterprise organisations",R0581002,"DCC Business Entities (Sole Trade, Partnership, Ltd)"
18,Devon County Council,12/05/2026,22097266,"53,236.00",NORTH DEVON VOLUNTARY SERVICES LIMITED,222954,,"Transport Operations, Environment and Waste",A52010,"Grants to voluntary, community and social enterprise organisations",R0581002,"DCC Business Entities (Sole Trade, Partnership, Ltd)"
18,Devon County Council,12/05/2026,22097310,"1,985.00",FOOT ANSTEY LLP,243693,143043312,Highways & Infrastructure Development,A44025,Legal Expenses,R0566003,"DCC Business Entities (Sole Trade, Partnership, Ltd)"
18,Devon County Council,12/05/2026,22097463,623.77,LEXIA EDUCATION SERVICES LIMITED,376344,376218677,Dedicated Schools Grant,A44180,Services for Educational Estabs - Devon,R0010004,"DCC Business Entities (Sole Trade, Partnership, Ltd)"
18,Devon County Council,12/05/2026,22097577,"4,034.70",PROACTIS TENDERS LIMITED,320095,893169286,P-Ledger - Separate Legal Entity,A49075,Licences - General,P0400001,"DCC Business Entities (Sole Trade, Partnership, Ltd)"
18,Devon County Council,13/05/2026,22082811,"2,200.97",PROSPERO RECRUITMENT LIMITED,352539,486704947,Dedicated Schools Grant,A44185,Other professional Services (Schools),R0082007,"DCC Business Entities (Sole Trade, Partnership, Ltd)"
18,Devon County Council,13/05/2026,22091972,"18,000.00",DYS SPACE LIMITED,341799,253749579,Communities,A46100,Main / Term Contractor,R0329001,"DCC Business Entities (Sole Trade, Partnership, Ltd)"
18,Devon County Council,13/05/2026,22091978,650,WOOLWELL CENTRE,58349,,Public Health Nursing,A22010,Hire of Rooms,R0019003,"DCC Business Entities (Sole Trade, Partnership, Ltd)"
18,Devon County Council,13/05/2026,22092001,"4,500.00",RUNNING DEER COMMUNITY INTEREST COMPANY,293947,289345260,Dedicated Schools Grant,A44185,Other professional Services (Schools),R0082007,"DCC Business Entities (Sole Trade, Partnership, Ltd)"
18,Devon County Council,13/05/2026,22092042,960,PUBLIC ANALYST SCIENTIFIC SERVICES,292661,887127683,Other PH Services,A44038,Fees,R0548001,"DCC Business Entities (Sole Trade, Partnership, Ltd)"
18,Devon County Council,13/05/2026,22092526,862.33,BIDFOOD,6550,643994692,Inclusion & Learning,A44030,Provisions,R0102001,"DCC Business Entities (Sole Trade, Partnership, Ltd)"
18,Devon County Council,13/05/2026,22092640,"3,500.00",Think Employment Ltd,601806,790209430,"Economy, Enterprise and Skills",A44038,Fees,R0546004,"DCC Business Entities (Sole Trade, Partnership, Ltd)"
18,Devon County Council,13/05/2026,22092652,559.34,C E D A,12641,,Children's Social Care,A61200,Community based care,R0046004,"DCC Business Entities (Sole Trade, Partnership, Ltd)"
18,Devon County Council,13/05/2026,22092655,815.3,C E D A,12641,,Children's Social Care,A61200,Community based care,R0046004,"DCC Business Entities (Sole Trade, Partnership, Ltd)"
18,Devon County Council,13/05/2026,22092659,782.24,C E D A,12641,,Children's Social Care,A61200,Community based care,R0046004,"DCC Business Entities (Sole Trade, Partnership, Ltd)"
18,Devon County Council,13/05/2026,22092704,940.3,C E D A,12641,,Children's Social Care,A61200,Community based care,R0044004,"DCC Business Entities (Sole Trade, Partnership, Ltd)"
18,Devon County Council,13/05/2026,22092738,675.26,ILFRACOMBE TOWN COUNCIL,206679,174579075,Highways & Infrastructure Development,A53012,Payments to Independent Units,R0561003,"DCC Business Entities (Sole Trade, Partnership, Ltd)"
18,Devon County Council,13/05/2026,22092851,"1,750.00",KAARBON TECHNOLOGY LIMITED,345328,154879172,Highways & Infrastructure Development,A47010,Subscriptions,R0561003,"DCC Business Entities (Sole Trade, Partnership, Ltd)"
18,Devon County Council,13/05/2026,22092967,840,DIGITAL PENINSULA NETWORK LIMITED,394926,,"Economy, Enterprise and Skills",A44038,Fees,R0546004,"DCC Business Entities (Sole Trade, Partnership, Ltd)"
18,Devon County Council,13/05/2026,22092972,756,DIGITAL PENINSULA NETWORK LIMITED,394926,,"Economy, Enterprise and Skills",A44038,Fees,R0546004,"DCC Business Entities (Sole Trade, Partnership, Ltd)"
18,Devon County Council,13/05/2026,22093321,"1,678.50",FOOT ANSTEY LLP,243693,143043312,Highways & Infrastructure Development,A89060,Direct Revenue Funding,R0552004,"DCC Business Entities (Sole Trade, Partnership, Ltd)"
18,Devon County Council,13/05/2026,22093476,628.19,Velox Healthcare Ltd,601950,422950016,Children's Social Care,A61200,Community based care,R0044004,"DCC Business Entities (Sole Trade, Partnership, Ltd)"
18,Devon County Council,13/05/2026,22094582,920,Sally Daulton,602355,108715225,"Chief Exec, Legal & Democratic services",A44968,Legal & Conveyancing Charges,R0276001,"DCC Business Entities (Sole Trade, Partnership, Ltd)"
18,Devon County Council,13/05/2026,22094648,"5,322.70",MONICA Y ZAPATA LOPEZ,392518,,Transformation & Business Services,A62000,Supported Accommodation - Child,R0333028,"DCC Business Entities (Sole Trade, Partnership, Ltd)"
18,Devon County Council,13/05/2026,22094993,"1,100.00",SEARLE LAURA,333959,252412732,"Chief Exec, Legal & Democratic services",A44968,Legal & Conveyancing Charges,R0276001,"DCC Business Entities (Sole Trade, Partnership, Ltd)"
18,Devon County Council,13/05/2026,22095020,695,Chestnut Productions,604760,,"Transport Operations, Environment and Waste",A62105,Miscellaneous expenditure,R0639012,"DCC Business Entities (Sole Trade, Partnership, Ltd)"
18,Devon County Council,13/05/2026,22095995,"16,435.50",PROMOTING INDEPENDENT CARE LIMITED,376159,,Children's Social Care,A11005,Agency Supply Staff,R0095010,"DCC Business Entities (Sole Trade, Partnership, Ltd)"
18,Devon County Council,13/05/2026,22096250,"3,379.12",MARINE & CIVIL SOLUTIONS LIMITED,283395,431868383,Highways & Infrastructure Development,A46100,Main / Term Contractor,R0554001,DCC CIS Suppliers
18,Devon County Council,13/05/2026,22096903,"2,375.74",EXETER CITY COUNCIL (FINANCE),4272,142335594,Communities,A52005,Payments to Other Local Authorities,R0530004,"DCC Business Entities (Sole Trade, Partnership, Ltd)"
18,Devon County Council,13/05/2026,22097180,"8,458.65",CAPSTICKS SOLICITORS LLP,351285,340301321,"Capital - Planning, Transportation and Environment",C02011,External Professional Fees,C0671003,"DCC Business Entities (Sole Trade, Partnership, Ltd)"
18,Devon County Council,13/05/2026,22097276,500,THE BEEHIVE,317873,,"Economy, Enterprise and Skills",A22010,Hire of Rooms,R0546008,"DCC Business Entities (Sole Trade, Partnership, Ltd)"
18,Devon County Council,13/05/2026,22097322,"4,297.12",ON TRACK EDUCATION (BURSARY PMTS),286081,478730844,Dedicated Schools Grant,A53035,Other Recoupment Expenditure (3rd),R0111002,"DCC Business Entities (Sole Trade, Partnership, Ltd)"
18,Devon County Council,13/05/2026,22097696,"2,416.80",ASHFORDS LLP,88874,140836186,"Capital - Planning, Transportation and Environment",C01010,Acquisitions - Purchase Cost - Legal Fees,C0671003,"DCC Business Entities (Sole Trade, Partnership, Ltd)"
18,Devon County Council,13/05/2026,22097697,"130,939.00",Walk Wheel Cycle Trust,158300,416740656,Suspense Control Account,A77001,Section 106 Suspense,R0502050,"DCC Business Entities (Sole Trade, Partnership, Ltd)"
18,Devon County Council,13/05/2026,22097721,"3,991.20",ASHFORDS LLP,88874,140836186,"Capital - Planning, Transportation and Environment",C02011,External Professional Fees,C0671003,"DCC Business Entities (Sole Trade, Partnership, Ltd)"
18,Devon County Council,13/05/2026,22097773,"27,500.00",JONATHAN AUBURN,350316,756835489,"Chief Exec, Legal & Democratic services",A44968,Legal & Conveyancing Charges,R0274001,"DCC Business Entities (Sole Trade, Partnership, Ltd)"
18,Devon County Council,13/05/2026,22097779,"2,868.39",HOME OFFICE ACCOUNTING OFFICER,307957,,P-Ledger - Separate Legal Entity,A62105,Miscellaneous expenditure,P0412004,"DCC Business Entities (Sole Trade, Partnership, Ltd)"
18,Devon County Council,13/05/2026,22097821,"4,330.20",ASHFORDS LLP,88874,140836186,"Capital - Planning, Transportation and Environment",C02011,External Professional Fees,C0671003,"DCC Business Entities (Sole Trade, Partnership, Ltd)"
18,Devon County Council,14/05/2026,22075926,"3,040.80",PROSPERO RECRUITMENT LIMITED,352539,486704947,Dedicated Schools Grant,A44185,Other professional Services (Schools),R0082007,"DCC Business Entities (Sole Trade, Partnership, Ltd)"
18,Devon County Council,14/05/2026,22075952,"3,040.80",PROSPERO RECRUITMENT LIMITED,352539,486704947,Dedicated Schools Grant,A44185,Other professional Services (Schools),R0082007,"DCC Business Entities (Sole Trade, Partnership, Ltd)"
18,Devon County Council,14/05/2026,22086477,608.16,PROSPERO RECRUITMENT LIMITED,352539,486704947,Dedicated Schools Grant,A44185,Other professional Services (Schools),R0082007,"DCC Business Entities (Sole Trade, Partnership, Ltd)"
18,Devon County Council,14/05/2026,22086808,"1,389.15",NORSE SOUTH WEST LIMITED,279741,785421021,"Capital - Planning, Transportation and Environment",C02011,External Professional Fees,C0671003,"DCC Business Entities (Sole Trade, Partnership, Ltd)"
18,Devon County Council,14/05/2026,22092061,"6,638.10",LEAF COMPLEX CARE LIMITED,360974,,Children's Social Care,A61200,Community based care,R0044004,"DCC Business Entities (Sole Trade, Partnership, Ltd)"
18,Devon County Council,14/05/2026,22092140,899.59,SWARCO UK & IRELAND LIMITED,13690,568335022,Capital - Highways,C02009,Works,C0671005,DCC CIS Suppliers
18,Devon County Council,14/05/2026,22092446,768,TUTE EDUCATION LIMITED,307284,902188441,Dedicated Schools Grant,A44180,Services for Educational Estabs - Devon,R0010004,"DCC Business Entities (Sole Trade, Partnership, Ltd)"
18,Devon County Council,14/05/2026,22092447,"1,200.00",TUTE EDUCATION LIMITED,307284,902188441,Dedicated Schools Grant,A44180,Services for Educational Estabs - Devon,R0010004,"DCC Business Entities (Sole Trade, Partnership, Ltd)"
18,Devon County Council,14/05/2026,22092555,575,ESSENTIAL 6 LIMITED,219393,941534529,Children's Social Care,A44175,Training/Workshops - Non Staff,R0095007,"DCC Business Entities (Sole Trade, Partnership, Ltd)"
18,Devon County Council,14/05/2026,22092562,"2,950.00",HORWOOD COOMBE INSPIRE LIMITED,315946,481864066,Dedicated Schools Grant,A44185,Other professional Services (Schools),R0082007,"DCC Business Entities (Sole Trade, Partnership, Ltd)"
18,Devon County Council,14/05/2026,22092569,"1,180.00",DEVON TREE SERVICES LIMITED,4838,164412427,"Capital - Planning, Transportation and Environment",C02009,Works,C0671003,"DCC Business Entities (Sole Trade, Partnership, Ltd)"
18,Devon County Council,14/05/2026,22092628,"6,820.02",Enerveo Limited,14967,382894546,Capital - Highways,C02009,Works,C0671005,DCC CIS Suppliers
18,Devon County Council,14/05/2026,22092754,"-2,142.00",Exeter College (Exeter and North Devon Colleges Group),6141,125451632,"Economy, Enterprise and Skills",A44038,Fees,R0546004,"DCC Business Entities (Sole Trade, Partnership, Ltd)"
18,Devon County Council,14/05/2026,22092771,"4,878.98",QUALITY MARKING SERVICES LIMITED,86608,777323994,Highways & Infrastructure Development,A49005,Other Hired & Contracting Services,R0552003,DCC CIS Suppliers
18,Devon County Council,14/05/2026,22092892,"1,018.66",ELIM HOUSING ASSOCIATION,348503,736623916,Communities,A20010,"Property Repairs, Maintenance & Alterations (Reactive)",R0533002,"DCC Business Entities (Sole Trade, Partnership, Ltd)"
18,Devon County Council,14/05/2026,22092903,"1,440.00",BRAIN IN HAND LIMITED,302869,985319969,Operations,A62105,Miscellaneous expenditure,R0225001,"DCC Business Entities (Sole Trade, Partnership, Ltd)"
18,Devon County Council,14/05/2026,22092948,"86,333.26",WSP UK LIMITED,85394,905054942,"Capital - Planning, Transportation and Environment",C02011,External Professional Fees,C0671003,"DCC Business Entities (Sole Trade, Partnership, Ltd)"
18,Devon County Council,14/05/2026,22093057,"4,037.50",EVOLVE PSYCHOTHERAPY,377263,,Dedicated Schools Grant,A44180,Services for Educational Estabs - Devon,R0010004,"DCC Business Entities (Sole Trade, Partnership, Ltd)"
18,Devon County Council,14/05/2026,22093199,"9,431.28",IAE,601728,319060967,Capital - Highways,C02009,Works,C0652001,"DCC Business Entities (Sole Trade, Partnership, Ltd)"
18,Devon County Council,14/05/2026,22094254,"6,559.88",Elmtree Learning Partnership Ltd,601452,494225084,Dedicated Schools Grant,A44185,Other professional Services (Schools),R0082007,"DCC Business Entities (Sole Trade, Partnership, Ltd)"
18,Devon County Council,14/05/2026,22094262,"5,836.70",Royal Deaf Education Trust,8245,478920838,Dedicated Schools Grant,A61052,Independent Special School Fees,R0089003,"DCC Business Entities (Sole Trade, Partnership, Ltd)"
18,Devon County Council,14/05/2026,22094263,649.35,Elmtree Learning Partnership Ltd,601452,494225084,Dedicated Schools Grant,A44185,Other professional Services (Schools),R0082007,"DCC Business Entities (Sole Trade, Partnership, Ltd)"
18,Devon County Council,14/05/2026,22094271,"3,076.72",Elmtree Learning Partnership Ltd,601452,494225084,Dedicated Schools Grant,A44185,Other professional Services (Schools),R0082007,"DCC Business Entities (Sole Trade, Partnership, Ltd)"
18,Devon County Council,14/05/2026,22094273,"2,473.20",Elmtree Learning Partnership Ltd,601452,494225084,Dedicated Schools Grant,A44185,Other professional Services (Schools),R0082007,"DCC Business Entities (Sole Trade, Partnership, Ltd)"
18,Devon County Council,14/05/2026,22095210,"3,277.00",UNIVERSITY OF EXETER-FINANCE OFF,4630,142047795,"Economy, Enterprise and Skills",A44110,Exam Fees,R0542001,"DCC Business Entities (Sole Trade, Partnership, Ltd)"
18,Devon County Council,14/05/2026,22095439,"2,584.99",Berry Therapy Limited,603708,,Dedicated Schools Grant,A44185,Other professional Services (Schools),R0082006,"DCC Business Entities (Sole Trade, Partnership, Ltd)"
18,Devon County Council,14/05/2026,22095964,"2,138.92",STEP ONE CHARITY,384200,787421303,Public Health,A57115,Payments to Private Contractors,R0316084,"DCC Business Entities (Sole Trade, Partnership, Ltd)"
18,Devon County Council,14/05/2026,22097390,790.91,PENNON T/A SOURCE FOR BUSINESS,344710,312629416,Operations,A24005,Water Services,R0240001,"DCC Business Entities (Sole Trade, Partnership, Ltd)"
18,Devon County Council,14/05/2026,22097497,"38,975.43",D W M L HOLDINGS LIMITED,345026,823821047,"Transport Operations, Environment and Waste",A46100,Main / Term Contractor,R0597001,"DCC Business Entities (Sole Trade, Partnership, Ltd)"
18,Devon County Council,14/05/2026,22097599,"4,109.62",WEST DEVON BOROUGH COUNCIL,8280,144823273,Finance & Public Value,A47010,Subscriptions,R0209001,"DCC Business Entities (Sole Trade, Partnership, Ltd)"
18,Devon County Council,14/05/2026,22097754,"1,050.00",MARTIN KENNY,318186,743963602,"Chief Exec, Legal & Democratic services",A44968,Legal & Conveyancing Charges,R0276001,"DCC Business Entities (Sole Trade, Partnership, Ltd)"
18,Devon County Council,14/05/2026,22097984,535,CHARLOTTE ASH,346889,250432834,"Chief Exec, Legal & Democratic services",A44968,Legal & Conveyancing Charges,R0276001,"DCC Business Entities (Sole Trade, Partnership, Ltd)"
18,Devon County Council,14/05/2026,150448386,"28,301.36",M Group Highways Limited,375383,927200546,Capital - Highways,C02051,Term Maintenance Contract,C0671005,"DCC Business Entities (Sole Trade, Partnership, Ltd)"
18,Devon County Council,15/05/2026,22059176,"1,676.00",C E D A,12641,,Children's Social Care,A61200,Community based care,R0046004,"DCC Business Entities (Sole Trade, Partnership, Ltd)"
18,Devon County Council,15/05/2026,22087408,"15,490.58",MARINE & CIVIL SOLUTIONS LIMITED,283395,431868383,Transformation & Business Services,A46100,Main / Term Contractor,R0333004,DCC CIS Suppliers
18,Devon County Council,15/05/2026,22091017,"12,570.98",LIBRARIES UNLIMITED SOUTH WEST,334595,235429115,Communities,A46100,Main / Term Contractor,R0325001,"DCC Business Entities (Sole Trade, Partnership, Ltd)"
18,Devon County Council,15/05/2026,22091018,"30,302.88",LIBRARIES UNLIMITED SOUTH WEST,334595,235429115,Communities,A49045,Books and Publications,R0325001,"DCC Business Entities (Sole Trade, Partnership, Ltd)"
18,Devon County Council,15/05/2026,22091993,"35,066.03",Newton Consulting Limited,603169,435668565,Commissioning,A44065,Consultancy Services,R0218002,"DCC Business Entities (Sole Trade, Partnership, Ltd)"
18,Devon County Council,15/05/2026,22092050,"4,962.89","Department for Science, Innovation and Technology",600669,888825550,"Chief Exec, Legal & Democratic services",A45015,Postages,R0291003,"DCC Business Entities (Sole Trade, Partnership, Ltd)"
18,Devon County Council,15/05/2026,22092826,"1,430.00",WESTPOINT CENTRE (DEVON) LIMITED,6392,585601525,P-Ledger - Separate Legal Entity,A44942,Promotions and Events,P0393021,"DCC Business Entities (Sole Trade, Partnership, Ltd)"
18,Devon County Council,15/05/2026,22093140,"2,465.00",POLES APART AP LIMITED,382940,415121054,Dedicated Schools Grant,A44185,Other professional Services (Schools),R0082007,"DCC Business Entities (Sole Trade, Partnership, Ltd)"
18,Devon County Council,15/05/2026,22093143,"2,610.00",POLES APART AP LIMITED,382940,415121054,Dedicated Schools Grant,A44185,Other professional Services (Schools),R0082007,"DCC Business Entities (Sole Trade, Partnership, Ltd)"
18,Devon County Council,15/05/2026,22093144,"13,888.89",UNICARE DEVON LIMITED,273131,,Commissioning,A44038,Fees,R0217030,"DCC Business Entities (Sole Trade, Partnership, Ltd)"
18,Devon County Council,15/05/2026,22093148,"1,740.00",POLES APART AP LIMITED,382940,415121054,Dedicated Schools Grant,A44185,Other professional Services (Schools),R0082007,"DCC Business Entities (Sole Trade, Partnership, Ltd)"
18,Devon County Council,15/05/2026,22093153,"2,465.00",POLES APART AP LIMITED,382940,415121054,Dedicated Schools Grant,A44185,Other professional Services (Schools),R0082007,"DCC Business Entities (Sole Trade, Partnership, Ltd)"
18,Devon County Council,15/05/2026,22093179,"2,465.00",POLES APART AP LIMITED,382940,415121054,Dedicated Schools Grant,A44180,Services for Educational Estabs - Devon,R0010004,"DCC Business Entities (Sole Trade, Partnership, Ltd)"
18,Devon County Council,15/05/2026,22093411,"4,620.83",BREAKTHROUGH TRANSFORMATION TRUST,248117,480468080,Dedicated Schools Grant,A44185,Other professional Services (Schools),R0082007,"DCC Business Entities (Sole Trade, Partnership, Ltd)"
18,Devon County Council,15/05/2026,22093419,"3,797.92",BREAKTHROUGH TRANSFORMATION TRUST,248117,480468080,Dedicated Schools Grant,A44185,Other professional Services (Schools),R0082007,"DCC Business Entities (Sole Trade, Partnership, Ltd)"
18,Devon County Council,15/05/2026,22093424,"1,200.00",ST SIDWELLS CENTRE,65554,,Communities,A44038,Fees,R0530004,"DCC Business Entities (Sole Trade, Partnership, Ltd)"
18,Devon County Council,15/05/2026,22093575,"6,638.10",LEAF COMPLEX CARE LIMITED,360974,,Children's Social Care,A61200,Community based care,R0044004,"DCC Business Entities (Sole Trade, Partnership, Ltd)"
18,Devon County Council,15/05/2026,22093641,"82,437.32",NORSE SOUTH WEST LIMITED,279741,785421021,Transformation & Business Services,A20030,Service Term Contracts,R0333026,"DCC Business Entities (Sole Trade, Partnership, Ltd)"
18,Devon County Council,15/05/2026,22093644,"8,822.97",SOUTH GLOUCESTERSHIRE COUNCIL,21381,664321152,Public Health,A47010,Subscriptions,R0316044,"DCC Business Entities (Sole Trade, Partnership, Ltd)"
18,Devon County Council,15/05/2026,22093651,595,NORSE SOUTH WEST LIMITED,279741,785421021,Transformation & Business Services,A20010,"Property Repairs, Maintenance & Alterations (Reactive)",R0333026,"DCC Business Entities (Sole Trade, Partnership, Ltd)"
18,Devon County Council,15/05/2026,22097119,"210,229.49",SKINNER CONSTRUCTION LIMITED,19171,141535982,"Capital - Planning, Transportation and Environment",C02009,Works,C0671003,DCC CIS Suppliers
18,Devon County Council,15/05/2026,22097514,"6,200.00",TOTNES INDEPENDENT SCHOOL,320930,481548763,Dedicated Schools Grant,A61052,Independent Special School Fees,R0089003,"DCC Business Entities (Sole Trade, Partnership, Ltd)"
18,Devon County Council,15/05/2026,22098000,"4,473.30",HOME OFFICE ACCOUNTING OFFICER,307957,,P-Ledger - Separate Legal Entity,A62105,Miscellaneous expenditure,P0412004,"DCC Business Entities (Sole Trade, Partnership, Ltd)"
18,Devon County Council,15/05/2026,22098059,"6,806.53",MOUNT KELLY FOUNDATION,288947,237262412,Dedicated Schools Grant,A61052,Independent Special School Fees,R0089003,"DCC Business Entities (Sole Trade, Partnership, Ltd)"
18,Devon County Council,15/05/2026,22098140,"1,330.00",RED SURVEY LIMITED,5251,937169003,Highways & Infrastructure Development,A40005,Equipment & Materials Learning,R0550003,"DCC Business Entities (Sole Trade, Partnership, Ltd)"
18,Devon County Council,15/05/2026,22098169,"1,481.90",TEIGN TREES & LANDSCAPES SOUTH WEST LIMITED,209228,250371238,Highways & Infrastructure Development,A46100,Main / Term Contractor,R0567007,DCC CIS Suppliers
18,Devon County Council,15/05/2026,22098286,"1,590.00",YOUR STORE EXETER LIMITED,327169,156854477,Communities,A22005,Building Rents,R0536002,"DCC Business Entities (Sole Trade, Partnership, Ltd)"
18,Devon County Council,18/05/2026,22086614,"14,754.00",LAND SOLUTIONS (SOUTH WEST) LTD,600521,275755659,Capital - Highways,C02009,Works,C0652001,DCC CIS Suppliers
18,Devon County Council,18/05/2026,22088519,930,HORWOOD COOMBE INSPIRE LIMITED,315946,481864066,Dedicated Schools Grant,A44180,Services for Educational Estabs - Devon,R0010004,"DCC Business Entities (Sole Trade, Partnership, Ltd)"
18,Devon County Council,18/05/2026,22090433,"1,083.33",The Tavistock and Portman NHS Foundation Trust,604113,654945403,Children's Social Care,A44175,Training/Workshops - Non Staff,R0095007,"DCC Business Entities (Sole Trade, Partnership, Ltd)"
18,Devon County Council,18/05/2026,22091625,520,STORMPRESS,122181,321041328,"Economy, Enterprise and Skills",A40920,Equipment,R0542001,"DCC Business Entities (Sole Trade, Partnership, Ltd)"
18,Devon County Council,18/05/2026,22091930,"6,072.01",ASPIRE SOCIAL WORK SERVICES LIMITED,329159,261463708,Children's Social Care,A61200,Community based care,R0044004,"DCC Business Entities (Sole Trade, Partnership, Ltd)"
18,Devon County Council,18/05/2026,22092717,540.36,CREATIVE ENABLING LIMITED,398361,,Children's Social Care,A61200,Community based care,R0046007,"DCC Business Entities (Sole Trade, Partnership, Ltd)"
18,Devon County Council,18/05/2026,22093402,"6,325.02",SWATPRO LIMITED,402796,,"Economy, Enterprise and Skills",A44038,Fees,R0546004,"DCC Business Entities (Sole Trade, Partnership, Ltd)"
18,Devon County Council,18/05/2026,22093405,"3,541.86",SWATPRO LIMITED,402796,,"Economy, Enterprise and Skills",A44038,Fees,R0546004,"DCC Business Entities (Sole Trade, Partnership, Ltd)"
18,Devon County Council,18/05/2026,22093425,"3,950.00",IT Stress Free Ltd,603040,107653618,Commissioning,A44065,Consultancy Services,R0466001,"DCC Business Entities (Sole Trade, Partnership, Ltd)"
18,Devon County Council,18/05/2026,22093432,515,SOUTH WEST COUNCILS,261183,131462795,Finance & Public Value,A16015,Staff Training Expenses - Non Payroll,R0493001,"DCC Business Entities (Sole Trade, Partnership, Ltd)"
18,Devon County Council,18/05/2026,22093435,515,SOUTH WEST COUNCILS,261183,131462795,Finance & Public Value,A16015,Staff Training Expenses - Non Payroll,R0493001,"DCC Business Entities (Sole Trade, Partnership, Ltd)"
18,Devon County Council,18/05/2026,22093443,"4,030.00",CLEAPSS,70458,193604455,People and Culture,A47010,Subscriptions,R0503001,"DCC Business Entities (Sole Trade, Partnership, Ltd)"
18,Devon County Council,18/05/2026,22093445,"6,468.00",WAVE MULTI ACADEMY TRUST,356576,163418709,Dedicated Schools Grant,A44180,Services for Educational Estabs - Devon,R0010013,"DCC Business Entities (Sole Trade, Partnership, Ltd)"
18,Devon County Council,18/05/2026,22093453,"9,450.00",PRIMED TALENT LIMITED,390265,258192384,"Economy, Enterprise and Skills",A44038,Fees,R0546004,"DCC Business Entities (Sole Trade, Partnership, Ltd)"
18,Devon County Council,18/05/2026,22093456,"7,350.00",PRIMED TALENT LIMITED,390265,258192384,"Economy, Enterprise and Skills",A44038,Fees,R0546004,"DCC Business Entities (Sole Trade, Partnership, Ltd)"
18,Devon County Council,18/05/2026,22093472,"1,375.00",BALES FARM OUTDOOR LEARNING LTD,377260,505816692,Dedicated Schools Grant,A44185,Other professional Services (Schools),R0082007,"DCC Business Entities (Sole Trade, Partnership, Ltd)"
18,Devon County Council,18/05/2026,22093486,"1,650.00",BALES FARM OUTDOOR LEARNING LTD,377260,505816692,Dedicated Schools Grant,A44185,Other professional Services (Schools),R0082007,"DCC Business Entities (Sole Trade, Partnership, Ltd)"
18,Devon County Council,18/05/2026,22093490,"1,650.00",BALES FARM OUTDOOR LEARNING LTD,377260,505816692,Dedicated Schools Grant,A44185,Other professional Services (Schools),R0082002,"DCC Business Entities (Sole Trade, Partnership, Ltd)"
18,Devon County Council,18/05/2026,22093495,"2,420.00",BALES FARM OUTDOOR LEARNING LTD,377260,505816692,Dedicated Schools Grant,A44185,Other professional Services (Schools),R0082007,"DCC Business Entities (Sole Trade, Partnership, Ltd)"
18,Devon County Council,18/05/2026,22093785,793.68,PRIORTON VENN LIMITED TRADING AS NORTHFIELD,230676,390267976,Highways & Infrastructure Development,A49005,Other Hired & Contracting Services,R0557016,DCC CIS Suppliers
18,Devon County Council,18/05/2026,22093831,"5,580.00",ELITE BLINDS & TRACKS LIMITED,20594,803490546,Transformation & Business Services,A20010,"Property Repairs, Maintenance & Alterations (Reactive)",R0333026,"DCC Business Entities (Sole Trade, Partnership, Ltd)"
18,Devon County Council,18/05/2026,22094090,940.99,G AND P SERVICES,353029,,"Transport Operations, Environment and Waste",A46100,Main / Term Contractor,R0601001,DCC CIS Suppliers
18,Devon County Council,18/05/2026,22094451,650,PATHFIELD ACTIVITIES CLUB YTH GP,201320,,Children's Social Care,A61200,Community based care,R0046004,"DCC Business Entities (Sole Trade, Partnership, Ltd)"
18,Devon County Council,18/05/2026,22094455,520,PATHFIELD ACTIVITIES CLUB YTH GP,201320,,Children's Social Care,A61200,Community based care,R0046004,"DCC Business Entities (Sole Trade, Partnership, Ltd)"
18,Devon County Council,18/05/2026,22094727,"23,119.70",SUEZ RECYCLING & RECOVERY UK LIMITED,208690,444085847,"Transport Operations, Environment and Waste",A46100,Main / Term Contractor,R0594002,"DCC Business Entities (Sole Trade, Partnership, Ltd)"
18,Devon County Council,18/05/2026,22094899,"1,011.78",North Devon College (Exeter and North Devon Colleges Group),603346,125451632,"Economy, Enterprise and Skills",A44038,Fees,R0546004,"DCC Business Entities (Sole Trade, Partnership, Ltd)"
18,Devon County Council,18/05/2026,22095613,"1,023,230.34",NETWORK RAIL,195364,798650956,"Capital - Planning, Transportation and Environment",C02009,Works,C0671003,"DCC Business Entities (Sole Trade, Partnership, Ltd)"
18,Devon County Council,18/05/2026,22095780,"2,205.00",R&K SYSTEMS,403183,,Inclusion & Learning,A53012,Payments to Independent Units,R0101001,"DCC Business Entities (Sole Trade, Partnership, Ltd)"
18,Devon County Council,18/05/2026,22096480,"1,328.39",TWIL CIVILS SOUTH WEST (Taylor Woodrow Infrastructure Ltd.),396590,321931874,Capital - Highways,C02009,Works,C0671006,DCC CIS Suppliers
18,Devon County Council,18/05/2026,22097673,"5,601.87",M Group Highways Limited,375383,927200546,Capital - Highways,C02011,External Professional Fees,C0671008,"DCC Business Entities (Sole Trade, Partnership, Ltd)"
18,Devon County Council,18/05/2026,22098362,"2,475.00",FAMILY COMPASS,348346,392295664,P-Ledger - Separate Legal Entity,A61060,Support for Children in Care,P0432008,"DCC Business Entities (Sole Trade, Partnership, Ltd)"
18,Devon County Council,18/05/2026,22098510,"2,916.67",TREES & SCENES LIMITED,405385,,Capital - Highways,C02009,Works,C0671008,"DCC Business Entities (Sole Trade, Partnership, Ltd)"
18,Devon County Council,19/05/2026,22040551,"5,788.91",ABOVE AND BEYOND CARE DEVON,404337,,Children's Social Care,A61043,Residential Care U18,R0033006,"DCC Business Entities (Sole Trade, Partnership, Ltd)"
18,Devon County Council,19/05/2026,22093793,"1,248.00",Bee Kind Support Limited,601174,,Children's Social Care,A61200,Community based care,R0044004,"DCC Business Entities (Sole Trade, Partnership, Ltd)"
18,Devon County Council,19/05/2026,22095228,600,NEWSCAN SURVEYS,318673,,Capital - Highways,C02009,Works,C0671004,"DCC Business Entities (Sole Trade, Partnership, Ltd)"
18,Devon County Council,19/05/2026,22098541,"1,040.00",ARMADA SOCIAL WORK SERVICES LIMITED,382784,395853540,"Chief Exec, Legal & Democratic services",A44038,Fees,R0276001,"DCC Business Entities (Sole Trade, Partnership, Ltd)"
18,Devon County Council,19/05/2026,22098704,"2,475.00",ESTEEM TEAM COMMUNITY INTEREST COMPANY,366509,491597739,Dedicated Schools Grant,A44185,Other professional Services (Schools),R0082007,"DCC Business Entities (Sole Trade, Partnership, Ltd)"
18,Devon County Council,19/05/2026,22098827,510,ACCESS COMMUNICATION SERVICES,352622,,"Economy, Enterprise and Skills",A49005,Other Hired & Contracting Services,R0539002,"DCC Business Entities (Sole Trade, Partnership, Ltd)"
18,Devon County Council,19/05/2026,22099037,634.69,CARTER BROWN - THE EXPERT S LIMITED,292905,281653589,"Chief Exec, Legal & Democratic services",A44038,Fees,R0276001,"DCC Business Entities (Sole Trade, Partnership, Ltd)"
18,Devon County Council,19/05/2026,22099155,"441,027.55",TORBAY COUNCIL FINANCE,6411,142208211,Dedicated Schools Grant,A53030,OLA Recoupment Expenditure (3rd),R0111010,"DCC Business Entities (Sole Trade, Partnership, Ltd)"
18,Devon County Council,20/05/2026,22046222,"101,000.45",EASTLEIGH HOUSE,121646,,Operations,A57145,Residential Care - Short Stay,R0234001,"DCC Business Entities (Sole Trade, Partnership, Ltd)"
18,Devon County Council,20/05/2026,22093403,"1,365.00",INSPIRE ALTERNATIVE PROVISION,397827,,Dedicated Schools Grant,A44185,Other professional Services (Schools),R0082007,"DCC Business Entities (Sole Trade, Partnership, Ltd)"
18,Devon County Council,20/05/2026,22093688,500,Emma Wise Therapeutic Support,604054,,P-Ledger - Separate Legal Entity,A61060,Support for Children in Care,P0432008,"DCC Business Entities (Sole Trade, Partnership, Ltd)"
18,Devon County Council,20/05/2026,22093825,"3,689.87",Shoots Training Limited,401745,298151963,"Economy, Enterprise and Skills",A44038,Fees,R0546004,"DCC Business Entities (Sole Trade, Partnership, Ltd)"
18,Devon County Council,20/05/2026,22093826,"4,558.18",Shoots Training Limited,401745,298151963,"Economy, Enterprise and Skills",A44038,Fees,R0546004,"DCC Business Entities (Sole Trade, Partnership, Ltd)"
18,Devon County Council,20/05/2026,22093991,555.82,ACCESS TO COMMUNICATION,368058,,Dedicated Schools Grant,A44185,Other professional Services (Schools),R0082006,"DCC Business Entities (Sole Trade, Partnership, Ltd)"
18,Devon County Council,20/05/2026,22094033,"5,920.83",INSPIRE SOUTH WEST,326670,,Dedicated Schools Grant,A44185,Other professional Services (Schools),R0082007,"DCC Business Entities (Sole Trade, Partnership, Ltd)"
18,Devon County Council,20/05/2026,22094043,"2,314.54",QUALITY MARKING SERVICES LIMITED,86608,777323994,Capital - Highways,C02009,Works,C0652001,DCC CIS Suppliers
18,Devon County Council,20/05/2026,22094156,"1,096.50",HOME-SCHOOL TUTORING & ED SERVCS,311026,,Dedicated Schools Grant,A44185,Other professional Services (Schools),R0082007,"DCC Business Entities (Sole Trade, Partnership, Ltd)"
18,Devon County Council,20/05/2026,22094157,"1,418.00",HOME-SCHOOL TUTORING & ED SERVCS,311026,,Dedicated Schools Grant,A44185,Other professional Services (Schools),R0082007,"DCC Business Entities (Sole Trade, Partnership, Ltd)"
18,Devon County Council,20/05/2026,22094347,"12,000.00",R H ADVERTISING,22134,750461154,"Transport Operations, Environment and Waste",A44005,Publicity/Advertising,R0606003,"DCC Business Entities (Sole Trade, Partnership, Ltd)"
18,Devon County Council,20/05/2026,22094414,"15,697.08",INSPIRE SOUTH WEST,326670,,Dedicated Schools Grant,A44185,Other professional Services (Schools),R0082002,"DCC Business Entities (Sole Trade, Partnership, Ltd)"
18,Devon County Council,20/05/2026,22094424,"7,308.76",INSPIRE SOUTH WEST,326670,,Dedicated Schools Grant,A44185,Other professional Services (Schools),R0082007,"DCC Business Entities (Sole Trade, Partnership, Ltd)"
18,Devon County Council,20/05/2026,22094476,757.5,Velox Healthcare Ltd,601950,422950016,Children's Social Care,A61200,Community based care,R0044004,"DCC Business Entities (Sole Trade, Partnership, Ltd)"
18,Devon County Council,20/05/2026,22095127,"1,871.28",LEXIA EDUCATION SERVICES LIMITED,376344,376218677,Dedicated Schools Grant,A44185,Other professional Services (Schools),R0082007,"DCC Business Entities (Sole Trade, Partnership, Ltd)"
18,Devon County Council,20/05/2026,22096445,519.8,LEXIA EDUCATION SERVICES LIMITED,376344,376218677,Dedicated Schools Grant,A44185,Other professional Services (Schools),R0082007,"DCC Business Entities (Sole Trade, Partnership, Ltd)"
18,Devon County Council,20/05/2026,22096452,"1,403.45",LEXIA EDUCATION SERVICES LIMITED,376344,376218677,Dedicated Schools Grant,A53035,Other Recoupment Expenditure (3rd),R0111002,"DCC Business Entities (Sole Trade, Partnership, Ltd)"
18,Devon County Council,20/05/2026,22096458,675.73,LEXIA EDUCATION SERVICES LIMITED,376344,376218677,Dedicated Schools Grant,A44185,Other professional Services (Schools),R0082007,"DCC Business Entities (Sole Trade, Partnership, Ltd)"
18,Devon County Council,20/05/2026,22096459,"2,339.10",LEXIA EDUCATION SERVICES LIMITED,376344,376218677,Dedicated Schools Grant,A44185,Other professional Services (Schools),R0082007,"DCC Business Entities (Sole Trade, Partnership, Ltd)"
18,Devon County Council,20/05/2026,22096466,"2,183.17",LEXIA EDUCATION SERVICES LIMITED,376344,376218677,Dedicated Schools Grant,A44185,Other professional Services (Schools),R0082007,"DCC Business Entities (Sole Trade, Partnership, Ltd)"
18,Devon County Council,20/05/2026,22096470,623.76,LEXIA EDUCATION SERVICES LIMITED,376344,376218677,Dedicated Schools Grant,A44185,Other professional Services (Schools),R0082007,"DCC Business Entities (Sole Trade, Partnership, Ltd)"
18,Devon County Council,20/05/2026,22096473,"1,455.44",LEXIA EDUCATION SERVICES LIMITED,376344,376218677,Dedicated Schools Grant,A44185,Other professional Services (Schools),R0082007,"DCC Business Entities (Sole Trade, Partnership, Ltd)"
18,Devon County Council,20/05/2026,22096487,"1,117.57",LEXIA EDUCATION SERVICES LIMITED,376344,376218677,Dedicated Schools Grant,A44185,Other professional Services (Schools),R0082007,"DCC Business Entities (Sole Trade, Partnership, Ltd)"
18,Devon County Council,20/05/2026,22096488,"1,623.56",LEXIA EDUCATION SERVICES LIMITED,376344,376218677,Dedicated Schools Grant,A44185,Other professional Services (Schools),R0082007,"DCC Business Entities (Sole Trade, Partnership, Ltd)"
18,Devon County Council,20/05/2026,22096494,"1,377.47",LEXIA EDUCATION SERVICES LIMITED,376344,376218677,Dedicated Schools Grant,A44185,Other professional Services (Schools),R0082007,"DCC Business Entities (Sole Trade, Partnership, Ltd)"
18,Devon County Council,20/05/2026,22096536,623.77,LEXIA EDUCATION SERVICES LIMITED,376344,376218677,Dedicated Schools Grant,A44185,Other professional Services (Schools),R0082007,"DCC Business Entities (Sole Trade, Partnership, Ltd)"
18,Devon County Council,20/05/2026,22096637,"2,225.00",PROMOTING INDEPENDENT CARE LIMITED,376159,,Children's Social Care,A61200,Community based care,R0044004,"DCC Business Entities (Sole Trade, Partnership, Ltd)"
18,Devon County Council,20/05/2026,22096736,935.65,LEXIA EDUCATION SERVICES LIMITED,376344,376218677,Dedicated Schools Grant,A44180,Services for Educational Estabs - Devon,R0010004,"DCC Business Entities (Sole Trade, Partnership, Ltd)"
18,Devon County Council,20/05/2026,22097964,883.23,KENT COUNTY COUNCIL,83992,204269191,Transformation & Business Services,A21010,Gas,R0333026,"DCC Business Entities (Sole Trade, Partnership, Ltd)"
18,Devon County Council,20/05/2026,22097983,"6,617.76",KENT COUNTY COUNCIL,83992,204269191,Transformation & Business Services,A21010,Gas,R0333026,"DCC Business Entities (Sole Trade, Partnership, Ltd)"
18,Devon County Council,20/05/2026,22098202,825,LEXIA EDUCATION SERVICES LIMITED,376344,376218677,Dedicated Schools Grant,A44185,Other professional Services (Schools),R0082007,"DCC Business Entities (Sole Trade, Partnership, Ltd)"
18,Devon County Council,20/05/2026,22098340,"1,584.20",FIRST CARE AMBULANCE LIMITED,98315,238628481,"Chief Exec, Legal & Democratic services",A49005,Other Hired & Contracting Services,R0506002,"DCC Business Entities (Sole Trade, Partnership, Ltd)"
18,Devon County Council,20/05/2026,22098429,"2,882.00",KENNFORD TARMACADAM LIMITED,24534,976391178,Capital - Highways,C02009,Works,C0652001,DCC CIS Suppliers
18,Devon County Council,20/05/2026,22098840,"1,008.00",FAMILY COMPASS,348346,392295664,Children's Social Care,A61060,Support for Children in Care,R0106002,"DCC Business Entities (Sole Trade, Partnership, Ltd)"
18,Devon County Council,20/05/2026,22098869,"527,179.00",PLYMOUTH CITY COUNCIL (RADIUS ACCOUNT,87504,144675845,"Transport Operations, Environment and Waste",A46100,Main / Term Contractor,R0594003,"DCC Business Entities (Sole Trade, Partnership, Ltd)"
18,Devon County Council,20/05/2026,22099137,"59,248.00",NHS ENGLAND & LEADERSHIP ACADEMY,330348,654442045,Operations,A61200,Community based care,R0480073,"DCC Business Entities (Sole Trade, Partnership, Ltd)"
18,Devon County Council,20/05/2026,22099366,"159,361.69",MODERN SCHOOLS (EXETER) LIMITED,176325,838739084,Transformation & Business Services,A47505,PFI Charges,R0360004,"DCC Business Entities (Sole Trade, Partnership, Ltd)"
18,Devon County Council,20/05/2026,22099384,"195,190.66",MODERN SCHOOLS (EXETER) LIMITED,176325,838739084,Transformation & Business Services,A47505,PFI Charges,R0360004,"DCC Business Entities (Sole Trade, Partnership, Ltd)"
18,Devon County Council,20/05/2026,22099474,"1,843.74",FIRST CARE AMBULANCE LIMITED,98315,238628481,"Chief Exec, Legal & Democratic services",A49005,Other Hired & Contracting Services,R0506002,"DCC Business Entities (Sole Trade, Partnership, Ltd)"
18,Devon County Council,21/05/2026,22013314,654.29,LARCHWOOD CARE HOMES (SOUTH) LIMITED,384022,151171250,Operations,A57155,Nursing Care - Long Stay,R0480070,"DCC Business Entities (Sole Trade, Partnership, Ltd)"
18,Devon County Council,21/05/2026,22025019,"8,174.57",KEYS GROUP PROGRESSIVE CARE,344328,,Children's Social Care,A61043,Residential Care U18,R0033004,"DCC Business Entities (Sole Trade, Partnership, Ltd)"
18,Devon County Council,21/05/2026,22083940,"1,100.00",BALES FARM OUTDOOR LEARNING LTD,377260,505816692,Dedicated Schools Grant,A44185,Other professional Services (Schools),R0082007,"DCC Business Entities (Sole Trade, Partnership, Ltd)"
18,Devon County Council,21/05/2026,22093830,999,In2 the Bargain Ltd.,604693,512948974,Finance & Public Value,A47010,Subscriptions,R0213001,"DCC Business Entities (Sole Trade, Partnership, Ltd)"
18,Devon County Council,21/05/2026,22093968,"5,408.33",ACORN CARE & EDUCATION LIMITED,333557,902188441,Dedicated Schools Grant,A61052,Independent Special School Fees,R0089003,"DCC Business Entities (Sole Trade, Partnership, Ltd)"
18,Devon County Council,21/05/2026,22093980,"14,972.27",Enerveo Limited,14967,382894546,"Capital - Planning, Transportation and Environment",C02009,Works,C0671003,DCC CIS Suppliers
18,Devon County Council,21/05/2026,22094007,"5,793.80",ACORN CARE & EDUCATION LIMITED,333557,902188441,Dedicated Schools Grant,A61052,Independent Special School Fees,R0089003,"DCC Business Entities (Sole Trade, Partnership, Ltd)"
18,Devon County Council,21/05/2026,22094012,599.2,BLAZE CONCEPTS LIMITED,361469,214035065,Finance & Public Value,A44318,Design and Technical Services DNP,R0202001,"DCC Business Entities (Sole Trade, Partnership, Ltd)"
18,Devon County Council,21/05/2026,22094277,"1,600.00",INSPIRE SOUTH WEST,326670,,Dedicated Schools Grant,A44185,Other professional Services (Schools),R0082007,"DCC Business Entities (Sole Trade, Partnership, Ltd)"
18,Devon County Council,21/05/2026,22094279,800,COASTAL GARDEN SERVICES,370116,350630332,"Capital - Planning, Transportation and Environment",C02009,Works,C0671012,"DCC Business Entities (Sole Trade, Partnership, Ltd)"
18,Devon County Council,21/05/2026,22094291,"1,250.00",INSPIRE SOUTH WEST,326670,,Dedicated Schools Grant,A44185,Other professional Services (Schools),R0082007,"DCC Business Entities (Sole Trade, Partnership, Ltd)"
18,Devon County Council,21/05/2026,22094293,"6,600.00",INSPIRE SOUTH WEST,326670,,Dedicated Schools Grant,A44185,Other professional Services (Schools),R0082007,"DCC Business Entities (Sole Trade, Partnership, Ltd)"
18,Devon County Council,21/05/2026,22095527,"2,814.00",SOUTH WEST AUTISM SUPPORT SERVICES,289073,271046426,Dedicated Schools Grant,A44185,Other professional Services (Schools),R0082007,"DCC Business Entities (Sole Trade, Partnership, Ltd)"
18,Devon County Council,21/05/2026,22095629,"452,198.90",TARMAC TRADING LIMITED,200725,532367943,Capital - Highways,C02009,Works,C0652001,"DCC Business Entities (Sole Trade, Partnership, Ltd)"
18,Devon County Council,21/05/2026,22096344,"1,594.49",361 ENERGY,292101,492367853,"Transport Operations, Environment and Waste",A44038,Fees,R0615001,"DCC Business Entities (Sole Trade, Partnership, Ltd)"
18,Devon County Council,21/05/2026,22096649,"43,241.25",ROYAL DEVON UNIVERSITY HEALTHCAR,21280,654938887,"Chief Exec, Legal & Democratic services",A44086,Mortuary Facilities,R0506002,"DCC Business Entities (Sole Trade, Partnership, Ltd)"
18,Devon County Council,21/05/2026,22097121,901,INVOLVE CARE SOLUTIONS LIMITED,402831,,Children's Social Care,A61200,Community based care,R0044007,"DCC Business Entities (Sole Trade, Partnership, Ltd)"
18,Devon County Council,21/05/2026,22097982,705.96,BITEPRO LIMITED,604194,259348664,Children's Social Care,A45015,Postages,R0015001,"DCC Business Entities (Sole Trade, Partnership, Ltd)"
18,Devon County Council,21/05/2026,22098142,-593.2,KENT COUNTY COUNCIL,83992,204269191,Operations,A21010,Gas,R0253002,"DCC Business Entities (Sole Trade, Partnership, Ltd)"
18,Devon County Council,21/05/2026,22098312,723.97,MARINE & CIVIL SOLUTIONS LIMITED,283395,431868383,Capital - Highways,C02009,Works,C0671004,DCC CIS Suppliers
18,Devon County Council,21/05/2026,22098486,"5,482.70",CAPSTICKS SOLICITORS LLP,351285,340301321,"Capital - Planning, Transportation and Environment",C02011,External Professional Fees,C0671003,"DCC Business Entities (Sole Trade, Partnership, Ltd)"
18,Devon County Council,21/05/2026,22098874,561,ACADEMY21 LIMITED,337165,112432760,Dedicated Schools Grant,A44185,Other professional Services (Schools),R0082007,"DCC Business Entities (Sole Trade, Partnership, Ltd)"
18,Devon County Council,21/05/2026,22098904,"70,691.66",ULTIM8 CONSTRUCTION LIMITED,276694,998206374,Capital - Highways,C02009,Works,C0671004,"DCC Business Entities (Sole Trade, Partnership, Ltd)"
18,Devon County Council,21/05/2026,22099564,"24,000.00",MIME HEURISTICS COMMUNITY INTEREST COMPANY,397303,,Capital - SEND Schools,C06001,Capital Grants paid to other third parties (Not WGA/VCSE),C0660001,"DCC Business Entities (Sole Trade, Partnership, Ltd)"
18,Devon County Council,21/05/2026,22099603,500,PROSPERO RECRUITMENT LIMITED,352539,486704947,Dedicated Schools Grant,A44185,Other professional Services (Schools),R0082007,"DCC Business Entities (Sole Trade, Partnership, Ltd)"
18,Devon County Council,21/05/2026,22099655,500,ASHFORDS CLIENT ACCOUNT (NOT LLP),330606,844502439,"Capital - Planning, Transportation and Environment",C01010,Acquisitions - Purchase Cost - Legal Fees,C0671003,"DCC Business Entities (Sole Trade, Partnership, Ltd)"
18,Devon County Council,21/05/2026,22099736,682,FOREDOWNE KENNELS & CATTERY,92508,744978772,Mental Health,A49105,Other Supplies & Services,R0256001,"DCC Business Entities (Sole Trade, Partnership, Ltd)"
18,Devon County Council,21/05/2026,22100006,"5,310.72",LATCHAM DIRECT,298309,942185912,Finance & Public Value,A43010,Printing,R0493001,"DCC Business Entities (Sole Trade, Partnership, Ltd)"
18,Devon County Council,22/05/2026,22085138,847,K S FENCING,340683,503049234,Capital - Highways,C02009,Works,C0652001,DCC CIS Suppliers
18,Devon County Council,22/05/2026,22085583,"5,515.00",HATCHPLAN LIMITED,4698,730071086,"Capital - Planning, Transportation and Environment",C02009,Works,C0671009,DCC CIS Suppliers
18,Devon County Council,22/05/2026,22085619,"5,467.50",HATCHPLAN LIMITED,4698,730071086,"Capital - Planning, Transportation and Environment",C02009,Works,C0671009,DCC CIS Suppliers
18,Devon County Council,22/05/2026,22089309,"1,040.00",MOOR TO LIFE E & W COMMUNITY INTEREST COMPANY,393010,,Dedicated Schools Grant,A44185,Other professional Services (Schools),R0082007,"DCC Business Entities (Sole Trade, Partnership, Ltd)"
18,Devon County Council,22/05/2026,22090783,750,NEXT STEPS TRAINING COMMUNITY INTEREST COMPANY,392107,444102632,Highways & Infrastructure Development,A44038,Fees,R0551001,"DCC Business Entities (Sole Trade, Partnership, Ltd)"
18,Devon County Council,22/05/2026,22091921,"10,462.71",INFOCUS CHARITY,5243,271614806,Dedicated Schools Grant,A61052,Independent Special School Fees,R0089003,"DCC Business Entities (Sole Trade, Partnership, Ltd)"
18,Devon County Council,22/05/2026,22093822,"1,680.00",PUBLIC ANALYST SCIENTIFIC SERVICES,292661,887127683,Other PH Services,A44038,Fees,R0548001,"DCC Business Entities (Sole Trade, Partnership, Ltd)"
18,Devon County Council,22/05/2026,22094533,780,TAW & TORRIDGE TREE SERVICES LIMITED,287620,183599752,Capital - Highways,C02009,Works,C0671004,DCC CIS Suppliers
18,Devon County Council,22/05/2026,22094583,980,CHARTERED TRADING STANDARDS INSTITUTE,20816,795862660,Other PH Services,A16015,Staff Training Expenses - Non Payroll,R0548001,"DCC Business Entities (Sole Trade, Partnership, Ltd)"
18,Devon County Council,22/05/2026,22094617,"1,248.00",EXETER RUGBY CLUB LTD,34972,918551313,Dedicated Schools Grant,A44185,Other professional Services (Schools),R0082007,"DCC Business Entities (Sole Trade, Partnership, Ltd)"
18,Devon County Council,22/05/2026,22094631,961.44,NORSE SOUTH WEST LIMITED,279741,785421021,Transformation & Business Services,A44038,Fees,R0333028,"DCC Business Entities (Sole Trade, Partnership, Ltd)"
18,Devon County Council,22/05/2026,22094647,681.58,NORSE SOUTH WEST LIMITED,279741,785421021,Transformation & Business Services,A44038,Fees,R0333026,"DCC Business Entities (Sole Trade, Partnership, Ltd)"
18,Devon County Council,22/05/2026,22094829,520,FELICITY TYSON,400899,,P-Ledger - Separate Legal Entity,A61060,Support for Children in Care,P0432008,"DCC Business Entities (Sole Trade, Partnership, Ltd)"
18,Devon County Council,22/05/2026,22094868,500,ROOTS AND BLOOMS,398675,,Children's Social Care,A61060,Support for Children in Care,R0106002,"DCC Business Entities (Sole Trade, Partnership, Ltd)"
18,Devon County Council,22/05/2026,22094875,700,ACTION FIRST ASSESMENT LIMITED,388434,313339624,Operations,A44038,Fees,R0222002,"DCC Business Entities (Sole Trade, Partnership, Ltd)"
18,Devon County Council,22/05/2026,22094896,647.9,Amy Wallace,600296,,Dedicated Schools Grant,A44185,Other professional Services (Schools),R0082006,"DCC Business Entities (Sole Trade, Partnership, Ltd)"
18,Devon County Council,22/05/2026,22094974,"1,670.93",NORSE SOUTH WEST LIMITED,279741,785421021,Transformation & Business Services,A25010,Fire Extinguishers,R0333026,"DCC Business Entities (Sole Trade, Partnership, Ltd)"
18,Devon County Council,22/05/2026,22095065,"21,359.30",Enerveo Limited,14967,382894546,Highways & Infrastructure Development,A46100,Main / Term Contractor,R0567007,DCC CIS Suppliers
18,Devon County Council,22/05/2026,22095072,"36,840.50",Enerveo Limited,14967,382894546,Highways & Infrastructure Development,A46100,Main / Term Contractor,R0567004,DCC CIS Suppliers
18,Devon County Council,22/05/2026,22095371,"1,248.21",NORSE SOUTH WEST LIMITED,279741,785421021,Capital other - Digital Technology & Business Services,C02011,External Professional Fees,C0651001,"DCC Business Entities (Sole Trade, Partnership, Ltd)"
18,Devon County Council,22/05/2026,22095375,566.5,SME HCI LTD T/A VIVUP (CYCLE SCHEME),397607,869578054,People and Culture,A49105,Other Supplies & Services,R0502001,"DCC Business Entities (Sole Trade, Partnership, Ltd)"
18,Devon County Council,22/05/2026,22096088,641.87,CANSFORD LABORATORIES LIMITED,321040,104878015,"Chief Exec, Legal & Democratic services",A44038,Fees,R0276001,"DCC Business Entities (Sole Trade, Partnership, Ltd)"
18,Devon County Council,22/05/2026,22096105,720,IDENTIFY WEB DESIGN LIMITED,405601,201822161,"Economy, Enterprise and Skills",A45049,WEBSITE,R0539003,"DCC Business Entities (Sole Trade, Partnership, Ltd)"
18,Devon County Council,22/05/2026,22098322,760.16,KENT COUNTY COUNCIL,83992,204269191,Other PH Services,A21005,Electricity,R0548001,"DCC Business Entities (Sole Trade, Partnership, Ltd)"
18,Devon County Council,22/05/2026,22098325,"1,390.48",KENT COUNTY COUNCIL,83992,204269191,Transformation & Business Services,A21005,Electricity,R0333026,"DCC Business Entities (Sole Trade, Partnership, Ltd)"
18,Devon County Council,22/05/2026,22098359,"176,111.01",M Group Highways Limited,375383,927200546,"Capital - Planning, Transportation and Environment",C02009,Works,C0654001,"DCC Business Entities (Sole Trade, Partnership, Ltd)"
18,Devon County Council,22/05/2026,22098699,571.88,KENT COUNTY COUNCIL,83992,204269191,Operations,A21005,Electricity,R0253002,"DCC Business Entities (Sole Trade, Partnership, Ltd)"
18,Devon County Council,22/05/2026,22098779,"2,588.79",KENT COUNTY COUNCIL,83992,204269191,Transformation & Business Services,A21005,Electricity,R0333026,"DCC Business Entities (Sole Trade, Partnership, Ltd)"
18,Devon County Council,22/05/2026,22098792,"1,655.15",KENT COUNTY COUNCIL,83992,204269191,Highways & Infrastructure Development,A21005,Electricity,R0557033,"DCC Business Entities (Sole Trade, Partnership, Ltd)"
18,Devon County Council,22/05/2026,22098802,630.16,KENT COUNTY COUNCIL,83992,204269191,"Economy, Enterprise and Skills",A21005,Electricity,R0539001,"DCC Business Entities (Sole Trade, Partnership, Ltd)"
18,Devon County Council,22/05/2026,22099028,"7,811.23",BELL GROUP LIMITED,320709,469453353,Capital other - Digital Technology & Business Services,C02009,Works,C0651001,DCC CIS Suppliers
18,Devon County Council,22/05/2026,22099345,512,PLYMPTON ACADEMY,276869,,Dedicated Schools Grant,A53040,Contributions to Educational Estabs (3rd,R0107001,"DCC Business Entities (Sole Trade, Partnership, Ltd)"
18,Devon County Council,22/05/2026,22099364,660,WESTCOUNTRY SCHOOLS TRUST,350477,121495628,Dedicated Schools Grant,A53040,Contributions to Educational Estabs (3rd,R0107001,"DCC Business Entities (Sole Trade, Partnership, Ltd)"
18,Devon County Council,22/05/2026,22099365,660,CORNWALL EDUCATION LEARNING TRUST,363774,,Dedicated Schools Grant,A53040,Contributions to Educational Estabs (3rd,R0107001,"DCC Business Entities (Sole Trade, Partnership, Ltd)"
18,Devon County Council,22/05/2026,22099368,660,KERNOW LEARNING MULTI ACADEMY TRUST,366330,,Dedicated Schools Grant,A53040,Contributions to Educational Estabs (3rd,R0107001,"DCC Business Entities (Sole Trade, Partnership, Ltd)"
18,Devon County Council,22/05/2026,22100116,"1,905.45",EXPERIAN LIMITED,170364,887133593,Operations,A44038,Fees,R0219002,"DCC Business Entities (Sole Trade, Partnership, Ltd)"
18,Devon County Council,22/05/2026,150451487,"1,955.01",M Group Highways Limited,375383,927200546,Capital - Highways,C02051,Term Maintenance Contract,C0671007,"DCC Business Entities (Sole Trade, Partnership, Ltd)"
18,Devon County Council,22/05/2026,150451502,"3,708.84",M Group Highways Limited,375383,927200546,Highways & Infrastructure Development,A46100,Main / Term Contractor,R0562002,"DCC Business Entities (Sole Trade, Partnership, Ltd)"
18,Devon County Council,22/05/2026,150451509,"-1,651.37",M Group Highways Limited,375383,927200546,Capital - Highways,C02051,Term Maintenance Contract,C0671007,"DCC Business Entities (Sole Trade, Partnership, Ltd)"
18,Devon County Council,22/05/2026,150451510,-723.91,M Group Highways Limited,375383,927200546,Capital - Highways,C02051,Term Maintenance Contract,C0671007,"DCC Business Entities (Sole Trade, Partnership, Ltd)"
18,Devon County Council,26/05/2026,22080838,"7,204.31",TORRIDGE DISTRICT COUNCIL,4707,144666062,Transformation & Business Services,A23005,Rates,R0333004,"DCC Business Entities (Sole Trade, Partnership, Ltd)"
18,Devon County Council,26/05/2026,22090324,"47,379.06",WAYTHROUGH,394680,413208832,Public Health,A57115,Payments to Private Contractors,R0316047,"DCC Business Entities (Sole Trade, Partnership, Ltd)"
18,Devon County Council,26/05/2026,22093559,"6,896.80",RESOURCE FUTURES LIMITED,203252,879559738,"Transport Operations, Environment and Waste",A46100,Main / Term Contractor,R0606004,"DCC Business Entities (Sole Trade, Partnership, Ltd)"
18,Devon County Council,26/05/2026,22094047,"2,205.00",SOUTHWEST INTERVENTION SERVICES,333291,440830321,Dedicated Schools Grant,A44185,Other professional Services (Schools),R0082007,"DCC Business Entities (Sole Trade, Partnership, Ltd)"
18,Devon County Council,26/05/2026,22094486,"1,732.50",SIMPLY GREAT MEDIA,367788,479704936,Dedicated Schools Grant,A44185,Other professional Services (Schools),R0082007,"DCC Business Entities (Sole Trade, Partnership, Ltd)"
18,Devon County Council,26/05/2026,22094499,"1,732.50",SIMPLY GREAT MEDIA,367788,479704936,Dedicated Schools Grant,A44185,Other professional Services (Schools),R0082007,"DCC Business Entities (Sole Trade, Partnership, Ltd)"
18,Devon County Council,26/05/2026,22094523,"217,423.10",ROYAL DEVON UNIVERSITY HEALTHCAR,21280,654938887,P-Ledger - Separate Legal Entity,A53005,Payments to Health Authorities,P0391002,"DCC Business Entities (Sole Trade, Partnership, Ltd)"
18,Devon County Council,26/05/2026,22094532,"16,750.83",ROYAL DEVON UNIVERSITY HEALTHCAR,21280,654938887,P-Ledger - Separate Legal Entity,A53005,Payments to Health Authorities,P0391002,"DCC Business Entities (Sole Trade, Partnership, Ltd)"
18,Devon County Council,26/05/2026,22094534,"1,488.00",THE HOPE FARM PROJECT LIMITED,373268,495114678,Dedicated Schools Grant,A44185,Other professional Services (Schools),R0082007,"DCC Business Entities (Sole Trade, Partnership, Ltd)"
18,Devon County Council,26/05/2026,22094603,634,K F BARTLETT LIMITED (EXETER),84133,140849075,Children's Social Care,A41905,Catering,R0015001,"DCC Business Entities (Sole Trade, Partnership, Ltd)"
18,Devon County Council,26/05/2026,22094723,"3,040.80",PROSPERO RECRUITMENT LIMITED,352539,486704947,Dedicated Schools Grant,A44185,Other professional Services (Schools),R0082007,"DCC Business Entities (Sole Trade, Partnership, Ltd)"
18,Devon County Council,26/05/2026,22094732,685,G P M COUNTRYSIDE SERVICES LIMITED,360051,992035314,Highways & Infrastructure Development,A49005,Other Hired & Contracting Services,R0557021,DCC CIS Suppliers
18,Devon County Council,26/05/2026,22094739,"3,109.09",RUNNING DEER COMMUNITY INTEREST COMPANY,293947,289345260,Dedicated Schools Grant,A44185,Other professional Services (Schools),R0082007,"DCC Business Entities (Sole Trade, Partnership, Ltd)"
18,Devon County Council,26/05/2026,22094744,786.78,BE YOUR BEST MENTORING LIMITED,385179,426486966,Dedicated Schools Grant,A44185,Other professional Services (Schools),R0082007,"DCC Business Entities (Sole Trade, Partnership, Ltd)"
18,Devon County Council,26/05/2026,22094752,"1,152.39",HELENXP LIMITED,404409,,Children's Social Care,A44065,Consultancy Services,R0129001,"DCC Business Entities (Sole Trade, Partnership, Ltd)"
18,Devon County Council,26/05/2026,22094773,"1,620.00",LIVE TO LEARN EDUCATION LIMITED,380514,444356785,Dedicated Schools Grant,A44185,Other professional Services (Schools),R0082007,"DCC Business Entities (Sole Trade, Partnership, Ltd)"
18,Devon County Council,26/05/2026,22094783,697.37,INSTARMAC GROUP PLC,302188,295973982,Highways & Infrastructure Development,A40070,Stock Materials,R0554004,"DCC Business Entities (Sole Trade, Partnership, Ltd)"
18,Devon County Council,26/05/2026,22094787,720,LIVE TO LEARN EDUCATION LIMITED,380514,444356785,Dedicated Schools Grant,A44185,Other professional Services (Schools),R0082007,"DCC Business Entities (Sole Trade, Partnership, Ltd)"
18,Devon County Council,26/05/2026,22094830,"3,060.00",COMMUNITY SUPPORT TEAM COMMUNITY INTEREST COMPANY,302088,,Dedicated Schools Grant,A44185,Other professional Services (Schools),R0082007,"DCC Business Entities (Sole Trade, Partnership, Ltd)"
18,Devon County Council,26/05/2026,22094845,610.45,LYRECO UK LIMITED,71846,927265703,Children's Social Care,A40005,Equipment & Materials Learning,R0040002,"DCC Business Entities (Sole Trade, Partnership, Ltd)"
18,Devon County Council,26/05/2026,22094919,520,CHIPSIDE LIMITED,280928,812080569,Highways & Infrastructure Development,A45045,IT Software Maintenance,R0556001,"DCC Business Entities (Sole Trade, Partnership, Ltd)"
18,Devon County Council,26/05/2026,22094971,"2,772.67",NORSE SOUTH WEST LIMITED,279741,785421021,Transformation & Business Services,A46100,Main / Term Contractor,R0334004,"DCC Business Entities (Sole Trade, Partnership, Ltd)"
18,Devon County Council,26/05/2026,22095026,"2,470.40",NORSE SOUTH WEST LIMITED,279741,785421021,Highways & Infrastructure Development,A89060,Direct Revenue Funding,R0552004,"DCC Business Entities (Sole Trade, Partnership, Ltd)"
18,Devon County Council,26/05/2026,22095035,"1,916.52",SME HCI LIMITED TRADING AS VIVUP,397379,477991617,People and Culture,A44038,Fees,R0502001,"DCC Business Entities (Sole Trade, Partnership, Ltd)"
18,Devon County Council,26/05/2026,22095056,"1,600.00",FAMILY ADVICE SUPPORT TEAM,315005,320154260,Children's Social Care,A61200,Community based care,R0046004,"DCC Business Entities (Sole Trade, Partnership, Ltd)"
18,Devon County Council,26/05/2026,22095096,"1,500.00",ESTEEM TEAM COMMUNITY INTEREST COMPANY,366509,491597739,Dedicated Schools Grant,A44185,Other professional Services (Schools),R0082007,"DCC Business Entities (Sole Trade, Partnership, Ltd)"
18,Devon County Council,26/05/2026,22095107,"1,550.00",ESTEEM TEAM COMMUNITY INTEREST COMPANY,366509,491597739,Dedicated Schools Grant,A44185,Other professional Services (Schools),R0082007,"DCC Business Entities (Sole Trade, Partnership, Ltd)"
18,Devon County Council,26/05/2026,22095112,"16,127.59",SOUTH WEST COMPOSTING LIMITED,376077,129952481,"Transport Operations, Environment and Waste",A46100,Main / Term Contractor,R0597004,"DCC Business Entities (Sole Trade, Partnership, Ltd)"
18,Devon County Council,26/05/2026,22095118,"1,500.00",ESTEEM TEAM COMMUNITY INTEREST COMPANY,366509,491597739,Dedicated Schools Grant,A44185,Other professional Services (Schools),R0082007,"DCC Business Entities (Sole Trade, Partnership, Ltd)"
18,Devon County Council,26/05/2026,22095119,"1,650.00",ESTEEM TEAM COMMUNITY INTEREST COMPANY,366509,491597739,Dedicated Schools Grant,A44185,Other professional Services (Schools),R0082007,"DCC Business Entities (Sole Trade, Partnership, Ltd)"
18,Devon County Council,26/05/2026,22095121,"1,320.00",ESTEEM TEAM COMMUNITY INTEREST COMPANY,366509,491597739,Dedicated Schools Grant,A44185,Other professional Services (Schools),R0082007,"DCC Business Entities (Sole Trade, Partnership, Ltd)"
18,Devon County Council,26/05/2026,22095143,"1,700.00",S C C,161520,313651680,Transformation & Business Services,A45005,IT Hardware,R0505006,"DCC Business Entities (Sole Trade, Partnership, Ltd)"
18,Devon County Council,26/05/2026,22095147,733.34,S C C,161520,313651680,"Chief Exec, Legal & Democratic services",A45005,IT Hardware,R0281001,"DCC Business Entities (Sole Trade, Partnership, Ltd)"
18,Devon County Council,26/05/2026,22095191,"4,032.00",3t Training Services Ltd,601802,579834868,"Economy, Enterprise and Skills",A44038,Fees,R0546004,"DCC Business Entities (Sole Trade, Partnership, Ltd)"
18,Devon County Council,26/05/2026,22095198,"9,026.79",NORSE SOUTH WEST LIMITED,279741,785421021,Transformation & Business Services,A46100,Main / Term Contractor,R0334006,"DCC Business Entities (Sole Trade, Partnership, Ltd)"
18,Devon County Council,26/05/2026,22095215,"1,784.64",NORSE SOUTH WEST LIMITED,279741,785421021,Capital - Highways,C02011,External Professional Fees,C0671008,"DCC Business Entities (Sole Trade, Partnership, Ltd)"
18,Devon County Council,26/05/2026,22095222,897,DEVON PATHWAYS LTD,383486,392542678,Dedicated Schools Grant,A44185,Other professional Services (Schools),R0082007,"DCC Business Entities (Sole Trade, Partnership, Ltd)"
18,Devon County Council,26/05/2026,22095223,"1,950.00",UX2 LIMITED,388014,235329022,Dedicated Schools Grant,A44185,Other professional Services (Schools),R0082007,"DCC Business Entities (Sole Trade, Partnership, Ltd)"
18,Devon County Council,26/05/2026,22095231,897,DEVON PATHWAYS LTD,383486,392542678,Dedicated Schools Grant,A44180,Services for Educational Estabs - Devon,R0010004,"DCC Business Entities (Sole Trade, Partnership, Ltd)"
18,Devon County Council,26/05/2026,22095239,"1,758.00",DEVON PATHWAYS LTD,383486,392542678,Dedicated Schools Grant,A44185,Other professional Services (Schools),R0082007,"DCC Business Entities (Sole Trade, Partnership, Ltd)"
18,Devon County Council,26/05/2026,22095243,"25,481.92",NORSE SOUTH WEST LIMITED,279741,785421021,Transformation & Business Services,A46100,Main / Term Contractor,R0334005,"DCC Business Entities (Sole Trade, Partnership, Ltd)"
18,Devon County Council,26/05/2026,22095251,"1,500.00",UX2 LIMITED,388014,235329022,Dedicated Schools Grant,A44185,Other professional Services (Schools),R0082007,"DCC Business Entities (Sole Trade, Partnership, Ltd)"
18,Devon County Council,26/05/2026,22095260,"2,360.34",BE YOUR BEST MENTORING LIMITED,385179,426486966,Dedicated Schools Grant,A44185,Other professional Services (Schools),R0082007,"DCC Business Entities (Sole Trade, Partnership, Ltd)"
18,Devon County Council,26/05/2026,22095285,741.6,TUBERS ACADEMY LIMITED,348033,300702466,Dedicated Schools Grant,A44185,Other professional Services (Schools),R0082007,"DCC Business Entities (Sole Trade, Partnership, Ltd)"
18,Devon County Council,26/05/2026,22095293,"2,595.60",TUBERS ACADEMY LIMITED,348033,300702466,Dedicated Schools Grant,A44185,Other professional Services (Schools),R0082007,"DCC Business Entities (Sole Trade, Partnership, Ltd)"
18,Devon County Council,26/05/2026,22095299,927,TUBERS ACADEMY LIMITED,348033,300702466,Dedicated Schools Grant,A44185,Other professional Services (Schools),R0082007,"DCC Business Entities (Sole Trade, Partnership, Ltd)"
18,Devon County Council,26/05/2026,22095365,598,DEVON PATHWAYS LTD,383486,392542678,Dedicated Schools Grant,A44180,Services for Educational Estabs - Devon,R0010003,"DCC Business Entities (Sole Trade, Partnership, Ltd)"
18,Devon County Council,26/05/2026,22095392,"1,188.00",NORSE SOUTH WEST LIMITED,279741,785421021,P-Ledger - Separate Legal Entity,A44137,Operating Leases,P0416001,"DCC Business Entities (Sole Trade, Partnership, Ltd)"
18,Devon County Council,26/05/2026,22095395,"21,672.35",NORSE SOUTH WEST LIMITED,279741,785421021,"Transport Operations, Environment and Waste",A44038,Fees,R0611004,"DCC Business Entities (Sole Trade, Partnership, Ltd)"
18,Devon County Council,26/05/2026,22095423,600,NAWDO,18412,,"Transport Operations, Environment and Waste",A47010,Subscriptions,R0603001,"DCC Business Entities (Sole Trade, Partnership, Ltd)"
18,Devon County Council,26/05/2026,22095450,"2,152.00",INSPIRE INTERVENTIONS LIMITED,359039,,Children's Social Care,A61200,Community based care,R0046004,"DCC Business Entities (Sole Trade, Partnership, Ltd)"
18,Devon County Council,26/05/2026,22095451,"1,345.00",INSPIRE INTERVENTIONS LIMITED,359039,,Dedicated Schools Grant,A44180,Services for Educational Estabs - Devon,R0010004,"DCC Business Entities (Sole Trade, Partnership, Ltd)"
18,Devon County Council,26/05/2026,22095488,750,Charlotte Haley,603009,,Dedicated Schools Grant,A44185,Other professional Services (Schools),R0082007,"DCC Business Entities (Sole Trade, Partnership, Ltd)"
18,Devon County Council,26/05/2026,22095536,705,SAGE OCCUPATIONAL THERAPY SERVICE LIMITED,404779,,Dedicated Schools Grant,A44185,Other professional Services (Schools),R0082002,"DCC Business Entities (Sole Trade, Partnership, Ltd)"
18,Devon County Council,26/05/2026,22095625,697.37,INSTARMAC GROUP PLC,302188,295973982,Highways & Infrastructure Development,A40070,Stock Materials,R0554004,"DCC Business Entities (Sole Trade, Partnership, Ltd)"
18,Devon County Council,26/05/2026,22095641,500,THE BEEHIVE,317873,,"Economy, Enterprise and Skills",A22010,Hire of Rooms,R0546008,"DCC Business Entities (Sole Trade, Partnership, Ltd)"
18,Devon County Council,26/05/2026,22095691,"3,571.82",PEAKE (GB) LIMITED,19787,557739394,"Transport Operations, Environment and Waste",A46100,Main / Term Contractor,R0596002,"DCC Business Entities (Sole Trade, Partnership, Ltd)"
18,Devon County Council,26/05/2026,22095727,"9,064.76",AIDS4DAILYLIVING,139021,143365478,P-Ledger - Separate Legal Entity,A61054,Equipment (Care),P0391002,"DCC Business Entities (Sole Trade, Partnership, Ltd)"
18,Devon County Council,26/05/2026,22095730,"1,200.00",Afghanistan Sociological Association CIC,604752,,Communities,A52010,"Grants to voluntary, community and social enterprise organisations",R0530012,"DCC Business Entities (Sole Trade, Partnership, Ltd)"
18,Devon County Council,26/05/2026,22095904,"7,064.05",HATCHPLAN LIMITED,4698,730071086,Capital other - Digital Technology & Business Services,C02009,Works,C0647001,DCC CIS Suppliers
18,Devon County Council,26/05/2026,22095922,"29,767.08",WHITE HORSE CONTRACTORS LIMITED,402378,316040056,"Capital - Planning, Transportation and Environment",C02009,Works,C0671003,DCC CIS Suppliers
18,Devon County Council,26/05/2026,22095980,556.35,OPTIMA LOW VISION SERVICES LIMITED,73979,750438145,Operations,A40920,Equipment,R0242004,"DCC Business Entities (Sole Trade, Partnership, Ltd)"
18,Devon County Council,26/05/2026,22095987,"2,500.00",YOUNG SOUNDS UK,400990,,Inclusion & Learning,A44038,Fees,R0101001,"DCC Business Entities (Sole Trade, Partnership, Ltd)"
18,Devon County Council,26/05/2026,22096041,"10,997.56",PHOENIX BAY SCHOOL,382090,477769321,Dedicated Schools Grant,A61052,Independent Special School Fees,R0089003,"DCC Business Entities (Sole Trade, Partnership, Ltd)"
18,Devon County Council,26/05/2026,22096104,576.94,NORSE SOUTH WEST LIMITED,279741,785421021,"Economy, Enterprise and Skills",A46100,Main / Term Contractor,R0540001,"DCC Business Entities (Sole Trade, Partnership, Ltd)"
18,Devon County Council,26/05/2026,22096107,625,CHANGING TUNES,405425,,Children's Social Care,A44038,Fees,R0015003,"DCC Business Entities (Sole Trade, Partnership, Ltd)"
18,Devon County Council,26/05/2026,22096477,"25,604.76",UK REMEDIATION LIMITED,388325,973768657,"Transport Operations, Environment and Waste",A46100,Main / Term Contractor,R0597005,DCC CIS Suppliers
18,Devon County Council,26/05/2026,22096709,"2,573.80",SOUTHWEST INTERVENTION SERVICES,333291,440830321,Dedicated Schools Grant,A44185,Other professional Services (Schools),R0082007,"DCC Business Entities (Sole Trade, Partnership, Ltd)"
18,Devon County Council,26/05/2026,22096716,"1,892.50",SOUTHWEST INTERVENTION SERVICES,333291,440830321,Dedicated Schools Grant,A44185,Other professional Services (Schools),R0082007,"DCC Business Entities (Sole Trade, Partnership, Ltd)"
18,Devon County Council,26/05/2026,22096722,"1,665.40",SOUTHWEST INTERVENTION SERVICES,333291,440830321,Dedicated Schools Grant,A44185,Other professional Services (Schools),R0082007,"DCC Business Entities (Sole Trade, Partnership, Ltd)"
18,Devon County Council,26/05/2026,22096730,"2,081.75",SOUTHWEST INTERVENTION SERVICES,333291,440830321,Children's Social Care,A61200,Community based care,R0044004,"DCC Business Entities (Sole Trade, Partnership, Ltd)"
18,Devon County Council,26/05/2026,22096835,"3,578.70",LATCHAM DIRECT,298309,942185912,Finance & Public Value,A43010,Printing,R0493001,"DCC Business Entities (Sole Trade, Partnership, Ltd)"
18,Devon County Council,26/05/2026,22096882,"1,345.00",ESTEEM TEAM COMMUNITY INTEREST COMPANY,366509,491597739,Dedicated Schools Grant,A44185,Other professional Services (Schools),R0082007,"DCC Business Entities (Sole Trade, Partnership, Ltd)"
18,Devon County Council,26/05/2026,22097109,"2,388.35",AYRE CONTRACTORS & PLANT HIRE,209433,996310885,Highways & Infrastructure Development,A49005,Other Hired & Contracting Services,R0552006,DCC CIS Suppliers
18,Devon County Council,26/05/2026,22097120,"6,618.84",HORWOOD COOMBE INSPIRE LIMITED,315946,481864066,Dedicated Schools Grant,A61052,Independent Special School Fees,R0089003,"DCC Business Entities (Sole Trade, Partnership, Ltd)"
18,Devon County Council,26/05/2026,22097127,"1,965.00",A C S TESTING LIMITED,232744,423818846,Highways & Infrastructure Development,A44038,Fees,R0550008,"DCC Business Entities (Sole Trade, Partnership, Ltd)"
18,Devon County Council,26/05/2026,22097130,"2,161.50",A C S TESTING LIMITED,232744,423818846,Highways & Infrastructure Development,A44038,Fees,R0550008,"DCC Business Entities (Sole Trade, Partnership, Ltd)"
18,Devon County Council,26/05/2026,22097197,"150,129.83",NORSE SOUTH WEST LIMITED,279741,785421021,Capital - Schools Maintenance & Improvements,C02011,External Professional Fees,C0658001,"DCC Business Entities (Sole Trade, Partnership, Ltd)"
18,Devon County Council,26/05/2026,22097382,"1,088.75",C E D A,12641,,Children's Social Care,A61200,Community based care,R0046004,"DCC Business Entities (Sole Trade, Partnership, Ltd)"
18,Devon County Council,26/05/2026,22097434,653.25,C E D A,12641,,Children's Social Care,A61200,Community based care,R0044004,"DCC Business Entities (Sole Trade, Partnership, Ltd)"
18,Devon County Council,26/05/2026,22097462,"5,500.00",LIBRARIES UNLIMITED SOUTH WEST,334595,235429115,"Economy, Enterprise and Skills",A22010,Hire of Rooms,R0539003,"DCC Business Entities (Sole Trade, Partnership, Ltd)"
18,Devon County Council,26/05/2026,22097507,"11,583.34",The Tavistock and Portman NHS Foundation Trust,604113,654945403,Children's Social Care,A44175,Training/Workshops - Non Staff,R0095007,"DCC Business Entities (Sole Trade, Partnership, Ltd)"
18,Devon County Council,26/05/2026,22097553,603.7,INFOTRACK LIMITED,337300,228530612,Transformation & Business Services,A44968,Legal & Conveyancing Charges,R0334004,"DCC Business Entities (Sole Trade, Partnership, Ltd)"
18,Devon County Council,26/05/2026,22097602,756,OCEAN HEALTHCARE (TRADING AS TAHER LIMITED),346692,776836374,Children's Social Care,A61200,Community based care,R0044004,"DCC Business Entities (Sole Trade, Partnership, Ltd)"
18,Devon County Council,26/05/2026,22097737,687.5,BALES FARM OUTDOOR LEARNING LTD,377260,505816692,Dedicated Schools Grant,A44185,Other professional Services (Schools),R0082007,"DCC Business Entities (Sole Trade, Partnership, Ltd)"
18,Devon County Council,26/05/2026,22097888,955.5,SOUTHWEST INTERVENTION SERVICES,333291,440830321,Children's Social Care,A61200,Community based care,R0044004,"DCC Business Entities (Sole Trade, Partnership, Ltd)"
18,Devon County Council,26/05/2026,22098530,"2,301.50",WEIGHTMANS LLP,220105,974825769,"Chief Exec, Legal & Democratic services",A44060,Court Fees,R0276001,"DCC Business Entities (Sole Trade, Partnership, Ltd)"
18,Devon County Council,26/05/2026,22098720,"1,650.00",ESTEEM TEAM COMMUNITY INTEREST COMPANY,366509,491597739,Dedicated Schools Grant,A44185,Other professional Services (Schools),R0082007,"DCC Business Entities (Sole Trade, Partnership, Ltd)"
18,Devon County Council,26/05/2026,22098884,"5,326.36",MARINE & CIVIL SOLUTIONS LIMITED,283395,431868383,Highways & Infrastructure Development,A46100,Main / Term Contractor,R0555002,DCC CIS Suppliers
18,Devon County Council,26/05/2026,22099234,"13,695.00",PEOPLE PLACES LIVES LIMITED - FEES,393507,221000691,Children's Social Care,A89665,Administration Expenses,R0046003,"DCC Business Entities (Sole Trade, Partnership, Ltd)"
18,Devon County Council,26/05/2026,22099239,"6,664.13",JAS CARS LIMITED,114237,730168358,"Transport Operations, Environment and Waste",A30010,Vehicles Repairs,R0584003,"DCC Business Entities (Sole Trade, Partnership, Ltd)"
18,Devon County Council,26/05/2026,22099250,"4,462.33",THE LIBRA SCHOOL,136211,478671242,Dedicated Schools Grant,A61052,Independent Special School Fees,R0089003,"DCC Business Entities (Sole Trade, Partnership, Ltd)"
18,Devon County Council,26/05/2026,22099251,"2,677.42",THE LIBRA SCHOOL,136211,478671242,Dedicated Schools Grant,A61052,Independent Special School Fees,R0089003,"DCC Business Entities (Sole Trade, Partnership, Ltd)"
18,Devon County Council,26/05/2026,22099297,"35,347.69",COVY LIMITED/ TRADING AS GARAGE SERVICES,390598,429102322,"Transport Operations, Environment and Waste",A30010,Vehicles Repairs,R0584003,"DCC Business Entities (Sole Trade, Partnership, Ltd)"
18,Devon County Council,26/05/2026,22099554,"14,776.52",D W M L HOLDINGS LIMITED,345026,823821047,"Transport Operations, Environment and Waste",A46100,Main / Term Contractor,R0597002,"DCC Business Entities (Sole Trade, Partnership, Ltd)"
18,Devon County Council,26/05/2026,22099562,"2,865.00",South West Therapy Ltd,604043,,P-Ledger - Separate Legal Entity,A61060,Support for Children in Care,P0432008,"DCC Business Entities (Sole Trade, Partnership, Ltd)"
18,Devon County Council,26/05/2026,22099714,"15,592.26",KENT COUNTY COUNCIL,83992,204269191,Transformation & Business Services,A21005,Electricity,R0333026,"DCC Business Entities (Sole Trade, Partnership, Ltd)"
18,Devon County Council,26/05/2026,22100308,918,BLUE SCREEN IT TRADING AS BIT GROUP,228948,855461116,"Economy, Enterprise and Skills",A44038,Fees,R0546004,"DCC Business Entities (Sole Trade, Partnership, Ltd)"
18,Devon County Council,26/05/2026,22100315,918,BLUE SCREEN IT TRADING AS BIT GROUP,228948,855461116,"Economy, Enterprise and Skills",A44038,Fees,R0546004,"DCC Business Entities (Sole Trade, Partnership, Ltd)"
18,Devon County Council,26/05/2026,22100406,"1,000.00",CRAFT FESTIVAL,386718,,Communities,A52010,"Grants to voluntary, community and social enterprise organisations",R0534006,"DCC Business Entities (Sole Trade, Partnership, Ltd)"
18,Devon County Council,26/05/2026,22100553,"255,622.70",THE LIBRA SCHOOL,136211,478671242,Dedicated Schools Grant,A61052,Independent Special School Fees,R0089003,"DCC Business Entities (Sole Trade, Partnership, Ltd)"
18,Devon County Council,26/05/2026,22100602,"6,120.00",Helios Fire & Construction Consultancy Ltd,600357,358986622,Capital - Children & Schools Expansions,C02011,External Professional Fees,C0657001,"DCC Business Entities (Sole Trade, Partnership, Ltd)"
18,Devon County Council,27/05/2026,22096098,630,LEXIA EDUCATION SERVICES LIMITED,376344,376218677,Dedicated Schools Grant,A44185,Other professional Services (Schools),R0082007,"DCC Business Entities (Sole Trade, Partnership, Ltd)"
18,Devon County Council,27/05/2026,22097192,"11,696.00",PROMOTING INDEPENDENT CARE LIMITED,376159,,Children's Social Care,A11005,Agency Supply Staff,R0095010,"DCC Business Entities (Sole Trade, Partnership, Ltd)"
18,Devon County Council,27/05/2026,22097193,"1,568.25",PROMOTING INDEPENDENT CARE LIMITED,376159,,Children's Social Care,A11005,Agency Supply Staff,R0095005,"DCC Business Entities (Sole Trade, Partnership, Ltd)"
18,Devon County Council,27/05/2026,22097201,"4,097.00",PROMOTING INDEPENDENT CARE LIMITED,376159,,Children's Social Care,A11005,Agency Supply Staff,R0095006,"DCC Business Entities (Sole Trade, Partnership, Ltd)"
18,Devon County Council,27/05/2026,22099486,"2,100.00",SEARLE LAURA,333959,252412732,"Chief Exec, Legal & Democratic services",A44968,Legal & Conveyancing Charges,R0276001,"DCC Business Entities (Sole Trade, Partnership, Ltd)"
18,Devon County Council,27/05/2026,22099921,"29,820.09",TWIL CIVILS SOUTH WEST (Taylor Woodrow Infrastructure Ltd.),396590,321931874,Capital - Highways,C02009,Works,C0652001,DCC CIS Suppliers
18,Devon County Council,27/05/2026,22100144,500,Teignmouth folk festival,604999,,Communities,A52010,"Grants to voluntary, community and social enterprise organisations",R0534006,"DCC Business Entities (Sole Trade, Partnership, Ltd)"
18,Devon County Council,27/05/2026,22100303,"5,666.02",DR CHARLES ANTWI,338645,,Operations,A44038,Fees,R0222002,"DCC Business Entities (Sole Trade, Partnership, Ltd)"
18,Devon County Council,27/05/2026,22100304,939.03,ENVIRONMENT AGENCY,184941,662490134,"Transport Operations, Environment and Waste",A44038,Fees,R0601001,"DCC Business Entities (Sole Trade, Partnership, Ltd)"
18,Devon County Council,27/05/2026,22100882,"2,300.00",ROYAL MAIL GROUP LIMITED,5702,243170002,Finance & Public Value,A45015,Postages,R0493001,"DCC Business Entities (Sole Trade, Partnership, Ltd)"
18,Devon County Council,28/05/2026,22057436,"1,178.22",SIAN BAYNES,360146,,Dedicated Schools Grant,A52010,"Grants to voluntary, community and social enterprise organisations",R0001009,"DCC Business Entities (Sole Trade, Partnership, Ltd)"
18,Devon County Council,28/05/2026,22063709,"1,132.00",NOSNOM,236271,,Operations,A57140,Residential Care - Long Stay,R0228028,"DCC Business Entities (Sole Trade, Partnership, Ltd)"
18,Devon County Council,28/05/2026,22068691,"1,178.57",SPRINGFIELD BATH LIMITED,381519,,Operations,A57140,Residential Care - Long Stay,R0480086,"DCC Business Entities (Sole Trade, Partnership, Ltd)"
18,Devon County Council,28/05/2026,22083711,"1,314.28",WELLINGTON CARE (SOMERSET) LIMITED,108916,,Operations,A57140,Residential Care - Long Stay,R0480070,"DCC Business Entities (Sole Trade, Partnership, Ltd)"
18,Devon County Council,28/05/2026,22084977,"1,008.00",DIGITAL PENINSULA NETWORK LIMITED,394926,,"Economy, Enterprise and Skills",A44038,Fees,R0546004,"DCC Business Entities (Sole Trade, Partnership, Ltd)"
18,Devon County Council,28/05/2026,22090477,"6,586.45",YOUNG FOUNDATION LIMITED,275809,,Children's Social Care,A61043,Residential Care U18,R0033004,"DCC Business Entities (Sole Trade, Partnership, Ltd)"
18,Devon County Council,28/05/2026,22091877,587.92,JTF Transport Services Limited,602003,503316828,"Transport Operations, Environment and Waste",A30010,Vehicles Repairs,R0584003,"DCC Business Entities (Sole Trade, Partnership, Ltd)"
18,Devon County Council,28/05/2026,22095646,"5,030.00",G P M COUNTRYSIDE SERVICES LIMITED,360051,992035314,Capital - Highways,C02011,External Professional Fees,C0652001,DCC CIS Suppliers
18,Devon County Council,28/05/2026,22095919,"3,170.22",PROSPERO RECRUITMENT LIMITED,352539,486704947,Dedicated Schools Grant,A44185,Other professional Services (Schools),R0082007,"DCC Business Entities (Sole Trade, Partnership, Ltd)"
18,Devon County Council,28/05/2026,22096068,"11,789.74",QUALITY MARKING SERVICES LIMITED,86608,777323994,Highways & Infrastructure Development,A49005,Other Hired & Contracting Services,R0552003,DCC CIS Suppliers
18,Devon County Council,28/05/2026,22096089,"3,167.73",STANBURY RURAL SERVICES LIMITED,359092,306191623,Highways & Infrastructure Development,A49005,Other Hired & Contracting Services,R0557014,DCC CIS Suppliers
18,Devon County Council,28/05/2026,22096108,"2,142.00",SOUTH DEVON COLLEGE,23677,585836291,"Economy, Enterprise and Skills",A44038,Fees,R0546004,"DCC Business Entities (Sole Trade, Partnership, Ltd)"
18,Devon County Council,28/05/2026,22096799,"2,950.00",STANTEC UK LIMITED,157161,492004075,"Capital - Planning, Transportation and Environment",C02009,Works,C0654001,"DCC Business Entities (Sole Trade, Partnership, Ltd)"
18,Devon County Council,28/05/2026,22097825,"7,202.44",I J Cannings & Son Limited,14467,192803203,Children's Social Care,A20010,"Property Repairs, Maintenance & Alterations (Reactive)",R0095003,DCC CIS Suppliers
18,Devon County Council,28/05/2026,22098120,"1,328.21",NORSE SOUTH WEST LIMITED,279741,785421021,Capital other - Digital Technology & Business Services,C02011,External Professional Fees,C0651001,"DCC Business Entities (Sole Trade, Partnership, Ltd)"
18,Devon County Council,28/05/2026,22100325,"1,938.30",DR N G RYLEY,396753,,"Chief Exec, Legal & Democratic services",A44038,Fees,R0506002,"DCC Business Entities (Sole Trade, Partnership, Ltd)"
18,Devon County Council,28/05/2026,22100423,"3,477.08",CORMAC CONTRACTING LIMITED,364276,247160514,Capital - Highways,C02009,Works,C0652001,"DCC Business Entities (Sole Trade, Partnership, Ltd)"
18,Devon County Council,28/05/2026,22100540,764.42,EXETER CITY COUNCIL (FINANCE),4272,142335594,"Transport Operations, Environment and Waste",A57115,Payments to Private Contractors,R0610001,"DCC Business Entities (Sole Trade, Partnership, Ltd)"
18,Devon County Council,28/05/2026,22100684,"1,375.00",BALES FARM OUTDOOR LEARNING LTD,377260,505816692,Dedicated Schools Grant,A44185,Other professional Services (Schools),R0082007,"DCC Business Entities (Sole Trade, Partnership, Ltd)"
18,Devon County Council,28/05/2026,22100777,"7,452.00",GROUP WEST LIMITED,373689,944751012,"Capital - Planning, Transportation and Environment",C02011,External Professional Fees,C0671003,"DCC Business Entities (Sole Trade, Partnership, Ltd)"
18,Devon County Council,28/05/2026,22100845,500,F N D FRIENDS,384017,,Communities,A52010,"Grants to voluntary, community and social enterprise organisations",R0535002,"DCC Business Entities (Sole Trade, Partnership, Ltd)"
18,Devon County Council,28/05/2026,22100846,500,WELLBEING WORKSHOPS DEVON COMMUNITY INTEREST COMPANY,393492,,Communities,A52010,"Grants to voluntary, community and social enterprise organisations",R0535002,"DCC Business Entities (Sole Trade, Partnership, Ltd)"
18,Devon County Council,28/05/2026,22100849,600,DEVON BUSINESS & EDUCATION CENTRE,373451,229513703,Communities,A52010,"Grants to voluntary, community and social enterprise organisations",R0535002,"DCC Business Entities (Sole Trade, Partnership, Ltd)"
18,Devon County Council,28/05/2026,22100956,950,THE DADS NETWORK,318606,,Communities,A52010,"Grants to voluntary, community and social enterprise organisations",R0535002,"DCC Business Entities (Sole Trade, Partnership, Ltd)"
18,Devon County Council,28/05/2026,22100963,980,CHUDLEIGH COMMUNITY PROJECT,34468,,Communities,A52010,"Grants to voluntary, community and social enterprise organisations",R0535002,"DCC Business Entities (Sole Trade, Partnership, Ltd)"
18,Devon County Council,28/05/2026,22100965,"1,000.00",Exeter and Cullompton FC CIC,603497,,Communities,A52010,"Grants to voluntary, community and social enterprise organisations",R0535002,"DCC Business Entities (Sole Trade, Partnership, Ltd)"
18,Devon County Council,28/05/2026,22100973,"1,000.00",Wildhearts Services CIC,602264,,Communities,A52010,"Grants to voluntary, community and social enterprise organisations",R0535002,"DCC Business Entities (Sole Trade, Partnership, Ltd)"
18,Devon County Council,28/05/2026,22100980,"1,000.00",GLENORCHY JOB CAFE,381459,,Communities,A52010,"Grants to voluntary, community and social enterprise organisations",R0535002,"DCC Business Entities (Sole Trade, Partnership, Ltd)"
18,Devon County Council,28/05/2026,22100981,"1,000.00",Tiverton Vineyard Church,602677,,Communities,A52010,"Grants to voluntary, community and social enterprise organisations",R0535002,"DCC Business Entities (Sole Trade, Partnership, Ltd)"
18,Devon County Council,28/05/2026,22100988,"2,169.00",Accora Ltd,601241,823532447,Operations,A62105,Miscellaneous expenditure,R0250001,"DCC Business Entities (Sole Trade, Partnership, Ltd)"
18,Devon County Council,28/05/2026,22101023,"1,000.00",AMBITIOUS PR LIMITED,376669,166062415,Finance & Public Value,A44065,Consultancy Services,R0202001,"DCC Business Entities (Sole Trade, Partnership, Ltd)"
18,Devon County Council,28/05/2026,22101038,"3,930.86",PENNON T/A SOURCE FOR BUSINESS,344710,312629416,Operations,A24005,Water Services,R0269001,"DCC Business Entities (Sole Trade, Partnership, Ltd)"
18,Devon County Council,28/05/2026,22101130,"3,999.00",HEMMING GROUP LIMITED,401789,342023408,People and Culture,A46050,Conference Expenses,R0504002,"DCC Business Entities (Sole Trade, Partnership, Ltd)"
18,Devon County Council,28/05/2026,150468303,"43,585.03",M Group Highways Limited,375383,927200546,Highways & Infrastructure Development,A46100,Main / Term Contractor,R0553004,"DCC Business Entities (Sole Trade, Partnership, Ltd)"
18,Devon County Council,28/05/2026,150468305,"5,907.66",M Group Highways Limited,375383,927200546,Highways & Infrastructure Development,A46100,Main / Term Contractor,R0552003,"DCC Business Entities (Sole Trade, Partnership, Ltd)"
18,Devon County Council,28/05/2026,150468310,"1,745.00",M Group Highways Limited,375383,927200546,Capital - Highways,C02051,Term Maintenance Contract,C0671007,"DCC Business Entities (Sole Trade, Partnership, Ltd)"
18,Devon County Council,29/05/2026,22094788,552,LIVE TO LEARN EDUCATION LIMITED,380514,444356785,Dedicated Schools Grant,A44185,Other professional Services (Schools),R0082002,"DCC Business Entities (Sole Trade, Partnership, Ltd)"
18,Devon County Council,29/05/2026,22095713,"1,334.80",DEVON PATHWAYS LTD,383486,392542678,Dedicated Schools Grant,A44185,Other professional Services (Schools),R0082007,"DCC Business Entities (Sole Trade, Partnership, Ltd)"
18,Devon County Council,29/05/2026,22096103,"8,353.66",SPORTS CLUBHOUSES,370863,171688381,"Capital - Planning, Transportation and Environment",C02011,External Professional Fees,C0671003,"DCC Business Entities (Sole Trade, Partnership, Ltd)"
18,Devon County Council,29/05/2026,22096244,"9,129.90",CITY COLLEGE PLYMOUTH,13507,591390916,"Economy, Enterprise and Skills",A44038,Fees,R0546004,"DCC Business Entities (Sole Trade, Partnership, Ltd)"
18,Devon County Council,29/05/2026,22096328,"4,275.00",EXETER RUGBY CLUB LTD,34972,918551313,Dedicated Schools Grant,A44185,Other professional Services (Schools),R0082007,"DCC Business Entities (Sole Trade, Partnership, Ltd)"
18,Devon County Council,29/05/2026,22096378,760.2,PROSPERO RECRUITMENT LIMITED,352539,486704947,Dedicated Schools Grant,A44185,Other professional Services (Schools),R0082007,"DCC Business Entities (Sole Trade, Partnership, Ltd)"
18,Devon County Council,29/05/2026,22096385,506.8,PROSPERO RECRUITMENT LIMITED,352539,486704947,Dedicated Schools Grant,A44185,Other professional Services (Schools),R0082007,"DCC Business Entities (Sole Trade, Partnership, Ltd)"
18,Devon County Council,29/05/2026,22096448,648,SOUTH MOLTON TOWN COUNCIL,4560,144441781,Public Health Nursing,A22010,Hire of Rooms,R0019005,"DCC Business Entities (Sole Trade, Partnership, Ltd)"
18,Devon County Council,29/05/2026,22096518,"915,318.58",FIRST GREATER WESTERN LIMITED,109038,876305701,TRAMS Suspense,A32505,Hired Transport Recharges - FPP,R0549011,"DCC Business Entities (Sole Trade, Partnership, Ltd)"
18,Devon County Council,29/05/2026,22096714,947.33,TEAM EDUCATE LIMITED BACS,374563,336808777,Dedicated Schools Grant,A49006,Bought in Professnl Servs-Curric,R0107001,"DCC Business Entities (Sole Trade, Partnership, Ltd)"
18,Devon County Council,29/05/2026,22096852,521.69,THE OUTDOORS COMPANY *40*,273964,927915785,Inclusion & Learning,A43010,Printing,R0101001,"DCC Business Entities (Sole Trade, Partnership, Ltd)"
18,Devon County Council,29/05/2026,22097481,"1,651.08",SOUTH HAMS DISTRICT COUNCIL,8255,142204125,Transformation & Business Services,A45015,Postages,R0337004,"DCC Business Entities (Sole Trade, Partnership, Ltd)"
18,Devon County Council,29/05/2026,22098534,"1,300.00",James Rees KBG,602817,676185890,"Chief Exec, Legal & Democratic services",A44968,Legal & Conveyancing Charges,R0276001,"DCC Business Entities (Sole Trade, Partnership, Ltd)"
18,Devon County Council,29/05/2026,22098825,"24,079.64",SANDS SCHOOL,53993,479775905,Dedicated Schools Grant,A61052,Independent Special School Fees,R0089003,"DCC Business Entities (Sole Trade, Partnership, Ltd)"
18,Devon County Council,29/05/2026,22098828,980.56,COMPANY FILM SOLUTIONS LIMITED,315124,160729215,P-Ledger - Separate Legal Entity,A44005,Publicity/Advertising,P0432003,"DCC Business Entities (Sole Trade, Partnership, Ltd)"
18,Devon County Council,29/05/2026,22100265,"24,317.50",CAMBIAN CHILDCARE LIMITED,299178,190023541,Dedicated Schools Grant,A61052,Independent Special School Fees,R0089003,"DCC Business Entities (Sole Trade, Partnership, Ltd)"
18,Devon County Council,29/05/2026,22100281,"22,316.18",MARINE & CIVIL SOLUTIONS LIMITED,283395,431868383,Capital - Highways,C02009,Works,C0652001,DCC CIS Suppliers
18,Devon County Council,29/05/2026,22100283,"82,973.21",MARINE & CIVIL SOLUTIONS LIMITED,283395,431868383,Capital - Highways,C02009,Works,C0652001,DCC CIS Suppliers
18,Devon County Council,29/05/2026,22100326,"2,303.80",DR N G RYLEY,396753,,"Chief Exec, Legal & Democratic services",A44038,Fees,R0506002,"DCC Business Entities (Sole Trade, Partnership, Ltd)"
18,Devon County Council,29/05/2026,22100564,750,GRAPEVINE CONNECTS,405508,,P-Ledger - Separate Legal Entity,A61060,Support for Children in Care,P0432008,"DCC Business Entities (Sole Trade, Partnership, Ltd)"
18,Devon County Council,29/05/2026,22100961,578.54,LYON EQUIPMENT KIMITED,388169,905122759,Inclusion & Learning,A42005,Clothing & Uniforms,R0102001,"DCC Business Entities (Sole Trade, Partnership, Ltd)"
18,Devon County Council,29/05/2026,22101047,973.32,SOUTHWEST INTERVENTION SERVICES,333291,440830321,Children's Social Care,A61200,Community based care,R0044004,"DCC Business Entities (Sole Trade, Partnership, Ltd)"
18,Devon County Council,29/05/2026,22101243,"5,635.50",NORTH DEVON COUNCIL,8252,144711092,Children's Social Care,A52005,Payments to Other Local Authorities,R0026003,"DCC Business Entities (Sole Trade, Partnership, Ltd)"
18,Devon County Council,29/05/2026,22101264,"1,526.90",DOUGLAS ADAM DR,400750,,"Chief Exec, Legal & Democratic services",A44038,Fees,R0506002,"DCC Business Entities (Sole Trade, Partnership, Ltd)"
18,Devon County Council,29/05/2026,22101268,"2,330.70",DR PAUL HILEY,357684,,"Chief Exec, Legal & Democratic services",A44038,Fees,R0506002,"DCC Business Entities (Sole Trade, Partnership, Ltd)"
18,Devon County Council,29/05/2026,22101277,"20,121.85",NORTH DEVON BIOSPHERE FOUNDATION,241817,,"Capital - Planning, Transportation and Environment",C06001,Capital Grants paid to other third parties (Not WGA/VCSE),C0671012,"DCC Business Entities (Sole Trade, Partnership, Ltd)"
18,Devon County Council,29/05/2026,22101483,"2,169.12",HOME OFFICE ACCOUNTING OFFICER,307957,,P-Ledger - Separate Legal Entity,A62105,Miscellaneous expenditure,P0412004,"DCC Business Entities (Sole Trade, Partnership, Ltd)"
18,Devon County Council,07/05/2026,22095875,"575,000.00",STAGECOACH DEVON LIMITED,21413,435757819,"Transport Operations, Environment and Waste",A32010,Contract Hire Scheme,R0575001,"DCC Business Entities (Sole Trade, Partnership, Ltd)"
18,Devon County Council,07/05/2026,22095876,"7,000.00",Tally Ho! Coaches Ltd,227374,834745411,"Transport Operations, Environment and Waste",A32010,Contract Hire Scheme,R0575001,"DCC Business Entities (Sole Trade, Partnership, Ltd)"
18,Devon County Council,07/05/2026,22095880,"2,000.00",TAW & TORRIDGE COACHES,5170,284376233,"Transport Operations, Environment and Waste",A32010,Contract Hire Scheme,R0575001,"DCC Business Entities (Sole Trade, Partnership, Ltd)"
18,Devon County Council,07/05/2026,22095933,"3,449.00",INFOTRACK LIMITED,337300,228530612,"Capital - Planning, Transportation and Environment",C02011,External Professional Fees,C0671003,"DCC Business Entities (Sole Trade, Partnership, Ltd)"
18,Devon County Council,07/05/2026,22096012,"9,000.00",GARDENBRIDGE.CO.UK LIMITED,396589,101671260,Capital - Highways,C02009,Works,C0652001,"DCC Business Entities (Sole Trade, Partnership, Ltd)"
18,Devon County Council,07/05/2026,22096032,"11,705.33",SILKTIDE LIMITED,367237,772526320,"Chief Exec, Legal & Democratic services",A45040,IT Software,R0317001,"DCC Business Entities (Sole Trade, Partnership, Ltd)"
18,Devon County Council,07/05/2026,22096080,"2,933.39",VIRGIN MEDIA BUSINESS,69248,591819014,Transformation & Business Services,A45020,Telephones,R0476002,"DCC Business Entities (Sole Trade, Partnership, Ltd)"
18,Devon County Council,07/05/2026,150439966,"1,904.25",M Group Highways Limited,375383,927200546,Capital - Highways,C02051,Term Maintenance Contract,C0671007,"DCC Business Entities (Sole Trade, Partnership, Ltd)"
18,Devon County Council,07/05/2026,150439969,"11,803.21",M Group Highways Limited,375383,927200546,Highways & Infrastructure Development,A46100,Main / Term Contractor,R0554003,"DCC Business Entities (Sole Trade, Partnership, Ltd)"
18,Devon County Council,07/05/2026,150439973,910.87,M Group Highways Limited,375383,927200546,Capital - Highways,C02051,Term Maintenance Contract,C0671005,"DCC Business Entities (Sole Trade, Partnership, Ltd)"
18,Devon County Council,07/05/2026,150439977,"75,937.14",M Group Highways Limited,375383,927200546,Highways & Infrastructure Development,A46100,Main / Term Contractor,R0553006,"DCC Business Entities (Sole Trade, Partnership, Ltd)"
18,Devon County Council,07/05/2026,150439978,"20,827.93",M Group Highways Limited,375383,927200546,Highways & Infrastructure Development,A46100,Main / Term Contractor,R0553006,"DCC Business Entities (Sole Trade, Partnership, Ltd)"
18,Devon County Council,07/05/2026,150439979,"21,630.68",M Group Highways Limited,375383,927200546,Highways & Infrastructure Development,A46100,Main / Term Contractor,R0553006,"DCC Business Entities (Sole Trade, Partnership, Ltd)"
18,Devon County Council,07/05/2026,150439980,"13,576.59",M Group Highways Limited,375383,927200546,Highways & Infrastructure Development,A46100,Main / Term Contractor,R0553006,"DCC Business Entities (Sole Trade, Partnership, Ltd)"
18,Devon County Council,07/05/2026,150439982,"1,316.09",M Group Highways Limited,375383,927200546,Highways & Infrastructure Development,A46100,Main / Term Contractor,R0553006,"DCC Business Entities (Sole Trade, Partnership, Ltd)"
18,Devon County Council,07/05/2026,150439984,"12,783.85",M Group Highways Limited,375383,927200546,Highways & Infrastructure Development,A46100,Main / Term Contractor,R0554004,"DCC Business Entities (Sole Trade, Partnership, Ltd)"
18,Devon County Council,07/05/2026,150439987,"2,016.33",M Group Highways Limited,375383,927200546,Capital - Highways,C02051,Term Maintenance Contract,C0671007,"DCC Business Entities (Sole Trade, Partnership, Ltd)"
18,Devon County Council,07/05/2026,150439989,"3,796.43",M Group Highways Limited,375383,927200546,Capital - Highways,C02051,Term Maintenance Contract,C0671007,"DCC Business Entities (Sole Trade, Partnership, Ltd)"
18,Devon County Council,07/05/2026,150439992,"4,481.56",M Group Highways Limited,375383,927200546,Highways & Infrastructure Development,A46100,Main / Term Contractor,R0554001,"DCC Business Entities (Sole Trade, Partnership, Ltd)"
18,Devon County Council,08/05/2026,22082751,"4,284.58",EXETER RUGBY CLUB LTD,34972,918551313,Dedicated Schools Grant,A22010,Hire of Rooms,R0065002,"DCC Business Entities (Sole Trade, Partnership, Ltd)"
18,Devon County Council,08/05/2026,22088694,"256,559.44",ON TRACK EDUCATION (BURSARY PMTS),286081,478730844,Dedicated Schools Grant,A61052,Independent Special School Fees,R0089003,"DCC Business Entities (Sole Trade, Partnership, Ltd)"
18,Devon County Council,08/05/2026,22088958,930,THE FAMILY PLACE LIMITED,350245,,Children's Social Care,A61060,Support for Children in Care,R0106002,"DCC Business Entities (Sole Trade, Partnership, Ltd)"
18,Devon County Council,08/05/2026,22090059,630.4,REBECCA PORTER,388096,,Dedicated Schools Grant,A44185,Other professional Services (Schools),R0082006,"DCC Business Entities (Sole Trade, Partnership, Ltd)"
18,Devon County Council,08/05/2026,22091047,"1,110.00",DODDS SOLICITORS LLP,394172,729928286,"Chief Exec, Legal & Democratic services",A44968,Legal & Conveyancing Charges,R0276001,"DCC Business Entities (Sole Trade, Partnership, Ltd)"
18,Devon County Council,08/05/2026,22091238,"2,182.15",DODDS SOLICITORS LLP,394172,729928286,"Chief Exec, Legal & Democratic services",A44968,Legal & Conveyancing Charges,R0276001,"DCC Business Entities (Sole Trade, Partnership, Ltd)"
18,Devon County Council,08/05/2026,22091524,540,ELEMENTS CREATIVE THERAPY,400796,,P-Ledger - Separate Legal Entity,A61060,Support for Children in Care,P0432008,"DCC Business Entities (Sole Trade, Partnership, Ltd)"
18,Devon County Council,08/05/2026,22091832,"6,650.00",MOOR TO LIFE E & W COMMUNITY INTEREST COMPANY,393010,,Dedicated Schools Grant,A44185,Other professional Services (Schools),R0082007,"DCC Business Entities (Sole Trade, Partnership, Ltd)"
18,Devon County Council,08/05/2026,22091979,"2,946.24",A M CARE,169807,831850435,P-Ledger - Separate Legal Entity,A61054,Equipment (Care),P0391002,"DCC Business Entities (Sole Trade, Partnership, Ltd)"
18,Devon County Council,08/05/2026,22092116,"3,786.55",S C C,161520,313651680,Transformation & Business Services,A45015,Postages,R0505006,"DCC Business Entities (Sole Trade, Partnership, Ltd)"
18,Devon County Council,08/05/2026,22092144,"54,423.67",S C C,161520,313651680,Transformation & Business Services,A45040,IT Software,R0353008,"DCC Business Entities (Sole Trade, Partnership, Ltd)"
18,Devon County Council,08/05/2026,22092182,"3,637.04",S C C,161520,313651680,Transformation & Business Services,A43010,Printing,R0353008,"DCC Business Entities (Sole Trade, Partnership, Ltd)"
18,Devon County Council,08/05/2026,22092243,"1,383.00",ITSO Ltd,284777,765639388,"Transport Operations, Environment and Waste",A44038,Fees,R0575001,"DCC Business Entities (Sole Trade, Partnership, Ltd)"
18,Devon County Council,08/05/2026,22092789,961.2,MARTYN COX,390466,,Children's Social Care,A44038,Fees,R0095007,"DCC Business Entities (Sole Trade, Partnership, Ltd)"
18,Devon County Council,08/05/2026,22092933,901,INVOLVE CARE SOLUTIONS LIMITED,402831,,Children's Social Care,A61200,Community based care,R0044007,"DCC Business Entities (Sole Trade, Partnership, Ltd)"
18,Devon County Council,08/05/2026,22093212,"30,557.25",WEST DEVON BOROUGH COUNCIL,8280,144823273,Children's Social Care,A12510,Other Employee Expenses,R0095008,"DCC Business Entities (Sole Trade, Partnership, Ltd)"
18,Devon County Council,08/05/2026,22094342,"11,000.00",R H ADVERTISING,22134,750461154,"Transport Operations, Environment and Waste",A44005,Publicity/Advertising,R0606003,"DCC Business Entities (Sole Trade, Partnership, Ltd)"
18,Devon County Council,08/05/2026,22095560,599,SV CARE SERVICES LIMITED,403669,,Dedicated Schools Grant,A53040,Contributions to Educational Estabs (3rd,R0107001,"DCC Business Entities (Sole Trade, Partnership, Ltd)"
18,Devon County Council,08/05/2026,22096119,"1,000.00",RSPB EXETER,18642,365969589,"Transport Operations, Environment and Waste",A62105,Miscellaneous expenditure,R0640011,"DCC Business Entities (Sole Trade, Partnership, Ltd)"
18,Devon County Council,08/05/2026,22096267,"1,300.00",HELEN AMEY,373868,,Communities,A44038,Fees,R0536015,"DCC Business Entities (Sole Trade, Partnership, Ltd)"
18,Devon County Council,08/05/2026,150441626,"17,542.63",M Group Highways Limited,375383,927200546,Capital - Highways,C02051,Term Maintenance Contract,C0652001,"DCC Business Entities (Sole Trade, Partnership, Ltd)"
18,Devon County Council,08/05/2026,150441629,"16,013.27",M Group Highways Limited,375383,927200546,Highways & Infrastructure Development,A46100,Main / Term Contractor,R0553004,"DCC Business Entities (Sole Trade, Partnership, Ltd)"
18,Devon County Council,11/05/2026,22061090,"2,339.10",LEXIA EDUCATION SERVICES LIMITED,376344,376218677,Dedicated Schools Grant,A44185,Other professional Services (Schools),R0082007,"DCC Business Entities (Sole Trade, Partnership, Ltd)"
18,Devon County Council,11/05/2026,22071564,"3,118.80",LEXIA EDUCATION SERVICES LIMITED,376344,376218677,Dedicated Schools Grant,A44185,Other professional Services (Schools),R0082007,"DCC Business Entities (Sole Trade, Partnership, Ltd)"
18,Devon County Council,11/05/2026,22081116,"1,559.40",LEXIA EDUCATION SERVICES LIMITED,376344,376218677,Dedicated Schools Grant,A44185,Other professional Services (Schools),R0082007,"DCC Business Entities (Sole Trade, Partnership, Ltd)"
18,Devon County Council,11/05/2026,22084228,"1,000.00",TERRAFARMER AGRICULTURE LIMITED,405152,389325554,"Economy, Enterprise and Skills",A44038,Fees,R0547001,"DCC Business Entities (Sole Trade, Partnership, Ltd)"
18,Devon County Council,11/05/2026,22089626,"1,200.00",ABIGAIL LEIGH,404219,467563356,"Chief Exec, Legal & Democratic services",A44968,Legal & Conveyancing Charges,R0276001,"DCC Business Entities (Sole Trade, Partnership, Ltd)"
18,Devon County Council,11/05/2026,22089908,"1,601.46",NORTH DEVON TYRES LIMITED,100826,800423877,"Transport Operations, Environment and Waste",A30010,Vehicles Repairs,R0584003,"DCC Business Entities (Sole Trade, Partnership, Ltd)"
18,Devon County Council,11/05/2026,22091016,772.5,Michelle Blundy T/A Blossoming Minds,360726,,P-Ledger - Separate Legal Entity,A61060,Support for Children in Care,P0432008,"DCC Business Entities (Sole Trade, Partnership, Ltd)"
18,Devon County Council,11/05/2026,22091217,801,FAMILY COMPASS,348346,392295664,P-Ledger - Separate Legal Entity,A61060,Support for Children in Care,P0432008,"DCC Business Entities (Sole Trade, Partnership, Ltd)"
18,Devon County Council,11/05/2026,22091726,"28,009.05",OCULAR INTEGRATION LIMITED,368413,417069846,"Capital - Planning, Transportation and Environment",C02009,Works,C0654001,"DCC Business Entities (Sole Trade, Partnership, Ltd)"
18,Devon County Council,11/05/2026,22091940,"189,662.80",SKINNER CONSTRUCTION LIMITED,19171,141535982,"Capital - Planning, Transportation and Environment",C02009,Works,C0671003,DCC CIS Suppliers
18,Devon County Council,11/05/2026,22092055,691.6,INSTARMAC GROUP PLC,302188,295973982,Highways & Infrastructure Development,A40070,Stock Materials,R0554004,"DCC Business Entities (Sole Trade, Partnership, Ltd)"
18,Devon County Council,11/05/2026,22092068,691.6,INSTARMAC GROUP PLC,302188,295973982,Highways & Infrastructure Development,A40070,Stock Materials,R0554004,"DCC Business Entities (Sole Trade, Partnership, Ltd)"
18,Devon County Council,11/05/2026,22092127,"1,715.21",WSP UK LIMITED,85394,905054942,Capital - Highways,C02011,External Professional Fees,C0652001,"DCC Business Entities (Sole Trade, Partnership, Ltd)"
18,Devon County Council,11/05/2026,22092164,809.21,P & I PROPERTY MAINTENANCE,397907,,Children's Social Care,A20010,"Property Repairs, Maintenance & Alterations (Reactive)",R0095009,DCC CIS Suppliers
18,Devon County Council,11/05/2026,22092268,"2,295.00",NO BUTTS BIN COMPANY LIMITED,121634,927480112,Children's Social Care,A40045,Furniture,R0095011,"DCC Business Entities (Sole Trade, Partnership, Ltd)"
18,Devon County Council,11/05/2026,22092461,"3,784.91",WSP UK LIMITED,85394,905054942,"Capital - Planning, Transportation and Environment",C02011,External Professional Fees,C0671003,"DCC Business Entities (Sole Trade, Partnership, Ltd)"
18,Devon County Council,11/05/2026,22092462,"4,625.11",WSP UK LIMITED,85394,905054942,Capital - Highways,C02011,External Professional Fees,C0671004,"DCC Business Entities (Sole Trade, Partnership, Ltd)"
18,Devon County Council,11/05/2026,22092463,626.67,WSP UK LIMITED,85394,905054942,Capital - Highways,C02011,External Professional Fees,C0671004,"DCC Business Entities (Sole Trade, Partnership, Ltd)"
18,Devon County Council,11/05/2026,22092539,739.01,WSP UK LIMITED,85394,905054942,"Capital - Planning, Transportation and Environment",C02011,External Professional Fees,C0656001,"DCC Business Entities (Sole Trade, Partnership, Ltd)"
18,Devon County Council,11/05/2026,22092544,"11,826.39",WSP UK LIMITED,85394,905054942,Planning,A44038,Fees,R0620001,"DCC Business Entities (Sole Trade, Partnership, Ltd)"
18,Devon County Council,11/05/2026,22092546,997.46,WSP UK LIMITED,85394,905054942,Capital - Highways,C02011,External Professional Fees,C0652001,"DCC Business Entities (Sole Trade, Partnership, Ltd)"
18,Devon County Council,11/05/2026,22092564,"8,360.33",WSP UK LIMITED,85394,905054942,Planning,A44038,Fees,R0577002,"DCC Business Entities (Sole Trade, Partnership, Ltd)"
18,Devon County Council,11/05/2026,22092570,"4,641.13",WSP UK LIMITED,85394,905054942,"Transport Operations, Environment and Waste",A44038,Fees,R0614001,"DCC Business Entities (Sole Trade, Partnership, Ltd)"
18,Devon County Council,11/05/2026,22092573,"1,331.50",WSP UK LIMITED,85394,905054942,Highways & Infrastructure Development,A44038,Fees,R0571003,"DCC Business Entities (Sole Trade, Partnership, Ltd)"
18,Devon County Council,11/05/2026,22092577,"11,738.75",WSP UK LIMITED,85394,905054942,Capital - Highways,C02011,External Professional Fees,C0671004,"DCC Business Entities (Sole Trade, Partnership, Ltd)"
18,Devon County Council,11/05/2026,22092580,"4,298.45",WSP UK LIMITED,85394,905054942,"Capital - Planning, Transportation and Environment",C02011,External Professional Fees,C0671012,"DCC Business Entities (Sole Trade, Partnership, Ltd)"
18,Devon County Council,11/05/2026,22092594,"9,784.94",WSP UK LIMITED,85394,905054942,"Transport Operations, Environment and Waste",A44038,Fees,R0614001,"DCC Business Entities (Sole Trade, Partnership, Ltd)"
18,Devon County Council,11/05/2026,22092605,609.71,WSP UK LIMITED,85394,905054942,Planning,A44038,Fees,R0620001,"DCC Business Entities (Sole Trade, Partnership, Ltd)"
18,Devon County Council,11/05/2026,22092609,"2,690.69",WSP UK LIMITED,85394,905054942,Planning,A44038,Fees,R0577002,"DCC Business Entities (Sole Trade, Partnership, Ltd)"
18,Devon County Council,11/05/2026,22092723,"1,049.00",iPinnacle Ltd,604643,939752475,Communities,A45005,IT Hardware,R0536002,"DCC Business Entities (Sole Trade, Partnership, Ltd)"
18,Devon County Council,11/05/2026,22092814,"2,161.27",WSP UK LIMITED,85394,905054942,Capital - Highways,C02011,External Professional Fees,C0671004,"DCC Business Entities (Sole Trade, Partnership, Ltd)"
18,Devon County Council,11/05/2026,22092833,"7,370.28",WSP UK LIMITED,85394,905054942,"Capital - Planning, Transportation and Environment",C02011,External Professional Fees,C0671003,"DCC Business Entities (Sole Trade, Partnership, Ltd)"
18,Devon County Council,11/05/2026,22092836,"2,672.33",WSP UK LIMITED,85394,905054942,Capital - Highways,C02011,External Professional Fees,C0671004,"DCC Business Entities (Sole Trade, Partnership, Ltd)"
18,Devon County Council,11/05/2026,22092857,"5,654.39",WSP UK LIMITED,85394,905054942,Capital - Highways,C02011,External Professional Fees,C0671005,"DCC Business Entities (Sole Trade, Partnership, Ltd)"
18,Devon County Council,11/05/2026,22092858,"1,059.06",WSP UK LIMITED,85394,905054942,Capital - Highways,C02011,External Professional Fees,C0671004,"DCC Business Entities (Sole Trade, Partnership, Ltd)"
18,Devon County Council,11/05/2026,22092861,"8,326.96",WSP UK LIMITED,85394,905054942,"Capital - Planning, Transportation and Environment",C02011,External Professional Fees,C0671003,"DCC Business Entities (Sole Trade, Partnership, Ltd)"
18,Devon County Council,11/05/2026,22092865,568.88,WSP UK LIMITED,85394,905054942,Highways & Infrastructure Development,A44038,Fees,R0572001,"DCC Business Entities (Sole Trade, Partnership, Ltd)"
18,Devon County Council,11/05/2026,22092871,"1,025.59",WSP UK LIMITED,85394,905054942,Capital - Highways,C02011,External Professional Fees,C0671004,"DCC Business Entities (Sole Trade, Partnership, Ltd)"
18,Devon County Council,11/05/2026,22092891,"8,225.28",OTTERY HELP SCHEME,89926,,P-Ledger - Separate Legal Entity,A47005,"Grants, Contributions & Donations",P0391008,"DCC Business Entities (Sole Trade, Partnership, Ltd)"
18,Devon County Council,11/05/2026,22092946,"7,086.38",WSP UK LIMITED,85394,905054942,Capital - Highways,C02011,External Professional Fees,C0671004,"DCC Business Entities (Sole Trade, Partnership, Ltd)"
18,Devon County Council,11/05/2026,22092963,"1,087.79",WSP UK LIMITED,85394,905054942,Highways & Infrastructure Development,A44038,Fees,R0560002,"DCC Business Entities (Sole Trade, Partnership, Ltd)"
18,Devon County Council,11/05/2026,22092969,"11,331.73",WSP UK LIMITED,85394,905054942,Highways & Infrastructure Development,A44038,Fees,R0572001,"DCC Business Entities (Sole Trade, Partnership, Ltd)"
18,Devon County Council,11/05/2026,22093532,"3,303.54",WSP UK LIMITED,85394,905054942,"Transport Operations, Environment and Waste",A44038,Fees,R0614001,"DCC Business Entities (Sole Trade, Partnership, Ltd)"
18,Devon County Council,11/05/2026,22093536,"1,705.46",WSP UK LIMITED,85394,905054942,Planning,A44038,Fees,R0577002,"DCC Business Entities (Sole Trade, Partnership, Ltd)"
18,Devon County Council,11/05/2026,22093961,"52,369.60",NETWORK HEALTHCARE,394158,844278506,Operations,A57136,Personal Care Block,R0234001,"DCC Business Entities (Sole Trade, Partnership, Ltd)"
18,Devon County Council,11/05/2026,22094134,750,JUDI EVANS,293771,691665987,"Chief Exec, Legal & Democratic services",A44968,Legal & Conveyancing Charges,R0276001,"DCC Business Entities (Sole Trade, Partnership, Ltd)"
18,Devon County Council,11/05/2026,22096190,"1,050.00",LISA BARRACLOUGH CARE OF,169880,742080752,"Chief Exec, Legal & Democratic services",A44968,Legal & Conveyancing Charges,R0276001,"DCC Business Entities (Sole Trade, Partnership, Ltd)"
18,Devon County Council,11/05/2026,22096197,"1,923.90",MEENA ENTERPRISES LIMITED,360477,,Operations,A44038,Fees,R0222002,"DCC Business Entities (Sole Trade, Partnership, Ltd)"
18,Devon County Council,11/05/2026,22096904,962.25,INFOTRACK LIMITED,337300,228530612,"Capital - Planning, Transportation and Environment",C02011,External Professional Fees,C0671003,"DCC Business Entities (Sole Trade, Partnership, Ltd)"
18,Devon County Council,11/05/2026,22097092,"1,055.76",BRITISH TELECOM (BILL PAYMNTS),4558,245719348,Capital - Highways,C02009,Works,C0652001,"DCC Business Entities (Sole Trade, Partnership, Ltd)"
18,Devon County Council,12/05/2026,22023853,514.68,BIDFOOD,6550,643994692,Operations,A44030,Provisions,R0269001,"DCC Business Entities (Sole Trade, Partnership, Ltd)"
18,Devon County Council,12/05/2026,22081752,"4,000.00",ST STEPHENS PRIMARY SCHOOL,52476,,Dedicated Schools Grant,A53040,Contributions to Educational Estabs (3rd,R0107001,"DCC Business Entities (Sole Trade, Partnership, Ltd)"
18,Devon County Council,12/05/2026,22088844,"2,186.22",YOUNG DEVON (IVYBRIDGE),120708,,Children's Social Care,A22005,Building Rents,R0139002,"DCC Business Entities (Sole Trade, Partnership, Ltd)"
18,Devon County Council,12/05/2026,22090106,773.64,K B S SIGNS & DESIGN LIMITED,5579,568951877,Children's Social Care,A44005,Publicity/Advertising,R0076003,"DCC Business Entities (Sole Trade, Partnership, Ltd)"
18,Devon County Council,12/05/2026,22090312,"3,000.00",TAVYSIDE HEALTH CENTRE,266516,978506863,Children's Social Care,A22005,Building Rents,R0028001,"DCC Business Entities (Sole Trade, Partnership, Ltd)"
18,Devon County Council,12/05/2026,22092296,"4,864.08",THE OUTDOORS GROUP *57*,362971,312604642,Dedicated Schools Grant,A61052,Independent Special School Fees,R0089003,"DCC Business Entities (Sole Trade, Partnership, Ltd)"
18,Devon County Council,12/05/2026,22092298,"6,680.74",THE OUTDOORS GROUP *57*,362971,312604642,Dedicated Schools Grant,A61052,Independent Special School Fees,R0089003,"DCC Business Entities (Sole Trade, Partnership, Ltd)"
18,Devon County Council,12/05/2026,22092306,"4,864.08",THE OUTDOORS GROUP *57*,362971,312604642,Dedicated Schools Grant,A61052,Independent Special School Fees,R0089003,"DCC Business Entities (Sole Trade, Partnership, Ltd)"
18,Devon County Council,12/05/2026,22092315,"4,864.08",THE OUTDOORS GROUP *57*,362971,312604642,Dedicated Schools Grant,A61052,Independent Special School Fees,R0089003,"DCC Business Entities (Sole Trade, Partnership, Ltd)"
18,Devon County Council,12/05/2026,22092317,"6,680.74",THE OUTDOORS GROUP *57*,362971,312604642,Dedicated Schools Grant,A61052,Independent Special School Fees,R0089003,"DCC Business Entities (Sole Trade, Partnership, Ltd)"
18,Devon County Council,12/05/2026,22092325,"9,399.44",THE OUTDOORS GROUP *57*,362971,312604642,Dedicated Schools Grant,A61052,Independent Special School Fees,R0089003,"DCC Business Entities (Sole Trade, Partnership, Ltd)"
18,Devon County Council,12/05/2026,22092328,"4,864.08",THE OUTDOORS GROUP *57*,362971,312604642,Dedicated Schools Grant,A61052,Independent Special School Fees,R0089003,"DCC Business Entities (Sole Trade, Partnership, Ltd)"
18,Devon County Council,12/05/2026,22092330,"4,866.92",THE OUTDOORS GROUP *57*,362971,312604642,Dedicated Schools Grant,A61052,Independent Special School Fees,R0089003,"DCC Business Entities (Sole Trade, Partnership, Ltd)"
18,Devon County Council,12/05/2026,22092335,"4,864.08",THE OUTDOORS GROUP *57*,362971,312604642,Dedicated Schools Grant,A61052,Independent Special School Fees,R0089003,"DCC Business Entities (Sole Trade, Partnership, Ltd)"
18,Devon County Council,12/05/2026,22092338,"4,864.08",THE OUTDOORS GROUP *57*,362971,312604642,Dedicated Schools Grant,A61052,Independent Special School Fees,R0089003,"DCC Business Entities (Sole Trade, Partnership, Ltd)"
18,Devon County Council,12/05/2026,22092360,"4,864.08",THE OUTDOORS GROUP *57*,362971,312604642,Dedicated Schools Grant,A61052,Independent Special School Fees,R0089003,"DCC Business Entities (Sole Trade, Partnership, Ltd)"
18,Devon County Council,12/05/2026,22092370,"4,864.17",THE OUTDOORS GROUP *57*,362971,312604642,Dedicated Schools Grant,A61052,Independent Special School Fees,R0089003,"DCC Business Entities (Sole Trade, Partnership, Ltd)"
18,Devon County Council,12/05/2026,22092373,"4,864.08",THE OUTDOORS GROUP *57*,362971,312604642,Dedicated Schools Grant,A61052,Independent Special School Fees,R0089003,"DCC Business Entities (Sole Trade, Partnership, Ltd)"
18,Devon County Council,12/05/2026,22092376,"4,864.08",THE OUTDOORS GROUP *57*,362971,312604642,Dedicated Schools Grant,A61052,Independent Special School Fees,R0089003,"DCC Business Entities (Sole Trade, Partnership, Ltd)"
18,Devon County Council,12/05/2026,22092383,"4,864.08",THE OUTDOORS GROUP *57*,362971,312604642,Dedicated Schools Grant,A61052,Independent Special School Fees,R0089003,"DCC Business Entities (Sole Trade, Partnership, Ltd)"
18,Devon County Council,12/05/2026,22092386,"4,864.08",THE OUTDOORS GROUP *57*,362971,312604642,Dedicated Schools Grant,A61052,Independent Special School Fees,R0089003,"DCC Business Entities (Sole Trade, Partnership, Ltd)"
18,Devon County Council,12/05/2026,22092389,"4,864.08",THE OUTDOORS GROUP *57*,362971,312604642,Dedicated Schools Grant,A61052,Independent Special School Fees,R0089003,"DCC Business Entities (Sole Trade, Partnership, Ltd)"
18,Devon County Council,12/05/2026,22092391,"5,939.06",THE OUTDOORS GROUP *57*,362971,312604642,Dedicated Schools Grant,A61052,Independent Special School Fees,R0089003,"DCC Business Entities (Sole Trade, Partnership, Ltd)"
18,Devon County Council,12/05/2026,22093512,782,TRAFFIC DATA CENTRE,352519,627331844,Planning,A49005,Other Hired & Contracting Services,R0577002,"DCC Business Entities (Sole Trade, Partnership, Ltd)"
18,Devon County Council,12/05/2026,22093615,"2,186.22",YOUNG DEVON (IVYBRIDGE),120708,,Children's Social Care,A40080,Health & Safety Equipment,R0139002,"DCC Business Entities (Sole Trade, Partnership, Ltd)"
18,Devon County Council,12/05/2026,22093618,"2,186.22",YOUNG DEVON (IVYBRIDGE),120708,,Children's Social Care,A40080,Health & Safety Equipment,R0139002,"DCC Business Entities (Sole Trade, Partnership, Ltd)"
18,Devon County Council,12/05/2026,22094183,"59,056.05",Landmarc - Environmental Engineering,603782,489651880,Highways & Infrastructure Development,A46100,Main / Term Contractor,R0560011,DCC CIS Suppliers
18,Devon County Council,12/05/2026,22094245,883,EXETER CITY COUNCIL (FINANCE),4272,142335594,Children's Social Care,A22030,Hire of Property,R0040002,"DCC Business Entities (Sole Trade, Partnership, Ltd)"
18,Devon County Council,12/05/2026,22096677,"-8,610.48",PHILLIPS WN&D,90044,927522419,P-Ledger - Separate Legal Entity,A57140,Residential Care - Long Stay,P0434003,"DCC Business Entities (Sole Trade, Partnership, Ltd)"
18,Devon County Council,12/05/2026,22096823,"4,672.64",RADIS COMMUNITY CARE,386496,,Operations,A57130,Home Care Services,R0480091,"DCC Business Entities (Sole Trade, Partnership, Ltd)"
18,Devon County Council,12/05/2026,22097024,550,Barry Websdell,603736,,Communities,A44038,Fees,R0536008,"DCC Business Entities (Sole Trade, Partnership, Ltd)"
18,Devon County Council,12/05/2026,22097366,916.65,DEVON FUELS,298476,140913296,Inclusion & Learning,A21015,Heating Oil,R0102001,"DCC Business Entities (Sole Trade, Partnership, Ltd)"
18,Devon County Council,13/05/2026,22077678,506.41,NORSE SOUTH WEST LIMITED,279741,785421021,Highways & Infrastructure Development,A46100,Main / Term Contractor,R0573002,"DCC Business Entities (Sole Trade, Partnership, Ltd)"
18,Devon County Council,13/05/2026,22081968,"4,054.40",PROSPERO RECRUITMENT LIMITED,352539,486704947,Dedicated Schools Grant,A44185,Other professional Services (Schools),R0082007,"DCC Business Entities (Sole Trade, Partnership, Ltd)"
18,Devon County Council,13/05/2026,22091967,575,ESSENTIAL 6 LIMITED,219393,941534529,People and Culture,A44038,Fees,R0303008,"DCC Business Entities (Sole Trade, Partnership, Ltd)"
18,Devon County Council,13/05/2026,22091980,"1,607.29",PROSPERO RECRUITMENT LIMITED,352539,486704947,Dedicated Schools Grant,A44185,Other professional Services (Schools),R0082007,"DCC Business Entities (Sole Trade, Partnership, Ltd)"
18,Devon County Council,13/05/2026,22092674,743.04,C E D A,12641,,Children's Social Care,A61200,Community based care,R0046004,"DCC Business Entities (Sole Trade, Partnership, Ltd)"
18,Devon County Council,13/05/2026,22092679,950.19,C E D A,12641,,Children's Social Care,A61200,Community based care,R0044004,"DCC Business Entities (Sole Trade, Partnership, Ltd)"
18,Devon County Council,13/05/2026,22092687,"1,114.56",C E D A,12641,,Children's Social Care,A61200,Community based care,R0046004,"DCC Business Entities (Sole Trade, Partnership, Ltd)"
18,Devon County Council,13/05/2026,22092689,652.22,C E D A,12641,,Children's Social Care,A61200,Community based care,R0046004,"DCC Business Entities (Sole Trade, Partnership, Ltd)"
18,Devon County Council,13/05/2026,22092720,"1,458.00",EXETER RUGBY CLUB LTD,34972,918551313,Dedicated Schools Grant,A44185,Other professional Services (Schools),R0082007,"DCC Business Entities (Sole Trade, Partnership, Ltd)"
18,Devon County Council,13/05/2026,22092887,"8,699.68",ACORN COMMUNITY SUPPORT,90520,,Operations,A62110,Payments to Charities & Vol Providers,R0480069,"DCC Business Entities (Sole Trade, Partnership, Ltd)"
18,Devon County Council,13/05/2026,22093191,"6,720.00",DIGITAL PENINSULA NETWORK LIMITED,394926,,"Economy, Enterprise and Skills",A44038,Fees,R0546004,"DCC Business Entities (Sole Trade, Partnership, Ltd)"
18,Devon County Council,13/05/2026,22093194,"2,520.00",DIGITAL PENINSULA NETWORK LIMITED,394926,,"Economy, Enterprise and Skills",A44038,Fees,R0546004,"DCC Business Entities (Sole Trade, Partnership, Ltd)"
18,Devon County Council,13/05/2026,22093197,"2,520.00",DIGITAL PENINSULA NETWORK LIMITED,394926,,"Economy, Enterprise and Skills",A44038,Fees,R0546004,"DCC Business Entities (Sole Trade, Partnership, Ltd)"
18,Devon County Council,13/05/2026,22093283,"2,479.95",THE LIBRA SCHOOL,136211,478671242,Dedicated Schools Grant,B29020,VAT Incomings (Output Tax),R0089003,"DCC Business Entities (Sole Trade, Partnership, Ltd)"
18,Devon County Council,13/05/2026,22093404,"2,230.00",PROMOTING INDEPENDENT CARE LIMITED,376159,,Children's Social Care,A61200,Community based care,R0044004,"DCC Business Entities (Sole Trade, Partnership, Ltd)"
18,Devon County Council,13/05/2026,22094083,"7,973.00",PROMOTING INDEPENDENT CARE LIMITED,376159,,Children's Social Care,A11005,Agency Supply Staff,R0095009,"DCC Business Entities (Sole Trade, Partnership, Ltd)"
18,Devon County Council,13/05/2026,22094165,531.3,R D Johns Limited,90325,141006135,Children's Social Care,A44030,Provisions,R0015001,"DCC Business Entities (Sole Trade, Partnership, Ltd)"
18,Devon County Council,13/05/2026,22094637,"10,080.00",MONICA Y ZAPATA LOPEZ,392518,,Transformation & Business Services,A62000,Supported Accommodation - Child,R0333028,"DCC Business Entities (Sole Trade, Partnership, Ltd)"
18,Devon County Council,13/05/2026,22095696,870,DODDS SOLICITORS LLP,394172,729928286,"Chief Exec, Legal & Democratic services",A44060,Court Fees,R0276001,"DCC Business Entities (Sole Trade, Partnership, Ltd)"
18,Devon County Council,13/05/2026,22095999,"2,609.50",PROMOTING INDEPENDENT CARE LIMITED,376159,,Children's Social Care,A11005,Agency Supply Staff,R0095005,"DCC Business Entities (Sole Trade, Partnership, Ltd)"
18,Devon County Council,13/05/2026,22096254,"2,838.34",MARINE & CIVIL SOLUTIONS LIMITED,283395,431868383,Highways & Infrastructure Development,A46100,Main / Term Contractor,R0554001,DCC CIS Suppliers
18,Devon County Council,13/05/2026,22096652,"10,963.95",D W M L HOLDINGS LIMITED,345026,823821047,"Transport Operations, Environment and Waste",A46100,Main / Term Contractor,R0605002,"DCC Business Entities (Sole Trade, Partnership, Ltd)"
18,Devon County Council,13/05/2026,22096918,"10,244.91",EXETER CITY COUNCIL (FINANCE),4272,142335594,Communities,A52005,Payments to Other Local Authorities,R0530002,"DCC Business Entities (Sole Trade, Partnership, Ltd)"
18,Devon County Council,13/05/2026,22097102,"3,000.00",JIES INTERVENTION & ENABLING,389460,,Dedicated Schools Grant,A44185,Other professional Services (Schools),R0082007,"DCC Business Entities (Sole Trade, Partnership, Ltd)"
18,Devon County Council,13/05/2026,22097562,"5,000.00",ZLC ENERGY LIMITED,404038,136612034,"Transport Operations, Environment and Waste",A20025,Corporate Surveys,R0611004,"DCC Business Entities (Sole Trade, Partnership, Ltd)"
18,Devon County Council,13/05/2026,22097746,"1,929.60",ASHFORDS LLP,88874,140836186,"Capital - Planning, Transportation and Environment",C02011,External Professional Fees,C0671003,"DCC Business Entities (Sole Trade, Partnership, Ltd)"
18,Devon County Council,13/05/2026,150448377,"2,835.92",M Group Highways Limited,375383,927200546,Highways & Infrastructure Development,A46100,Main / Term Contractor,R0554001,"DCC Business Entities (Sole Trade, Partnership, Ltd)"
18,Devon County Council,13/05/2026,150448381,"3,698.24",M Group Highways Limited,375383,927200546,Highways & Infrastructure Development,A46100,Main / Term Contractor,R0553006,"DCC Business Entities (Sole Trade, Partnership, Ltd)"
18,Devon County Council,13/05/2026,150448383,"1,800.95",M Group Highways Limited,375383,927200546,Capital - Highways,C02051,Term Maintenance Contract,C0671006,"DCC Business Entities (Sole Trade, Partnership, Ltd)"
18,Devon County Council,14/05/2026,22086797,"1,869.00",NORSE SOUTH WEST LIMITED,279741,785421021,"Capital - Planning, Transportation and Environment",C02011,External Professional Fees,C0671003,"DCC Business Entities (Sole Trade, Partnership, Ltd)"
18,Devon County Council,14/05/2026,22091201,"1,482.66",GREENHAM TRADING LIMITED (EXETER),13821,823820932,Highways & Infrastructure Development,A45005,IT Hardware,R0562004,"DCC Business Entities (Sole Trade, Partnership, Ltd)"
18,Devon County Council,14/05/2026,22092036,"2,856.00",Exeter College (Exeter and North Devon Colleges Group),6141,125451632,"Economy, Enterprise and Skills",A44038,Fees,R0546004,"DCC Business Entities (Sole Trade, Partnership, Ltd)"
18,Devon County Council,14/05/2026,22092120,"2,099.23",SWARCO UK & IRELAND LIMITED,13690,568335022,Capital - Highways,C02009,Works,C0671005,DCC CIS Suppliers
18,Devon County Council,14/05/2026,22092884,"26,008.83",AGE CONCERN BARNSTAPLE,34981,,Operations,A52010,"Grants to voluntary, community and social enterprise organisations",R0482032,"DCC Business Entities (Sole Trade, Partnership, Ltd)"
18,Devon County Council,14/05/2026,22093213,580.9,COOK D S DR,288001,250074342,"Chief Exec, Legal & Democratic services",A44038,Fees,R0506002,"DCC Business Entities (Sole Trade, Partnership, Ltd)"
18,Devon County Council,14/05/2026,22093683,712.5,PRIORTON VENN LIMITED TRADING AS NORTHFIELD,230676,390267976,Capital - Highways,C02009,Works,C0652001,DCC CIS Suppliers
18,Devon County Council,14/05/2026,22094265,"4,664.80",Elmtree Learning Partnership Ltd,601452,494225084,Dedicated Schools Grant,A44185,Other professional Services (Schools),R0082007,"DCC Business Entities (Sole Trade, Partnership, Ltd)"
18,Devon County Council,14/05/2026,22094270,"2,915.50",Elmtree Learning Partnership Ltd,601452,494225084,Dedicated Schools Grant,A44185,Other professional Services (Schools),R0082007,"DCC Business Entities (Sole Trade, Partnership, Ltd)"
18,Devon County Council,14/05/2026,22094469,"12,915.00",DEVON LOCAL PHARMACEUTICAL COMMUNITY,123726,,Public Health,A45045,IT Software Maintenance,R0316044,"DCC Business Entities (Sole Trade, Partnership, Ltd)"
18,Devon County Council,14/05/2026,22094878,"4,810.00",DENE TERRY TRADING AS SPACE ADAPT LEARN GROW,404230,,Dedicated Schools Grant,A44185,Other professional Services (Schools),R0082002,"DCC Business Entities (Sole Trade, Partnership, Ltd)"
18,Devon County Council,14/05/2026,22095935,"57,030.83",ICE CREATES LIMITED,121640,732833240,Public Health,A57115,Payments to Private Contractors,R0316030,"DCC Business Entities (Sole Trade, Partnership, Ltd)"
18,Devon County Council,14/05/2026,22096635,"6,014.96",ST THOMAS MEDICAL GROUP,52039,,P-Ledger - Separate Legal Entity,A47005,"Grants, Contributions & Donations",P0391008,"DCC Business Entities (Sole Trade, Partnership, Ltd)"
18,Devon County Council,14/05/2026,22096713,500,James Rees KBG,602817,676185890,"Chief Exec, Legal & Democratic services",A44968,Legal & Conveyancing Charges,R0276001,"DCC Business Entities (Sole Trade, Partnership, Ltd)"
18,Devon County Council,14/05/2026,22096794,"23,378.29",SANDS SCHOOL,53993,479775905,Dedicated Schools Grant,A61052,Independent Special School Fees,R0089003,"DCC Business Entities (Sole Trade, Partnership, Ltd)"
18,Devon County Council,14/05/2026,22096804,"1,245.44",I J Cannings & Son Limited,14467,192803203,Operations,A20005,"Property Repairs, Maintenance & Alterations (programmed)",R0268001,DCC CIS Suppliers
18,Devon County Council,14/05/2026,22096828,550,HAWTHORN CHILD THERAPY,383375,,P-Ledger - Separate Legal Entity,A61060,Support for Children in Care,P0432008,"DCC Business Entities (Sole Trade, Partnership, Ltd)"
18,Devon County Council,14/05/2026,22097222,"1,379.00",INVOLVE CARE SOLUTIONS LIMITED,402831,,Children's Social Care,A61200,Community based care,R0044007,"DCC Business Entities (Sole Trade, Partnership, Ltd)"
18,Devon County Council,14/05/2026,22097388,"14,704.70",DODDS SOLICITORS LLP,394172,729928286,"Chief Exec, Legal & Democratic services",A44968,Legal & Conveyancing Charges,R0276001,"DCC Business Entities (Sole Trade, Partnership, Ltd)"
18,Devon County Council,14/05/2026,22097612,"1,120.00",EUREKA FIRST AID,355218,927480112,"Transport Operations, Environment and Waste",A40920,Equipment,R0640004,"DCC Business Entities (Sole Trade, Partnership, Ltd)"
18,Devon County Council,14/05/2026,22097866,"2,063.00",TORRIDGE DISTRICT COUNCIL,4707,144666062,Operations,A57130,Home Care Services,R0482034,"DCC Business Entities (Sole Trade, Partnership, Ltd)"
18,Devon County Council,14/05/2026,150448385,"4,589.28",M Group Highways Limited,375383,927200546,Highways & Infrastructure Development,A46100,Main / Term Contractor,R0554004,"DCC Business Entities (Sole Trade, Partnership, Ltd)"
18,Devon County Council,14/05/2026,150448390,"3,717.39",M Group Highways Limited,375383,927200546,Highways & Infrastructure Development,A46100,Main / Term Contractor,R0554001,"DCC Business Entities (Sole Trade, Partnership, Ltd)"
18,Devon County Council,14/05/2026,150448391,"2,607.54",M Group Highways Limited,375383,927200546,Highways & Infrastructure Development,A46100,Main / Term Contractor,R0554001,"DCC Business Entities (Sole Trade, Partnership, Ltd)"
18,Devon County Council,15/05/2026,22083779,"-3,600.00",HAIR AT THE ACADEMY LIMITED,321949,,Dedicated Schools Grant,A44185,Other professional Services (Schools),R0082007,"DCC Business Entities (Sole Trade, Partnership, Ltd)"
18,Devon County Council,15/05/2026,22087324,833,LAND SOLUTIONS (SOUTH WEST) LTD,600521,275755659,Highways & Infrastructure Development,A49005,Other Hired & Contracting Services,R0557013,DCC CIS Suppliers
18,Devon County Council,15/05/2026,22087333,578.25,LAND SOLUTIONS (SOUTH WEST) LTD,600521,275755659,Highways & Infrastructure Development,A49005,Other Hired & Contracting Services,R0557013,DCC CIS Suppliers
18,Devon County Council,15/05/2026,22088610,582,LAND SOLUTIONS (SOUTH WEST) LTD,600521,275755659,Highways & Infrastructure Development,A49005,Other Hired & Contracting Services,R0557013,DCC CIS Suppliers
18,Devon County Council,15/05/2026,22091266,"2,998.00",INVOLVE CARE SOLUTIONS LIMITED,402831,,Children's Social Care,A61200,Community based care,R0044004,"DCC Business Entities (Sole Trade, Partnership, Ltd)"
18,Devon County Council,15/05/2026,22092921,"4,600.00",HAVEN WOOD FOREST SCHOOL LIMITED,400014,,Dedicated Schools Grant,A44185,Other professional Services (Schools),R0082007,"DCC Business Entities (Sole Trade, Partnership, Ltd)"
18,Devon County Council,15/05/2026,22093090,"46,278.71",ASPRIS CHILDRENS SERVICES,269558,411348137,Dedicated Schools Grant,A61052,Independent Special School Fees,R0089003,"DCC Business Entities (Sole Trade, Partnership, Ltd)"
18,Devon County Council,15/05/2026,22093138,"2,610.00",POLES APART AP LIMITED,382940,415121054,Dedicated Schools Grant,A44185,Other professional Services (Schools),R0082007,"DCC Business Entities (Sole Trade, Partnership, Ltd)"
18,Devon County Council,15/05/2026,22093147,"2,465.00",POLES APART AP LIMITED,382940,415121054,Dedicated Schools Grant,A44185,Other professional Services (Schools),R0082007,"DCC Business Entities (Sole Trade, Partnership, Ltd)"
18,Devon County Council,15/05/2026,22093154,"2,610.00",POLES APART AP LIMITED,382940,415121054,Dedicated Schools Grant,A44185,Other professional Services (Schools),R0082007,"DCC Business Entities (Sole Trade, Partnership, Ltd)"
18,Devon County Council,15/05/2026,22093286,"67,015.16",TRANSFORMING FUTURES TRUST,181267,,Dedicated Schools Grant,A61052,Independent Special School Fees,R0089003,"DCC Business Entities (Sole Trade, Partnership, Ltd)"
18,Devon County Council,15/05/2026,22093410,"2,960.78",BREAKTHROUGH TRANSFORMATION TRUST,248117,480468080,Dedicated Schools Grant,A44185,Other professional Services (Schools),R0082007,"DCC Business Entities (Sole Trade, Partnership, Ltd)"
18,Devon County Council,15/05/2026,22093414,"4,808.95",BREAKTHROUGH TRANSFORMATION TRUST,248117,480468080,Dedicated Schools Grant,A44185,Other professional Services (Schools),R0082007,"DCC Business Entities (Sole Trade, Partnership, Ltd)"
18,Devon County Council,15/05/2026,22093417,"4,255.39",BREAKTHROUGH TRANSFORMATION TRUST,248117,480468080,Dedicated Schools Grant,A44185,Other professional Services (Schools),R0082007,"DCC Business Entities (Sole Trade, Partnership, Ltd)"
18,Devon County Council,15/05/2026,22093426,"-6,936.78",ASPRIS CHILDRENS SERVICES,269558,411348137,Dedicated Schools Grant,A61052,Independent Special School Fees,R0089003,"DCC Business Entities (Sole Trade, Partnership, Ltd)"
18,Devon County Council,15/05/2026,22093573,745,STEARN ELECTRIC COMPANY LIMITED,21421,927202736,Children's Social Care,A40920,Equipment,R0095003,"DCC Business Entities (Sole Trade, Partnership, Ltd)"
18,Devon County Council,15/05/2026,22095457,526.27,SPEEDADMIN APS,385805,,Transformation & Business Services,A45040,IT Software,R0353008,DCC International
18,Devon County Council,15/05/2026,22097502,"8,050.01",LIBRARIES UNLIMITED SOUTH WEST,334595,235429115,Communities,A46100,Main / Term Contractor,R0325001,"DCC Business Entities (Sole Trade, Partnership, Ltd)"
18,Devon County Council,15/05/2026,22098004,"3,500.00",SID VALLEY PRACTICE,117430,,Public Health Nursing,A22010,Hire of Rooms,R0019004,"DCC Business Entities (Sole Trade, Partnership, Ltd)"
18,Devon County Council,15/05/2026,22098195,739.43,CHUBB FIRE & SECURITY LIMITED,19705,439475808,Capital - SEND Schools,C02046,Sundry Projects Costs,C0660001,"DCC Business Entities (Sole Trade, Partnership, Ltd)"
18,Devon County Council,15/05/2026,22098413,"1,398.83",BROADHEMPSTON PARISH COUNCIL,4326,,Highways & Infrastructure Development,A53012,Payments to Independent Units,R0561003,"DCC Business Entities (Sole Trade, Partnership, Ltd)"
18,Devon County Council,18/05/2026,22087678,"3,223.23",SOUTH HAMS DISTRICT COUNCIL,8255,142204125,Children's Social Care,A62010,Unsupported Accommodation - Child,R0022008,"DCC Business Entities (Sole Trade, Partnership, Ltd)"
18,Devon County Council,18/05/2026,22092456,"1,950.00",TUTE EDUCATION LIMITED,307284,902188441,Dedicated Schools Grant,A44180,Services for Educational Estabs - Devon,R0010004,"DCC Business Entities (Sole Trade, Partnership, Ltd)"
18,Devon County Council,18/05/2026,22093420,"8,296.68",SWATPRO LIMITED,402796,,"Economy, Enterprise and Skills",A44038,Fees,R0546004,"DCC Business Entities (Sole Trade, Partnership, Ltd)"
18,Devon County Council,18/05/2026,22093431,515,SOUTH WEST COUNCILS,261183,131462795,Finance & Public Value,A16015,Staff Training Expenses - Non Payroll,R0493001,"DCC Business Entities (Sole Trade, Partnership, Ltd)"
18,Devon County Council,18/05/2026,22093439,"1,454.80",ASPIRE SOCIAL WORK SERVICES LIMITED,329159,261463708,"Chief Exec, Legal & Democratic services",A44038,Fees,R0276001,"DCC Business Entities (Sole Trade, Partnership, Ltd)"
18,Devon County Council,18/05/2026,22093452,540,HATCHPLAN LIMITED,4698,730071086,Capital - Highways,C02009,Works,C0671007,DCC CIS Suppliers
18,Devon County Council,18/05/2026,22093465,"1,375.00",BALES FARM OUTDOOR LEARNING LTD,377260,505816692,Dedicated Schools Grant,A44185,Other professional Services (Schools),R0082007,"DCC Business Entities (Sole Trade, Partnership, Ltd)"
18,Devon County Council,18/05/2026,22093475,"2,816.00",INTERNET INVESTIGATION SOLUTIONS LIMITED,400439,183781770,Other PH Services,A45045,IT Software Maintenance,R0548001,"DCC Business Entities (Sole Trade, Partnership, Ltd)"
18,Devon County Council,18/05/2026,22093478,"1,375.00",BALES FARM OUTDOOR LEARNING LTD,377260,505816692,Dedicated Schools Grant,A44185,Other professional Services (Schools),R0082007,"DCC Business Entities (Sole Trade, Partnership, Ltd)"
18,Devon County Council,18/05/2026,22093487,"6,790.20",Enerveo Limited,14967,382894546,"Capital - Planning, Transportation and Environment",C02009,Works,C0671003,DCC CIS Suppliers
18,Devon County Council,18/05/2026,22093518,634.2,SWAN ADVOCACY NETWORK,340882,,Operations,A44038,Fees,R0222002,"DCC Business Entities (Sole Trade, Partnership, Ltd)"
18,Devon County Council,18/05/2026,22093525,"1,236.90",SEVERN TRENT GREEN POWER,322030,876098474,"Transport Operations, Environment and Waste",A46100,Main / Term Contractor,R0598001,"DCC Business Entities (Sole Trade, Partnership, Ltd)"
18,Devon County Council,18/05/2026,22093585,"5,359.00",S C C,161520,313651680,Transformation & Business Services,A45005,IT Hardware,R0505006,"DCC Business Entities (Sole Trade, Partnership, Ltd)"
18,Devon County Council,18/05/2026,22093592,"2,825.36",S C C,161520,313651680,"Chief Exec, Legal & Democratic services",A45015,Postages,R0286001,"DCC Business Entities (Sole Trade, Partnership, Ltd)"
18,Devon County Council,18/05/2026,22093609,688.28,WEST BUCKLAND SCHOOL,61976,412034358,Dedicated Schools Grant,A44185,Other professional Services (Schools),R0082007,"DCC Business Entities (Sole Trade, Partnership, Ltd)"
18,Devon County Council,18/05/2026,22093839,"1,885.00",EAST DEVON BLINDS,381604,,Transformation & Business Services,A20005,"Property Repairs, Maintenance & Alterations (programmed)",R0333026,"DCC Business Entities (Sole Trade, Partnership, Ltd)"
18,Devon County Council,18/05/2026,22094061,"1,920.00",Bee Kind Support Limited,601174,,Children's Social Care,A61200,Community based care,R0044004,"DCC Business Entities (Sole Trade, Partnership, Ltd)"
18,Devon County Council,18/05/2026,22094894,678,LEXTOX,308992,111581940,"Chief Exec, Legal & Democratic services",A44038,Fees,R0276001,"DCC Business Entities (Sole Trade, Partnership, Ltd)"
18,Devon County Council,18/05/2026,22096528,"3,750.00",PARENTS AND CHILDREN TOGETHER,117180,235376458,Children's Social Care,A44038,Fees,R0024001,"DCC Business Entities (Sole Trade, Partnership, Ltd)"
18,Devon County Council,18/05/2026,22097089,"48,100.00",DISCLOSURE & BARRING SERVICE,138421,888816061,People and Culture,A12510,Other Employee Expenses,R0472004,"DCC Business Entities (Sole Trade, Partnership, Ltd)"
18,Devon County Council,18/05/2026,22097100,"42,151.14",FUELCARD SERVICES LIMITED,326358,447765312,"Transport Operations, Environment and Waste",A30015,Vehicle Fuel,R0584003,"DCC Business Entities (Sole Trade, Partnership, Ltd)"
18,Devon County Council,18/05/2026,22097533,"1,143.56",LEXIA EDUCATION SERVICES LIMITED,376344,376218677,Dedicated Schools Grant,A44185,Other professional Services (Schools),R0082007,"DCC Business Entities (Sole Trade, Partnership, Ltd)"
18,Devon County Council,18/05/2026,22097606,"22,386.41",WILLS BROS CIVIL ENGINEERING LIMITED,350456,114502265,"Capital - Planning, Transportation and Environment",C02009,Works,C0654001,DCC CIS Suppliers
18,Devon County Council,18/05/2026,22097741,687.5,BALES FARM OUTDOOR LEARNING LTD,377260,505816692,Dedicated Schools Grant,A44185,Other professional Services (Schools),R0082007,"DCC Business Entities (Sole Trade, Partnership, Ltd)"
18,Devon County Council,18/05/2026,22097770,"5,322.70",MONICA Y ZAPATA LOPEZ,392518,,Transformation & Business Services,A62000,Supported Accommodation - Child,R0333028,"DCC Business Entities (Sole Trade, Partnership, Ltd)"
18,Devon County Council,18/05/2026,22097963,"78,125.00",N Y A S,315504,868223503,Children's Social Care,A52010,"Grants to voluntary, community and social enterprise organisations",R0026002,"DCC Business Entities (Sole Trade, Partnership, Ltd)"
18,Devon County Council,18/05/2026,22098076,993,IDVERDE LIMITED,24676,190173669,Capital - Highways,C02009,Works,C0671004,DCC CIS Suppliers
18,Devon County Council,18/05/2026,22098428,"2,984.00",HYDRO INTERNATIONAL (UK) LIMITED,190264,609548909,"Transport Operations, Environment and Waste",A49005,Other Hired & Contracting Services,R0614001,"DCC Business Entities (Sole Trade, Partnership, Ltd)"
18,Devon County Council,18/05/2026,22098764,"16,000.00",ASHFORDS LLP,88874,140836186,"Capital - Planning, Transportation and Environment",C02011,External Professional Fees,C0671003,"DCC Business Entities (Sole Trade, Partnership, Ltd)"
18,Devon County Council,19/05/2026,22015350,"70,708.32",DIDCOT CARE HOME LIMITED,397120,,Operations,A57155,Nursing Care - Long Stay,R0480087,"DCC Business Entities (Sole Trade, Partnership, Ltd)"
18,Devon County Council,19/05/2026,22017854,"1,511.06",DERWENT LODGE/BONDCARE (LONDON),348814,268629457,Operations,A57155,Nursing Care - Long Stay,R0482033,"DCC Business Entities (Sole Trade, Partnership, Ltd)"
18,Devon County Council,19/05/2026,22028193,"1,820.00",BARCHESTER HEALTHCARE HOMES LIMITED NORTH PARK,400821,796642084,Operations,A57140,Residential Care - Long Stay,R0480074,"DCC Business Entities (Sole Trade, Partnership, Ltd)"
18,Devon County Council,19/05/2026,22068668,"1,573.27",DOVECOTE VIEW RESIDENTIAL HOME,386126,,Operations,A57140,Residential Care - Long Stay,R0482033,"DCC Business Entities (Sole Trade, Partnership, Ltd)"
18,Devon County Council,19/05/2026,22075310,"8,137.14",Abacus Quality Care Ltd,601171,,Operations,A57140,Residential Care - Long Stay,R0480066,"DCC Business Entities (Sole Trade, Partnership, Ltd)"
18,Devon County Council,19/05/2026,22087262,"3,709.58",IDVERDE LIMITED,24676,190173669,Finance & Public Value,A20030,Service Term Contracts,R0213002,DCC CIS Suppliers
18,Devon County Council,19/05/2026,22092741,605,DODDS SOLICITORS LLP,394172,729928286,"Chief Exec, Legal & Democratic services",A44968,Legal & Conveyancing Charges,R0276001,"DCC Business Entities (Sole Trade, Partnership, Ltd)"
18,Devon County Council,19/05/2026,22093605,"5,067.00",Engage Train Support Limited,603273,452844383,"Economy, Enterprise and Skills",A44038,Fees,R0546004,"DCC Business Entities (Sole Trade, Partnership, Ltd)"
18,Devon County Council,19/05/2026,22093811,666.5,EXE VALLEY MARKET BUSINESS,195363,,"Transport Operations, Environment and Waste",A32010,Contract Hire Scheme,R0575001,"DCC Business Entities (Sole Trade, Partnership, Ltd)"
18,Devon County Council,19/05/2026,22097531,"7,681.15",FULLSTOP FIRE & SECURITY LIMITED,175778,776842676,Other PH Services,A20015,Security / Surveillance Equipment Maintenance,R0352008,DCC CIS Suppliers
18,Devon County Council,19/05/2026,22098301,"9,360.00",Liquid Logic LTD,601473,927438206,Commissioning,A45040,IT Software,R0466001,"DCC Business Entities (Sole Trade, Partnership, Ltd)"
18,Devon County Council,19/05/2026,22098471,"70,934.62",WILLS BROS CIVIL ENGINEERING LIMITED,350456,114502265,Capital - Highways,C02009,Works,C0671004,DCC CIS Suppliers
18,Devon County Council,19/05/2026,22098525,"1,021.24",IKEA LIMITED,175140,527773320,Children's Social Care,A40045,Furniture,R0095011,"DCC Business Entities (Sole Trade, Partnership, Ltd)"
18,Devon County Council,19/05/2026,22098666,"3,548.59",BRAUNTON MOBILITY,273746,947557671,P-Ledger - Separate Legal Entity,A61054,Equipment (Care),P0391002,"DCC Business Entities (Sole Trade, Partnership, Ltd)"
18,Devon County Council,19/05/2026,22098718,"3,300.00",ESTEEM TEAM COMMUNITY INTEREST COMPANY,366509,491597739,Dedicated Schools Grant,A44185,Other professional Services (Schools),R0082007,"DCC Business Entities (Sole Trade, Partnership, Ltd)"
18,Devon County Council,19/05/2026,22098831,"1,365.00",LIBRARIES UNLIMITED SOUTH WEST,334595,235429115,"Economy, Enterprise and Skills",A22010,Hire of Rooms,R0539002,"DCC Business Entities (Sole Trade, Partnership, Ltd)"
18,Devon County Council,19/05/2026,22098852,"73,956.00",TORRIDGE DISTRICT COUNCIL,4707,144666062,P-Ledger - Separate Legal Entity,A47005,"Grants, Contributions & Donations",P0401001,"DCC Business Entities (Sole Trade, Partnership, Ltd)"
18,Devon County Council,19/05/2026,22098881,"3,059.00",EDGE SERVICES,151978,721485639,People and Culture,A44038,Fees,R0303007,"DCC Business Entities (Sole Trade, Partnership, Ltd)"
18,Devon County Council,19/05/2026,22098939,"1,450.00",NORSE SOUTH WEST LIMITED,279741,785421021,Transformation & Business Services,A46100,Main / Term Contractor,R0334005,"DCC Business Entities (Sole Trade, Partnership, Ltd)"
18,Devon County Council,19/05/2026,22099016,579,TOPP TREE CARE LTD,389748,434623407,Highways & Infrastructure Development,A49005,Other Hired & Contracting Services,R0553005,"DCC Business Entities (Sole Trade, Partnership, Ltd)"
18,Devon County Council,19/05/2026,22099021,"19,223.89",ACORN CARE & EDUCATION LIMITED,333557,902188441,Dedicated Schools Grant,A53035,Other Recoupment Expenditure (3rd),R0111002,"DCC Business Entities (Sole Trade, Partnership, Ltd)"
18,Devon County Council,19/05/2026,22099039,"3,616.76",PICKWELL FOUNDATION (THE),349174,,"Economy, Enterprise and Skills",A52010,"Grants to voluntary, community and social enterprise organisations",R0547002,"DCC Business Entities (Sole Trade, Partnership, Ltd)"
18,Devon County Council,19/05/2026,22099058,"1,600.00",LONDON BUILDING CONTROL LIMITED,318551,895840176,Capital - SEND Schools,C02011,External Professional Fees,C0660001,"DCC Business Entities (Sole Trade, Partnership, Ltd)"
18,Devon County Council,20/05/2026,22091611,"15,605.97",EFW CONSULTING LIMITED,369066,349505188,"Transport Operations, Environment and Waste",A46100,Main / Term Contractor,R0593001,"DCC Business Entities (Sole Trade, Partnership, Ltd)"
18,Devon County Council,20/05/2026,22091915,822.25,ORION MEDICAL SUPPLIES LIMITED,355162,142018357,Public Health,A57115,Payments to Private Contractors,R0316037,"DCC Business Entities (Sole Trade, Partnership, Ltd)"
18,Devon County Council,20/05/2026,22093583,"22,057.22",PRIOR'S COURT SERVICES LIMITED,375137,326021250,Dedicated Schools Grant,A61052,Independent Special School Fees,R0089001,"DCC Business Entities (Sole Trade, Partnership, Ltd)"
18,Devon County Council,20/05/2026,22094000,770,PHOEBE WOODS LIMITED,367261,,Dedicated Schools Grant,A44185,Other professional Services (Schools),R0082006,"DCC Business Entities (Sole Trade, Partnership, Ltd)"
18,Devon County Council,20/05/2026,22094039,"7,273.99",INSPIRE SOUTH WEST,326670,,Dedicated Schools Grant,A44185,Other professional Services (Schools),R0082007,"DCC Business Entities (Sole Trade, Partnership, Ltd)"
18,Devon County Council,20/05/2026,22094059,"6,756.00",Engage Train Support Limited,603273,452844383,"Economy, Enterprise and Skills",A44038,Fees,R0546004,"DCC Business Entities (Sole Trade, Partnership, Ltd)"
18,Devon County Council,20/05/2026,22094174,622.49,DODDS SOLICITORS LLP,394172,729928286,"Chief Exec, Legal & Democratic services",A44968,Legal & Conveyancing Charges,R0276001,"DCC Business Entities (Sole Trade, Partnership, Ltd)"
18,Devon County Council,20/05/2026,22094191,822,AMICUS PSYCHOLOGY LIMITED,400956,,P-Ledger - Separate Legal Entity,A61060,Support for Children in Care,P0432008,"DCC Business Entities (Sole Trade, Partnership, Ltd)"
18,Devon County Council,20/05/2026,22094348,"2,514.00",VALTECH LIMITED,358093,233250991,"Chief Exec, Legal & Democratic services",A49005,Other Hired & Contracting Services,R0291003,"DCC Business Entities (Sole Trade, Partnership, Ltd)"
18,Devon County Council,20/05/2026,22095016,"6,635.62",INSPIRE SOUTH WEST,326670,,Dedicated Schools Grant,A44185,Other professional Services (Schools),R0082002,"DCC Business Entities (Sole Trade, Partnership, Ltd)"
18,Devon County Council,20/05/2026,22095124,623.75,LEXIA EDUCATION SERVICES LIMITED,376344,376218677,Dedicated Schools Grant,A44180,Services for Educational Estabs - Devon,R0010004,"DCC Business Entities (Sole Trade, Partnership, Ltd)"
18,Devon County Council,20/05/2026,22095126,"1,039.60",LEXIA EDUCATION SERVICES LIMITED,376344,376218677,Dedicated Schools Grant,A44185,Other professional Services (Schools),R0082007,"DCC Business Entities (Sole Trade, Partnership, Ltd)"
18,Devon County Council,20/05/2026,22096415,779.7,LEXIA EDUCATION SERVICES LIMITED,376344,376218677,Dedicated Schools Grant,A44185,Other professional Services (Schools),R0082007,"DCC Business Entities (Sole Trade, Partnership, Ltd)"
18,Devon County Council,20/05/2026,22096421,"1,819.31",LEXIA EDUCATION SERVICES LIMITED,376344,376218677,Dedicated Schools Grant,A44180,Services for Educational Estabs - Devon,R0010004,"DCC Business Entities (Sole Trade, Partnership, Ltd)"
18,Devon County Council,20/05/2026,22096422,"1,065.22",LEXIA EDUCATION SERVICES LIMITED,376344,376218677,Dedicated Schools Grant,A44185,Other professional Services (Schools),R0082007,"DCC Business Entities (Sole Trade, Partnership, Ltd)"
18,Devon County Council,20/05/2026,22096434,"1,247.52",LEXIA EDUCATION SERVICES LIMITED,376344,376218677,Dedicated Schools Grant,A44185,Other professional Services (Schools),R0082007,"DCC Business Entities (Sole Trade, Partnership, Ltd)"
18,Devon County Council,20/05/2026,22096444,571.78,LEXIA EDUCATION SERVICES LIMITED,376344,376218677,Dedicated Schools Grant,A44180,Services for Educational Estabs - Devon,R0010004,"DCC Business Entities (Sole Trade, Partnership, Ltd)"
18,Devon County Council,20/05/2026,22096453,"1,065.60",LEXIA EDUCATION SERVICES LIMITED,376344,376218677,Dedicated Schools Grant,A44185,Other professional Services (Schools),R0082007,"DCC Business Entities (Sole Trade, Partnership, Ltd)"
18,Devon County Council,20/05/2026,22096457,"1,559.40",LEXIA EDUCATION SERVICES LIMITED,376344,376218677,Dedicated Schools Grant,A44185,Other professional Services (Schools),R0082007,"DCC Business Entities (Sole Trade, Partnership, Ltd)"
18,Devon County Council,20/05/2026,22096478,"2,875.35",LEXIA EDUCATION SERVICES LIMITED,376344,376218677,Dedicated Schools Grant,A44185,Other professional Services (Schools),R0082007,"DCC Business Entities (Sole Trade, Partnership, Ltd)"
18,Devon County Council,20/05/2026,22096492,"1,396.34",LEXIA EDUCATION SERVICES LIMITED,376344,376218677,Dedicated Schools Grant,A44185,Other professional Services (Schools),R0082007,"DCC Business Entities (Sole Trade, Partnership, Ltd)"
18,Devon County Council,20/05/2026,22096493,"1,715.33",LEXIA EDUCATION SERVICES LIMITED,376344,376218677,Dedicated Schools Grant,A44185,Other professional Services (Schools),R0082007,"DCC Business Entities (Sole Trade, Partnership, Ltd)"
18,Devon County Council,20/05/2026,22096527,623.76,LEXIA EDUCATION SERVICES LIMITED,376344,376218677,Dedicated Schools Grant,A44185,Other professional Services (Schools),R0082007,"DCC Business Entities (Sole Trade, Partnership, Ltd)"
18,Devon County Council,20/05/2026,22097543,"2,234.34",FIRST CARE AMBULANCE LIMITED,98315,238628481,"Chief Exec, Legal & Democratic services",A49005,Other Hired & Contracting Services,R0506002,"DCC Business Entities (Sole Trade, Partnership, Ltd)"
18,Devon County Council,20/05/2026,22097544,"3,401.24",FIRST CARE AMBULANCE LIMITED,98315,238628481,"Chief Exec, Legal & Democratic services",A49005,Other Hired & Contracting Services,R0506002,"DCC Business Entities (Sole Trade, Partnership, Ltd)"
18,Devon County Council,20/05/2026,22097925,"6,750.00",CIVICA UK LIMITED,20654,391171065,"Chief Exec, Legal & Democratic services",A45045,IT Software Maintenance,R0291002,"DCC Business Entities (Sole Trade, Partnership, Ltd)"
18,Devon County Council,20/05/2026,22097980,923.49,KENT COUNTY COUNCIL,83992,204269191,Operations,A21010,Gas,R0252001,"DCC Business Entities (Sole Trade, Partnership, Ltd)"
18,Devon County Council,20/05/2026,22097985,"1,505.79",KENT COUNTY COUNCIL,83992,204269191,Children's Social Care,A21010,Gas,R0015001,"DCC Business Entities (Sole Trade, Partnership, Ltd)"
18,Devon County Council,20/05/2026,22097986,"1,039.02",KENT COUNTY COUNCIL,83992,204269191,Transformation & Business Services,A21010,Gas,R0333026,"DCC Business Entities (Sole Trade, Partnership, Ltd)"
18,Devon County Council,20/05/2026,22098086,"1,559.40",LEXIA EDUCATION SERVICES LIMITED,376344,376218677,Dedicated Schools Grant,A44185,Other professional Services (Schools),R0082007,"DCC Business Entities (Sole Trade, Partnership, Ltd)"
18,Devon County Council,20/05/2026,22098652,535.51,SOUTH WEST COMMUNICATIONS GROUP,21387,834869189,Children's Social Care,A45020,Telephones,R0015001,"DCC Business Entities (Sole Trade, Partnership, Ltd)"
18,Devon County Council,20/05/2026,22099141,"3,026.90",LEUNG HOI KI,394840,,"Chief Exec, Legal & Democratic services",A44038,Fees,R0506002,"DCC Business Entities (Sole Trade, Partnership, Ltd)"
18,Devon County Council,20/05/2026,22099349,"1,970.00",DESTINATION ORGANISED,401107,,Operations,A49202,In House Management Fees,R0482036,"DCC Business Entities (Sole Trade, Partnership, Ltd)"
18,Devon County Council,20/05/2026,22099390,"24,206.00",ABACUS CONSTRUCTION LIMITED,298515,586015729,Capital other - Digital Technology & Business Services,C02009,Works,C0651001,DCC CIS Suppliers
18,Devon County Council,20/05/2026,22099411,"195,535.37",MODERN SCHOOLS (EXETER) LIMITED,176325,838739084,Transformation & Business Services,A47505,PFI Charges,R0360007,"DCC Business Entities (Sole Trade, Partnership, Ltd)"
18,Devon County Council,20/05/2026,22099473,"3,886.94",FIRST CARE AMBULANCE LIMITED,98315,238628481,"Chief Exec, Legal & Democratic services",A49005,Other Hired & Contracting Services,R0506002,"DCC Business Entities (Sole Trade, Partnership, Ltd)"
18,Devon County Council,20/05/2026,22099475,"1,534.44",FIRST CARE AMBULANCE LIMITED,98315,238628481,"Chief Exec, Legal & Democratic services",A49005,Other Hired & Contracting Services,R0506002,"DCC Business Entities (Sole Trade, Partnership, Ltd)"
18,Devon County Council,21/05/2026,22025010,"-8,174.57",KEYS GROUP PROGRESSIVE CARE,344328,,Children's Social Care,A61043,Residential Care U18,R0033004,"DCC Business Entities (Sole Trade, Partnership, Ltd)"
18,Devon County Council,21/05/2026,22090809,"5,808.50",CANTIUM BUSINESS SOLUTIONS LIMITED,354810,294540288,People and Culture,A12510,Other Employee Expenses,R0472004,"DCC Business Entities (Sole Trade, Partnership, Ltd)"
18,Devon County Council,21/05/2026,22093397,"2,315.00",KITE THERAPEUTIC LEARNING SERVIC,380287,,Dedicated Schools Grant,A44185,Other professional Services (Schools),R0082002,"DCC Business Entities (Sole Trade, Partnership, Ltd)"
18,Devon County Council,21/05/2026,22093871,"4,234.49",KEYS PCE LIMITED,363936,927104637,Dedicated Schools Grant,A61052,Independent Special School Fees,R0089003,"DCC Business Entities (Sole Trade, Partnership, Ltd)"
18,Devon County Council,21/05/2026,22093889,564,PLYMOUTH CITY COUNCIL (RADIUS ACCOUNT,87504,144675845,Operations,A57170,Carers Support Residential,R0251003,"DCC Business Entities (Sole Trade, Partnership, Ltd)"
18,Devon County Council,21/05/2026,22093962,"5,408.33",ACORN CARE & EDUCATION LIMITED,333557,902188441,Dedicated Schools Grant,A61052,Independent Special School Fees,R0089003,"DCC Business Entities (Sole Trade, Partnership, Ltd)"
18,Devon County Council,21/05/2026,22093972,"5,570.58",ACORN CARE & EDUCATION LIMITED,333557,902188441,Dedicated Schools Grant,A61052,Independent Special School Fees,R0089003,"DCC Business Entities (Sole Trade, Partnership, Ltd)"
18,Devon County Council,21/05/2026,22094024,"16,015.61",INSPIRE SOUTH WEST,326670,,Dedicated Schools Grant,A44185,Other professional Services (Schools),R0082007,"DCC Business Entities (Sole Trade, Partnership, Ltd)"
18,Devon County Council,21/05/2026,22094194,550,PSYCHOLOGY ASSOCIATES LIMITED,147932,912873418,P-Ledger - Separate Legal Entity,A61060,Support for Children in Care,P0432008,"DCC Business Entities (Sole Trade, Partnership, Ltd)"
18,Devon County Council,21/05/2026,22094211,"100,816.00",UNIVERSITY OF EXETER-FINANCE OFF,4630,142047795,Inclusion & Learning,A12510,Other Employee Expenses,R0061001,"DCC Business Entities (Sole Trade, Partnership, Ltd)"
18,Devon County Council,21/05/2026,22094252,"2,900.00",REVEAL MEDIA LIMITED,289902,798532669,Other PH Services,A45045,IT Software Maintenance,R0548001,"DCC Business Entities (Sole Trade, Partnership, Ltd)"
18,Devon County Council,21/05/2026,22094289,"2,100.00",SPARKS LEARNING LIMITED,394786,,Dedicated Schools Grant,A44185,Other professional Services (Schools),R0082007,"DCC Business Entities (Sole Trade, Partnership, Ltd)"
18,Devon County Council,21/05/2026,22094300,"4,675.00",INSPIRE SOUTH WEST,326670,,Dedicated Schools Grant,A44185,Other professional Services (Schools),R0082007,"DCC Business Entities (Sole Trade, Partnership, Ltd)"
18,Devon County Council,21/05/2026,22094947,"4,500.00",ASHFORDS LLP,88874,140836186,Highways & Infrastructure Development,A46100,Main / Term Contractor,R0573002,"DCC Business Entities (Sole Trade, Partnership, Ltd)"
18,Devon County Council,21/05/2026,22095543,"306,481.60",ACORN CARE & EDUCATION LIMITED,333557,902188441,Dedicated Schools Grant,A61052,Independent Special School Fees,R0089003,"DCC Business Entities (Sole Trade, Partnership, Ltd)"
18,Devon County Council,21/05/2026,22095692,"16,437.90",PROMOTING INDEPENDENT CARE LIMITED,376159,,Children's Social Care,A11005,Agency Supply Staff,R0095010,"DCC Business Entities (Sole Trade, Partnership, Ltd)"
18,Devon County Council,21/05/2026,22096338,"1,595.00",361 ENERGY,292101,492367853,"Capital - Planning, Transportation and Environment",C02011,External Professional Fees,C0649001,"DCC Business Entities (Sole Trade, Partnership, Ltd)"
18,Devon County Council,21/05/2026,22096820,719,TOPP TREE CARE LTD,389748,434623407,Highways & Infrastructure Development,A49005,Other Hired & Contracting Services,R0553005,"DCC Business Entities (Sole Trade, Partnership, Ltd)"
18,Devon County Council,21/05/2026,22096873,500,Sally Daulton,602355,108715225,"Chief Exec, Legal & Democratic services",A44968,Legal & Conveyancing Charges,R0276001,"DCC Business Entities (Sole Trade, Partnership, Ltd)"
18,Devon County Council,21/05/2026,22097389,831.61,361 ENERGY,292101,492367853,"Transport Operations, Environment and Waste",A44038,Fees,R0611004,"DCC Business Entities (Sole Trade, Partnership, Ltd)"
18,Devon County Council,21/05/2026,22097950,650,PETER ASH,400600,451441419,"Chief Exec, Legal & Democratic services",A44968,Legal & Conveyancing Charges,R0276001,"DCC Business Entities (Sole Trade, Partnership, Ltd)"
18,Devon County Council,21/05/2026,22098305,"3,063.17",MARINE & CIVIL SOLUTIONS LIMITED,283395,431868383,Highways & Infrastructure Development,A46100,Main / Term Contractor,R0555002,DCC CIS Suppliers
18,Devon County Council,21/05/2026,22098318,725.63,MARINE & CIVIL SOLUTIONS LIMITED,283395,431868383,Highways & Infrastructure Development,A46100,Main / Term Contractor,R0555002,DCC CIS Suppliers
18,Devon County Council,21/05/2026,22098423,"-23,325.00",ROYAL DEVON UNIVERSITY HEALTHCAR,21280,654938887,P-Ledger - Separate Legal Entity,A54000,Better Care Fund Expense,P0396008,"DCC Business Entities (Sole Trade, Partnership, Ltd)"
18,Devon County Council,21/05/2026,22099041,"65,402.43",TARMAC TRADING LIMITED,200725,532367943,Capital - Highways,C02009,Works,C0652001,"DCC Business Entities (Sole Trade, Partnership, Ltd)"
18,Devon County Council,21/05/2026,22099096,"1,115.00",INVOLVE CARE SOLUTIONS LIMITED,402831,,Children's Social Care,A61200,Community based care,R0044007,"DCC Business Entities (Sole Trade, Partnership, Ltd)"
18,Devon County Council,21/05/2026,22099568,"2,100.00",SPARKS LEARNING LIMITED,394786,,Dedicated Schools Grant,A44185,Other professional Services (Schools),R0082007,"DCC Business Entities (Sole Trade, Partnership, Ltd)"
18,Devon County Council,21/05/2026,22099740,594,FOREDOWNE KENNELS & CATTERY,92508,744978772,Mental Health,A49105,Other Supplies & Services,R0256001,"DCC Business Entities (Sole Trade, Partnership, Ltd)"
18,Devon County Council,21/05/2026,22099782,"1,414.00",WALES & WEST UTILITIES LIMITED,178421,851008849,Capital - Highways,C02009,Works,C0671008,"DCC Business Entities (Sole Trade, Partnership, Ltd)"
18,Devon County Council,21/05/2026,22099821,"1,794.00",DEVON PATHWAYS LTD,383486,392542678,Dedicated Schools Grant,A44185,Other professional Services (Schools),R0082007,"DCC Business Entities (Sole Trade, Partnership, Ltd)"
18,Devon County Council,22/05/2026,22087643,"4,692.76",PUBLIC ANALYST SCIENTIFIC SERVICES,292661,887127683,Other PH Services,A44038,Fees,R0548001,"DCC Business Entities (Sole Trade, Partnership, Ltd)"
18,Devon County Council,22/05/2026,22093963,"11,128.71",IDVERDE LIMITED,24676,190173669,Finance & Public Value,A20030,Service Term Contracts,R0213002,DCC CIS Suppliers
18,Devon County Council,22/05/2026,22094606,674,NORSE SOUTH WEST LIMITED,279741,785421021,Transformation & Business Services,A44038,Fees,R0333028,"DCC Business Entities (Sole Trade, Partnership, Ltd)"
18,Devon County Council,22/05/2026,22094622,"1,458.00",EXETER RUGBY CLUB LTD,34972,918551313,Dedicated Schools Grant,A44185,Other professional Services (Schools),R0082007,"DCC Business Entities (Sole Trade, Partnership, Ltd)"
18,Devon County Council,22/05/2026,22094627,"1,134.78",NORSE SOUTH WEST LIMITED,279741,785421021,Transformation & Business Services,A44038,Fees,R0333026,"DCC Business Entities (Sole Trade, Partnership, Ltd)"
18,Devon County Council,22/05/2026,22094628,"3,771.18",A M CARE,169807,831850435,P-Ledger - Separate Legal Entity,A61054,Equipment (Care),P0391002,"DCC Business Entities (Sole Trade, Partnership, Ltd)"
18,Devon County Council,22/05/2026,22094632,527.05,NORSE SOUTH WEST LIMITED,279741,785421021,Transformation & Business Services,A44038,Fees,R0333026,"DCC Business Entities (Sole Trade, Partnership, Ltd)"
18,Devon County Council,22/05/2026,22094636,"1,022.96",NORSE SOUTH WEST LIMITED,279741,785421021,Transformation & Business Services,A44038,Fees,R0333026,"DCC Business Entities (Sole Trade, Partnership, Ltd)"
18,Devon County Council,22/05/2026,22094812,"2,880.00",The Empower School t/a Contact Success,397825,438034602,Dedicated Schools Grant,A44185,Other professional Services (Schools),R0082007,"DCC Business Entities (Sole Trade, Partnership, Ltd)"
18,Devon County Council,22/05/2026,22094864,500,ACTION FIRST ASSESMENT LIMITED,388434,313339624,Operations,A44038,Fees,R0222002,"DCC Business Entities (Sole Trade, Partnership, Ltd)"
18,Devon County Council,22/05/2026,22094936,"3,781.09",NORSE SOUTH WEST LIMITED,279741,785421021,Transformation & Business Services,A44038,Fees,R0333004,"DCC Business Entities (Sole Trade, Partnership, Ltd)"
18,Devon County Council,22/05/2026,22094954,768.26,NORSE SOUTH WEST LIMITED,279741,785421021,"Economy, Enterprise and Skills",A46100,Main / Term Contractor,R0540006,"DCC Business Entities (Sole Trade, Partnership, Ltd)"
18,Devon County Council,22/05/2026,22094963,"4,859.40",The Pluss Organisation CIC,603354,481109307,"Economy, Enterprise and Skills",A44038,Fees,R0539003,"DCC Business Entities (Sole Trade, Partnership, Ltd)"
18,Devon County Council,22/05/2026,22095069,"1,156.28",Enerveo Limited,14967,382894546,Highways & Infrastructure Development,A46100,Main / Term Contractor,R0567007,DCC CIS Suppliers
18,Devon County Council,22/05/2026,22095089,"2,640.00",SOUTH DEVON COLLEGE,23677,585836291,"Economy, Enterprise and Skills",A44038,Fees,R0546004,"DCC Business Entities (Sole Trade, Partnership, Ltd)"
18,Devon County Council,22/05/2026,22095091,"9,836.82",SOUTH DEVON COLLEGE,23677,585836291,"Economy, Enterprise and Skills",A44038,Fees,R0546004,"DCC Business Entities (Sole Trade, Partnership, Ltd)"
18,Devon County Council,22/05/2026,22095093,"16,086.00",SOUTH DEVON COLLEGE,23677,585836291,"Economy, Enterprise and Skills",A44038,Fees,R0546004,"DCC Business Entities (Sole Trade, Partnership, Ltd)"
18,Devon County Council,22/05/2026,22095154,962.73,HOLCIM UK LIMITED,21683,533260571,Highways & Infrastructure Development,A21005,Electricity,R0550007,"DCC Business Entities (Sole Trade, Partnership, Ltd)"
18,Devon County Council,22/05/2026,22095362,"2,311.04",SME HCI LTD T/A VIVUP (CYCLE SCHEME),397607,869578054,People and Culture,A49105,Other Supplies & Services,R0502001,"DCC Business Entities (Sole Trade, Partnership, Ltd)"
18,Devon County Council,22/05/2026,22096072,"10,884.09",WESTCOUNTRY HOUSING,264341,918221242,Children's Social Care,A62000,Supported Accommodation - Child,R0026003,"DCC Business Entities (Sole Trade, Partnership, Ltd)"
18,Devon County Council,22/05/2026,22096117,"1,080.00",SWIFT CARE SERVICES LIMITED,403733,,Children's Social Care,A61200,Community based care,R0044004,"DCC Business Entities (Sole Trade, Partnership, Ltd)"
18,Devon County Council,22/05/2026,22096184,760.35,DR ANNA GOUGH,299516,,"Chief Exec, Legal & Democratic services",A44038,Fees,R0276001,"DCC Business Entities (Sole Trade, Partnership, Ltd)"
18,Devon County Council,22/05/2026,22096497,678,KITH & KIN CONSULTANCY AND PSYCHOLOGICAL THERAPIES,357587,,P-Ledger - Separate Legal Entity,A61060,Support for Children in Care,P0432008,"DCC Business Entities (Sole Trade, Partnership, Ltd)"
18,Devon County Council,22/05/2026,22096634,"2,328.00",MORRIS BROTHERS LIMITED,291544,,"Chief Exec, Legal & Democratic services",A49005,Other Hired & Contracting Services,R0506002,"DCC Business Entities (Sole Trade, Partnership, Ltd)"
18,Devon County Council,22/05/2026,22096851,738.98,CANSFORD LABORATORIES LIMITED,321040,104878015,"Chief Exec, Legal & Democratic services",A44038,Fees,R0276001,"DCC Business Entities (Sole Trade, Partnership, Ltd)"
18,Devon County Council,22/05/2026,22098073,"55,500.00",GLOBAL MEDIATION LIMITED,322357,740362359,Inclusion & Learning,A44185,Other professional Services (Schools),R0061002,"DCC Business Entities (Sole Trade, Partnership, Ltd)"
18,Devon County Council,22/05/2026,22098327,"1,701.91",KENT COUNTY COUNCIL,83992,204269191,Highways & Infrastructure Development,A21005,Electricity,R0567003,"DCC Business Entities (Sole Trade, Partnership, Ltd)"
18,Devon County Council,22/05/2026,22098665,801.4,KENT COUNTY COUNCIL,83992,204269191,Transformation & Business Services,A21005,Electricity,R0333028,"DCC Business Entities (Sole Trade, Partnership, Ltd)"
18,Devon County Council,22/05/2026,22098694,571.55,KENT COUNTY COUNCIL,83992,204269191,Transformation & Business Services,A21005,Electricity,R0333026,"DCC Business Entities (Sole Trade, Partnership, Ltd)"
18,Devon County Council,22/05/2026,22098702,534.52,KENT COUNTY COUNCIL,83992,204269191,Operations,A21005,Electricity,R0238001,"DCC Business Entities (Sole Trade, Partnership, Ltd)"
18,Devon County Council,22/05/2026,22098703,585.51,KENT COUNTY COUNCIL,83992,204269191,Children's Social Care,A21005,Electricity,R0095008,"DCC Business Entities (Sole Trade, Partnership, Ltd)"
18,Devon County Council,22/05/2026,22098759,"3,810.53",KENT COUNTY COUNCIL,83992,204269191,Transformation & Business Services,A21005,Electricity,R0333026,"DCC Business Entities (Sole Trade, Partnership, Ltd)"
18,Devon County Council,22/05/2026,22098776,"1,290.07",KENT COUNTY COUNCIL,83992,204269191,Transformation & Business Services,A21005,Electricity,R0333026,"DCC Business Entities (Sole Trade, Partnership, Ltd)"
18,Devon County Council,22/05/2026,22098860,"65,071.84",M Group Highways Limited,375383,927200546,"Capital - Planning, Transportation and Environment",C02009,Works,C0654001,"DCC Business Entities (Sole Trade, Partnership, Ltd)"
18,Devon County Council,22/05/2026,22099346,"1,090.00",SOMERSET COUNCIL,4696,131254412,Dedicated Schools Grant,A53040,Contributions to Educational Estabs (3rd,R0107001,"DCC Business Entities (Sole Trade, Partnership, Ltd)"
18,Devon County Council,22/05/2026,22099367,660,PLYMPTON ACADEMY,276869,,Dedicated Schools Grant,A53040,Contributions to Educational Estabs (3rd,R0107001,"DCC Business Entities (Sole Trade, Partnership, Ltd)"
18,Devon County Council,22/05/2026,22099749,"86,331.62",KENT COUNTY COUNCIL,83992,204269191,Highways & Infrastructure Development,A21005,Electricity,R0567003,"DCC Business Entities (Sole Trade, Partnership, Ltd)"
18,Devon County Council,22/05/2026,150451485,809.58,M Group Highways Limited,375383,927200546,Capital - Highways,C02051,Term Maintenance Contract,C0671007,"DCC Business Entities (Sole Trade, Partnership, Ltd)"
18,Devon County Council,22/05/2026,150451497,"4,232.73",M Group Highways Limited,375383,927200546,Highways & Infrastructure Development,A46100,Main / Term Contractor,R0553006,"DCC Business Entities (Sole Trade, Partnership, Ltd)"
18,Devon County Council,22/05/2026,150451500,"1,049.08",M Group Highways Limited,375383,927200546,Capital - Highways,C02051,Term Maintenance Contract,C0671006,"DCC Business Entities (Sole Trade, Partnership, Ltd)"
18,Devon County Council,22/05/2026,150451503,"3,134.81",M Group Highways Limited,375383,927200546,Capital - Highways,C02051,Term Maintenance Contract,C0671007,"DCC Business Entities (Sole Trade, Partnership, Ltd)"
18,Devon County Council,22/05/2026,150451508,"-4,630.80",M Group Highways Limited,375383,927200546,Capital - Highways,C02051,Term Maintenance Contract,C0671007,"DCC Business Entities (Sole Trade, Partnership, Ltd)"
18,Devon County Council,26/05/2026,22070789,"1,350.00",SOUTHWEST INTERVENTION SERVICES,333291,440830321,Children's Social Care,A61200,Community based care,R0044004,"DCC Business Entities (Sole Trade, Partnership, Ltd)"
18,Devon County Council,26/05/2026,22093553,"42,900.00",POLES APART AP LIMITED,382940,415121054,Dedicated Schools Grant,A44185,Other professional Services (Schools),R0082007,"DCC Business Entities (Sole Trade, Partnership, Ltd)"
18,Devon County Council,26/05/2026,22094425,"2,020,000.00",Newton Consulting Limited,603169,435668565,Commissioning,A44065,Consultancy Services,R0218002,"DCC Business Entities (Sole Trade, Partnership, Ltd)"
18,Devon County Council,26/05/2026,22094470,"19,437.60",The Pluss Organisation CIC,603354,481109307,"Economy, Enterprise and Skills",A44038,Fees,R0539003,"DCC Business Entities (Sole Trade, Partnership, Ltd)"
18,Devon County Council,26/05/2026,22094485,"1,732.50",SIMPLY GREAT MEDIA,367788,479704936,Dedicated Schools Grant,A44185,Other professional Services (Schools),R0082007,"DCC Business Entities (Sole Trade, Partnership, Ltd)"
18,Devon County Council,26/05/2026,22094489,"1,732.50",SIMPLY GREAT MEDIA,367788,479704936,Dedicated Schools Grant,A44185,Other professional Services (Schools),R0082007,"DCC Business Entities (Sole Trade, Partnership, Ltd)"
18,Devon County Council,26/05/2026,22094492,"1,732.50",SIMPLY GREAT MEDIA,367788,479704936,Dedicated Schools Grant,A44185,Other professional Services (Schools),R0082007,"DCC Business Entities (Sole Trade, Partnership, Ltd)"
18,Devon County Council,26/05/2026,22094493,"1,662.50",SIMPLY GREAT MEDIA,367788,479704936,Dedicated Schools Grant,A44185,Other professional Services (Schools),R0082007,"DCC Business Entities (Sole Trade, Partnership, Ltd)"
18,Devon County Council,26/05/2026,22094495,"1,485.00",SIMPLY GREAT MEDIA,367788,479704936,Dedicated Schools Grant,A44185,Other professional Services (Schools),R0082007,"DCC Business Entities (Sole Trade, Partnership, Ltd)"
18,Devon County Council,26/05/2026,22094500,"1,662.50",SIMPLY GREAT MEDIA,367788,479704936,Dedicated Schools Grant,A44185,Other professional Services (Schools),R0082007,"DCC Business Entities (Sole Trade, Partnership, Ltd)"
18,Devon County Council,26/05/2026,22094559,"9,553.08",W J SOUTH WEST LIMITED,308541,970783388,Capital - Highways,C02009,Works,C0652001,"DCC Business Entities (Sole Trade, Partnership, Ltd)"
18,Devon County Council,26/05/2026,22094565,"2,539.00",BISHOP FOXS COMMUNITY SCHOOL,39313,229557086,Dedicated Schools Grant,A53035,Other Recoupment Expenditure (3rd),R0111008,"DCC Business Entities (Sole Trade, Partnership, Ltd)"
18,Devon County Council,26/05/2026,22094696,"1,480.00",ESTEEM TEAM COMMUNITY INTEREST COMPANY,366509,491597739,Dedicated Schools Grant,A44185,Other professional Services (Schools),R0082007,"DCC Business Entities (Sole Trade, Partnership, Ltd)"
18,Devon County Council,26/05/2026,22094697,777.77,CLEAR DATA LIMITED,362158,747259794,Public Health Nursing,A49105,Other Supplies & Services,R0019003,"DCC Business Entities (Sole Trade, Partnership, Ltd)"
18,Devon County Council,26/05/2026,22094700,"1,780.00",ESTEEM TEAM COMMUNITY INTEREST COMPANY,366509,491597739,Dedicated Schools Grant,A44185,Other professional Services (Schools),R0082007,"DCC Business Entities (Sole Trade, Partnership, Ltd)"
18,Devon County Council,26/05/2026,22094720,"1,450.00",ESTEEM TEAM COMMUNITY INTEREST COMPANY,366509,491597739,Dedicated Schools Grant,A44185,Other professional Services (Schools),R0082007,"DCC Business Entities (Sole Trade, Partnership, Ltd)"
18,Devon County Council,26/05/2026,22094726,"10,000.00",R H ADVERTISING,22134,750461154,"Economy, Enterprise and Skills",A44005,Publicity/Advertising,R0546009,"DCC Business Entities (Sole Trade, Partnership, Ltd)"
18,Devon County Council,26/05/2026,22094736,"3,150.55",RUNNING DEER COMMUNITY INTEREST COMPANY,293947,289345260,Dedicated Schools Grant,A44185,Other professional Services (Schools),R0082007,"DCC Business Entities (Sole Trade, Partnership, Ltd)"
18,Devon County Council,26/05/2026,22094784,"1,800.00",LIVE TO LEARN EDUCATION LIMITED,380514,444356785,Dedicated Schools Grant,A44185,Other professional Services (Schools),R0082007,"DCC Business Entities (Sole Trade, Partnership, Ltd)"
18,Devon County Council,26/05/2026,22094813,"2,604.00",LIVE TO LEARN EDUCATION LIMITED,380514,444356785,Dedicated Schools Grant,A44185,Other professional Services (Schools),R0082007,"DCC Business Entities (Sole Trade, Partnership, Ltd)"
18,Devon County Council,26/05/2026,22094839,510,COMMUNITY SUPPORT TEAM COMMUNITY INTEREST COMPANY,302088,,Dedicated Schools Grant,A44185,Other professional Services (Schools),R0082007,"DCC Business Entities (Sole Trade, Partnership, Ltd)"
18,Devon County Council,26/05/2026,22094934,527.28,NORSE SOUTH WEST LIMITED,279741,785421021,Transformation & Business Services,A46100,Main / Term Contractor,R0334004,"DCC Business Entities (Sole Trade, Partnership, Ltd)"
18,Devon County Council,26/05/2026,22094940,"1,079.45",NORSE SOUTH WEST LIMITED,279741,785421021,Transformation & Business Services,A46100,Main / Term Contractor,R0334004,"DCC Business Entities (Sole Trade, Partnership, Ltd)"
18,Devon County Council,26/05/2026,22094952,"2,438.98",NORSE SOUTH WEST LIMITED,279741,785421021,Transformation & Business Services,A46100,Main / Term Contractor,R0334006,"DCC Business Entities (Sole Trade, Partnership, Ltd)"
18,Devon County Council,26/05/2026,22094955,647.79,NORSE SOUTH WEST LIMITED,279741,785421021,Transformation & Business Services,A46100,Main / Term Contractor,R0334004,"DCC Business Entities (Sole Trade, Partnership, Ltd)"
18,Devon County Council,26/05/2026,22094975,"1,004.53",NORSE SOUTH WEST LIMITED,279741,785421021,Highways & Infrastructure Development,A46100,Main / Term Contractor,R0574001,"DCC Business Entities (Sole Trade, Partnership, Ltd)"
18,Devon County Council,26/05/2026,22095008,"27,010.18",D E F SOFTWARE LIMITED,242132,972644982,Planning,A45040,IT Software,R0634001,"DCC Business Entities (Sole Trade, Partnership, Ltd)"
18,Devon County Council,26/05/2026,22095053,"18,672.00",MOMO,358385,249713482,Children's Social Care,A45045,IT Software Maintenance,R0129001,"DCC Business Entities (Sole Trade, Partnership, Ltd)"
18,Devon County Council,26/05/2026,22095088,"1,092.00",ESTEEM TEAM COMMUNITY INTEREST COMPANY,366509,491597739,Dedicated Schools Grant,A44185,Other professional Services (Schools),R0082007,"DCC Business Entities (Sole Trade, Partnership, Ltd)"
18,Devon County Council,26/05/2026,22095094,"3,725.96",BRAUNTON MOBILITY,273746,947557671,P-Ledger - Separate Legal Entity,A61054,Equipment (Care),P0391002,"DCC Business Entities (Sole Trade, Partnership, Ltd)"
18,Devon County Council,26/05/2026,22095108,900,ESTEEM TEAM COMMUNITY INTEREST COMPANY,366509,491597739,Dedicated Schools Grant,A44185,Other professional Services (Schools),R0082007,"DCC Business Entities (Sole Trade, Partnership, Ltd)"
18,Devon County Council,26/05/2026,22095116,"6,470.00",Maltby Land Surveys Limited,604598,363098246,Capital - Highways,C02011,External Professional Fees,C0652001,"DCC Business Entities (Sole Trade, Partnership, Ltd)"
18,Devon County Council,26/05/2026,22095156,520,PSYCHOLOGY ASSOCIATES LIMITED,147932,912873418,P-Ledger - Separate Legal Entity,A61060,Support for Children in Care,P0432008,"DCC Business Entities (Sole Trade, Partnership, Ltd)"
18,Devon County Council,26/05/2026,22095211,"36,704.19",TUSKER DIRECT LIMITED,397548,244155576,People and Culture,A49105,Other Supplies & Services,R0502001,"DCC Business Entities (Sole Trade, Partnership, Ltd)"
18,Devon County Council,26/05/2026,22095219,972,CO ADVENTURERS LIMITED,369278,394138084,Dedicated Schools Grant,A44185,Other professional Services (Schools),R0082007,"DCC Business Entities (Sole Trade, Partnership, Ltd)"
18,Devon County Council,26/05/2026,22095233,"2,093.00",DEVON PATHWAYS LTD,383486,392542678,Dedicated Schools Grant,A44185,Other professional Services (Schools),R0082007,"DCC Business Entities (Sole Trade, Partnership, Ltd)"
18,Devon County Council,26/05/2026,22095248,"1,296.00",CO ADVENTURERS LIMITED,369278,394138084,Dedicated Schools Grant,A44185,Other professional Services (Schools),R0082007,"DCC Business Entities (Sole Trade, Partnership, Ltd)"
18,Devon County Council,26/05/2026,22095254,648,CO ADVENTURERS LIMITED,369278,394138084,Dedicated Schools Grant,A44185,Other professional Services (Schools),R0082007,"DCC Business Entities (Sole Trade, Partnership, Ltd)"
18,Devon County Council,26/05/2026,22095258,"1,600.00",UX2 LIMITED,388014,235329022,Dedicated Schools Grant,A44180,Services for Educational Estabs - Devon,R0010004,"DCC Business Entities (Sole Trade, Partnership, Ltd)"
18,Devon County Council,26/05/2026,22095280,"1,297.80",TUBERS ACADEMY LIMITED,348033,300702466,Dedicated Schools Grant,A44185,Other professional Services (Schools),R0082007,"DCC Business Entities (Sole Trade, Partnership, Ltd)"
18,Devon County Council,26/05/2026,22095294,"2,000.00",TUBERS ACADEMY LIMITED,348033,300702466,Dedicated Schools Grant,A44185,Other professional Services (Schools),R0082007,"DCC Business Entities (Sole Trade, Partnership, Ltd)"
18,Devon County Council,26/05/2026,22095363,897,DEVON PATHWAYS LTD,383486,392542678,Dedicated Schools Grant,A44185,Other professional Services (Schools),R0082007,"DCC Business Entities (Sole Trade, Partnership, Ltd)"
18,Devon County Council,26/05/2026,22095383,"2,300.30",NORSE SOUTH WEST LIMITED,279741,785421021,Transformation & Business Services,A46100,Main / Term Contractor,R0334005,"DCC Business Entities (Sole Trade, Partnership, Ltd)"
18,Devon County Council,26/05/2026,22095393,"2,601.87",NORSE SOUTH WEST LIMITED,279741,785421021,Transformation & Business Services,A46100,Main / Term Contractor,R0334006,"DCC Business Entities (Sole Trade, Partnership, Ltd)"
18,Devon County Council,26/05/2026,22095411,"1,096.17",NORSE SOUTH WEST LIMITED,279741,785421021,Transformation & Business Services,A46100,Main / Term Contractor,R0334004,"DCC Business Entities (Sole Trade, Partnership, Ltd)"
18,Devon County Council,26/05/2026,22095421,"5,736.78",EUCLID LIMITED,397402,458939876,"Transport Operations, Environment and Waste",A43010,Printing,R0575001,"DCC Business Entities (Sole Trade, Partnership, Ltd)"
18,Devon County Council,26/05/2026,22095430,532.5,NORSE SOUTH WEST LIMITED,279741,785421021,Capital other - Digital Technology & Business Services,C02011,External Professional Fees,C0651001,"DCC Business Entities (Sole Trade, Partnership, Ltd)"
18,Devon County Council,26/05/2026,22095512,"11,902.80",CITY COLLEGE PLYMOUTH,13507,591390916,"Economy, Enterprise and Skills",A44038,Fees,R0546004,"DCC Business Entities (Sole Trade, Partnership, Ltd)"
18,Devon County Council,26/05/2026,22095530,506,THE BEEHIVE,317873,,Children's Social Care,A44030,Provisions,R0076002,"DCC Business Entities (Sole Trade, Partnership, Ltd)"
18,Devon County Council,26/05/2026,22095540,"1,020.00",COMMUNITY SUPPORT TEAM COMMUNITY INTEREST COMPANY,302088,,Dedicated Schools Grant,A44185,Other professional Services (Schools),R0082007,"DCC Business Entities (Sole Trade, Partnership, Ltd)"
18,Devon County Council,26/05/2026,22095552,"1,000.00",AMBITIOUS PR LIMITED,376669,166062415,Finance & Public Value,A44065,Consultancy Services,R0202001,"DCC Business Entities (Sole Trade, Partnership, Ltd)"
18,Devon County Council,26/05/2026,22095565,"1,350.00",THE FAMILY PLACE LIMITED,350245,,P-Ledger - Separate Legal Entity,A61060,Support for Children in Care,P0432008,"DCC Business Entities (Sole Trade, Partnership, Ltd)"
18,Devon County Council,26/05/2026,22095606,"19,530.00",WAVE MULTI ACADEMY TRUST,356576,163418709,Dedicated Schools Grant,A44180,Services for Educational Estabs - Devon,R0010013,"DCC Business Entities (Sole Trade, Partnership, Ltd)"
18,Devon County Council,26/05/2026,22095607,"6,270.00",WAVE MULTI ACADEMY TRUST,356576,163418709,Dedicated Schools Grant,A44180,Services for Educational Estabs - Devon,R0010013,"DCC Business Entities (Sole Trade, Partnership, Ltd)"
18,Devon County Council,26/05/2026,22095608,"46,455.42",MCCONNELLS (MIDLANDS) LIMITED,271811,126055983,Highways & Infrastructure Development,A44005,Publicity/Advertising,R0559002,"DCC Business Entities (Sole Trade, Partnership, Ltd)"
18,Devon County Council,26/05/2026,22095614,810,APPLE TREE FARM SERVICES,369438,,Dedicated Schools Grant,A44180,Services for Educational Estabs - Devon,R0010004,"DCC Business Entities (Sole Trade, Partnership, Ltd)"
18,Devon County Council,26/05/2026,22095743,691.65,PRIORTON VENN LIMITED TRADING AS NORTHFIELD,230676,390267976,Highways & Infrastructure Development,A49005,Other Hired & Contracting Services,R0557016,DCC CIS Suppliers
18,Devon County Council,26/05/2026,22095846,751.63,BIDFOOD,6550,643994692,Operations,A44030,Provisions,R0269001,"DCC Business Entities (Sole Trade, Partnership, Ltd)"
18,Devon County Council,26/05/2026,22096101,559.8,BLEEP 360 CARE LIMITED,360406,355167685,Children's Social Care,A61200,Community based care,R0044004,"DCC Business Entities (Sole Trade, Partnership, Ltd)"
18,Devon County Council,26/05/2026,22096193,990,EAD ECOLOGY,336229,812537837,"Capital - Planning, Transportation and Environment",C02011,External Professional Fees,C0671003,"DCC Business Entities (Sole Trade, Partnership, Ltd)"
18,Devon County Council,26/05/2026,22096243,"56,101.22",ST WILFRIDS SCHOOL,53937,,Dedicated Schools Grant,A61052,Independent Special School Fees,R0089003,"DCC Business Entities (Sole Trade, Partnership, Ltd)"
18,Devon County Council,26/05/2026,22096353,"1,005.30",BIG WAVE MEDIA LIMITED,272649,913048547,"Economy, Enterprise and Skills",A44005,Publicity/Advertising,R0547001,"DCC Business Entities (Sole Trade, Partnership, Ltd)"
18,Devon County Council,26/05/2026,22096472,"4,524.08",PEOPLE PLACES LIVES LIMITED - FEES,393507,221000691,Children's Social Care,A45040,IT Software,R0090001,"DCC Business Entities (Sole Trade, Partnership, Ltd)"
18,Devon County Council,26/05/2026,22096496,"30,000.00",APIRA LIMITED,399669,697470776,Public Health Nursing,A44065,Consultancy Services,R0019010,"DCC Business Entities (Sole Trade, Partnership, Ltd)"
18,Devon County Council,26/05/2026,22096515,"1,094.78",NORSE SOUTH WEST LIMITED,279741,785421021,"Transport Operations, Environment and Waste",A43010,Printing,R0639006,"DCC Business Entities (Sole Trade, Partnership, Ltd)"
18,Devon County Council,26/05/2026,22096531,"1,345.80",CLEARCARE SOLUTIONS LIMITED,338141,181537403,Children's Social Care,A45040,IT Software,R0095007,"DCC Business Entities (Sole Trade, Partnership, Ltd)"
18,Devon County Council,26/05/2026,22096638,"3,690.38",SOUTHWEST INTERVENTION SERVICES,333291,440830321,Dedicated Schools Grant,A44185,Other professional Services (Schools),R0082007,"DCC Business Entities (Sole Trade, Partnership, Ltd)"
18,Devon County Council,26/05/2026,22096753,"1,362.60",SOUTHWEST INTERVENTION SERVICES,333291,440830321,Children's Social Care,A61200,Community based care,R0044004,"DCC Business Entities (Sole Trade, Partnership, Ltd)"
18,Devon County Council,26/05/2026,22096858,547.91,STORMPRESS,122181,321041328,"Chief Exec, Legal & Democratic services",A43010,Printing,R0285001,"DCC Business Entities (Sole Trade, Partnership, Ltd)"
18,Devon County Council,26/05/2026,22096937,"145,455.21",D W M L HOLDINGS LIMITED,345026,823821047,"Transport Operations, Environment and Waste",A46100,Main / Term Contractor,R0597002,"DCC Business Entities (Sole Trade, Partnership, Ltd)"
18,Devon County Council,26/05/2026,22097007,"10,491.00",CIG SW Ltd,604757,372752384,Capital - Schools Maintenance & Improvements,C02009,Works,C0658001,"DCC Business Entities (Sole Trade, Partnership, Ltd)"
18,Devon County Council,26/05/2026,22097022,"5,479.10",ACCESS COMMUNICATION SERVICES,352622,,Children's Social Care,A61200,Community based care,R0044004,"DCC Business Entities (Sole Trade, Partnership, Ltd)"
18,Devon County Council,26/05/2026,22097087,574.6,SUEZ RECYCLING & RECOVERY UK LIMITED,208690,444085847,Transformation & Business Services,A27015,Refuse Collection,R0333026,"DCC Business Entities (Sole Trade, Partnership, Ltd)"
18,Devon County Council,26/05/2026,22097129,"1,179.00",A C S TESTING LIMITED,232744,423818846,Highways & Infrastructure Development,A44038,Fees,R0550008,"DCC Business Entities (Sole Trade, Partnership, Ltd)"
18,Devon County Council,26/05/2026,22097227,"2,271.00",SOUTHWEST INTERVENTION SERVICES,333291,440830321,Children's Social Care,A61200,Community based care,R0044004,"DCC Business Entities (Sole Trade, Partnership, Ltd)"
18,Devon County Council,26/05/2026,22097330,"5,400.00",Carey Valley Woodlands & Estate Management,108523,936633014,Capital - Highways,C02009,Works,C0652001,DCC CIS Suppliers
18,Devon County Council,26/05/2026,22097397,611.87,INFOTRACK LIMITED,337300,228530612,Transformation & Business Services,A44968,Legal & Conveyancing Charges,R0334004,"DCC Business Entities (Sole Trade, Partnership, Ltd)"
18,Devon County Council,26/05/2026,22097501,"52,368.00",PARENT CARER FORUM DEVON,376451,,Children's Social Care,A58015,Other Agencies/Contractors,R0007004,"DCC Business Entities (Sole Trade, Partnership, Ltd)"
18,Devon County Council,26/05/2026,22097505,"2,342.56",Tally Ho! Coaches Ltd,227374,834745411,"Transport Operations, Environment and Waste",A32010,Contract Hire Scheme,R0575001,"DCC Business Entities (Sole Trade, Partnership, Ltd)"
18,Devon County Council,26/05/2026,22097550,515.54,INFOTRACK LIMITED,337300,228530612,Transformation & Business Services,A44968,Legal & Conveyancing Charges,R0334004,"DCC Business Entities (Sole Trade, Partnership, Ltd)"
18,Devon County Council,26/05/2026,22097740,"1,375.00",BALES FARM OUTDOOR LEARNING LTD,377260,505816692,Dedicated Schools Grant,A44185,Other professional Services (Schools),R0082007,"DCC Business Entities (Sole Trade, Partnership, Ltd)"
18,Devon County Council,26/05/2026,22097745,"7,608.38",QUALITY MARKING SERVICES LIMITED,86608,777323994,Capital - Highways,C02009,Works,C0671005,DCC CIS Suppliers
18,Devon County Council,26/05/2026,22097913,741.4,LANGUAGE LINE SOLUTIONS,88978,736300262,"Chief Exec, Legal & Democratic services",A44050,Translating & Interpreter Services,R0281001,"DCC Business Entities (Sole Trade, Partnership, Ltd)"
18,Devon County Council,26/05/2026,22098353,"7,865.10",D W M L HOLDINGS LIMITED,345026,823821047,"Transport Operations, Environment and Waste",A46100,Main / Term Contractor,R0605002,"DCC Business Entities (Sole Trade, Partnership, Ltd)"
18,Devon County Council,26/05/2026,22098467,"3,182.00",Evergreen Education and Therapy Ltd,601808,,P-Ledger - Separate Legal Entity,A61060,Support for Children in Care,P0432008,"DCC Business Entities (Sole Trade, Partnership, Ltd)"
18,Devon County Council,26/05/2026,22098885,882.18,MARINE & CIVIL SOLUTIONS LIMITED,283395,431868383,Highways & Infrastructure Development,A46100,Main / Term Contractor,R0555002,DCC CIS Suppliers
18,Devon County Council,26/05/2026,22098920,"1,196.00",DEVON PATHWAYS LTD,383486,392542678,Dedicated Schools Grant,A44185,Other professional Services (Schools),R0082007,"DCC Business Entities (Sole Trade, Partnership, Ltd)"
18,Devon County Council,26/05/2026,22098944,"1,044.32",NORSE SOUTH WEST LIMITED,279741,785421021,Transformation & Business Services,A46100,Main / Term Contractor,R0334005,"DCC Business Entities (Sole Trade, Partnership, Ltd)"
18,Devon County Council,26/05/2026,22099399,669.17,NORSE SOUTH WEST LIMITED,279741,785421021,Highways & Infrastructure Development,A46100,Main / Term Contractor,R0573002,"DCC Business Entities (Sole Trade, Partnership, Ltd)"
18,Devon County Council,26/05/2026,22099481,"1,121.79",MLL TELECOM LIMITED,354252,203558428,Transformation & Business Services,A45025,Communications,R0353008,"DCC Business Entities (Sole Trade, Partnership, Ltd)"
18,Devon County Council,26/05/2026,22099600,"7,820.78",MARINE & CIVIL SOLUTIONS LIMITED,283395,431868383,Highways & Infrastructure Development,A46100,Main / Term Contractor,R0555002,DCC CIS Suppliers
18,Devon County Council,26/05/2026,22099643,"46,922.40",GALLAGHER ARTHUR J INS BROKERS,332798,484746209,Public Health Nursing,A49025,General Insurance,R0019003,"DCC Business Entities (Sole Trade, Partnership, Ltd)"
18,Devon County Council,26/05/2026,22099707,"9,202.96",KENT COUNTY COUNCIL,83992,204269191,Transformation & Business Services,A21005,Electricity,R0333026,"DCC Business Entities (Sole Trade, Partnership, Ltd)"
18,Devon County Council,26/05/2026,22099757,"13,860.00",ACCESS INDEPENDENT,362868,158078583,"Chief Exec, Legal & Democratic services",A44038,Fees,R0291003,"DCC Business Entities (Sole Trade, Partnership, Ltd)"
18,Devon County Council,26/05/2026,22100085,"-2,870.16",PHILLIPS WN&D,90044,927522419,P-Ledger - Separate Legal Entity,A57140,Residential Care - Long Stay,P0434003,"DCC Business Entities (Sole Trade, Partnership, Ltd)"
18,Devon County Council,26/05/2026,22100294,536.88,PENNON T/A SOURCE FOR BUSINESS,344710,312629416,Transformation & Business Services,A24005,Water Services,R0333028,"DCC Business Entities (Sole Trade, Partnership, Ltd)"
18,Devon County Council,26/05/2026,22100312,"2,570.40",BLUE SCREEN IT TRADING AS BIT GROUP,228948,855461116,"Economy, Enterprise and Skills",A44038,Fees,R0546004,"DCC Business Entities (Sole Trade, Partnership, Ltd)"
18,Devon County Council,26/05/2026,22100648,"3,297.15",BELFIELD SANDFORD LLP,386604,411463041,Below the line,A85077,Miscellaneous Interest Payable,R0515084,"DCC Business Entities (Sole Trade, Partnership, Ltd)"
18,Devon County Council,26/05/2026,22100649,"1,250.00",LONDON BUILDING CONTROL LIMITED,318551,895840176,Capital - Children & Schools Expansions,C02009,Works,C0657001,"DCC Business Entities (Sole Trade, Partnership, Ltd)"
18,Devon County Council,27/05/2026,22095710,870,DANIEL RAMSAY,316733,,Highways & Infrastructure Development,A49005,Other Hired & Contracting Services,R0557017,DCC CIS Suppliers
18,Devon County Council,27/05/2026,22095711,"1,047.78",BIDFOOD,6550,643994692,Inclusion & Learning,A44030,Provisions,R0102001,"DCC Business Entities (Sole Trade, Partnership, Ltd)"
18,Devon County Council,27/05/2026,22096485,749.94,Velox Healthcare Ltd,601950,422950016,Children's Social Care,A61200,Community based care,R0044004,"DCC Business Entities (Sole Trade, Partnership, Ltd)"
18,Devon County Council,27/05/2026,22097194,"6,919.00",PROMOTING INDEPENDENT CARE LIMITED,376159,,Children's Social Care,A11005,Agency Supply Staff,R0095011,"DCC Business Entities (Sole Trade, Partnership, Ltd)"
18,Devon County Council,27/05/2026,22097198,"1,025.78",PROMOTING INDEPENDENT CARE LIMITED,376159,,Children's Social Care,A11005,Agency Supply Staff,R0095004,"DCC Business Entities (Sole Trade, Partnership, Ltd)"
18,Devon County Council,27/05/2026,22097248,"2,242.50",PROMOTING INDEPENDENT CARE LIMITED,376159,,Children's Social Care,A61200,Community based care,R0044004,"DCC Business Entities (Sole Trade, Partnership, Ltd)"
18,Devon County Council,27/05/2026,22097270,"2,787.00",Deborah Passmore,601608,,"Economy, Enterprise and Skills",A44030,Provisions,R0546007,"DCC Business Entities (Sole Trade, Partnership, Ltd)"
18,Devon County Council,27/05/2026,22097486,"44,232.42",TRINITY SCHOOL,62170,481002235,Dedicated Schools Grant,A61052,Independent Special School Fees,R0089003,"DCC Business Entities (Sole Trade, Partnership, Ltd)"
18,Devon County Council,27/05/2026,22100089,-806.43,KENT COUNTY COUNCIL,83992,204269191,Children's Social Care,A21010,Gas,R0095003,"DCC Business Entities (Sole Trade, Partnership, Ltd)"
18,Devon County Council,27/05/2026,22100126,552,Studio Theatre Group,604996,,Communities,A52010,"Grants to voluntary, community and social enterprise organisations",R0534004,"DCC Business Entities (Sole Trade, Partnership, Ltd)"
18,Devon County Council,27/05/2026,22100129,500,Totnes & District Swimming Pool Association Ltd,604997,,Communities,A52010,"Grants to voluntary, community and social enterprise organisations",R0534005,"DCC Business Entities (Sole Trade, Partnership, Ltd)"
18,Devon County Council,27/05/2026,22100319,925,SIRONA THERAPEUTIC HORSEMANSHIP,285933,,Dedicated Schools Grant,A44185,Other professional Services (Schools),R0082006,"DCC Business Entities (Sole Trade, Partnership, Ltd)"
18,Devon County Council,27/05/2026,22100801,"8,333.33",FRANCOTYP POSTALIA LIMITED (TELESET),90476,566261823,Transformation & Business Services,A20005,"Property Repairs, Maintenance & Alterations (programmed)",R0333026,"DCC Business Entities (Sole Trade, Partnership, Ltd)"
18,Devon County Council,28/05/2026,22022971,"10,078.57",THORN PARK CARE HOME,276676,,Operations,A57140,Residential Care - Long Stay,R0489019,"DCC Business Entities (Sole Trade, Partnership, Ltd)"
18,Devon County Council,28/05/2026,22048499,"3,785.14",PANGEA SUPPORT SERVICES,387450,299635732,Children's Social Care,A62000,Supported Accommodation - Child,R0071002,"DCC Business Entities (Sole Trade, Partnership, Ltd)"
18,Devon County Council,28/05/2026,22092982,900,IMPROVING LIVES PLYMOUTH,342740,,Communities,A44038,Fees,R0536010,"DCC Business Entities (Sole Trade, Partnership, Ltd)"
18,Devon County Council,28/05/2026,22093364,720,Phoenix Training and Consultancy Ltd,600177,515889648,People and Culture,A44038,Fees,R0303008,"DCC Business Entities (Sole Trade, Partnership, Ltd)"
18,Devon County Council,28/05/2026,22095241,"1,026.00",CO ADVENTURERS LIMITED,369278,394138084,Dedicated Schools Grant,A44185,Other professional Services (Schools),R0082007,"DCC Business Entities (Sole Trade, Partnership, Ltd)"
18,Devon County Council,28/05/2026,22095491,"1,231.20",CITY COLLEGE PLYMOUTH,13507,591390916,"Economy, Enterprise and Skills",A44038,Fees,R0546004,"DCC Business Entities (Sole Trade, Partnership, Ltd)"
18,Devon County Council,28/05/2026,22095630,"7,000.00",THE HARBOUR SCHOOLS PARTNERSHIP,288372,129847279,Capital - Children & Schools Expansions,C02009,Works,C0657001,"DCC Business Entities (Sole Trade, Partnership, Ltd)"
18,Devon County Council,28/05/2026,22095979,896,DAN WOOLLACOTT FENCING,358106,278397149,Highways & Infrastructure Development,A49005,Other Hired & Contracting Services,R0552002,DCC CIS Suppliers
18,Devon County Council,28/05/2026,22096029,"9,450.00",Think Employment Ltd,601806,790209430,"Economy, Enterprise and Skills",A44038,Fees,R0546004,"DCC Business Entities (Sole Trade, Partnership, Ltd)"
18,Devon County Council,28/05/2026,22096109,"11,500.00",STOVER SCHOOL,61468,480411906,Dedicated Schools Grant,A61052,Independent Special School Fees,R0089003,"DCC Business Entities (Sole Trade, Partnership, Ltd)"
18,Devon County Council,28/05/2026,22096743,"1,653.00",Andrew O'Connor KC,602250,,"Chief Exec, Legal & Democratic services",A44968,Legal & Conveyancing Charges,R0506002,"DCC Business Entities (Sole Trade, Partnership, Ltd)"
18,Devon County Council,28/05/2026,22096913,"10,000.00",FRANCOTYP POSTALIA LIMITED (TELESET),90476,566261823,Transformation & Business Services,A45015,Postages,R0333026,"DCC Business Entities (Sole Trade, Partnership, Ltd)"
18,Devon County Council,28/05/2026,22096914,"4,166.67",FRANCOTYP POSTALIA LIMITED (TELESET),90476,566261823,Transformation & Business Services,A20005,"Property Repairs, Maintenance & Alterations (programmed)",R0333026,"DCC Business Entities (Sole Trade, Partnership, Ltd)"
18,Devon County Council,28/05/2026,22097188,"3,664.00",DIALOGUE CONSULTANTS LIMITED,305861,178637852,P-Ledger - Separate Legal Entity,A44175,Training/Workshops - Non Staff,P0426002,"DCC Business Entities (Sole Trade, Partnership, Ltd)"
18,Devon County Council,28/05/2026,22097329,"4,737.35",PETERS BOOKSELLING SERVICES,21150,559124236,Inclusion & Learning,A49045,Books and Publications,R0121001,"DCC Business Entities (Sole Trade, Partnership, Ltd)"
18,Devon County Council,28/05/2026,22097623,"200,180.84",MACPLANT CONSTRUCTION LIMITED,5182,367126447,Capital - Highways,C02009,Works,C0652001,DCC CIS Suppliers
18,Devon County Council,28/05/2026,22097722,"-450,000.00",CORMAC CONTRACTING LIMITED,364276,247160514,Capital - Highways,C02009,Works,C0652001,"DCC Business Entities (Sole Trade, Partnership, Ltd)"
18,Devon County Council,28/05/2026,22097723,"449,620.33",CORMAC CONTRACTING LIMITED,364276,247160514,Capital - Highways,C02009,Works,C0652001,"DCC Business Entities (Sole Trade, Partnership, Ltd)"
18,Devon County Council,28/05/2026,22097869,550,MINDJAM LIMITED,388507,410654920,Dedicated Schools Grant,A44185,Other professional Services (Schools),R0082007,"DCC Business Entities (Sole Trade, Partnership, Ltd)"
18,Devon County Council,28/05/2026,22097907,"1,075.00",SOUTH WEST GRID FOR LEARNING TRUST LIMITED,187948,880861888,Children's Social Care,A16015,Staff Training Expenses - Non Payroll,R0014012,"DCC Business Entities (Sole Trade, Partnership, Ltd)"
18,Devon County Council,28/05/2026,22100332,"70,450.38",Access UK Ltd,256004,108221356,Transformation & Business Services,A45040,IT Software,R0353008,"DCC Business Entities (Sole Trade, Partnership, Ltd)"
18,Devon County Council,28/05/2026,22100722,"3,633.60",SOUTHWEST INTERVENTION SERVICES,333291,440830321,Dedicated Schools Grant,A44185,Other professional Services (Schools),R0082007,"DCC Business Entities (Sole Trade, Partnership, Ltd)"
18,Devon County Council,28/05/2026,22100847,500,ESTUARY COMMUNITY HUB COMMUNITY INTEREST COMPANY,354440,,Communities,A52010,"Grants to voluntary, community and social enterprise organisations",R0535002,"DCC Business Entities (Sole Trade, Partnership, Ltd)"
18,Devon County Council,28/05/2026,22100913,650,Wheels of Ananda CIC,602599,,Communities,A52010,"Grants to voluntary, community and social enterprise organisations",R0535002,"DCC Business Entities (Sole Trade, Partnership, Ltd)"
18,Devon County Council,28/05/2026,22100921,750,GITTISHAM VILLAGE HALL COMMITTEE,369144,,Communities,A52010,"Grants to voluntary, community and social enterprise organisations",R0535002,"DCC Business Entities (Sole Trade, Partnership, Ltd)"
18,Devon County Council,28/05/2026,22100970,"16,290.00",Sigma-X Ltd,604932,,Highways & Infrastructure Development,A45040,IT Software,R0570001,DCC International
18,Devon County Council,28/05/2026,22100978,"1,000.00",Teign Valley Larder CIC,605004,,Communities,A52010,"Grants to voluntary, community and social enterprise organisations",R0535002,"DCC Business Entities (Sole Trade, Partnership, Ltd)"
18,Devon County Council,28/05/2026,22100982,"1,000.00",Dartmouth and District Food Bank,605005,,Communities,A52010,"Grants to voluntary, community and social enterprise organisations",R0535002,"DCC Business Entities (Sole Trade, Partnership, Ltd)"
18,Devon County Council,28/05/2026,22101126,"1,409.07",PENNON T/A SOURCE FOR BUSINESS,344710,312629416,"Transport Operations, Environment and Waste",A49005,Other Hired & Contracting Services,R0601001,"DCC Business Entities (Sole Trade, Partnership, Ltd)"
18,Devon County Council,28/05/2026,22101158,"3,000.00",BRAUNTON SCHOOL & COMMUNITY ACADEMY,251057,,Communities,A53040,Contributions to Educational Estabs (3rd,R0530013,"DCC Business Entities (Sole Trade, Partnership, Ltd)"
18,Devon County Council,28/05/2026,150468126,"2,311.67",M Group Highways Limited,375383,927200546,Highways & Infrastructure Development,A46100,Main / Term Contractor,R0553004,"DCC Business Entities (Sole Trade, Partnership, Ltd)"
18,Devon County Council,28/05/2026,150468300,"1,230.00",M Group Highways Limited,375383,927200546,Capital - Highways,C02051,Term Maintenance Contract,C0671007,"DCC Business Entities (Sole Trade, Partnership, Ltd)"
18,Devon County Council,28/05/2026,150468304,"5,231.39",M Group Highways Limited,375383,927200546,Highways & Infrastructure Development,A46100,Main / Term Contractor,R0552003,"DCC Business Entities (Sole Trade, Partnership, Ltd)"
18,Devon County Council,28/05/2026,150468308,"3,844.15",M Group Highways Limited,375383,927200546,Capital - Highways,C02051,Term Maintenance Contract,C0671007,"DCC Business Entities (Sole Trade, Partnership, Ltd)"
18,Devon County Council,28/05/2026,150468312,"-2,877.67",M Group Highways Limited,375383,927200546,Capital - Highways,C02051,Term Maintenance Contract,C0652001,"DCC Business Entities (Sole Trade, Partnership, Ltd)"
18,Devon County Council,29/05/2026,22082966,"-1,400.00",WAVE MULTI ACADEMY TRUST,356576,163418709,Dedicated Schools Grant,A44180,Services for Educational Estabs - Devon,R0010013,"DCC Business Entities (Sole Trade, Partnership, Ltd)"
18,Devon County Council,29/05/2026,22091969,"2,262.31",TEIGNBRIDGE DISTRICT COUNCIL,4872,142214023,Operations,A89085,Council Tax Adjustment,R0268001,"DCC Business Entities (Sole Trade, Partnership, Ltd)"
18,Devon County Council,29/05/2026,22093101,680,ASHFORDS LLP,88874,140836186,Balance Sheet,A44038,Fees,R0208005,"DCC Business Entities (Sole Trade, Partnership, Ltd)"
18,Devon County Council,29/05/2026,22096096,792,TUTE EDUCATION LIMITED,307284,902188441,Dedicated Schools Grant,A44185,Other professional Services (Schools),R0082007,"DCC Business Entities (Sole Trade, Partnership, Ltd)"
18,Devon County Council,29/05/2026,22096235,519.91,IVAN CLARKE CATERING BURCHERS LIMITED,148972,441170487,Operations,A44030,Provisions,R0269001,"DCC Business Entities (Sole Trade, Partnership, Ltd)"
18,Devon County Council,29/05/2026,22096326,"2,137.50",EXETER RUGBY CLUB LTD,34972,918551313,Dedicated Schools Grant,A44185,Other professional Services (Schools),R0082007,"DCC Business Entities (Sole Trade, Partnership, Ltd)"
18,Devon County Council,29/05/2026,22096703,540,PHOEBE WOODS LIMITED,367261,,Dedicated Schools Grant,A44185,Other professional Services (Schools),R0082006,"DCC Business Entities (Sole Trade, Partnership, Ltd)"
18,Devon County Council,29/05/2026,22096865,"43,669.74",KINGSLEY SCHOOL,223710,479040477,Dedicated Schools Grant,A61052,Independent Special School Fees,R0089003,"DCC Business Entities (Sole Trade, Partnership, Ltd)"
18,Devon County Council,29/05/2026,22097881,"1,698.00",JONATHAN AUBURN,350316,756835489,Commissioning,A44968,Legal & Conveyancing Charges,R0467001,"DCC Business Entities (Sole Trade, Partnership, Ltd)"
18,Devon County Council,29/05/2026,22098313,"12,393.51",MARINE & CIVIL SOLUTIONS LIMITED,283395,431868383,Transformation & Business Services,A46100,Main / Term Contractor,R0333004,DCC CIS Suppliers
18,Devon County Council,29/05/2026,22098693,"2,362.50",PERMANENT FUTURES LIMITED,385155,790331045,Commissioning,A11005,Agency Supply Staff,R0466001,"DCC Business Entities (Sole Trade, Partnership, Ltd)"
18,Devon County Council,29/05/2026,22100549,726.25,GRAPEVINE CONNECTS,405508,,P-Ledger - Separate Legal Entity,A61060,Support for Children in Care,P0432008,"DCC Business Entities (Sole Trade, Partnership, Ltd)"
18,Devon County Council,29/05/2026,22100575,768.16,MEENA ENTERPRISES LIMITED,360477,,Operations,A44038,Fees,R0222002,"DCC Business Entities (Sole Trade, Partnership, Ltd)"
18,Devon County Council,29/05/2026,22101245,506.94,NORSE SOUTH WEST LIMITED,279741,785421021,Transformation & Business Services,A46100,Main / Term Contractor,R0334005,"DCC Business Entities (Sole Trade, Partnership, Ltd)"
18,Devon County Council,29/05/2026,22101269,"5,000.00",DEVON WILDLIFE TRUST,4736,585473501,"Capital - Planning, Transportation and Environment",C06003,Capital Grants Paid - to VCSE Organisations,C0671012,"DCC Business Entities (Sole Trade, Partnership, Ltd)"
18,Devon County Council,29/05/2026,22101356,"1,575.00",SPARKS LEARNING LIMITED,394786,,Dedicated Schools Grant,A44185,Other professional Services (Schools),R0082007,"DCC Business Entities (Sole Trade, Partnership, Ltd)"
18,Devon County Council,29/05/2026,22101601,"1,000.00",NORTH DEVON VOLUNTARY SERVICES LIMITED,222954,,Communities,A52010,"Grants to voluntary, community and social enterprise organisations",R0535002,"DCC Business Entities (Sole Trade, Partnership, Ltd)"
18,Devon County Council,29/05/2026,22101615,725,ALL SAINTS' CHURCH,404492,,Communities,A53012,Payments to Independent Units,R0534001,"DCC Business Entities (Sole Trade, Partnership, Ltd)"
18,Devon County Council,29/05/2026,22101640,"54,492.25",NEW COLLEGE WORCESTER,251031,481023616,Dedicated Schools Grant,A61052,Independent Special School Fees,R0089003,"DCC Business Entities (Sole Trade, Partnership, Ltd)"
18,Devon County Council,29/05/2026,150468307,"2,812.63",M Group Highways Limited,375383,927200546,Capital - Highways,C02051,Term Maintenance Contract,C0652001,"DCC Business Entities (Sole Trade, Partnership, Ltd)"
